timestamp,date_utc,start_time_utc,end_time_utc,observation_end_utc,location,latitude,longitude,rainfall_mm,source_file,rain_30min,rain_1h,rain_3h,rain_6h,rain_12h,rain_24h,rain_48h,rain_72h,rain_7d,max_rain_1h,max_rain_3h,max_rain_6h,max_rain_24h,rainfall_change_1h,rainfall_change_3h,rainfall_acceleration,elevation,slope,aspect,aspect_sin,aspect_cos,terrain_ruggedness,distance_to_historical_landslide_km,historical_landslide_density,slope_x_rain24h,ruggedness_x_rain72h,susceptibility_x_rain_peak,label
2026-08-20 08:59:59+00:00,2026-08-20,08:30:00,08:59:59,2026-08-20T08:59:59+00:00,Rangpo,27.177,88.533,0.0,3B-HHR-E.MS.MRG.3IMERG.20260820-S083000-E085959.0510.V07C.30min.tif,0.0,0.0,0.0,0.0,0.0,0.0,0.0,0.0,0.0,0.0,0.0,0.0,0.0,0.0,0.0,0.0,306.95,13.38,279.29,-0.9868839065636126,0.16143157982793477,23.139499999999998,1.24,18.5,0.0,0.0,0.0,0
2026-08-20 09:29:59+00:00,2026-08-20,09:00:00,09:29:59,2026-08-20T09:29:59+00:00,Rangpo,27.177,88.533,0.0,3B-HHR-E.MS.MRG.3IMERG.20260820-S090000-E092959.0540.V07C.30min.tif,0.0,0.0,0.0,0.0,0.0,0.0,0.0,0.0,0.0,0.0,0.0,0.0,0.0,0.0,0.0,0.0,306.95,13.38,279.29,-0.9868839065636126,0.16143157982793477,23.139499999999998,1.24,18.5,0.0,0.0,0.0,0
2026-08-20 09:59:59+00:00,2026-08-20,09:30:00,09:59:59,2026-08-20T09:59:59+00:00,Rangpo,27.177,88.533,0.1,3B-HHR-E.MS.MRG.3IMERG.20260820-S093000-E095959.0570.V07C.30min.tif,0.1,0.1,0.1,0.1,0.1,0.1,0.1,0.1,0.1,0.1,0.1,0.1,0.1,0.1,0.1,0.1,306.95,13.38,279.29,-0.9868839065636126,0.16143157982793477,23.139499999999998,1.24,18.5,1.338,2.3139499999999997,0.18500000000000003,0
2026-08-20 10:29:59+00:00,2026-08-20,10:00:00,10:29:59,2026-08-20T10:29:59+00:00,Rangpo,27.177,88.533,0.8,3B-HHR-E.MS.MRG.3IMERG.20260820-S100000-E102959.0600.V07C.30min.tif,0.8,0.9,0.9,0.9,0.9,0.9,0.9,0.9,0.9,0.8,0.8,0.8,0.8,0.9,0.9,0.9,306.95,13.38,279.29,-0.9868839065636126,0.16143157982793477,23.139499999999998,1.24,18.5,12.042000000000002,20.82555,1.4800000000000002,0
2026-08-20 10:59:59+00:00,2026-08-20,10:30:00,10:59:59,2026-08-20T10:59:59+00:00,Rangpo,27.177,88.533,0.8,3B-HHR-E.MS.MRG.3IMERG.20260820-S103000-E105959.0630.V07C.30min.tif,0.8,1.6,1.7000000000000002,1.7000000000000002,1.7000000000000002,1.7000000000000002,1.7000000000000002,1.7000000000000002,1.7000000000000002,0.8,0.8,0.8,0.8,1.5,1.7000000000000002,1.4,306.95,13.38,279.29,-0.9868839065636126,0.16143157982793477,23.139499999999998,1.24,18.5,22.746000000000002,39.33715,1.4800000000000002,0
2026-08-20 11:29:59+00:00,2026-08-20,11:00:00,11:29:59,2026-08-20T11:29:59+00:00,Rangpo,27.177,88.533,0.5,3B-HHR-E.MS.MRG.3IMERG.20260820-S110000-E112959.0660.V07C.30min.tif,0.5,1.3,2.2,2.2,2.2,2.2,2.2,2.2,2.2,0.8,0.8,0.8,0.8,0.4,2.2,-0.5,306.95,13.38,279.29,-0.9868839065636126,0.16143157982793477,23.139499999999998,1.24,18.5,29.436000000000003,50.9069,1.4800000000000002,0
2026-08-20 11:59:59+00:00,2026-08-20,11:30:00,11:59:59,2026-08-20T11:59:59+00:00,Rangpo,27.177,88.533,0.4,3B-HHR-E.MS.MRG.3IMERG.20260820-S113000-E115959.0690.V07C.30min.tif,0.4,0.9,2.6,2.6,2.6,2.6,2.6,2.6,2.6,0.5,0.8,0.8,0.8,-0.7000000000000001,2.6,-2.2,306.95,13.38,279.29,-0.9868839065636126,0.16143157982793477,23.139499999999998,1.24,18.5,34.788000000000004,60.162699999999994,1.4800000000000002,0
2026-08-20 12:29:59+00:00,2026-08-20,12:00:00,12:29:59,2026-08-20T12:29:59+00:00,Rangpo,27.177,88.533,0.1,3B-HHR-E.MS.MRG.3IMERG.20260820-S120000-E122959.0720.V07C.30min.tif,0.1,0.5,2.7,2.7,2.7,2.7,2.7,2.7,2.7,0.4,0.8,0.8,0.8,-0.8,2.7,-1.2000000000000002,306.95,13.38,279.29,-0.9868839065636126,0.16143157982793477,23.139499999999998,1.24,18.5,36.126000000000005,62.47665,1.4800000000000002,0
2026-08-20 12:59:59+00:00,2026-08-20,12:30:00,12:59:59,2026-08-20T12:59:59+00:00,Rangpo,27.177,88.533,0.1,3B-HHR-E.MS.MRG.3IMERG.20260820-S123000-E125959.0750.V07C.30min.tif,0.1,0.2,2.7,2.8000000000000003,2.8000000000000003,2.8000000000000003,2.8000000000000003,2.8000000000000003,2.8000000000000003,0.1,0.8,0.8,0.8,-0.7,2.6,1.1102230246251565e-16,306.95,13.38,279.29,-0.9868839065636126,0.16143157982793477,23.139499999999998,1.24,18.5,37.464000000000006,64.7906,1.4800000000000002,0
2026-08-20 13:29:59+00:00,2026-08-20,13:00:00,13:29:59,2026-08-20T13:29:59+00:00,Rangpo,27.177,88.533,0.1,3B-HHR-E.MS.MRG.3IMERG.20260820-S130000-E132959.0780.V07C.30min.tif,0.1,0.2,2.0,2.9,2.9,2.9,2.9,2.9,2.9,0.1,0.8,0.8,0.8,-0.3,1.1,0.5,306.95,13.38,279.29,-0.9868839065636126,0.16143157982793477,23.139499999999998,1.24,18.5,38.802,67.10454999999999,1.4800000000000002,0
2026-08-20 13:59:59+00:00,2026-08-20,13:30:00,13:59:59,2026-08-20T13:59:59+00:00,Rangpo,27.177,88.533,0.0,3B-HHR-E.MS.MRG.3IMERG.20260820-S133000-E135959.0810.V07C.30min.tif,0.0,0.1,1.2,2.9,2.9,2.9,2.9,2.9,2.9,0.1,0.5,0.8,0.8,-0.1,-0.5000000000000002,0.6,306.95,13.38,279.29,-0.9868839065636126,0.16143157982793477,23.139499999999998,1.24,18.5,38.802,67.10454999999999,0.925,0
2026-08-20 14:29:59+00:00,2026-08-20,14:00:00,14:29:59,2026-08-20T14:29:59+00:00,Rangpo,27.177,88.533,0.1,3B-HHR-E.MS.MRG.3IMERG.20260820-S140000-E142959.0840.V07C.30min.tif,0.1,0.1,0.8,3.0,3.0,3.0,3.0,3.0,3.0,0.1,0.4,0.8,0.8,-0.1,-1.4000000000000001,0.19999999999999998,306.95,13.38,279.29,-0.9868839065636126,0.16143157982793477,23.139499999999998,1.24,18.5,40.14,69.4185,0.7400000000000001,0
2026-08-20 14:59:59+00:00,2026-08-20,14:30:00,14:59:59,2026-08-20T14:59:59+00:00,Rangpo,27.177,88.533,0.1,3B-HHR-E.MS.MRG.3IMERG.20260820-S143000-E145959.0870.V07C.30min.tif,0.1,0.2,0.5,3.1,3.1,3.1,3.1,3.1,3.1,0.1,0.1,0.8,0.8,0.1,-2.1,0.2,306.95,13.38,279.29,-0.9868839065636126,0.16143157982793477,23.139499999999998,1.24,18.5,41.478,71.73245,0.18500000000000003,0
2026-08-20 15:29:59+00:00,2026-08-20,15:00:00,15:29:59,2026-08-20T15:29:59+00:00,Rangpo,27.177,88.533,0.2,3B-HHR-E.MS.MRG.3IMERG.20260820-S150000-E152959.0900.V07C.30min.tif,0.2,0.30000000000000004,0.6000000000000001,3.3000000000000003,3.3000000000000003,3.3000000000000003,3.3000000000000003,3.3000000000000003,3.3000000000000003,0.2,0.2,0.8,0.8,0.20000000000000004,-2.1,0.30000000000000004,306.95,13.38,279.29,-0.9868839065636126,0.16143157982793477,23.139499999999998,1.24,18.5,44.154,76.36035,0.37000000000000005,0
2026-08-20 15:59:59+00:00,2026-08-20,15:30:00,15:59:59,2026-08-20T15:59:59+00:00,Rangpo,27.177,88.533,0.1,3B-HHR-E.MS.MRG.3IMERG.20260820-S153000-E155959.0930.V07C.30min.tif,0.1,0.30000000000000004,0.6,3.3,3.4000000000000004,3.4000000000000004,3.4000000000000004,3.4000000000000004,3.4000000000000004,0.2,0.2,0.8,0.8,0.10000000000000003,-2.1,2.7755575615628914e-17,306.95,13.38,279.29,-0.9868839065636126,0.16143157982793477,23.139499999999998,1.24,18.5,45.492000000000004,78.6743,0.37000000000000005,0
2026-08-20 16:29:59+00:00,2026-08-20,16:00:00,16:29:59,2026-08-20T16:29:59+00:00,Rangpo,27.177,88.533,0.1,3B-HHR-E.MS.MRG.3IMERG.20260820-S160000-E162959.0960.V07C.30min.tif,0.1,0.2,0.6,2.6,3.5,3.5,3.5,3.5,3.5,0.1,0.2,0.8,0.8,-0.10000000000000003,-1.4,-0.30000000000000004,306.95,13.38,279.29,-0.9868839065636126,0.16143157982793477,23.139499999999998,1.24,18.5,46.830000000000005,80.98825,0.37000000000000005,0
2026-08-20 16:59:59+00:00,2026-08-20,16:30:00,16:59:59,2026-08-20T16:59:59+00:00,Rangpo,27.177,88.533,0.0,3B-HHR-E.MS.MRG.3IMERG.20260820-S163000-E165959.0990.V07C.30min.tif,0.0,0.1,0.6,1.8,3.5,3.5,3.5,3.5,3.5,0.1,0.2,0.5,0.8,-0.20000000000000004,-0.6,-0.30000000000000004,306.95,13.38,279.29,-0.9868839065636126,0.16143157982793477,23.139499999999998,1.24,18.5,46.830000000000005,80.98825,0.37000000000000005,0
2026-08-20 17:29:59+00:00,2026-08-20,17:00:00,17:29:59,2026-08-20T17:29:59+00:00,Rangpo,27.177,88.533,0.0,3B-HHR-E.MS.MRG.3IMERG.20260820-S170000-E172959.1020.V07C.30min.tif,0.0,0.0,0.5,1.3000000000000003,3.5,3.5,3.5,3.5,3.5,0.0,0.2,0.4,0.8,-0.2,-0.30000000000000004,-0.09999999999999998,306.95,13.38,279.29,-0.9868839065636126,0.16143157982793477,23.139499999999998,1.24,18.5,46.830000000000005,80.98825,0.37000000000000005,0
2026-08-20 17:59:59+00:00,2026-08-20,17:30:00,17:59:59,2026-08-20T17:59:59+00:00,Rangpo,27.177,88.533,0.0,3B-HHR-E.MS.MRG.3IMERG.20260820-S173000-E175959.1050.V07C.30min.tif,0.0,0.0,0.4,0.9,3.5,3.5,3.5,3.5,3.5,0.0,0.2,0.2,0.8,-0.1,-0.09999999999999998,0.10000000000000003,306.95,13.38,279.29,-0.9868839065636126,0.16143157982793477,23.139499999999998,1.24,18.5,46.830000000000005,80.98825,0.37000000000000005,0
2026-08-20 18:29:59+00:00,2026-08-20,18:00:00,18:29:59,2026-08-20T18:29:59+00:00,Rangpo,27.177,88.533,0.0,3B-HHR-E.MS.MRG.3IMERG.20260820-S180000-E182959.1080.V07C.30min.tif,0.0,0.0,0.2,0.8,3.5,3.5,3.5,3.5,3.5,0.0,0.1,0.2,0.8,0.0,-0.4000000000000001,0.2,306.95,13.38,279.29,-0.9868839065636126,0.16143157982793477,23.139499999999998,1.24,18.5,46.830000000000005,80.98825,0.18500000000000003,0
2026-08-20 18:59:59+00:00,2026-08-20,18:30:00,18:59:59,2026-08-20T18:59:59+00:00,Rangpo,27.177,88.533,0.0,3B-HHR-E.MS.MRG.3IMERG.20260820-S183000-E185959.1110.V07C.30min.tif,0.0,0.0,0.1,0.7,3.5,3.5,3.5,3.5,3.5,0.0,0.1,0.2,0.8,0.0,-0.5,0.1,306.95,13.38,279.29,-0.9868839065636126,0.16143157982793477,23.139499999999998,1.24,18.5,46.830000000000005,80.98825,0.18500000000000003,0
2026-08-20 19:29:59+00:00,2026-08-20,19:00:00,19:29:59,2026-08-20T19:29:59+00:00,Rangpo,27.177,88.533,0.5,3B-HHR-E.MS.MRG.3IMERG.20260820-S190000-E192959.1140.V07C.30min.tif,0.5,0.5,0.5,1.1,4.0,4.0,4.0,4.0,4.0,0.5,0.5,0.5,0.8,0.5,-0.09999999999999998,0.5,306.95,13.38,279.29,-0.9868839065636126,0.16143157982793477,23.139499999999998,1.24,18.5,53.52,92.55799999999999,0.925,0
2026-08-20 19:59:59+00:00,2026-08-20,19:30:00,19:59:59,2026-08-20T19:59:59+00:00,Rangpo,27.177,88.533,0.5,3B-HHR-E.MS.MRG.3IMERG.20260820-S193000-E195959.1170.V07C.30min.tif,0.5,1.0,1.0,1.6,4.5,4.5,4.5,4.5,4.5,0.5,0.5,0.5,0.8,1.0,0.4,1.0,306.95,13.38,279.29,-0.9868839065636126,0.16143157982793477,23.139499999999998,1.24,18.5,60.21,104.12774999999999,0.925,0
2026-08-20 20:29:59+00:00,2026-08-20,20:00:00,20:29:59,2026-08-20T20:29:59+00:00,Rangpo,27.177,88.533,0.2,3B-HHR-E.MS.MRG.3IMERG.20260820-S200000-E202959.1200.V07C.30min.tif,0.2,0.7,1.2,1.7,4.7,4.7,4.7,4.7,4.7,0.5,0.5,0.5,0.8,0.19999999999999996,0.7,-0.30000000000000004,306.95,13.38,279.29,-0.9868839065636126,0.16143157982793477,23.139499999999998,1.24,18.5,62.886,108.75564999999999,0.925,0
2026-08-20 20:59:59+00:00,2026-08-20,20:30:00,20:59:59,2026-08-20T20:59:59+00:00,Rangpo,27.177,88.533,0.1,3B-HHR-E.MS.MRG.3IMERG.20260820-S203000-E205959.1230.V07C.30min.tif,0.1,0.30000000000000004,1.3,1.7,4.8,4.8,4.8,4.8,4.8,0.2,0.5,0.5,0.8,-0.7,0.9,-1.7,306.95,13.38,279.29,-0.9868839065636126,0.16143157982793477,23.139499999999998,1.24,18.5,64.224,111.0696,0.925,0
2026-08-20 21:29:59+00:00,2026-08-20,21:00:00,21:29:59,2026-08-20T21:29:59+00:00,Rangpo,27.177,88.533,0.1,3B-HHR-E.MS.MRG.3IMERG.20260820-S210000-E212959.1260.V07C.30min.tif,0.1,0.2,1.4,1.6,4.9,4.9,4.9,4.9,4.9,0.1,0.5,0.5,0.8,-0.49999999999999994,1.2,-0.7,306.95,13.38,279.29,-0.9868839065636126,0.16143157982793477,23.139499999999998,1.24,18.5,65.56200000000001,113.38355,0.925,0
2026-08-20 21:59:59+00:00,2026-08-20,21:30:00,21:59:59,2026-08-20T21:59:59+00:00,Rangpo,27.177,88.533,0.0,3B-HHR-E.MS.MRG.3IMERG.20260820-S213000-E215959.1290.V07C.30min.tif,0.0,0.1,1.4,1.5,4.800000000000001,4.9,4.9,4.9,4.9,0.1,0.5,0.5,0.8,-0.20000000000000004,1.2999999999999998,0.4999999999999999,306.95,13.38,279.29,-0.9868839065636126,0.16143157982793477,23.139499999999998,1.24,18.5,65.56200000000001,113.38355,0.925,0
2026-08-20 22:29:59+00:00,2026-08-20,22:00:00,22:29:59,2026-08-20T22:29:59+00:00,Rangpo,27.177,88.533,0.0,3B-HHR-E.MS.MRG.3IMERG.20260820-S220000-E222959.1320.V07C.30min.tif,0.0,0.0,0.9,1.4,4.0,4.9,4.9,4.9,4.9,0.0,0.5,0.5,0.8,-0.2,0.4,0.29999999999999993,306.95,13.38,279.29,-0.9868839065636126,0.16143157982793477,23.139499999999998,1.24,18.5,65.56200000000001,113.38355,0.925,0
2026-08-20 22:59:59+00:00,2026-08-20,22:30:00,22:59:59,2026-08-20T22:59:59+00:00,Rangpo,27.177,88.533,0.0,3B-HHR-E.MS.MRG.3IMERG.20260820-S223000-E225959.1350.V07C.30min.tif,0.0,0.0,0.4,1.4,3.2,4.9,4.9,4.9,4.9,0.0,0.2,0.5,0.8,-0.1,-0.6,0.10000000000000003,306.95,13.38,279.29,-0.9868839065636126,0.16143157982793477,23.139499999999998,1.24,18.5,65.56200000000001,113.38355,0.37000000000000005,0
2026-08-20 23:29:59+00:00,2026-08-20,23:00:00,23:29:59,2026-08-20T23:29:59+00:00,Rangpo,27.177,88.533,0.0,3B-HHR-E.MS.MRG.3IMERG.20260820-S230000-E232959.1380.V07C.30min.tif,0.0,0.0,0.2,1.4,2.7,4.9,4.9,4.9,4.9,0.0,0.1,0.5,0.8,0.0,-1.0,0.2,306.95,13.38,279.29,-0.9868839065636126,0.16143157982793477,23.139499999999998,1.24,18.5,65.56200000000001,113.38355,0.18500000000000003,0
2026-08-20 23:59:59+00:00,2026-08-20,23:30:00,23:59:59,2026-08-20T23:59:59+00:00,Rangpo,27.177,88.533,0.0,3B-HHR-E.MS.MRG.3IMERG.20260820-S233000-E235959.1410.V07C.30min.tif,0.0,0.0,0.1,1.4,2.3,4.9,4.9,4.9,4.9,0.0,0.1,0.5,0.8,0.0,-1.2,0.1,306.95,13.38,279.29,-0.9868839065636126,0.16143157982793477,23.139499999999998,1.24,18.5,65.56200000000001,113.38355,0.18500000000000003,0
2026-08-21 00:29:59+00:00,2026-08-21,00:00:00,00:29:59,2026-08-21T00:29:59+00:00,Rangpo,27.177,88.533,0.0,3B-HHR-E.MS.MRG.3IMERG.20260821-S000000-E002959.0000.V07C.30min.tif,0.0,0.0,0.0,1.4,2.2,4.9,4.9,4.9,4.9,0.0,0.0,0.5,0.8,0.0,-1.4,0.0,306.95,13.38,279.29,-0.9868839065636126,0.16143157982793477,23.139499999999998,1.24,18.5,65.56200000000001,113.38355,0.0,0
2026-08-21 00:59:59+00:00,2026-08-21,00:30:00,00:59:59,2026-08-21T00:59:59+00:00,Rangpo,27.177,88.533,0.0,3B-HHR-E.MS.MRG.3IMERG.20260821-S003000-E005959.0030.V07C.30min.tif,0.0,0.0,0.0,1.4,2.0999999999999996,4.9,4.9,4.9,4.9,0.0,0.0,0.5,0.8,0.0,-1.4,0.0,306.95,13.38,279.29,-0.9868839065636126,0.16143157982793477,23.139499999999998,1.24,18.5,65.56200000000001,113.38355,0.0,0
2026-08-21 01:29:59+00:00,2026-08-21,01:00:00,01:29:59,2026-08-21T01:29:59+00:00,Rangpo,27.177,88.533,0.0,3B-HHR-E.MS.MRG.3IMERG.20260821-S010000-E012959.0060.V07C.30min.tif,0.0,0.0,0.0,0.9,2.0,4.9,4.9,4.9,4.9,0.0,0.0,0.5,0.8,0.0,-0.9,0.0,306.95,13.38,279.29,-0.9868839065636126,0.16143157982793477,23.139499999999998,1.24,18.5,65.56200000000001,113.38355,0.0,0
2026-08-21 01:59:59+00:00,2026-08-21,01:30:00,01:59:59,2026-08-21T01:59:59+00:00,Rangpo,27.177,88.533,0.0,3B-HHR-E.MS.MRG.3IMERG.20260821-S013000-E015959.0090.V07C.30min.tif,0.0,0.0,0.0,0.4,2.0,4.9,4.9,4.9,4.9,0.0,0.0,0.2,0.8,0.0,-0.4,0.0,306.95,13.38,279.29,-0.9868839065636126,0.16143157982793477,23.139499999999998,1.24,18.5,65.56200000000001,113.38355,0.0,0
2026-08-21 02:29:59+00:00,2026-08-21,02:00:00,02:29:59,2026-08-21T02:29:59+00:00,Rangpo,27.177,88.533,0.0,3B-HHR-E.MS.MRG.3IMERG.20260821-S020000-E022959.0120.V07C.30min.tif,0.0,0.0,0.0,0.2,1.9,4.9,4.9,4.9,4.9,0.0,0.0,0.1,0.8,0.0,-0.2,0.0,306.95,13.38,279.29,-0.9868839065636126,0.16143157982793477,23.139499999999998,1.24,18.5,65.56200000000001,113.38355,0.0,0
2026-08-21 02:59:59+00:00,2026-08-21,02:30:00,02:59:59,2026-08-21T02:59:59+00:00,Rangpo,27.177,88.533,0.0,3B-HHR-E.MS.MRG.3IMERG.20260821-S023000-E025959.0150.V07C.30min.tif,0.0,0.0,0.0,0.1,1.8,4.9,4.9,4.9,4.9,0.0,0.0,0.1,0.8,0.0,-0.1,0.0,306.95,13.38,279.29,-0.9868839065636126,0.16143157982793477,23.139499999999998,1.24,18.5,65.56200000000001,113.38355,0.0,0
2026-08-21 03:29:59+00:00,2026-08-21,03:00:00,03:29:59,2026-08-21T03:29:59+00:00,Rangpo,27.177,88.533,0.0,3B-HHR-E.MS.MRG.3IMERG.20260821-S030000-E032959.0180.V07C.30min.tif,0.0,0.0,0.0,0.0,1.6,4.9,4.9,4.9,4.9,0.0,0.0,0.0,0.8,0.0,0.0,0.0,306.95,13.38,279.29,-0.9868839065636126,0.16143157982793477,23.139499999999998,1.24,18.5,65.56200000000001,113.38355,0.0,0
2026-08-21 03:59:59+00:00,2026-08-21,03:30:00,03:59:59,2026-08-21T03:59:59+00:00,Rangpo,27.177,88.533,0.0,3B-HHR-E.MS.MRG.3IMERG.20260821-S033000-E035959.0210.V07C.30min.tif,0.0,0.0,0.0,0.0,1.5,4.9,4.9,4.9,4.9,0.0,0.0,0.0,0.8,0.0,0.0,0.0,306.95,13.38,279.29,-0.9868839065636126,0.16143157982793477,23.139499999999998,1.24,18.5,65.56200000000001,113.38355,0.0,0
2026-08-21 04:29:59+00:00,2026-08-21,04:00:00,04:29:59,2026-08-21T04:29:59+00:00,Rangpo,27.177,88.533,0.0,3B-HHR-E.MS.MRG.3IMERG.20260821-S040000-E042959.0240.V07C.30min.tif,0.0,0.0,0.0,0.0,1.4,4.9,4.9,4.9,4.9,0.0,0.0,0.0,0.8,0.0,0.0,0.0,306.95,13.38,279.29,-0.9868839065636126,0.16143157982793477,23.139499999999998,1.24,18.5,65.56200000000001,113.38355,0.0,0
2026-08-21 04:59:59+00:00,2026-08-21,04:30:00,04:59:59,2026-08-21T04:59:59+00:00,Rangpo,27.177,88.533,0.0,3B-HHR-E.MS.MRG.3IMERG.20260821-S043000-E045959.0270.V07C.30min.tif,0.0,0.0,0.0,0.0,1.4,4.9,4.9,4.9,4.9,0.0,0.0,0.0,0.8,0.0,0.0,0.0,306.95,13.38,279.29,-0.9868839065636126,0.16143157982793477,23.139499999999998,1.24,18.5,65.56200000000001,113.38355,0.0,0
2026-08-21 05:29:59+00:00,2026-08-21,05:00:00,05:29:59,2026-08-21T05:29:59+00:00,Rangpo,27.177,88.533,0.0,3B-HHR-E.MS.MRG.3IMERG.20260821-S050000-E052959.0300.V07C.30min.tif,0.0,0.0,0.0,0.0,1.4,4.9,4.9,4.9,4.9,0.0,0.0,0.0,0.8,0.0,0.0,0.0,306.95,13.38,279.29,-0.9868839065636126,0.16143157982793477,23.139499999999998,1.24,18.5,65.56200000000001,113.38355,0.0,0
2026-08-21 05:59:59+00:00,2026-08-21,05:30:00,05:59:59,2026-08-21T05:59:59+00:00,Rangpo,27.177,88.533,0.0,3B-HHR-E.MS.MRG.3IMERG.20260821-S053000-E055959.0330.V07C.30min.tif,0.0,0.0,0.0,0.0,1.4,4.9,4.9,4.9,4.9,0.0,0.0,0.0,0.8,0.0,0.0,0.0,306.95,13.38,279.29,-0.9868839065636126,0.16143157982793477,23.139499999999998,1.24,18.5,65.56200000000001,113.38355,0.0,0
2026-08-21 06:29:59+00:00,2026-08-21,06:00:00,06:29:59,2026-08-21T06:29:59+00:00,Rangpo,27.177,88.533,0.0,3B-HHR-E.MS.MRG.3IMERG.20260821-S060000-E062959.0360.V07C.30min.tif,0.0,0.0,0.0,0.0,1.4,4.9,4.9,4.9,4.9,0.0,0.0,0.0,0.8,0.0,0.0,0.0,306.95,13.38,279.29,-0.9868839065636126,0.16143157982793477,23.139499999999998,1.24,18.5,65.56200000000001,113.38355,0.0,0
2026-08-21 06:59:59+00:00,2026-08-21,06:30:00,06:59:59,2026-08-21T06:59:59+00:00,Rangpo,27.177,88.533,0.0,3B-HHR-E.MS.MRG.3IMERG.20260821-S063000-E065959.0390.V07C.30min.tif,0.0,0.0,0.0,0.0,1.4,4.9,4.9,4.9,4.9,0.0,0.0,0.0,0.8,0.0,0.0,0.0,306.95,13.38,279.29,-0.9868839065636126,0.16143157982793477,23.139499999999998,1.24,18.5,65.56200000000001,113.38355,0.0,0
2026-08-21 07:29:59+00:00,2026-08-21,07:00:00,07:29:59,2026-08-21T07:29:59+00:00,Rangpo,27.177,88.533,0.1,3B-HHR-E.MS.MRG.3IMERG.20260821-S070000-E072959.0420.V07C.30min.tif,0.1,0.1,0.1,0.1,1.0,5.0,5.0,5.0,5.0,0.1,0.1,0.1,0.8,0.1,0.1,0.1,306.95,13.38,279.29,-0.9868839065636126,0.16143157982793477,23.139499999999998,1.24,18.5,66.9,115.69749999999999,0.18500000000000003,0
2026-08-21 07:59:59+00:00,2026-08-21,07:30:00,07:59:59,2026-08-21T07:59:59+00:00,Rangpo,27.177,88.533,0.1,3B-HHR-E.MS.MRG.3IMERG.20260821-S073000-E075959.0450.V07C.30min.tif,0.1,0.2,0.2,0.2,0.6000000000000001,5.1000000000000005,5.1000000000000005,5.1000000000000005,5.1000000000000005,0.1,0.1,0.1,0.8,0.2,0.2,0.2,306.95,13.38,279.29,-0.9868839065636126,0.16143157982793477,23.139499999999998,1.24,18.5,68.23800000000001,118.01145,0.18500000000000003,0
2026-08-21 08:29:59+00:00,2026-08-21,08:00:00,08:29:59,2026-08-21T08:29:59+00:00,Rangpo,27.177,88.533,0.0,3B-HHR-E.MS.MRG.3IMERG.20260821-S080000-E082959.0480.V07C.30min.tif,0.0,0.1,0.2,0.2,0.4,5.1000000000000005,5.1000000000000005,5.1000000000000005,5.1000000000000005,0.1,0.1,0.1,0.8,0.0,0.2,-0.1,306.95,13.38,279.29,-0.9868839065636126,0.16143157982793477,23.139499999999998,1.24,18.5,68.23800000000001,118.01145,0.18500000000000003,0
2026-08-21 08:59:59+00:00,2026-08-21,08:30:00,08:59:59,2026-08-21T08:59:59+00:00,Rangpo,27.177,88.533,0.0,3B-HHR-E.MS.MRG.3IMERG.20260821-S083000-E085959.0510.V07C.30min.tif,0.0,0.0,0.2,0.2,0.30000000000000004,5.1000000000000005,5.1000000000000005,5.1000000000000005,5.1000000000000005,0.0,0.1,0.1,0.8,-0.2,0.2,-0.4,306.95,13.38,279.29,-0.9868839065636126,0.16143157982793477,23.139499999999998,1.24,18.5,68.23800000000001,118.01145,0.18500000000000003,0
2026-08-21 09:29:59+00:00,2026-08-21,09:00:00,09:29:59,2026-08-21T09:29:59+00:00,Rangpo,27.177,88.533,0.0,3B-HHR-E.MS.MRG.3IMERG.20260821-S090000-E092959.0540.V07C.30min.tif,0.0,0.0,0.2,0.2,0.2,5.1000000000000005,5.1000000000000005,5.1000000000000005,5.1000000000000005,0.0,0.1,0.1,0.8,-0.1,0.2,-0.1,306.95,13.38,279.29,-0.9868839065636126,0.16143157982793477,23.139499999999998,1.24,18.5,68.23800000000001,118.01145,0.18500000000000003,0
2026-08-21 09:59:59+00:00,2026-08-21,09:30:00,09:59:59,2026-08-21T09:59:59+00:00,Rangpo,27.177,88.533,0.0,3B-HHR-E.MS.MRG.3IMERG.20260821-S093000-E095959.0570.V07C.30min.tif,0.0,0.0,0.2,0.2,0.2,5.000000000000001,5.1000000000000005,5.1000000000000005,5.1000000000000005,0.0,0.1,0.1,0.8,0.0,0.2,0.2,306.95,13.38,279.29,-0.9868839065636126,0.16143157982793477,23.139499999999998,1.24,18.5,66.90000000000002,118.01145,0.18500000000000003,0
2026-08-21 10:29:59+00:00,2026-08-21,10:00:00,10:29:59,2026-08-21T10:29:59+00:00,Rangpo,27.177,88.533,0.7,3B-HHR-E.MS.MRG.3IMERG.20260821-S100000-E102959.0600.V07C.30min.tif,0.7,0.7,0.7999999999999999,0.8999999999999999,0.8999999999999999,4.8999999999999995,5.8,5.8,5.8,0.7,0.7,0.7,0.8,0.7,0.7,0.7999999999999999,306.95,13.38,279.29,-0.9868839065636126,0.16143157982793477,23.139499999999998,1.24,18.5,65.562,134.20909999999998,1.295,0
2026-08-21 10:59:59+00:00,2026-08-21,10:30:00,10:59:59,2026-08-21T10:59:59+00:00,Rangpo,27.177,88.533,0.7,3B-HHR-E.MS.MRG.3IMERG.20260821-S103000-E105959.0630.V07C.30min.tif,0.7,1.4,1.4,1.5999999999999999,1.5999999999999999,4.8,6.5,6.5,6.5,0.7,0.7,0.7,0.7,1.4,1.2,1.4,306.95,13.38,279.29,-0.9868839065636126,0.16143157982793477,23.139499999999998,1.24,18.5,64.224,150.40675,1.295,0
2026-08-21 11:29:59+00:00,2026-08-21,11:00:00,11:29:59,2026-08-21T11:29:59+00:00,Rangpo,27.177,88.533,0.1,3B-HHR-E.MS.MRG.3IMERG.20260821-S110000-E112959.0660.V07C.30min.tif,0.1,0.7999999999999999,1.5,1.7,1.7,4.3999999999999995,6.6,6.6,6.6,0.7,0.7,0.7,0.7,0.09999999999999998,1.3,-0.6,306.95,13.38,279.29,-0.9868839065636126,0.16143157982793477,23.139499999999998,1.24,18.5,58.87199999999999,152.7207,1.295,0
2026-08-21 11:59:59+00:00,2026-08-21,11:30:00,11:59:59,2026-08-21T11:59:59+00:00,Rangpo,27.177,88.533,0.1,3B-HHR-E.MS.MRG.3IMERG.20260821-S113000-E115959.0690.V07C.30min.tif,0.1,0.2,1.5999999999999999,1.7999999999999998,1.7999999999999998,4.1,6.7,6.7,6.7,0.1,0.7,0.7,0.7,-1.2,1.4,-2.5999999999999996,306.95,13.38,279.29,-0.9868839065636126,0.16143157982793477,23.139499999999998,1.24,18.5,54.858,155.03465,1.295,0
2026-08-21 12:29:59+00:00,2026-08-21,12:00:00,12:29:59,2026-08-21T12:29:59+00:00,Rangpo,27.177,88.533,0.0,3B-HHR-E.MS.MRG.3IMERG.20260821-S120000-E122959.0720.V07C.30min.tif,0.0,0.1,1.5999999999999999,1.7999999999999998,1.7999999999999998,4.0,6.7,6.7,6.7,0.1,0.7,0.7,0.7,-0.7,1.4,-0.7999999999999999,306.95,13.38,279.29,-0.9868839065636126,0.16143157982793477,23.139499999999998,1.24,18.5,53.52,155.03465,1.295,0
2026-08-21 12:59:59+00:00,2026-08-21,12:30:00,12:59:59,2026-08-21T12:59:59+00:00,Rangpo,27.177,88.533,0.0,3B-HHR-E.MS.MRG.3IMERG.20260821-S123000-E125959.0750.V07C.30min.tif,0.0,0.0,1.5999999999999999,1.7999999999999998,1.7999999999999998,3.9,6.7,6.7,6.7,0.0,0.7,0.7,0.7,-0.2,1.4,1.0,306.95,13.38,279.29,-0.9868839065636126,0.16143157982793477,23.139499999999998,1.24,18.5,52.182,155.03465,1.295,0
2026-08-21 13:29:59+00:00,2026-08-21,13:00:00,13:29:59,2026-08-21T13:29:59+00:00,Rangpo,27.177,88.533,0.1,3B-HHR-E.MS.MRG.3IMERG.20260821-S130000-E132959.0780.V07C.30min.tif,0.1,0.1,1.0,1.7999999999999998,1.9,3.9,6.8,6.8,6.8,0.1,0.7,0.7,0.7,0.0,0.20000000000000007,0.7,306.95,13.38,279.29,-0.9868839065636126,0.16143157982793477,23.139499999999998,1.24,18.5,52.182,157.34859999999998,1.295,0
2026-08-21 13:59:59+00:00,2026-08-21,13:30:00,13:59:59,2026-08-21T13:59:59+00:00,Rangpo,27.177,88.533,0.1,3B-HHR-E.MS.MRG.3IMERG.20260821-S133000-E135959.0810.V07C.30min.tif,0.1,0.2,0.4,1.7999999999999998,2.0,4.0,6.9,6.9,6.9,0.1,0.1,0.7,0.7,0.2,-0.9999999999999999,0.4,306.95,13.38,279.29,-0.9868839065636126,0.16143157982793477,23.139499999999998,1.24,18.5,53.52,159.66254999999998,0.18500000000000003,0
2026-08-21 14:29:59+00:00,2026-08-21,14:00:00,14:29:59,2026-08-21T14:29:59+00:00,Rangpo,27.177,88.533,0.0,3B-HHR-E.MS.MRG.3IMERG.20260821-S140000-E142959.0840.V07C.30min.tif,0.0,0.1,0.30000000000000004,1.7999999999999998,2.0,3.9,6.9,6.9,6.9,0.1,0.1,0.7,0.7,0.0,-1.2,0.0,306.95,13.38,279.29,-0.9868839065636126,0.16143157982793477,23.139499999999998,1.24,18.5,52.182,159.66254999999998,0.18500000000000003,0
2026-08-21 14:59:59+00:00,2026-08-21,14:30:00,14:59:59,2026-08-21T14:59:59+00:00,Rangpo,27.177,88.533,0.0,3B-HHR-E.MS.MRG.3IMERG.20260821-S143000-E145959.0870.V07C.30min.tif,0.0,0.0,0.2,1.7999999999999998,2.0,3.8,6.9,6.9,6.9,0.0,0.1,0.7,0.7,-0.2,-1.4,-0.4,306.95,13.38,279.29,-0.9868839065636126,0.16143157982793477,23.139499999999998,1.24,18.5,50.844,159.66254999999998,0.18500000000000003,0
2026-08-21 15:29:59+00:00,2026-08-21,15:00:00,15:29:59,2026-08-21T15:29:59+00:00,Rangpo,27.177,88.533,0.0,3B-HHR-E.MS.MRG.3IMERG.20260821-S150000-E152959.0900.V07C.30min.tif,0.0,0.0,0.2,1.7999999999999998,2.0,3.5999999999999996,6.9,6.9,6.9,0.0,0.1,0.7,0.7,-0.1,-1.4,-0.1,306.95,13.38,279.29,-0.9868839065636126,0.16143157982793477,23.139499999999998,1.24,18.5,48.168,159.66254999999998,0.18500000000000003,0
2026-08-21 15:59:59+00:00,2026-08-21,15:30:00,15:59:59,2026-08-21T15:59:59+00:00,Rangpo,27.177,88.533,0.0,3B-HHR-E.MS.MRG.3IMERG.20260821-S153000-E155959.0930.V07C.30min.tif,0.0,0.0,0.2,1.7999999999999998,2.0,3.5,6.9,6.9,6.9,0.0,0.1,0.7,0.7,0.0,-1.4,0.2,306.95,13.38,279.29,-0.9868839065636126,0.16143157982793477,23.139499999999998,1.24,18.5,46.830000000000005,159.66254999999998,0.18500000000000003,0
2026-08-21 16:29:59+00:00,2026-08-21,16:00:00,16:29:59,2026-08-21T16:29:59+00:00,Rangpo,27.177,88.533,0.0,3B-HHR-E.MS.MRG.3IMERG.20260821-S160000-E162959.0960.V07C.30min.tif,0.0,0.0,0.1,1.1,2.0,3.4,6.9,6.9,6.9,0.0,0.1,0.7,0.7,0.0,-0.9,0.1,306.95,13.38,279.29,-0.9868839065636126,0.16143157982793477,23.139499999999998,1.24,18.5,45.492000000000004,159.66254999999998,0.18500000000000003,0
2026-08-21 16:59:59+00:00,2026-08-21,16:30:00,16:59:59,2026-08-21T16:59:59+00:00,Rangpo,27.177,88.533,0.0,3B-HHR-E.MS.MRG.3IMERG.20260821-S163000-E165959.0990.V07C.30min.tif,0.0,0.0,0.0,0.4,2.0,3.4,6.9,6.9,6.9,0.0,0.0,0.1,0.7,0.0,-0.4,0.0,306.95,13.38,279.29,-0.9868839065636126,0.16143157982793477,23.139499999999998,1.24,18.5,45.492000000000004,159.66254999999998,0.0,0
2026-08-21 17:29:59+00:00,2026-08-21,17:00:00,17:29:59,2026-08-21T17:29:59+00:00,Rangpo,27.177,88.533,0.1,3B-HHR-E.MS.MRG.3IMERG.20260821-S170000-E172959.1020.V07C.30min.tif,0.1,0.1,0.1,0.4,2.1,3.5,7.0,7.0,7.0,0.1,0.1,0.1,0.7,0.1,-0.20000000000000004,0.1,306.95,13.38,279.29,-0.9868839065636126,0.16143157982793477,23.139499999999998,1.24,18.5,46.830000000000005,161.9765,0.18500000000000003,0
2026-08-21 17:59:59+00:00,2026-08-21,17:30:00,17:59:59,2026-08-21T17:59:59+00:00,Rangpo,27.177,88.533,0.1,3B-HHR-E.MS.MRG.3IMERG.20260821-S173000-E175959.1050.V07C.30min.tif,0.1,0.2,0.2,0.4,2.1999999999999997,3.6,7.1,7.1,7.1,0.1,0.1,0.1,0.7,0.2,0.0,0.2,306.95,13.38,279.29,-0.9868839065636126,0.16143157982793477,23.139499999999998,1.24,18.5,48.168000000000006,164.29045,0.18500000000000003,0
2026-08-21 18:29:59+00:00,2026-08-21,18:00:00,18:29:59,2026-08-21T18:29:59+00:00,Rangpo,27.177,88.533,0.0,3B-HHR-E.MS.MRG.3IMERG.20260821-S180000-E182959.1080.V07C.30min.tif,0.0,0.1,0.2,0.4,2.1999999999999997,3.6,7.1,7.1,7.1,0.1,0.1,0.1,0.7,0.0,0.0,-0.1,306.95,13.38,279.29,-0.9868839065636126,0.16143157982793477,23.139499999999998,1.24,18.5,48.168000000000006,164.29045,0.18500000000000003,0
2026-08-21 18:59:59+00:00,2026-08-21,18:30:00,18:59:59,2026-08-21T18:59:59+00:00,Rangpo,27.177,88.533,0.0,3B-HHR-E.MS.MRG.3IMERG.20260821-S183000-E185959.1110.V07C.30min.tif,0.0,0.0,0.2,0.4,2.1999999999999997,3.6,7.1,7.1,7.1,0.0,0.1,0.1,0.7,-0.2,0.0,-0.4,306.95,13.38,279.29,-0.9868839065636126,0.16143157982793477,23.139499999999998,1.24,18.5,48.168000000000006,164.29045,0.18500000000000003,0
2026-08-21 19:29:59+00:00,2026-08-21,19:00:00,19:29:59,2026-08-21T19:29:59+00:00,Rangpo,27.177,88.533,0.1,3B-HHR-E.MS.MRG.3IMERG.20260821-S190000-E192959.1140.V07C.30min.tif,0.1,0.1,0.30000000000000004,0.4,2.1999999999999997,3.2,7.2,7.2,7.2,0.1,0.1,0.1,0.7,0.0,0.20000000000000004,0.0,306.95,13.38,279.29,-0.9868839065636126,0.16143157982793477,23.139499999999998,1.24,18.5,42.816,166.6044,0.18500000000000003,0
2026-08-21 19:59:59+00:00,2026-08-21,19:30:00,19:59:59,2026-08-21T19:59:59+00:00,Rangpo,27.177,88.533,0.1,3B-HHR-E.MS.MRG.3IMERG.20260821-S193000-E195959.1170.V07C.30min.tif,0.1,0.2,0.4,0.4,2.1999999999999997,2.8,7.3,7.3,7.3,0.1,0.1,0.1,0.7,0.2,0.4,0.4,306.95,13.38,279.29,-0.9868839065636126,0.16143157982793477,23.139499999999998,1.24,18.5,37.464,168.91834999999998,0.18500000000000003,0
2026-08-21 20:29:59+00:00,2026-08-21,20:00:00,20:29:59,2026-08-21T20:29:59+00:00,Rangpo,27.177,88.533,0.1,3B-HHR-E.MS.MRG.3IMERG.20260821-S200000-E202959.1200.V07C.30min.tif,0.1,0.2,0.4,0.5,2.3,2.6999999999999997,7.4,7.4,7.4,0.1,0.1,0.1,0.7,0.1,0.30000000000000004,0.1,306.95,13.38,279.29,-0.9868839065636126,0.16143157982793477,23.139499999999998,1.24,18.5,36.126,171.23229999999998,0.18500000000000003,0
2026-08-21 20:59:59+00:00,2026-08-21,20:30:00,20:59:59,2026-08-21T20:59:59+00:00,Rangpo,27.177,88.533,0.0,3B-HHR-E.MS.MRG.3IMERG.20260821-S203000-E205959.1230.V07C.30min.tif,0.0,0.1,0.30000000000000004,0.5,2.3,2.5999999999999996,7.4,7.4,7.4,0.1,0.1,0.1,0.7,-0.1,0.10000000000000003,-0.30000000000000004,306.95,13.38,279.29,-0.9868839065636126,0.16143157982793477,23.139499999999998,1.24,18.5,34.788,171.23229999999998,0.18500000000000003,0
2026-08-21 21:29:59+00:00,2026-08-21,21:00:00,21:29:59,2026-08-21T21:29:59+00:00,Rangpo,27.177,88.533,0.0,3B-HHR-E.MS.MRG.3IMERG.20260821-S210000-E212959.1260.V07C.30min.tif,0.0,0.0,0.30000000000000004,0.5,2.3,2.5,7.4,7.4,7.4,0.0,0.1,0.1,0.7,-0.2,0.10000000000000003,-0.30000000000000004,306.95,13.38,279.29,-0.9868839065636126,0.16143157982793477,23.139499999999998,1.24,18.5,33.45,171.23229999999998,0.18500000000000003,0
2026-08-21 21:59:59+00:00,2026-08-21,21:30:00,21:59:59,2026-08-21T21:59:59+00:00,Rangpo,27.177,88.533,0.0,3B-HHR-E.MS.MRG.3IMERG.20260821-S213000-E215959.1290.V07C.30min.tif,0.0,0.0,0.30000000000000004,0.5,2.3,2.5,7.4,7.4,7.4,0.0,0.1,0.1,0.7,-0.1,0.10000000000000003,0.0,306.95,13.38,279.29,-0.9868839065636126,0.16143157982793477,23.139499999999998,1.24,18.5,33.45,171.23229999999998,0.18500000000000003,0
2026-08-21 22:29:59+00:00,2026-08-21,22:00:00,22:29:59,2026-08-21T22:29:59+00:00,Rangpo,27.177,88.533,0.0,3B-HHR-E.MS.MRG.3IMERG.20260821-S220000-E222959.1320.V07C.30min.tif,0.0,0.0,0.2,0.5,1.6,2.5,7.4,7.4,7.4,0.0,0.1,0.1,0.7,0.0,-0.10000000000000003,0.2,306.95,13.38,279.29,-0.9868839065636126,0.16143157982793477,23.139499999999998,1.24,18.5,33.45,171.23229999999998,0.18500000000000003,0
2026-08-21 22:59:59+00:00,2026-08-21,22:30:00,22:59:59,2026-08-21T22:59:59+00:00,Rangpo,27.177,88.533,0.0,3B-HHR-E.MS.MRG.3IMERG.20260821-S223000-E225959.1350.V07C.30min.tif,0.0,0.0,0.1,0.5,0.9,2.5,7.4,7.4,7.4,0.0,0.1,0.1,0.7,0.0,-0.30000000000000004,0.1,306.95,13.38,279.29,-0.9868839065636126,0.16143157982793477,23.139499999999998,1.24,18.5,33.45,171.23229999999998,0.18500000000000003,0
2026-08-21 23:29:59+00:00,2026-08-21,23:00:00,23:29:59,2026-08-21T23:29:59+00:00,Rangpo,27.177,88.533,0.0,3B-HHR-E.MS.MRG.3IMERG.20260821-S230000-E232959.1380.V07C.30min.tif,0.0,0.0,0.0,0.4,0.8,2.5,7.4,7.4,7.4,0.0,0.0,0.1,0.7,0.0,-0.4,0.0,306.95,13.38,279.29,-0.9868839065636126,0.16143157982793477,23.139499999999998,1.24,18.5,33.45,171.23229999999998,0.0,0
2026-08-21 23:59:59+00:00,2026-08-21,23:30:00,23:59:59,2026-08-21T23:59:59+00:00,Rangpo,27.177,88.533,0.0,3B-HHR-E.MS.MRG.3IMERG.20260821-S233000-E235959.1410.V07C.30min.tif,0.0,0.0,0.0,0.30000000000000004,0.7,2.5,7.4,7.4,7.4,0.0,0.0,0.1,0.7,0.0,-0.30000000000000004,0.0,306.95,13.38,279.29,-0.9868839065636126,0.16143157982793477,23.139499999999998,1.24,18.5,33.45,171.23229999999998,0.0,0
2026-08-22 00:29:59+00:00,2026-08-22,00:00:00,00:29:59,2026-08-22T00:29:59+00:00,Rangpo,27.177,88.533,0.0,3B-HHR-E.MS.MRG.3IMERG.20260822-S000000-E002959.0000.V07C.30min.tif,0.0,0.0,0.0,0.30000000000000004,0.7,2.5,7.4,7.4,7.4,0.0,0.0,0.1,0.7,0.0,-0.30000000000000004,0.0,306.95,13.38,279.29,-0.9868839065636126,0.16143157982793477,23.139499999999998,1.24,18.5,33.45,171.23229999999998,0.0,0
2026-08-22 00:59:59+00:00,2026-08-22,00:30:00,00:59:59,2026-08-22T00:59:59+00:00,Rangpo,27.177,88.533,0.0,3B-HHR-E.MS.MRG.3IMERG.20260822-S003000-E005959.0030.V07C.30min.tif,0.0,0.0,0.0,0.30000000000000004,0.7,2.5,7.4,7.4,7.4,0.0,0.0,0.1,0.7,0.0,-0.30000000000000004,0.0,306.95,13.38,279.29,-0.9868839065636126,0.16143157982793477,23.139499999999998,1.24,18.5,33.45,171.23229999999998,0.0,0
2026-08-22 01:29:59+00:00,2026-08-22,01:00:00,01:29:59,2026-08-22T01:29:59+00:00,Rangpo,27.177,88.533,0.0,3B-HHR-E.MS.MRG.3IMERG.20260822-S010000-E012959.0060.V07C.30min.tif,0.0,0.0,0.0,0.2,0.6,2.5,7.4,7.4,7.4,0.0,0.0,0.1,0.7,0.0,-0.2,0.0,306.95,13.38,279.29,-0.9868839065636126,0.16143157982793477,23.139499999999998,1.24,18.5,33.45,171.23229999999998,0.0,0
2026-08-22 01:59:59+00:00,2026-08-22,01:30:00,01:59:59,2026-08-22T01:59:59+00:00,Rangpo,27.177,88.533,0.0,3B-HHR-E.MS.MRG.3IMERG.20260822-S013000-E015959.0090.V07C.30min.tif,0.0,0.0,0.0,0.1,0.5,2.5,7.4,7.4,7.4,0.0,0.0,0.1,0.7,0.0,-0.1,0.0,306.95,13.38,279.29,-0.9868839065636126,0.16143157982793477,23.139499999999998,1.24,18.5,33.45,171.23229999999998,0.0,0
2026-08-22 02:29:59+00:00,2026-08-22,02:00:00,02:29:59,2026-08-22T02:29:59+00:00,Rangpo,27.177,88.533,0.0,3B-HHR-E.MS.MRG.3IMERG.20260822-S020000-E022959.0120.V07C.30min.tif,0.0,0.0,0.0,0.0,0.5,2.5,7.4,7.4,7.4,0.0,0.0,0.0,0.7,0.0,0.0,0.0,306.95,13.38,279.29,-0.9868839065636126,0.16143157982793477,23.139499999999998,1.24,18.5,33.45,171.23229999999998,0.0,0
2026-08-22 02:59:59+00:00,2026-08-22,02:30:00,02:59:59,2026-08-22T02:59:59+00:00,Rangpo,27.177,88.533,0.0,3B-HHR-E.MS.MRG.3IMERG.20260822-S023000-E025959.0150.V07C.30min.tif,0.0,0.0,0.0,0.0,0.5,2.5,7.4,7.4,7.4,0.0,0.0,0.0,0.7,0.0,0.0,0.0,306.95,13.38,279.29,-0.9868839065636126,0.16143157982793477,23.139499999999998,1.24,18.5,33.45,171.23229999999998,0.0,0
2026-08-22 03:29:59+00:00,2026-08-22,03:00:00,03:29:59,2026-08-22T03:29:59+00:00,Rangpo,27.177,88.533,0.0,3B-HHR-E.MS.MRG.3IMERG.20260822-S030000-E032959.0180.V07C.30min.tif,0.0,0.0,0.0,0.0,0.5,2.5,7.4,7.4,7.4,0.0,0.0,0.0,0.7,0.0,0.0,0.0,306.95,13.38,279.29,-0.9868839065636126,0.16143157982793477,23.139499999999998,1.24,18.5,33.45,171.23229999999998,0.0,0
2026-08-22 03:59:59+00:00,2026-08-22,03:30:00,03:59:59,2026-08-22T03:59:59+00:00,Rangpo,27.177,88.533,0.0,3B-HHR-E.MS.MRG.3IMERG.20260822-S033000-E035959.0210.V07C.30min.tif,0.0,0.0,0.0,0.0,0.5,2.5,7.4,7.4,7.4,0.0,0.0,0.0,0.7,0.0,0.0,0.0,306.95,13.38,279.29,-0.9868839065636126,0.16143157982793477,23.139499999999998,1.24,18.5,33.45,171.23229999999998,0.0,0
2026-08-22 04:29:59+00:00,2026-08-22,04:00:00,04:29:59,2026-08-22T04:29:59+00:00,Rangpo,27.177,88.533,0.1,3B-HHR-E.MS.MRG.3IMERG.20260822-S040000-E042959.0240.V07C.30min.tif,0.1,0.1,0.1,0.1,0.6000000000000001,2.6,7.5,7.5,7.5,0.1,0.1,0.1,0.7,0.1,0.1,0.1,306.95,13.38,279.29,-0.9868839065636126,0.16143157982793477,23.139499999999998,1.24,18.5,34.788000000000004,173.54625,0.18500000000000003,0
2026-08-22 04:59:59+00:00,2026-08-22,04:30:00,04:59:59,2026-08-22T04:59:59+00:00,Rangpo,27.177,88.533,0.1,3B-HHR-E.MS.MRG.3IMERG.20260822-S043000-E045959.0270.V07C.30min.tif,0.1,0.2,0.2,0.2,0.7000000000000001,2.6999999999999997,7.6,7.6,7.6,0.1,0.1,0.1,0.7,0.2,0.2,0.2,306.95,13.38,279.29,-0.9868839065636126,0.16143157982793477,23.139499999999998,1.24,18.5,36.126,175.8602,0.18500000000000003,0
2026-08-22 05:29:59+00:00,2026-08-22,05:00:00,05:29:59,2026-08-22T05:29:59+00:00,Rangpo,27.177,88.533,0.0,3B-HHR-E.MS.MRG.3IMERG.20260822-S050000-E052959.0300.V07C.30min.tif,0.0,0.1,0.2,0.2,0.6000000000000001,2.7,7.6,7.6,7.6,0.1,0.1,0.1,0.7,0.0,0.2,-0.1,306.95,13.38,279.29,-0.9868839065636126,0.16143157982793477,23.139499999999998,1.24,18.5,36.126000000000005,175.8602,0.18500000000000003,0
2026-08-22 05:59:59+00:00,2026-08-22,05:30:00,05:59:59,2026-08-22T05:59:59+00:00,Rangpo,27.177,88.533,0.0,3B-HHR-E.MS.MRG.3IMERG.20260822-S053000-E055959.0330.V07C.30min.tif,0.0,0.0,0.2,0.2,0.5,2.7,7.6,7.6,7.6,0.0,0.1,0.1,0.7,-0.2,0.2,-0.4,306.95,13.38,279.29,-0.9868839065636126,0.16143157982793477,23.139499999999998,1.24,18.5,36.126000000000005,175.8602,0.18500000000000003,0
2026-08-22 06:29:59+00:00,2026-08-22,06:00:00,06:29:59,2026-08-22T06:29:59+00:00,Rangpo,27.177,88.533,0.0,3B-HHR-E.MS.MRG.3IMERG.20260822-S060000-E062959.0360.V07C.30min.tif,0.0,0.0,0.2,0.2,0.5,2.7,7.6,7.6,7.6,0.0,0.1,0.1,0.7,-0.1,0.2,-0.1,306.95,13.38,279.29,-0.9868839065636126,0.16143157982793477,23.139499999999998,1.24,18.5,36.126000000000005,175.8602,0.18500000000000003,0
2026-08-22 06:59:59+00:00,2026-08-22,06:30:00,06:59:59,2026-08-22T06:59:59+00:00,Rangpo,27.177,88.533,0.0,3B-HHR-E.MS.MRG.3IMERG.20260822-S063000-E065959.0390.V07C.30min.tif,0.0,0.0,0.2,0.2,0.5,2.7,7.6,7.6,7.6,0.0,0.1,0.1,0.7,0.0,0.2,0.2,306.95,13.38,279.29,-0.9868839065636126,0.16143157982793477,23.139499999999998,1.24,18.5,36.126000000000005,175.8602,0.18500000000000003,0
2026-08-22 07:29:59+00:00,2026-08-22,07:00:00,07:29:59,2026-08-22T07:29:59+00:00,Rangpo,27.177,88.533,0.0,3B-HHR-E.MS.MRG.3IMERG.20260822-S070000-E072959.0420.V07C.30min.tif,0.0,0.0,0.1,0.2,0.4,2.6,7.6,7.6,7.6,0.0,0.1,0.1,0.7,0.0,0.0,0.1,306.95,13.38,279.29,-0.9868839065636126,0.16143157982793477,23.139499999999998,1.24,18.5,34.788000000000004,175.8602,0.18500000000000003,0
2026-08-22 07:59:59+00:00,2026-08-22,07:30:00,07:59:59,2026-08-22T07:59:59+00:00,Rangpo,27.177,88.533,0.1,3B-HHR-E.MS.MRG.3IMERG.20260822-S073000-E075959.0450.V07C.30min.tif,0.1,0.1,0.1,0.30000000000000004,0.4,2.6,7.7,7.7,7.7,0.1,0.1,0.1,0.7,0.1,-0.1,0.1,306.95,13.38,279.29,-0.9868839065636126,0.16143157982793477,23.139499999999998,1.24,18.5,34.788000000000004,178.17415,0.18500000000000003,0
2026-08-22 08:29:59+00:00,2026-08-22,08:00:00,08:29:59,2026-08-22T08:29:59+00:00,Rangpo,27.177,88.533,0.1,3B-HHR-E.MS.MRG.3IMERG.20260822-S080000-E082959.0480.V07C.30min.tif,0.1,0.2,0.2,0.4,0.4,2.7,7.8,7.8,7.8,0.1,0.1,0.1,0.7,0.2,0.0,0.2,306.95,13.38,279.29,-0.9868839065636126,0.16143157982793477,23.139499999999998,1.24,18.5,36.126000000000005,180.48809999999997,0.18500000000000003,0
2026-08-22 08:59:59+00:00,2026-08-22,08:30:00,08:59:59,2026-08-22T08:59:59+00:00,Rangpo,27.177,88.533,0.1,3B-HHR-E.MS.MRG.3IMERG.20260822-S083000-E085959.0510.V07C.30min.tif,0.1,0.2,0.30000000000000004,0.5,0.5,2.8,7.9,7.9,7.9,0.1,0.1,0.1,0.7,0.1,0.10000000000000003,0.0,306.95,13.38,279.29,-0.9868839065636126,0.16143157982793477,23.139499999999998,1.24,18.5,37.464,182.80204999999998,0.18500000000000003,0
2026-08-22 09:29:59+00:00,2026-08-22,09:00:00,09:29:59,2026-08-22T09:29:59+00:00,Rangpo,27.177,88.533,0.1,3B-HHR-E.MS.MRG.3IMERG.20260822-S090000-E092959.0540.V07C.30min.tif,0.1,0.2,0.4,0.6000000000000001,0.6000000000000001,2.9,8.0,8.0,8.0,0.1,0.1,0.1,0.7,0.0,0.2,-0.2,306.95,13.38,279.29,-0.9868839065636126,0.16143157982793477,23.139499999999998,1.24,18.5,38.802,185.11599999999999,0.18500000000000003,0
2026-08-22 09:59:59+00:00,2026-08-22,09:30:00,09:59:59,2026-08-22T09:59:59+00:00,Rangpo,27.177,88.533,0.8,3B-HHR-E.MS.MRG.3IMERG.20260822-S093000-E095959.0570.V07C.30min.tif,0.8,0.9,1.2000000000000002,1.4000000000000001,1.4000000000000001,3.7,8.700000000000001,8.8,8.8,0.8,0.8,0.8,0.8,0.7,1.0000000000000002,0.6,306.95,13.38,279.29,-0.9868839065636126,0.16143157982793477,23.139499999999998,1.24,18.5,49.50600000000001,203.6276,1.4800000000000002,0
2026-08-22 10:29:59+00:00,2026-08-22,10:00:00,10:29:59,2026-08-22T10:29:59+00:00,Rangpo,27.177,88.533,0.8,3B-HHR-E.MS.MRG.3IMERG.20260822-S100000-E102959.0600.V07C.30min.tif,0.8,1.6,2.0,2.1,2.2,3.8,8.7,9.6,9.6,0.8,0.8,0.8,0.8,1.4000000000000001,1.9,1.4000000000000001,306.95,13.38,279.29,-0.9868839065636126,0.16143157982793477,23.139499999999998,1.24,18.5,50.844,222.1392,1.4800000000000002,0
2026-08-22 10:59:59+00:00,2026-08-22,10:30:00,10:59:59,2026-08-22T10:59:59+00:00,Rangpo,27.177,88.533,1.3,3B-HHR-E.MS.MRG.3IMERG.20260822-S103000-E105959.0630.V07C.30min.tif,1.3,2.1,3.2,3.3,3.5,4.4,9.2,10.9,10.9,1.3,1.3,1.3,1.3,1.2000000000000002,3.1,0.5000000000000002,306.95,13.38,279.29,-0.9868839065636126,0.16143157982793477,23.139499999999998,1.24,18.5,58.87200000000001,252.22054999999997,2.4050000000000002,0
2026-08-22 11:29:59+00:00,2026-08-22,11:00:00,11:29:59,2026-08-22T11:29:59+00:00,Rangpo,27.177,88.533,1.1,3B-HHR-E.MS.MRG.3IMERG.20260822-S110000-E112959.0660.V07C.30min.tif,1.1,2.4000000000000004,4.2,4.4,4.6000000000000005,5.4,9.8,12.0,12.0,1.3,1.3,1.3,1.3,0.8000000000000003,4.0,-0.5999999999999999,306.95,13.38,279.29,-0.9868839065636126,0.16143157982793477,23.139499999999998,1.24,18.5,72.25200000000001,277.674,2.4050000000000002,0
2026-08-22 11:59:59+00:00,2026-08-22,11:30:00,11:59:59,2026-08-22T11:59:59+00:00,Rangpo,27.177,88.533,0.6,3B-HHR-E.MS.MRG.3IMERG.20260822-S113000-E115959.0690.V07C.30min.tif,0.6,1.7000000000000002,4.7,5.0,5.2,5.9,10.0,12.6,12.6,1.1,1.3,1.3,1.3,-0.3999999999999999,4.4,-1.6,306.95,13.38,279.29,-0.9868839065636126,0.16143157982793477,23.139499999999998,1.24,18.5,78.94200000000001,291.55769999999995,2.4050000000000002,0
2026-08-22 12:29:59+00:00,2026-08-22,12:00:00,12:29:59,2026-08-22T12:29:59+00:00,Rangpo,27.177,88.533,0.4,3B-HHR-E.MS.MRG.3IMERG.20260822-S120000-E122959.0720.V07C.30min.tif,0.4,1.0,5.0,5.4,5.6000000000000005,6.300000000000001,10.3,13.0,13.0,0.6,1.3,1.3,1.3,-1.4000000000000004,4.6,-2.2000000000000006,306.95,13.38,279.29,-0.9868839065636126,0.16143157982793477,23.139499999999998,1.24,18.5,84.29400000000001,300.8135,2.4050000000000002,0
2026-08-22 12:59:59+00:00,2026-08-22,12:30:00,12:59:59,2026-08-22T12:59:59+00:00,Rangpo,27.177,88.533,0.5,3B-HHR-E.MS.MRG.3IMERG.20260822-S123000-E125959.0750.V07C.30min.tif,0.5,0.9,4.7,5.9,6.1000000000000005,6.800000000000001,10.700000000000001,13.5,13.5,0.5,1.3,1.3,1.3,-0.8000000000000002,3.5,-0.40000000000000024,306.95,13.38,279.29,-0.9868839065636126,0.16143157982793477,23.139499999999998,1.24,18.5,90.98400000000001,312.38325,2.4050000000000002,0
2026-08-22 13:29:59+00:00,2026-08-22,13:00:00,13:29:59,2026-08-22T13:29:59+00:00,Rangpo,27.177,88.533,0.6,3B-HHR-E.MS.MRG.3IMERG.20260822-S130000-E132959.0780.V07C.30min.tif,0.6,1.1,4.5,6.5,6.7,7.300000000000001,11.200000000000001,14.1,14.1,0.6,1.3,1.3,1.3,0.10000000000000009,2.5,1.5000000000000004,306.95,13.38,279.29,-0.9868839065636126,0.16143157982793477,23.139499999999998,1.24,18.5,97.67400000000002,326.26694999999995,2.4050000000000002,0
2026-08-22 13:59:59+00:00,2026-08-22,13:30:00,13:59:59,2026-08-22T13:59:59+00:00,Rangpo,27.177,88.533,0.3,3B-HHR-E.MS.MRG.3IMERG.20260822-S133000-E135959.0810.V07C.30min.tif,0.3,0.8999999999999999,3.5,6.7,7.0,7.5,11.500000000000002,14.4,14.4,0.6,1.1,1.3,1.3,-1.1102230246251565e-16,0.2999999999999998,0.8,306.95,13.38,279.29,-0.9868839065636126,0.16143157982793477,23.139499999999998,1.24,18.5,100.35000000000001,333.2088,2.035,0
2026-08-22 14:29:59+00:00,2026-08-22,14:00:00,14:29:59,2026-08-22T14:29:59+00:00,Rangpo,27.177,88.533,0.3,3B-HHR-E.MS.MRG.3IMERG.20260822-S140000-E142959.0840.V07C.30min.tif,0.3,0.6,2.7,6.9,7.300000000000001,7.8,11.7,14.700000000000001,14.700000000000001,0.3,0.6,1.3,1.3,-0.5000000000000001,-1.5,-0.6000000000000002,306.95,13.38,279.29,-0.9868839065636126,0.16143157982793477,23.139499999999998,1.24,18.5,104.364,340.15065,1.11,0
2026-08-22 14:59:59+00:00,2026-08-22,14:30:00,14:59:59,2026-08-22T14:59:59+00:00,Rangpo,27.177,88.533,0.1,3B-HHR-E.MS.MRG.3IMERG.20260822-S143000-E145959.0870.V07C.30min.tif,0.1,0.4,2.1999999999999997,6.9,7.4,7.9,11.7,14.8,14.8,0.3,0.6,1.3,1.3,-0.4999999999999999,-2.5000000000000004,-0.4999999999999998,306.95,13.38,279.29,-0.9868839065636126,0.16143157982793477,23.139499999999998,1.24,18.5,105.70200000000001,342.46459999999996,1.11,0
2026-08-22 15:29:59+00:00,2026-08-22,15:00:00,15:29:59,2026-08-22T15:29:59+00:00,Rangpo,27.177,88.533,0.1,3B-HHR-E.MS.MRG.3IMERG.20260822-S150000-E152959.0900.V07C.30min.tif,0.1,0.2,1.9,6.9,7.5,8.0,11.600000000000001,14.9,14.9,0.1,0.6,1.3,1.3,-0.39999999999999997,-3.1,0.10000000000000014,306.95,13.38,279.29,-0.9868839065636126,0.16143157982793477,23.139499999999998,1.24,18.5,107.04,344.77855,1.11,0
2026-08-22 15:59:59+00:00,2026-08-22,15:30:00,15:59:59,2026-08-22T15:59:59+00:00,Rangpo,27.177,88.533,0.1,3B-HHR-E.MS.MRG.3IMERG.20260822-S153000-E155959.0930.V07C.30min.tif,0.1,0.2,1.5,6.2,7.6000000000000005,8.1,11.600000000000001,15.0,15.0,0.1,0.6,1.3,1.3,-0.2,-3.2,0.2999999999999999,306.95,13.38,279.29,-0.9868839065636126,0.16143157982793477,23.139499999999998,1.24,18.5,108.378,347.0925,1.11,0
2026-08-22 16:29:59+00:00,2026-08-22,16:00:00,16:29:59,2026-08-22T16:29:59+00:00,Rangpo,27.177,88.533,0.0,3B-HHR-E.MS.MRG.3IMERG.20260822-S160000-E162959.0960.V07C.30min.tif,0.0,0.1,0.9,5.4,7.500000000000001,8.1,11.5,15.0,15.0,0.1,0.3,1.3,1.3,-0.1,-3.6,0.29999999999999993,306.95,13.38,279.29,-0.9868839065636126,0.16143157982793477,23.139499999999998,1.24,18.5,108.378,347.0925,0.555,0
2026-08-22 16:59:59+00:00,2026-08-22,16:30:00,16:59:59,2026-08-22T16:59:59+00:00,Rangpo,27.177,88.533,0.0,3B-HHR-E.MS.MRG.3IMERG.20260822-S163000-E165959.0990.V07C.30min.tif,0.0,0.0,0.6000000000000001,4.1000000000000005,7.4,8.1,11.5,15.0,15.0,0.0,0.3,1.1,1.3,-0.2,-2.9,0.0,306.95,13.38,279.29,-0.9868839065636126,0.16143157982793477,23.139499999999998,1.24,18.5,108.378,347.0925,0.555,0
2026-08-22 17:29:59+00:00,2026-08-22,17:00:00,17:29:59,2026-08-22T17:29:59+00:00,Rangpo,27.177,88.533,0.0,3B-HHR-E.MS.MRG.3IMERG.20260822-S170000-E172959.1020.V07C.30min.tif,0.0,0.0,0.30000000000000004,2.9999999999999996,7.4,8.0,11.5,15.0,15.0,0.0,0.1,0.6,1.3,-0.1,-2.4000000000000004,0.0,306.95,13.38,279.29,-0.9868839065636126,0.16143157982793477,23.139499999999998,1.24,18.5,107.04,347.0925,0.18500000000000003,0
2026-08-22 17:59:59+00:00,2026-08-22,17:30:00,17:59:59,2026-08-22T17:59:59+00:00,Rangpo,27.177,88.533,0.0,3B-HHR-E.MS.MRG.3IMERG.20260822-S173000-E175959.1050.V07C.30min.tif,0.0,0.0,0.2,2.4,7.4,7.9,11.5,15.0,15.0,0.0,0.1,0.6,1.3,0.0,-1.9999999999999998,0.2,306.95,13.38,279.29,-0.9868839065636126,0.16143157982793477,23.139499999999998,1.24,18.5,105.70200000000001,347.0925,0.18500000000000003,0
2026-08-22 18:29:59+00:00,2026-08-22,18:00:00,18:29:59,2026-08-22T18:29:59+00:00,Rangpo,27.177,88.533,0.0,3B-HHR-E.MS.MRG.3IMERG.20260822-S180000-E182959.1080.V07C.30min.tif,0.0,0.0,0.1,2.0,7.4,7.9,11.5,15.0,15.0,0.0,0.1,0.6,1.3,0.0,-1.7999999999999998,0.1,306.95,13.38,279.29,-0.9868839065636126,0.16143157982793477,23.139499999999998,1.24,18.5,105.70200000000001,347.0925,0.18500000000000003,0
2026-08-22 18:59:59+00:00,2026-08-22,18:30:00,18:59:59,2026-08-22T18:59:59+00:00,Rangpo,27.177,88.533,0.0,3B-HHR-E.MS.MRG.3IMERG.20260822-S183000-E185959.1110.V07C.30min.tif,0.0,0.0,0.0,1.5,7.4,7.9,11.5,15.0,15.0,0.0,0.0,0.6,1.3,0.0,-1.5,0.0,306.95,13.38,279.29,-0.9868839065636126,0.16143157982793477,23.139499999999998,1.24,18.5,105.70200000000001,347.0925,0.0,0
2026-08-22 19:29:59+00:00,2026-08-22,19:00:00,19:29:59,2026-08-22T19:29:59+00:00,Rangpo,27.177,88.533,0.0,3B-HHR-E.MS.MRG.3IMERG.20260822-S190000-E192959.1140.V07C.30min.tif,0.0,0.0,0.0,0.9,7.4,7.8,11.0,15.0,15.0,0.0,0.0,0.3,1.3,0.0,-0.9,0.0,306.95,13.38,279.29,-0.9868839065636126,0.16143157982793477,23.139499999999998,1.24,18.5,104.364,347.0925,0.0,0
2026-08-22 19:59:59+00:00,2026-08-22,19:30:00,19:59:59,2026-08-22T19:59:59+00:00,Rangpo,27.177,88.533,1.2,3B-HHR-E.MS.MRG.3IMERG.20260822-S193000-E195959.1170.V07C.30min.tif,1.2,1.2,1.2,1.8,8.5,8.9,11.7,16.2,16.2,1.2,1.2,1.2,1.3,1.2,0.5999999999999999,1.2,306.95,13.38,279.29,-0.9868839065636126,0.16143157982793477,23.139499999999998,1.24,18.5,119.08200000000001,374.8599,2.22,0
2026-08-22 20:29:59+00:00,2026-08-22,20:00:00,20:29:59,2026-08-22T20:29:59+00:00,Rangpo,27.177,88.533,0.7,3B-HHR-E.MS.MRG.3IMERG.20260822-S200000-E202959.1200.V07C.30min.tif,0.7,1.9,1.9,2.2,9.100000000000001,9.5,12.2,16.9,16.9,1.2,1.2,1.2,1.3,1.9,1.5999999999999999,1.9,306.95,13.38,279.29,-0.9868839065636126,0.16143157982793477,23.139499999999998,1.24,18.5,127.11000000000001,391.05754999999994,2.22,0
2026-08-22 20:59:59+00:00,2026-08-22,20:30:00,20:59:59,2026-08-22T20:59:59+00:00,Rangpo,27.177,88.533,0.1,3B-HHR-E.MS.MRG.3IMERG.20260822-S203000-E205959.1230.V07C.30min.tif,0.1,0.7999999999999999,2.0,2.1999999999999997,9.1,9.600000000000001,12.200000000000001,17.0,17.0,0.7,1.2,1.2,1.3,-0.4,1.8,-1.6,306.95,13.38,279.29,-0.9868839065636126,0.16143157982793477,23.139499999999998,1.24,18.5,128.44800000000004,393.37149999999997,2.22,0
2026-08-22 21:29:59+00:00,2026-08-22,21:00:00,21:29:59,2026-08-22T21:29:59+00:00,Rangpo,27.177,88.533,0.1,3B-HHR-E.MS.MRG.3IMERG.20260822-S210000-E212959.1260.V07C.30min.tif,0.1,0.2,2.1,2.1999999999999997,9.1,9.700000000000001,12.200000000000001,17.1,17.1,0.1,1.2,1.2,1.3,-1.7,2.0,-3.5999999999999996,306.95,13.38,279.29,-0.9868839065636126,0.16143157982793477,23.139499999999998,1.24,18.5,129.78600000000003,395.68545,2.22,0
2026-08-22 21:59:59+00:00,2026-08-22,21:30:00,21:59:59,2026-08-22T21:59:59+00:00,Rangpo,27.177,88.533,0.0,3B-HHR-E.MS.MRG.3IMERG.20260822-S213000-E215959.1290.V07C.30min.tif,0.0,0.1,2.1,2.1,8.3,9.700000000000001,12.200000000000001,17.1,17.1,0.1,1.2,1.2,1.3,-0.7,2.1,-0.29999999999999993,306.95,13.38,279.29,-0.9868839065636126,0.16143157982793477,23.139499999999998,1.24,18.5,129.78600000000003,395.68545,2.22,0
2026-08-22 22:29:59+00:00,2026-08-22,22:00:00,22:29:59,2026-08-22T22:29:59+00:00,Rangpo,27.177,88.533,0.0,3B-HHR-E.MS.MRG.3IMERG.20260822-S220000-E222959.1320.V07C.30min.tif,0.0,0.0,2.1,2.1,7.5,9.700000000000001,12.200000000000001,17.1,17.1,0.0,1.2,1.2,1.3,-0.2,2.1,1.5,306.95,13.38,279.29,-0.9868839065636126,0.16143157982793477,23.139499999999998,1.24,18.5,129.78600000000003,395.68545,2.22,0
2026-08-22 22:59:59+00:00,2026-08-22,22:30:00,22:59:59,2026-08-22T22:59:59+00:00,Rangpo,27.177,88.533,0.0,3B-HHR-E.MS.MRG.3IMERG.20260822-S223000-E225959.1350.V07C.30min.tif,0.0,0.0,0.8999999999999999,2.1,6.2,9.700000000000001,12.200000000000001,17.1,17.1,0.0,0.7,1.2,1.3,-0.1,-0.30000000000000004,0.6,306.95,13.38,279.29,-0.9868839065636126,0.16143157982793477,23.139499999999998,1.24,18.5,129.78600000000003,395.68545,1.295,0
2026-08-22 23:29:59+00:00,2026-08-22,23:00:00,23:29:59,2026-08-22T23:29:59+00:00,Rangpo,27.177,88.533,0.0,3B-HHR-E.MS.MRG.3IMERG.20260822-S230000-E232959.1380.V07C.30min.tif,0.0,0.0,0.2,2.1,5.1,9.700000000000001,12.200000000000001,17.1,17.1,0.0,0.1,1.2,1.3,0.0,-1.7,0.2,306.95,13.38,279.29,-0.9868839065636126,0.16143157982793477,23.139499999999998,1.24,18.5,129.78600000000003,395.68545,0.18500000000000003,0
2026-08-22 23:59:59+00:00,2026-08-22,23:30:00,23:59:59,2026-08-22T23:59:59+00:00,Rangpo,27.177,88.533,0.0,3B-HHR-E.MS.MRG.3IMERG.20260822-S233000-E235959.1410.V07C.30min.tif,0.0,0.0,0.1,2.1,4.5,9.700000000000001,12.200000000000001,17.1,17.1,0.0,0.1,1.2,1.3,0.0,-1.9,0.1,306.95,13.38,279.29,-0.9868839065636126,0.16143157982793477,23.139499999999998,1.24,18.5,129.78600000000003,395.68545,0.18500000000000003,0
2026-08-23 00:29:59+00:00,2026-08-23,00:00:00,00:29:59,2026-08-23T00:29:59+00:00,Rangpo,27.177,88.533,0.0,3B-HHR-E.MS.MRG.3IMERG.20260823-S000000-E002959.0000.V07C.30min.tif,0.0,0.0,0.0,2.1,4.1,9.700000000000001,12.200000000000001,17.1,17.1,0.0,0.0,1.2,1.3,0.0,-2.1,0.0,306.95,13.38,279.29,-0.9868839065636126,0.16143157982793477,23.139499999999998,1.24,18.5,129.78600000000003,395.68545,0.0,0
2026-08-23 00:59:59+00:00,2026-08-23,00:30:00,00:59:59,2026-08-23T00:59:59+00:00,Rangpo,27.177,88.533,0.0,3B-HHR-E.MS.MRG.3IMERG.20260823-S003000-E005959.0030.V07C.30min.tif,0.0,0.0,0.0,2.1,3.5999999999999996,9.700000000000001,12.200000000000001,17.1,17.1,0.0,0.0,1.2,1.3,0.0,-2.1,0.0,306.95,13.38,279.29,-0.9868839065636126,0.16143157982793477,23.139499999999998,1.24,18.5,129.78600000000003,395.68545,0.0,0
2026-08-23 01:29:59+00:00,2026-08-23,01:00:00,01:29:59,2026-08-23T01:29:59+00:00,Rangpo,27.177,88.533,0.0,3B-HHR-E.MS.MRG.3IMERG.20260823-S010000-E012959.0060.V07C.30min.tif,0.0,0.0,0.0,2.1,3.0,9.700000000000001,12.200000000000001,17.1,17.1,0.0,0.0,1.2,1.3,0.0,-2.1,0.0,306.95,13.38,279.29,-0.9868839065636126,0.16143157982793477,23.139499999999998,1.24,18.5,129.78600000000003,395.68545,0.0,0
2026-08-23 01:59:59+00:00,2026-08-23,01:30:00,01:59:59,2026-08-23T01:59:59+00:00,Rangpo,27.177,88.533,0.0,3B-HHR-E.MS.MRG.3IMERG.20260823-S013000-E015959.0090.V07C.30min.tif,0.0,0.0,0.0,0.8999999999999999,2.6999999999999997,9.700000000000001,12.200000000000001,17.1,17.1,0.0,0.0,0.7,1.3,0.0,-0.8999999999999999,0.0,306.95,13.38,279.29,-0.9868839065636126,0.16143157982793477,23.139499999999998,1.24,18.5,129.78600000000003,395.68545,0.0,0
2026-08-23 02:29:59+00:00,2026-08-23,02:00:00,02:29:59,2026-08-23T02:29:59+00:00,Rangpo,27.177,88.533,0.0,3B-HHR-E.MS.MRG.3IMERG.20260823-S020000-E022959.0120.V07C.30min.tif,0.0,0.0,0.0,0.2,2.4,9.700000000000001,12.200000000000001,17.1,17.1,0.0,0.0,0.1,1.3,0.0,-0.2,0.0,306.95,13.38,279.29,-0.9868839065636126,0.16143157982793477,23.139499999999998,1.24,18.5,129.78600000000003,395.68545,0.0,0
2026-08-23 02:59:59+00:00,2026-08-23,02:30:00,02:59:59,2026-08-23T02:59:59+00:00,Rangpo,27.177,88.533,0.0,3B-HHR-E.MS.MRG.3IMERG.20260823-S023000-E025959.0150.V07C.30min.tif,0.0,0.0,0.0,0.1,2.3,9.700000000000001,12.200000000000001,17.1,17.1,0.0,0.0,0.1,1.3,0.0,-0.1,0.0,306.95,13.38,279.29,-0.9868839065636126,0.16143157982793477,23.139499999999998,1.24,18.5,129.78600000000003,395.68545,0.0,0
2026-08-23 03:29:59+00:00,2026-08-23,03:00:00,03:29:59,2026-08-23T03:29:59+00:00,Rangpo,27.177,88.533,0.0,3B-HHR-E.MS.MRG.3IMERG.20260823-S030000-E032959.0180.V07C.30min.tif,0.0,0.0,0.0,0.0,2.1999999999999997,9.700000000000001,12.200000000000001,17.1,17.1,0.0,0.0,0.0,1.3,0.0,0.0,0.0,306.95,13.38,279.29,-0.9868839065636126,0.16143157982793477,23.139499999999998,1.24,18.5,129.78600000000003,395.68545,0.0,0
2026-08-23 03:59:59+00:00,2026-08-23,03:30:00,03:59:59,2026-08-23T03:59:59+00:00,Rangpo,27.177,88.533,0.0,3B-HHR-E.MS.MRG.3IMERG.20260823-S033000-E035959.0210.V07C.30min.tif,0.0,0.0,0.0,0.0,2.1,9.700000000000001,12.200000000000001,17.1,17.1,0.0,0.0,0.0,1.3,0.0,0.0,0.0,306.95,13.38,279.29,-0.9868839065636126,0.16143157982793477,23.139499999999998,1.24,18.5,129.78600000000003,395.68545,0.0,0
2026-08-23 04:29:59+00:00,2026-08-23,04:00:00,04:29:59,2026-08-23T04:29:59+00:00,Rangpo,27.177,88.533,0.0,3B-HHR-E.MS.MRG.3IMERG.20260823-S040000-E042959.0240.V07C.30min.tif,0.0,0.0,0.0,0.0,2.1,9.6,12.200000000000001,17.1,17.1,0.0,0.0,0.0,1.3,0.0,0.0,0.0,306.95,13.38,279.29,-0.9868839065636126,0.16143157982793477,23.139499999999998,1.24,18.5,128.448,395.68545,0.0,0
2026-08-23 04:59:59+00:00,2026-08-23,04:30:00,04:59:59,2026-08-23T04:59:59+00:00,Rangpo,27.177,88.533,0.0,3B-HHR-E.MS.MRG.3IMERG.20260823-S043000-E045959.0270.V07C.30min.tif,0.0,0.0,0.0,0.0,2.1,9.5,12.200000000000001,17.1,17.1,0.0,0.0,0.0,1.3,0.0,0.0,0.0,306.95,13.38,279.29,-0.9868839065636126,0.16143157982793477,23.139499999999998,1.24,18.5,127.11000000000001,395.68545,0.0,0
2026-08-23 05:29:59+00:00,2026-08-23,05:00:00,05:29:59,2026-08-23T05:29:59+00:00,Rangpo,27.177,88.533,0.0,3B-HHR-E.MS.MRG.3IMERG.20260823-S050000-E052959.0300.V07C.30min.tif,0.0,0.0,0.0,0.0,2.1,9.5,12.200000000000001,17.1,17.1,0.0,0.0,0.0,1.3,0.0,0.0,0.0,306.95,13.38,279.29,-0.9868839065636126,0.16143157982793477,23.139499999999998,1.24,18.5,127.11000000000001,395.68545,0.0,0
2026-08-23 05:59:59+00:00,2026-08-23,05:30:00,05:59:59,2026-08-23T05:59:59+00:00,Rangpo,27.177,88.533,0.0,3B-HHR-E.MS.MRG.3IMERG.20260823-S053000-E055959.0330.V07C.30min.tif,0.0,0.0,0.0,0.0,2.1,9.5,12.200000000000001,17.1,17.1,0.0,0.0,0.0,1.3,0.0,0.0,0.0,306.95,13.38,279.29,-0.9868839065636126,0.16143157982793477,23.139499999999998,1.24,18.5,127.11000000000001,395.68545,0.0,0
2026-08-23 06:29:59+00:00,2026-08-23,06:00:00,06:29:59,2026-08-23T06:29:59+00:00,Rangpo,27.177,88.533,0.7,3B-HHR-E.MS.MRG.3IMERG.20260823-S060000-E062959.0360.V07C.30min.tif,0.7,0.7,0.7,0.7,2.8,10.2,12.9,17.8,17.8,0.7,0.7,0.7,1.3,0.7,0.7,0.7,306.95,13.38,279.29,-0.9868839065636126,0.16143157982793477,23.139499999999998,1.24,18.5,136.476,411.88309999999996,1.295,0
2026-08-23 06:59:59+00:00,2026-08-23,06:30:00,06:59:59,2026-08-23T06:59:59+00:00,Rangpo,27.177,88.533,1.9,3B-HHR-E.MS.MRG.3IMERG.20260823-S063000-E065959.0390.V07C.30min.tif,1.9,2.5999999999999996,2.5999999999999996,2.5999999999999996,4.7,12.1,14.8,19.7,19.7,1.9,1.9,1.9,1.9,2.5999999999999996,2.5999999999999996,2.5999999999999996,306.95,13.38,279.29,-0.9868839065636126,0.16143157982793477,23.139499999999998,1.24,18.5,161.898,455.84815,3.515,0
2026-08-23 07:29:59+00:00,2026-08-23,07:00:00,07:29:59,2026-08-23T07:29:59+00:00,Rangpo,27.177,88.533,0.8,3B-HHR-E.MS.MRG.3IMERG.20260823-S070000-E072959.0420.V07C.30min.tif,0.8,2.7,3.4,3.4,5.5,12.9,15.5,20.5,20.5,1.9,1.9,1.9,1.9,2.0,3.4,1.3,306.95,13.38,279.29,-0.9868839065636126,0.16143157982793477,23.139499999999998,1.24,18.5,172.602,474.35974999999996,3.515,0
2026-08-23 07:59:59+00:00,2026-08-23,07:30:00,07:59:59,2026-08-23T07:59:59+00:00,Rangpo,27.177,88.533,0.4,3B-HHR-E.MS.MRG.3IMERG.20260823-S073000-E075959.0450.V07C.30min.tif,0.4,1.2000000000000002,3.8,3.8,4.7,13.2,15.799999999999999,20.9,20.9,0.8,1.9,1.9,1.9,-1.3999999999999995,3.8,-3.999999999999999,306.95,13.38,279.29,-0.9868839065636126,0.16143157982793477,23.139499999999998,1.24,18.5,176.616,483.6155499999999,3.515,0
2026-08-23 08:29:59+00:00,2026-08-23,08:00:00,08:29:59,2026-08-23T08:29:59+00:00,Rangpo,27.177,88.533,0.8,3B-HHR-E.MS.MRG.3IMERG.20260823-S080000-E082959.0480.V07C.30min.tif,0.8,1.2000000000000002,4.6,4.6,4.8,13.9,16.6,21.7,21.7,0.8,1.9,1.9,1.9,-1.5,4.6,-3.5,306.95,13.38,279.29,-0.9868839065636126,0.16143157982793477,23.139499999999998,1.24,18.5,185.98200000000003,502.12715,3.515,0
2026-08-23 08:59:59+00:00,2026-08-23,08:30:00,08:59:59,2026-08-23T08:59:59+00:00,Rangpo,27.177,88.533,2.9,3B-HHR-E.MS.MRG.3IMERG.20260823-S083000-E085959.0510.V07C.30min.tif,2.9,3.7,7.5,7.5,7.6,16.7,19.5,24.6,24.6,2.9,2.9,2.9,2.9,2.5,7.5,3.8999999999999995,306.95,13.38,279.29,-0.9868839065636126,0.16143157982793477,23.139499999999998,1.24,18.5,223.446,569.2316999999999,5.365,1
2026-08-23 09:29:59+00:00,2026-08-23,09:00:00,09:29:59,2026-08-23T09:29:59+00:00,Rangpo,27.177,88.533,0.6,3B-HHR-E.MS.MRG.3IMERG.20260823-S090000-E092959.0540.V07C.30min.tif,0.6,3.5000000000000004,7.3999999999999995,8.1,8.1,17.2,20.099999999999998,25.2,25.2,2.9,2.9,2.9,2.9,2.3000000000000003,6.699999999999999,3.8000000000000003,306.95,13.38,279.29,-0.9868839065636126,0.16143157982793477,23.139499999999998,1.24,18.5,230.136,583.1153999999999,5.365,1
2026-08-23 09:59:59+00:00,2026-08-23,09:30:00,09:59:59,2026-08-23T09:59:59+00:00,Rangpo,27.177,88.533,0.7,3B-HHR-E.MS.MRG.3IMERG.20260823-S093000-E095959.0570.V07C.30min.tif,0.7,1.2999999999999998,6.2,8.8,8.799999999999999,17.099999999999998,20.8,25.799999999999997,25.9,0.7,2.9,2.9,2.9,-2.4000000000000004,3.6000000000000005,-4.9,306.95,13.38,279.29,-0.9868839065636126,0.16143157982793477,23.139499999999998,1.24,18.5,228.79799999999997,596.9990999999999,5.365,0
2026-08-23 10:29:59+00:00,2026-08-23,10:00:00,10:29:59,2026-08-23T10:29:59+00:00,Rangpo,27.177,88.533,0.4,3B-HHR-E.MS.MRG.3IMERG.20260823-S100000-E102959.0600.V07C.30min.tif,0.4,1.1,5.800000000000001,9.2,9.2,16.700000000000003,20.5,25.400000000000002,26.3,0.7,2.9,2.9,2.9,-2.4000000000000004,2.400000000000001,-4.700000000000001,306.95,13.38,279.29,-0.9868839065636126,0.16143157982793477,23.139499999999998,1.24,18.5,223.44600000000005,587.7433,5.365,0
2026-08-23 10:59:59+00:00,2026-08-23,10:30:00,10:59:59,2026-08-23T10:59:59+00:00,Rangpo,27.177,88.533,0.4,3B-HHR-E.MS.MRG.3IMERG.20260823-S103000-E105959.0630.V07C.30min.tif,0.4,0.8,5.8,9.6,9.6,15.8,20.2,25.0,26.7,0.4,2.9,2.9,2.9,-0.4999999999999998,2.0,1.9000000000000006,306.95,13.38,279.29,-0.9868839065636126,0.16143157982793477,23.139499999999998,1.24,18.5,211.40400000000002,578.4875,5.365,0
2026-08-23 11:29:59+00:00,2026-08-23,11:00:00,11:29:59,2026-08-23T11:29:59+00:00,Rangpo,27.177,88.533,0.0,3B-HHR-E.MS.MRG.3IMERG.20260823-S110000-E112959.0660.V07C.30min.tif,0.0,0.4,5.0,9.6,9.6,14.7,20.099999999999998,24.5,26.7,0.4,2.9,2.9,2.9,-0.7000000000000001,0.40000000000000036,1.7000000000000002,306.95,13.38,279.29,-0.9868839065636126,0.16143157982793477,23.139499999999998,1.24,18.5,196.686,566.91775,5.365,0
2026-08-23 11:59:59+00:00,2026-08-23,11:30:00,11:59:59,2026-08-23T11:59:59+00:00,Rangpo,27.177,88.533,0.1,3B-HHR-E.MS.MRG.3IMERG.20260823-S113000-E115959.0690.V07C.30min.tif,0.1,0.1,2.2,9.7,9.7,14.2,20.1,24.2,26.8,0.1,0.7,2.9,2.9,-0.7000000000000001,-5.3,-0.2000000000000003,306.95,13.38,279.29,-0.9868839065636126,0.16143157982793477,23.139499999999998,1.24,18.5,189.996,559.9758999999999,1.295,0
2026-08-23 12:29:59+00:00,2026-08-23,12:00:00,12:29:59,2026-08-23T12:29:59+00:00,Rangpo,27.177,88.533,0.1,3B-HHR-E.MS.MRG.3IMERG.20260823-S120000-E122959.0720.V07C.30min.tif,0.1,0.2,1.7,9.100000000000001,9.799999999999999,13.899999999999999,20.200000000000003,24.2,26.9,0.1,0.7,2.9,2.9,-0.2,-5.699999999999999,0.5,306.95,13.38,279.29,-0.9868839065636126,0.16143157982793477,23.139499999999998,1.24,18.5,185.982,559.9758999999999,1.295,0
2026-08-23 12:59:59+00:00,2026-08-23,12:30:00,12:59:59,2026-08-23T12:59:59+00:00,Rangpo,27.177,88.533,0.0,3B-HHR-E.MS.MRG.3IMERG.20260823-S123000-E125959.0750.V07C.30min.tif,0.0,0.1,1.0,7.2,9.799999999999999,13.399999999999999,20.200000000000003,24.099999999999998,26.9,0.1,0.4,2.9,2.9,0.0,-5.2,0.7000000000000001,306.95,13.38,279.29,-0.9868839065636126,0.16143157982793477,23.139499999999998,1.24,18.5,179.292,557.6619499999999,0.7400000000000001,0
2026-08-23 13:29:59+00:00,2026-08-23,13:00:00,13:29:59,2026-08-23T13:29:59+00:00,Rangpo,27.177,88.533,0.0,3B-HHR-E.MS.MRG.3IMERG.20260823-S130000-E132959.0780.V07C.30min.tif,0.0,0.0,0.6000000000000001,6.4,9.799999999999999,12.799999999999999,20.1,24.0,26.9,0.0,0.4,2.9,2.9,-0.2,-5.200000000000001,0.0,306.95,13.38,279.29,-0.9868839065636126,0.16143157982793477,23.139499999999998,1.24,18.5,171.26399999999998,555.348,0.7400000000000001,0
2026-08-23 13:59:59+00:00,2026-08-23,13:30:00,13:59:59,2026-08-23T13:59:59+00:00,Rangpo,27.177,88.533,0.0,3B-HHR-E.MS.MRG.3IMERG.20260823-S133000-E135959.0810.V07C.30min.tif,0.0,0.0,0.2,6.0,9.799999999999999,12.499999999999998,20.0,24.0,26.9,0.0,0.1,2.9,2.9,-0.1,-5.6,-0.1,306.95,13.38,279.29,-0.9868839065636126,0.16143157982793477,23.139499999999998,1.24,18.5,167.25,555.348,0.18500000000000003,0
2026-08-23 14:29:59+00:00,2026-08-23,14:00:00,14:29:59,2026-08-23T14:29:59+00:00,Rangpo,27.177,88.533,0.0,3B-HHR-E.MS.MRG.3IMERG.20260823-S140000-E142959.0840.V07C.30min.tif,0.0,0.0,0.2,5.2,9.799999999999999,12.2,20.0,23.9,26.9,0.0,0.1,2.9,2.9,0.0,-4.8,0.2,306.95,13.38,279.29,-0.9868839065636126,0.16143157982793477,23.139499999999998,1.24,18.5,163.236,553.03405,0.18500000000000003,0
2026-08-23 14:59:59+00:00,2026-08-23,14:30:00,14:59:59,2026-08-23T14:59:59+00:00,Rangpo,27.177,88.533,0.0,3B-HHR-E.MS.MRG.3IMERG.20260823-S143000-E145959.0870.V07C.30min.tif,0.0,0.0,0.1,2.3,9.799999999999999,12.1,20.0,23.799999999999997,26.9,0.0,0.1,0.7,2.9,0.0,-2.1,0.1,306.95,13.38,279.29,-0.9868839065636126,0.16143157982793477,23.139499999999998,1.24,18.5,161.898,550.7200999999999,0.18500000000000003,0
2026-08-23 15:29:59+00:00,2026-08-23,15:00:00,15:29:59,2026-08-23T15:29:59+00:00,Rangpo,27.177,88.533,0.0,3B-HHR-E.MS.MRG.3IMERG.20260823-S150000-E152959.0900.V07C.30min.tif,0.0,0.0,0.0,1.7,9.799999999999999,11.999999999999998,20.0,23.599999999999998,26.9,0.0,0.0,0.7,2.9,0.0,-1.7,0.0,306.95,13.38,279.29,-0.9868839065636126,0.16143157982793477,23.139499999999998,1.24,18.5,160.55999999999997,546.0921999999999,0.0,0
2026-08-23 15:59:59+00:00,2026-08-23,15:30:00,15:59:59,2026-08-23T15:59:59+00:00,Rangpo,27.177,88.533,0.0,3B-HHR-E.MS.MRG.3IMERG.20260823-S153000-E155959.0930.V07C.30min.tif,0.0,0.0,0.0,1.0,9.799999999999999,11.899999999999999,20.0,23.5,26.9,0.0,0.0,0.4,2.9,0.0,-1.0,0.0,306.95,13.38,279.29,-0.9868839065636126,0.16143157982793477,23.139499999999998,1.24,18.5,159.22199999999998,543.77825,0.0,0
2026-08-23 16:29:59+00:00,2026-08-23,16:00:00,16:29:59,2026-08-23T16:29:59+00:00,Rangpo,27.177,88.533,0.0,3B-HHR-E.MS.MRG.3IMERG.20260823-S160000-E162959.0960.V07C.30min.tif,0.0,0.0,0.0,0.6000000000000001,9.799999999999999,11.899999999999999,20.0,23.4,26.9,0.0,0.0,0.4,2.9,0.0,-0.6000000000000001,0.0,306.95,13.38,279.29,-0.9868839065636126,0.16143157982793477,23.139499999999998,1.24,18.5,159.22199999999998,541.4643,0.0,0
2026-08-23 16:59:59+00:00,2026-08-23,16:30:00,16:59:59,2026-08-23T16:59:59+00:00,Rangpo,27.177,88.533,0.0,3B-HHR-E.MS.MRG.3IMERG.20260823-S163000-E165959.0990.V07C.30min.tif,0.0,0.0,0.0,0.2,9.799999999999999,11.899999999999999,20.0,23.4,26.9,0.0,0.0,0.1,2.9,0.0,-0.2,0.0,306.95,13.38,279.29,-0.9868839065636126,0.16143157982793477,23.139499999999998,1.24,18.5,159.22199999999998,541.4643,0.0,0
2026-08-23 17:29:59+00:00,2026-08-23,17:00:00,17:29:59,2026-08-23T17:29:59+00:00,Rangpo,27.177,88.533,0.0,3B-HHR-E.MS.MRG.3IMERG.20260823-S170000-E172959.1020.V07C.30min.tif,0.0,0.0,0.0,0.2,9.799999999999999,11.899999999999999,19.900000000000002,23.4,26.9,0.0,0.0,0.1,2.9,0.0,-0.2,0.0,306.95,13.38,279.29,-0.9868839065636126,0.16143157982793477,23.139499999999998,1.24,18.5,159.22199999999998,541.4643,0.0,0
2026-08-23 17:59:59+00:00,2026-08-23,17:30:00,17:59:59,2026-08-23T17:59:59+00:00,Rangpo,27.177,88.533,0.0,3B-HHR-E.MS.MRG.3IMERG.20260823-S173000-E175959.1050.V07C.30min.tif,0.0,0.0,0.0,0.1,9.799999999999999,11.899999999999999,19.8,23.4,26.9,0.0,0.0,0.1,2.9,0.0,-0.1,0.0,306.95,13.38,279.29,-0.9868839065636126,0.16143157982793477,23.139499999999998,1.24,18.5,159.22199999999998,541.4643,0.0,0
2026-08-23 18:29:59+00:00,2026-08-23,18:00:00,18:29:59,2026-08-23T18:29:59+00:00,Rangpo,27.177,88.533,0.0,3B-HHR-E.MS.MRG.3IMERG.20260823-S180000-E182959.1080.V07C.30min.tif,0.0,0.0,0.0,0.0,9.1,11.899999999999999,19.8,23.4,26.9,0.0,0.0,0.0,2.9,0.0,0.0,0.0,306.95,13.38,279.29,-0.9868839065636126,0.16143157982793477,23.139499999999998,1.24,18.5,159.22199999999998,541.4643,0.0,0
2026-08-23 18:59:59+00:00,2026-08-23,18:30:00,18:59:59,2026-08-23T18:59:59+00:00,Rangpo,27.177,88.533,0.0,3B-HHR-E.MS.MRG.3IMERG.20260823-S183000-E185959.1110.V07C.30min.tif,0.0,0.0,0.0,0.0,7.2,11.899999999999999,19.8,23.4,26.9,0.0,0.0,0.0,2.9,0.0,0.0,0.0,306.95,13.38,279.29,-0.9868839065636126,0.16143157982793477,23.139499999999998,1.24,18.5,159.22199999999998,541.4643,0.0,0
2026-08-23 19:29:59+00:00,2026-08-23,19:00:00,19:29:59,2026-08-23T19:29:59+00:00,Rangpo,27.177,88.533,0.0,3B-HHR-E.MS.MRG.3IMERG.20260823-S190000-E192959.1140.V07C.30min.tif,0.0,0.0,0.0,0.0,6.4,11.899999999999999,19.700000000000003,22.9,26.9,0.0,0.0,0.0,2.9,0.0,0.0,0.0,306.95,13.38,279.29,-0.9868839065636126,0.16143157982793477,23.139499999999998,1.24,18.5,159.22199999999998,529.89455,0.0,0
2026-08-23 19:59:59+00:00,2026-08-23,19:30:00,19:59:59,2026-08-23T19:59:59+00:00,Rangpo,27.177,88.533,0.1,3B-HHR-E.MS.MRG.3IMERG.20260823-S193000-E195959.1170.V07C.30min.tif,0.1,0.1,0.1,0.1,6.1,10.8,19.7,22.5,27.0,0.1,0.1,0.1,2.9,0.1,0.1,0.1,306.95,13.38,279.29,-0.9868839065636126,0.16143157982793477,23.139499999999998,1.24,18.5,144.50400000000002,520.63875,0.18500000000000003,0
2026-08-23 20:29:59+00:00,2026-08-23,20:00:00,20:29:59,2026-08-23T20:29:59+00:00,Rangpo,27.177,88.533,0.1,3B-HHR-E.MS.MRG.3IMERG.20260823-S200000-E202959.1200.V07C.30min.tif,0.1,0.2,0.2,0.2,5.4,10.200000000000001,19.7,22.400000000000002,27.1,0.1,0.1,0.1,2.9,0.2,0.2,0.2,306.95,13.38,279.29,-0.9868839065636126,0.16143157982793477,23.139499999999998,1.24,18.5,136.47600000000003,518.3248,0.18500000000000003,0
2026-08-23 20:59:59+00:00,2026-08-23,20:30:00,20:59:59,2026-08-23T20:59:59+00:00,Rangpo,27.177,88.533,0.2,3B-HHR-E.MS.MRG.3IMERG.20260823-S203000-E205959.1230.V07C.30min.tif,0.2,0.30000000000000004,0.4,0.4,2.7,10.299999999999999,19.9,22.5,27.3,0.2,0.2,0.2,2.9,0.20000000000000004,0.4,0.10000000000000003,306.95,13.38,279.29,-0.9868839065636126,0.16143157982793477,23.139499999999998,1.24,18.5,137.814,520.63875,0.37000000000000005,0
2026-08-23 21:29:59+00:00,2026-08-23,21:00:00,21:29:59,2026-08-23T21:29:59+00:00,Rangpo,27.177,88.533,0.1,3B-HHR-E.MS.MRG.3IMERG.20260823-S210000-E212959.1260.V07C.30min.tif,0.1,0.30000000000000004,0.5,0.5,2.1999999999999997,10.299999999999999,20.0,22.5,27.4,0.2,0.2,0.2,2.9,0.10000000000000003,0.5,-0.09999999999999998,306.95,13.38,279.29,-0.9868839065636126,0.16143157982793477,23.139499999999998,1.24,18.5,137.814,520.63875,0.37000000000000005,0
2026-08-23 21:59:59+00:00,2026-08-23,21:30:00,21:59:59,2026-08-23T21:59:59+00:00,Rangpo,27.177,88.533,0.1,3B-HHR-E.MS.MRG.3IMERG.20260823-S213000-E215959.1290.V07C.30min.tif,0.1,0.2,0.6000000000000001,0.6000000000000001,1.6,10.4,20.099999999999998,22.6,27.5,0.1,0.2,0.2,2.9,-0.10000000000000003,0.6000000000000001,-0.30000000000000004,306.95,13.38,279.29,-0.9868839065636126,0.16143157982793477,23.139499999999998,1.24,18.5,139.15200000000002,522.9526999999999,0.37000000000000005,0
2026-08-23 22:29:59+00:00,2026-08-23,22:00:00,22:29:59,2026-08-23T22:29:59+00:00,Rangpo,27.177,88.533,0.0,3B-HHR-E.MS.MRG.3IMERG.20260823-S220000-E222959.1320.V07C.30min.tif,0.0,0.1,0.6000000000000001,0.6000000000000001,1.2000000000000002,10.4,20.099999999999998,22.6,27.5,0.1,0.2,0.2,2.9,-0.20000000000000004,0.6000000000000001,-0.30000000000000004,306.95,13.38,279.29,-0.9868839065636126,0.16143157982793477,23.139499999999998,1.24,18.5,139.15200000000002,522.9526999999999,0.37000000000000005,0
2026-08-23 22:59:59+00:00,2026-08-23,22:30:00,22:59:59,2026-08-23T22:59:59+00:00,Rangpo,27.177,88.533,0.0,3B-HHR-E.MS.MRG.3IMERG.20260823-S223000-E225959.1350.V07C.30min.tif,0.0,0.0,0.5,0.6000000000000001,0.8,10.4,20.099999999999998,22.6,27.5,0.0,0.2,0.2,2.9,-0.2,0.4,-0.09999999999999998,306.95,13.38,279.29,-0.9868839065636126,0.16143157982793477,23.139499999999998,1.24,18.5,139.15200000000002,522.9526999999999,0.37000000000000005,0
2026-08-23 23:29:59+00:00,2026-08-23,23:00:00,23:29:59,2026-08-23T23:29:59+00:00,Rangpo,27.177,88.533,0.0,3B-HHR-E.MS.MRG.3IMERG.20260823-S230000-E232959.1380.V07C.30min.tif,0.0,0.0,0.4,0.6000000000000001,0.8,10.4,20.099999999999998,22.6,27.5,0.0,0.2,0.2,2.9,-0.1,0.2,0.10000000000000003,306.95,13.38,279.29,-0.9868839065636126,0.16143157982793477,23.139499999999998,1.24,18.5,139.15200000000002,522.9526999999999,0.37000000000000005,0
2026-08-23 23:59:59+00:00,2026-08-23,23:30:00,23:59:59,2026-08-23T23:59:59+00:00,Rangpo,27.177,88.533,0.0,3B-HHR-E.MS.MRG.3IMERG.20260823-S233000-E235959.1410.V07C.30min.tif,0.0,0.0,0.2,0.6000000000000001,0.7000000000000001,10.4,20.099999999999998,22.6,27.5,0.0,0.1,0.2,2.9,0.0,-0.2,0.2,306.95,13.38,279.29,-0.9868839065636126,0.16143157982793477,23.139499999999998,1.24,18.5,139.15200000000002,522.9526999999999,0.18500000000000003,0
2026-08-24 00:29:59+00:00,2026-08-24,00:00:00,00:29:59,2026-08-24T00:29:59+00:00,Rangpo,27.177,88.533,0.0,3B-HHR-E.MS.MRG.3IMERG.20260824-S000000-E002959.0000.V07C.30min.tif,0.0,0.0,0.1,0.6000000000000001,0.6000000000000001,10.4,20.099999999999998,22.6,27.5,0.0,0.1,0.2,2.9,0.0,-0.4,0.1,306.95,13.38,279.29,-0.9868839065636126,0.16143157982793477,23.139499999999998,1.24,18.5,139.15200000000002,522.9526999999999,0.18500000000000003,0
2026-08-24 00:59:59+00:00,2026-08-24,00:30:00,00:59:59,2026-08-24T00:59:59+00:00,Rangpo,27.177,88.533,0.0,3B-HHR-E.MS.MRG.3IMERG.20260824-S003000-E005959.0030.V07C.30min.tif,0.0,0.0,0.0,0.6000000000000001,0.6000000000000001,10.4,20.099999999999998,22.6,27.5,0.0,0.0,0.2,2.9,0.0,-0.6000000000000001,0.0,306.95,13.38,279.29,-0.9868839065636126,0.16143157982793477,23.139499999999998,1.24,18.5,139.15200000000002,522.9526999999999,0.0,0
2026-08-24 01:29:59+00:00,2026-08-24,01:00:00,01:29:59,2026-08-24T01:29:59+00:00,Rangpo,27.177,88.533,0.0,3B-HHR-E.MS.MRG.3IMERG.20260824-S010000-E012959.0060.V07C.30min.tif,0.0,0.0,0.0,0.6000000000000001,0.6000000000000001,10.4,20.099999999999998,22.6,27.5,0.0,0.0,0.2,2.9,0.0,-0.6000000000000001,0.0,306.95,13.38,279.29,-0.9868839065636126,0.16143157982793477,23.139499999999998,1.24,18.5,139.15200000000002,522.9526999999999,0.0,0
2026-08-24 01:59:59+00:00,2026-08-24,01:30:00,01:59:59,2026-08-24T01:59:59+00:00,Rangpo,27.177,88.533,0.0,3B-HHR-E.MS.MRG.3IMERG.20260824-S013000-E015959.0090.V07C.30min.tif,0.0,0.0,0.0,0.5,0.6000000000000001,10.4,20.099999999999998,22.6,27.5,0.0,0.0,0.2,2.9,0.0,-0.5,0.0,306.95,13.38,279.29,-0.9868839065636126,0.16143157982793477,23.139499999999998,1.24,18.5,139.15200000000002,522.9526999999999,0.0,0
2026-08-24 02:29:59+00:00,2026-08-24,02:00:00,02:29:59,2026-08-24T02:29:59+00:00,Rangpo,27.177,88.533,0.0,3B-HHR-E.MS.MRG.3IMERG.20260824-S020000-E022959.0120.V07C.30min.tif,0.0,0.0,0.0,0.4,0.6000000000000001,10.4,20.099999999999998,22.6,27.5,0.0,0.0,0.2,2.9,0.0,-0.4,0.0,306.95,13.38,279.29,-0.9868839065636126,0.16143157982793477,23.139499999999998,1.24,18.5,139.15200000000002,522.9526999999999,0.0,0
2026-08-24 02:59:59+00:00,2026-08-24,02:30:00,02:59:59,2026-08-24T02:59:59+00:00,Rangpo,27.177,88.533,0.0,3B-HHR-E.MS.MRG.3IMERG.20260824-S023000-E025959.0150.V07C.30min.tif,0.0,0.0,0.0,0.2,0.6000000000000001,10.4,20.099999999999998,22.6,27.5,0.0,0.0,0.1,2.9,0.0,-0.2,0.0,306.95,13.38,279.29,-0.9868839065636126,0.16143157982793477,23.139499999999998,1.24,18.5,139.15200000000002,522.9526999999999,0.0,0
2026-08-24 03:29:59+00:00,2026-08-24,03:00:00,03:29:59,2026-08-24T03:29:59+00:00,Rangpo,27.177,88.533,0.0,3B-HHR-E.MS.MRG.3IMERG.20260824-S030000-E032959.0180.V07C.30min.tif,0.0,0.0,0.0,0.1,0.6000000000000001,10.4,20.099999999999998,22.6,27.5,0.0,0.0,0.1,2.9,0.0,-0.1,0.0,306.95,13.38,279.29,-0.9868839065636126,0.16143157982793477,23.139499999999998,1.24,18.5,139.15200000000002,522.9526999999999,0.0,0
2026-08-24 03:59:59+00:00,2026-08-24,03:30:00,03:59:59,2026-08-24T03:59:59+00:00,Rangpo,27.177,88.533,0.0,3B-HHR-E.MS.MRG.3IMERG.20260824-S033000-E035959.0210.V07C.30min.tif,0.0,0.0,0.0,0.0,0.6000000000000001,10.4,20.099999999999998,22.6,27.5,0.0,0.0,0.0,2.9,0.0,0.0,0.0,306.95,13.38,279.29,-0.9868839065636126,0.16143157982793477,23.139499999999998,1.24,18.5,139.15200000000002,522.9526999999999,0.0,0
2026-08-24 04:29:59+00:00,2026-08-24,04:00:00,04:29:59,2026-08-24T04:29:59+00:00,Rangpo,27.177,88.533,0.0,3B-HHR-E.MS.MRG.3IMERG.20260824-S040000-E042959.0240.V07C.30min.tif,0.0,0.0,0.0,0.0,0.6000000000000001,10.4,20.0,22.6,27.5,0.0,0.0,0.0,2.9,0.0,0.0,0.0,306.95,13.38,279.29,-0.9868839065636126,0.16143157982793477,23.139499999999998,1.24,18.5,139.15200000000002,522.9526999999999,0.0,0
2026-08-24 04:59:59+00:00,2026-08-24,04:30:00,04:59:59,2026-08-24T04:59:59+00:00,Rangpo,27.177,88.533,0.0,3B-HHR-E.MS.MRG.3IMERG.20260824-S043000-E045959.0270.V07C.30min.tif,0.0,0.0,0.0,0.0,0.6000000000000001,10.4,19.9,22.6,27.5,0.0,0.0,0.0,2.9,0.0,0.0,0.0,306.95,13.38,279.29,-0.9868839065636126,0.16143157982793477,23.139499999999998,1.24,18.5,139.15200000000002,522.9526999999999,0.0,0
2026-08-24 05:29:59+00:00,2026-08-24,05:00:00,05:29:59,2026-08-24T05:29:59+00:00,Rangpo,27.177,88.533,0.0,3B-HHR-E.MS.MRG.3IMERG.20260824-S050000-E052959.0300.V07C.30min.tif,0.0,0.0,0.0,0.0,0.6000000000000001,10.4,19.9,22.6,27.5,0.0,0.0,0.0,2.9,0.0,0.0,0.0,306.95,13.38,279.29,-0.9868839065636126,0.16143157982793477,23.139499999999998,1.24,18.5,139.15200000000002,522.9526999999999,0.0,0
2026-08-24 05:59:59+00:00,2026-08-24,05:30:00,05:59:59,2026-08-24T05:59:59+00:00,Rangpo,27.177,88.533,0.0,3B-HHR-E.MS.MRG.3IMERG.20260824-S053000-E055959.0330.V07C.30min.tif,0.0,0.0,0.0,0.0,0.6000000000000001,10.4,19.9,22.6,27.5,0.0,0.0,0.0,2.9,0.0,0.0,0.0,306.95,13.38,279.29,-0.9868839065636126,0.16143157982793477,23.139499999999998,1.24,18.5,139.15200000000002,522.9526999999999,0.0,0
2026-08-24 06:29:59+00:00,2026-08-24,06:00:00,06:29:59,2026-08-24T06:29:59+00:00,Rangpo,27.177,88.533,0.0,3B-HHR-E.MS.MRG.3IMERG.20260824-S060000-E062959.0360.V07C.30min.tif,0.0,0.0,0.0,0.0,0.6000000000000001,9.700000000000001,19.9,22.6,27.5,0.0,0.0,0.0,2.9,0.0,0.0,0.0,306.95,13.38,279.29,-0.9868839065636126,0.16143157982793477,23.139499999999998,1.24,18.5,129.78600000000003,522.9526999999999,0.0,0
2026-08-24 06:59:59+00:00,2026-08-24,06:30:00,06:59:59,2026-08-24T06:59:59+00:00,Rangpo,27.177,88.533,0.0,3B-HHR-E.MS.MRG.3IMERG.20260824-S063000-E065959.0390.V07C.30min.tif,0.0,0.0,0.0,0.0,0.6000000000000001,7.8,19.9,22.6,27.5,0.0,0.0,0.0,2.9,0.0,0.0,0.0,306.95,13.38,279.29,-0.9868839065636126,0.16143157982793477,23.139499999999998,1.24,18.5,104.364,522.9526999999999,0.0,0
2026-08-24 07:29:59+00:00,2026-08-24,07:00:00,07:29:59,2026-08-24T07:29:59+00:00,Rangpo,27.177,88.533,0.0,3B-HHR-E.MS.MRG.3IMERG.20260824-S070000-E072959.0420.V07C.30min.tif,0.0,0.0,0.0,0.0,0.6000000000000001,7.0,19.9,22.5,27.5,0.0,0.0,0.0,2.9,0.0,0.0,0.0,306.95,13.38,279.29,-0.9868839065636126,0.16143157982793477,23.139499999999998,1.24,18.5,93.66000000000001,520.63875,0.0,0
2026-08-24 07:59:59+00:00,2026-08-24,07:30:00,07:59:59,2026-08-24T07:59:59+00:00,Rangpo,27.177,88.533,0.1,3B-HHR-E.MS.MRG.3IMERG.20260824-S073000-E075959.0450.V07C.30min.tif,0.1,0.1,0.1,0.1,0.6,6.7,19.900000000000002,22.5,27.6,0.1,0.1,0.1,2.9,0.1,0.1,0.1,306.95,13.38,279.29,-0.9868839065636126,0.16143157982793477,23.139499999999998,1.24,18.5,89.646,520.63875,0.18500000000000003,0
2026-08-24 08:29:59+00:00,2026-08-24,08:00:00,08:29:59,2026-08-24T08:29:59+00:00,Rangpo,27.177,88.533,0.0,3B-HHR-E.MS.MRG.3IMERG.20260824-S080000-E082959.0480.V07C.30min.tif,0.0,0.1,0.1,0.1,0.5,5.9,19.8,22.5,27.6,0.1,0.1,0.1,2.9,0.1,0.1,0.1,306.95,13.38,279.29,-0.9868839065636126,0.16143157982793477,23.139499999999998,1.24,18.5,78.94200000000001,520.63875,0.18500000000000003,0
2026-08-24 08:59:59+00:00,2026-08-24,08:30:00,08:59:59,2026-08-24T08:59:59+00:00,Rangpo,27.177,88.533,0.0,3B-HHR-E.MS.MRG.3IMERG.20260824-S083000-E085959.0510.V07C.30min.tif,0.0,0.0,0.1,0.1,0.30000000000000004,3.0,19.7,22.5,27.6,0.0,0.1,0.1,0.7,-0.1,0.1,-0.2,306.95,13.38,279.29,-0.9868839065636126,0.16143157982793477,23.139499999999998,1.24,18.5,40.14,520.63875,0.18500000000000003,0
2026-08-24 09:29:59+00:00,2026-08-24,09:00:00,09:29:59,2026-08-24T09:29:59+00:00,Rangpo,27.177,88.533,0.0,3B-HHR-E.MS.MRG.3IMERG.20260824-S090000-E092959.0540.V07C.30min.tif,0.0,0.0,0.1,0.1,0.2,2.4,19.6,22.5,27.6,0.0,0.1,0.1,0.7,-0.1,0.1,-0.2,306.95,13.38,279.29,-0.9868839065636126,0.16143157982793477,23.139499999999998,1.24,18.5,32.112,520.63875,0.18500000000000003,0
2026-08-24 09:59:59+00:00,2026-08-24,09:30:00,09:59:59,2026-08-24T09:59:59+00:00,Rangpo,27.177,88.533,0.0,3B-HHR-E.MS.MRG.3IMERG.20260824-S093000-E095959.0570.V07C.30min.tif,0.0,0.0,0.1,0.1,0.1,1.7000000000000002,18.8,22.5,27.6,0.0,0.1,0.1,0.4,0.0,0.1,0.1,306.95,13.38,279.29,-0.9868839065636126,0.16143157982793477,23.139499999999998,1.24,18.5,22.746000000000002,520.63875,0.18500000000000003,0
2026-08-24 10:29:59+00:00,2026-08-24,10:00:00,10:29:59,2026-08-24T10:29:59+00:00,Rangpo,27.177,88.533,0.0,3B-HHR-E.MS.MRG.3IMERG.20260824-S100000-E102959.0600.V07C.30min.tif,0.0,0.0,0.1,0.1,0.1,1.3,18.0,21.8,27.6,0.0,0.1,0.1,0.4,0.0,0.1,0.1,306.95,13.38,279.29,-0.9868839065636126,0.16143157982793477,23.139499999999998,1.24,18.5,17.394000000000002,504.44109999999995,0.18500000000000003,0
2026-08-24 10:59:59+00:00,2026-08-24,10:30:00,10:59:59,2026-08-24T10:59:59+00:00,Rangpo,27.177,88.533,0.0,3B-HHR-E.MS.MRG.3IMERG.20260824-S103000-E105959.0630.V07C.30min.tif,0.0,0.0,0.0,0.1,0.1,0.9,16.7,21.1,27.6,0.0,0.0,0.1,0.2,0.0,-0.1,0.0,306.95,13.38,279.29,-0.9868839065636126,0.16143157982793477,23.139499999999998,1.24,18.5,12.042000000000002,488.24345,0.0,0
2026-08-24 11:29:59+00:00,2026-08-24,11:00:00,11:29:59,2026-08-24T11:29:59+00:00,Rangpo,27.177,88.533,0.0,3B-HHR-E.MS.MRG.3IMERG.20260824-S110000-E112959.0660.V07C.30min.tif,0.0,0.0,0.0,0.1,0.1,0.9,15.6,21.0,27.6,0.0,0.0,0.1,0.2,0.0,-0.1,0.0,306.95,13.38,279.29,-0.9868839065636126,0.16143157982793477,23.139499999999998,1.24,18.5,12.042000000000002,485.92949999999996,0.0,0
2026-08-24 11:59:59+00:00,2026-08-24,11:30:00,11:59:59,2026-08-24T11:59:59+00:00,Rangpo,27.177,88.533,0.0,3B-HHR-E.MS.MRG.3IMERG.20260824-S113000-E115959.0690.V07C.30min.tif,0.0,0.0,0.0,0.1,0.1,0.8,15.0,20.900000000000002,27.6,0.0,0.0,0.1,0.2,0.0,-0.1,0.0,306.95,13.38,279.29,-0.9868839065636126,0.16143157982793477,23.139499999999998,1.24,18.5,10.704,483.61555,0.0,0
2026-08-24 12:29:59+00:00,2026-08-24,12:00:00,12:29:59,2026-08-24T12:29:59+00:00,Rangpo,27.177,88.533,0.0,3B-HHR-E.MS.MRG.3IMERG.20260824-S120000-E122959.0720.V07C.30min.tif,0.0,0.0,0.0,0.1,0.1,0.7,14.6,20.900000000000002,27.6,0.0,0.0,0.1,0.2,0.0,-0.1,0.0,306.95,13.38,279.29,-0.9868839065636126,0.16143157982793477,23.139499999999998,1.24,18.5,9.366,483.61555,0.0,0
2026-08-24 12:59:59+00:00,2026-08-24,12:30:00,12:59:59,2026-08-24T12:59:59+00:00,Rangpo,27.177,88.533,0.0,3B-HHR-E.MS.MRG.3IMERG.20260824-S123000-E125959.0750.V07C.30min.tif,0.0,0.0,0.0,0.1,0.1,0.7,14.1,20.900000000000002,27.6,0.0,0.0,0.1,0.2,0.0,-0.1,0.0,306.95,13.38,279.29,-0.9868839065636126,0.16143157982793477,23.139499999999998,1.24,18.5,9.366,483.61555,0.0,0
2026-08-24 13:29:59+00:00,2026-08-24,13:00:00,13:29:59,2026-08-24T13:29:59+00:00,Rangpo,27.177,88.533,0.0,3B-HHR-E.MS.MRG.3IMERG.20260824-S130000-E132959.0780.V07C.30min.tif,0.0,0.0,0.0,0.1,0.1,0.7,13.5,20.8,27.6,0.0,0.0,0.1,0.2,0.0,-0.1,0.0,306.95,13.38,279.29,-0.9868839065636126,0.16143157982793477,23.139499999999998,1.24,18.5,9.366,481.30159999999995,0.0,0
2026-08-24 13:59:59+00:00,2026-08-24,13:30:00,13:59:59,2026-08-24T13:59:59+00:00,Rangpo,27.177,88.533,0.0,3B-HHR-E.MS.MRG.3IMERG.20260824-S133000-E135959.0810.V07C.30min.tif,0.0,0.0,0.0,0.0,0.1,0.7,13.2,20.700000000000003,27.6,0.0,0.0,0.0,0.2,0.0,0.0,0.0,306.95,13.38,279.29,-0.9868839065636126,0.16143157982793477,23.139499999999998,1.24,18.5,9.366,478.98765000000003,0.0,0
2026-08-24 14:29:59+00:00,2026-08-24,14:00:00,14:29:59,2026-08-24T14:29:59+00:00,Rangpo,27.177,88.533,0.0,3B-HHR-E.MS.MRG.3IMERG.20260824-S140000-E142959.0840.V07C.30min.tif,0.0,0.0,0.0,0.0,0.1,0.7,12.9,20.700000000000003,27.6,0.0,0.0,0.0,0.2,0.0,0.0,0.0,306.95,13.38,279.29,-0.9868839065636126,0.16143157982793477,23.139499999999998,1.24,18.5,9.366,478.98765000000003,0.0,0
2026-08-24 14:59:59+00:00,2026-08-24,14:30:00,14:59:59,2026-08-24T14:59:59+00:00,Rangpo,27.177,88.533,0.0,3B-HHR-E.MS.MRG.3IMERG.20260824-S143000-E145959.0870.V07C.30min.tif,0.0,0.0,0.0,0.0,0.1,0.7,12.8,20.700000000000003,27.6,0.0,0.0,0.0,0.2,0.0,0.0,0.0,306.95,13.38,279.29,-0.9868839065636126,0.16143157982793477,23.139499999999998,1.24,18.5,9.366,478.98765000000003,0.0,0
2026-08-24 15:29:59+00:00,2026-08-24,15:00:00,15:29:59,2026-08-24T15:29:59+00:00,Rangpo,27.177,88.533,0.0,3B-HHR-E.MS.MRG.3IMERG.20260824-S150000-E152959.0900.V07C.30min.tif,0.0,0.0,0.0,0.0,0.1,0.7,12.7,20.700000000000003,27.6,0.0,0.0,0.0,0.2,0.0,0.0,0.0,306.95,13.38,279.29,-0.9868839065636126,0.16143157982793477,23.139499999999998,1.24,18.5,9.366,478.98765000000003,0.0,0
2026-08-24 15:59:59+00:00,2026-08-24,15:30:00,15:59:59,2026-08-24T15:59:59+00:00,Rangpo,27.177,88.533,0.0,3B-HHR-E.MS.MRG.3IMERG.20260824-S153000-E155959.0930.V07C.30min.tif,0.0,0.0,0.0,0.0,0.1,0.7,12.6,20.700000000000003,27.6,0.0,0.0,0.0,0.2,0.0,0.0,0.0,306.95,13.38,279.29,-0.9868839065636126,0.16143157982793477,23.139499999999998,1.24,18.5,9.366,478.98765000000003,0.0,0
2026-08-24 16:29:59+00:00,2026-08-24,16:00:00,16:29:59,2026-08-24T16:29:59+00:00,Rangpo,27.177,88.533,0.0,3B-HHR-E.MS.MRG.3IMERG.20260824-S160000-E162959.0960.V07C.30min.tif,0.0,0.0,0.0,0.0,0.1,0.7,12.6,20.700000000000003,27.6,0.0,0.0,0.0,0.2,0.0,0.0,0.0,306.95,13.38,279.29,-0.9868839065636126,0.16143157982793477,23.139499999999998,1.24,18.5,9.366,478.98765000000003,0.0,0
2026-08-24 16:59:59+00:00,2026-08-24,16:30:00,16:59:59,2026-08-24T16:59:59+00:00,Rangpo,27.177,88.533,0.0,3B-HHR-E.MS.MRG.3IMERG.20260824-S163000-E165959.0990.V07C.30min.tif,0.0,0.0,0.0,0.0,0.1,0.7,12.6,20.700000000000003,27.6,0.0,0.0,0.0,0.2,0.0,0.0,0.0,306.95,13.38,279.29,-0.9868839065636126,0.16143157982793477,23.139499999999998,1.24,18.5,9.366,478.98765000000003,0.0,0
2026-08-24 17:29:59+00:00,2026-08-24,17:00:00,17:29:59,2026-08-24T17:29:59+00:00,Rangpo,27.177,88.533,0.0,3B-HHR-E.MS.MRG.3IMERG.20260824-S170000-E172959.1020.V07C.30min.tif,0.0,0.0,0.0,0.0,0.1,0.7,12.6,20.6,27.6,0.0,0.0,0.0,0.2,0.0,0.0,0.0,306.95,13.38,279.29,-0.9868839065636126,0.16143157982793477,23.139499999999998,1.24,18.5,9.366,476.6737,0.0,0
2026-08-24 17:59:59+00:00,2026-08-24,17:30:00,17:59:59,2026-08-24T17:59:59+00:00,Rangpo,27.177,88.533,0.0,3B-HHR-E.MS.MRG.3IMERG.20260824-S173000-E175959.1050.V07C.30min.tif,0.0,0.0,0.0,0.0,0.1,0.7,12.6,20.5,27.6,0.0,0.0,0.0,0.2,0.0,0.0,0.0,306.95,13.38,279.29,-0.9868839065636126,0.16143157982793477,23.139499999999998,1.24,18.5,9.366,474.35974999999996,0.0,0
2026-08-24 18:29:59+00:00,2026-08-24,18:00:00,18:29:59,2026-08-24T18:29:59+00:00,Rangpo,27.177,88.533,0.0,3B-HHR-E.MS.MRG.3IMERG.20260824-S180000-E182959.1080.V07C.30min.tif,0.0,0.0,0.0,0.0,0.1,0.7,12.6,20.5,27.6,0.0,0.0,0.0,0.2,0.0,0.0,0.0,306.95,13.38,279.29,-0.9868839065636126,0.16143157982793477,23.139499999999998,1.24,18.5,9.366,474.35974999999996,0.0,0
2026-08-24 18:59:59+00:00,2026-08-24,18:30:00,18:59:59,2026-08-24T18:59:59+00:00,Rangpo,27.177,88.533,0.0,3B-HHR-E.MS.MRG.3IMERG.20260824-S183000-E185959.1110.V07C.30min.tif,0.0,0.0,0.0,0.0,0.1,0.7,12.6,20.5,27.6,0.0,0.0,0.0,0.2,0.0,0.0,0.0,306.95,13.38,279.29,-0.9868839065636126,0.16143157982793477,23.139499999999998,1.24,18.5,9.366,474.35974999999996,0.0,0
2026-08-24 19:29:59+00:00,2026-08-24,19:00:00,19:29:59,2026-08-24T19:29:59+00:00,Rangpo,27.177,88.533,0.0,3B-HHR-E.MS.MRG.3IMERG.20260824-S190000-E192959.1140.V07C.30min.tif,0.0,0.0,0.0,0.0,0.1,0.7,12.6,20.400000000000002,27.6,0.0,0.0,0.0,0.2,0.0,0.0,0.0,306.95,13.38,279.29,-0.9868839065636126,0.16143157982793477,23.139499999999998,1.24,18.5,9.366,472.0458,0.0,0
2026-08-24 19:59:59+00:00,2026-08-24,19:30:00,19:59:59,2026-08-24T19:59:59+00:00,Rangpo,27.177,88.533,0.0,3B-HHR-E.MS.MRG.3IMERG.20260824-S193000-E195959.1170.V07C.30min.tif,0.0,0.0,0.0,0.0,0.0,0.6,11.4,20.3,27.6,0.0,0.0,0.0,0.2,0.0,0.0,0.0,306.95,13.38,279.29,-0.9868839065636126,0.16143157982793477,23.139499999999998,1.24,18.5,8.028,469.73184999999995,0.0,0
2026-08-24 20:29:59+00:00,2026-08-24,20:00:00,20:29:59,2026-08-24T20:29:59+00:00,Rangpo,27.177,88.533,0.0,3B-HHR-E.MS.MRG.3IMERG.20260824-S200000-E202959.1200.V07C.30min.tif,0.0,0.0,0.0,0.0,0.0,0.5,10.7,20.200000000000003,27.6,0.0,0.0,0.0,0.2,0.0,0.0,0.0,306.95,13.38,279.29,-0.9868839065636126,0.16143157982793477,23.139499999999998,1.24,18.5,6.69,467.41790000000003,0.0,0
2026-08-24 20:59:59+00:00,2026-08-24,20:30:00,20:59:59,2026-08-24T20:59:59+00:00,Rangpo,27.177,88.533,0.0,3B-HHR-E.MS.MRG.3IMERG.20260824-S203000-E205959.1230.V07C.30min.tif,0.0,0.0,0.0,0.0,0.0,0.30000000000000004,10.6,20.200000000000003,27.6,0.0,0.0,0.0,0.1,0.0,0.0,0.0,306.95,13.38,279.29,-0.9868839065636126,0.16143157982793477,23.139499999999998,1.24,18.5,4.014000000000001,467.41790000000003,0.0,0
2026-08-24 21:29:59+00:00,2026-08-24,21:00:00,21:29:59,2026-08-24T21:29:59+00:00,Rangpo,27.177,88.533,0.0,3B-HHR-E.MS.MRG.3IMERG.20260824-S210000-E212959.1260.V07C.30min.tif,0.0,0.0,0.0,0.0,0.0,0.2,10.5,20.200000000000003,27.6,0.0,0.0,0.0,0.1,0.0,0.0,0.0,306.95,13.38,279.29,-0.9868839065636126,0.16143157982793477,23.139499999999998,1.24,18.5,2.676,467.41790000000003,0.0,0
2026-08-24 21:59:59+00:00,2026-08-24,21:30:00,21:59:59,2026-08-24T21:59:59+00:00,Rangpo,27.177,88.533,0.0,3B-HHR-E.MS.MRG.3IMERG.20260824-S213000-E215959.1290.V07C.30min.tif,0.0,0.0,0.0,0.0,0.0,0.1,10.5,20.200000000000003,27.6,0.0,0.0,0.0,0.1,0.0,0.0,0.0,306.95,13.38,279.29,-0.9868839065636126,0.16143157982793477,23.139499999999998,1.24,18.5,1.338,467.41790000000003,0.0,0
2026-08-24 22:29:59+00:00,2026-08-24,22:00:00,22:29:59,2026-08-24T22:29:59+00:00,Rangpo,27.177,88.533,0.0,3B-HHR-E.MS.MRG.3IMERG.20260824-S220000-E222959.1320.V07C.30min.tif,0.0,0.0,0.0,0.0,0.0,0.1,10.5,20.200000000000003,27.6,0.0,0.0,0.0,0.1,0.0,0.0,0.0,306.95,13.38,279.29,-0.9868839065636126,0.16143157982793477,23.139499999999998,1.24,18.5,1.338,467.41790000000003,0.0,0
2026-08-24 22:59:59+00:00,2026-08-24,22:30:00,22:59:59,2026-08-24T22:59:59+00:00,Rangpo,27.177,88.533,0.0,3B-HHR-E.MS.MRG.3IMERG.20260824-S223000-E225959.1350.V07C.30min.tif,0.0,0.0,0.0,0.0,0.0,0.1,10.5,20.200000000000003,27.6,0.0,0.0,0.0,0.1,0.0,0.0,0.0,306.95,13.38,279.29,-0.9868839065636126,0.16143157982793477,23.139499999999998,1.24,18.5,1.338,467.41790000000003,0.0,0
2026-08-24 23:29:59+00:00,2026-08-24,23:00:00,23:29:59,2026-08-24T23:29:59+00:00,Rangpo,27.177,88.533,0.0,3B-HHR-E.MS.MRG.3IMERG.20260824-S230000-E232959.1380.V07C.30min.tif,0.0,0.0,0.0,0.0,0.0,0.1,10.5,20.200000000000003,27.6,0.0,0.0,0.0,0.1,0.0,0.0,0.0,306.95,13.38,279.29,-0.9868839065636126,0.16143157982793477,23.139499999999998,1.24,18.5,1.338,467.41790000000003,0.0,0
2026-08-24 23:59:59+00:00,2026-08-24,23:30:00,23:59:59,2026-08-24T23:59:59+00:00,Rangpo,27.177,88.533,0.0,3B-HHR-E.MS.MRG.3IMERG.20260824-S233000-E235959.1410.V07C.30min.tif,0.0,0.0,0.0,0.0,0.0,0.1,10.5,20.200000000000003,27.6,0.0,0.0,0.0,0.1,0.0,0.0,0.0,306.95,13.38,279.29,-0.9868839065636126,0.16143157982793477,23.139499999999998,1.24,18.5,1.338,467.41790000000003,0.0,0
2026-08-25 00:29:59+00:00,2026-08-25,00:00:00,00:29:59,2026-08-25T00:29:59+00:00,Rangpo,27.177,88.533,0.0,3B-HHR-E.MS.MRG.3IMERG.20260825-S000000-E002959.0000.V07C.30min.tif,0.0,0.0,0.0,0.0,0.0,0.1,10.5,20.200000000000003,27.6,0.0,0.0,0.0,0.1,0.0,0.0,0.0,306.95,13.38,279.29,-0.9868839065636126,0.16143157982793477,23.139499999999998,1.24,18.5,1.338,467.41790000000003,0.0,0
2026-08-25 00:59:59+00:00,2026-08-25,00:30:00,00:59:59,2026-08-25T00:59:59+00:00,Rangpo,27.177,88.533,0.0,3B-HHR-E.MS.MRG.3IMERG.20260825-S003000-E005959.0030.V07C.30min.tif,0.0,0.0,0.0,0.0,0.0,0.1,10.5,20.200000000000003,27.6,0.0,0.0,0.0,0.1,0.0,0.0,0.0,306.95,13.38,279.29,-0.9868839065636126,0.16143157982793477,23.139499999999998,1.24,18.5,1.338,467.41790000000003,0.0,0
2026-08-25 01:29:59+00:00,2026-08-25,01:00:00,01:29:59,2026-08-25T01:29:59+00:00,Rangpo,27.177,88.533,0.0,3B-HHR-E.MS.MRG.3IMERG.20260825-S010000-E012959.0060.V07C.30min.tif,0.0,0.0,0.0,0.0,0.0,0.1,10.5,20.200000000000003,27.6,0.0,0.0,0.0,0.1,0.0,0.0,0.0,306.95,13.38,279.29,-0.9868839065636126,0.16143157982793477,23.139499999999998,1.24,18.5,1.338,467.41790000000003,0.0,0
2026-08-25 01:59:59+00:00,2026-08-25,01:30:00,01:59:59,2026-08-25T01:59:59+00:00,Rangpo,27.177,88.533,0.0,3B-HHR-E.MS.MRG.3IMERG.20260825-S013000-E015959.0090.V07C.30min.tif,0.0,0.0,0.0,0.0,0.0,0.1,10.5,20.200000000000003,27.6,0.0,0.0,0.0,0.1,0.0,0.0,0.0,306.95,13.38,279.29,-0.9868839065636126,0.16143157982793477,23.139499999999998,1.24,18.5,1.338,467.41790000000003,0.0,0
2026-08-25 02:29:59+00:00,2026-08-25,02:00:00,02:29:59,2026-08-25T02:29:59+00:00,Rangpo,27.177,88.533,0.0,3B-HHR-E.MS.MRG.3IMERG.20260825-S020000-E022959.0120.V07C.30min.tif,0.0,0.0,0.0,0.0,0.0,0.1,10.5,20.200000000000003,27.6,0.0,0.0,0.0,0.1,0.0,0.0,0.0,306.95,13.38,279.29,-0.9868839065636126,0.16143157982793477,23.139499999999998,1.24,18.5,1.338,467.41790000000003,0.0,0
2026-08-25 02:59:59+00:00,2026-08-25,02:30:00,02:59:59,2026-08-25T02:59:59+00:00,Rangpo,27.177,88.533,0.0,3B-HHR-E.MS.MRG.3IMERG.20260825-S023000-E025959.0150.V07C.30min.tif,0.0,0.0,0.0,0.0,0.0,0.1,10.5,20.200000000000003,27.6,0.0,0.0,0.0,0.1,0.0,0.0,0.0,306.95,13.38,279.29,-0.9868839065636126,0.16143157982793477,23.139499999999998,1.24,18.5,1.338,467.41790000000003,0.0,0
2026-08-25 03:29:59+00:00,2026-08-25,03:00:00,03:29:59,2026-08-25T03:29:59+00:00,Rangpo,27.177,88.533,0.0,3B-HHR-E.MS.MRG.3IMERG.20260825-S030000-E032959.0180.V07C.30min.tif,0.0,0.0,0.0,0.0,0.0,0.1,10.5,20.200000000000003,27.6,0.0,0.0,0.0,0.1,0.0,0.0,0.0,306.95,13.38,279.29,-0.9868839065636126,0.16143157982793477,23.139499999999998,1.24,18.5,1.338,467.41790000000003,0.0,0
2026-08-25 03:59:59+00:00,2026-08-25,03:30:00,03:59:59,2026-08-25T03:59:59+00:00,Rangpo,27.177,88.533,0.0,3B-HHR-E.MS.MRG.3IMERG.20260825-S033000-E035959.0210.V07C.30min.tif,0.0,0.0,0.0,0.0,0.0,0.1,10.5,20.200000000000003,27.6,0.0,0.0,0.0,0.1,0.0,0.0,0.0,306.95,13.38,279.29,-0.9868839065636126,0.16143157982793477,23.139499999999998,1.24,18.5,1.338,467.41790000000003,0.0,0
2026-08-25 04:29:59+00:00,2026-08-25,04:00:00,04:29:59,2026-08-25T04:29:59+00:00,Rangpo,27.177,88.533,0.0,3B-HHR-E.MS.MRG.3IMERG.20260825-S040000-E042959.0240.V07C.30min.tif,0.0,0.0,0.0,0.0,0.0,0.1,10.5,20.1,27.6,0.0,0.0,0.0,0.1,0.0,0.0,0.0,306.95,13.38,279.29,-0.9868839065636126,0.16143157982793477,23.139499999999998,1.24,18.5,1.338,465.10395,0.0,0
2026-08-25 04:59:59+00:00,2026-08-25,04:30:00,04:59:59,2026-08-25T04:59:59+00:00,Rangpo,27.177,88.533,0.0,3B-HHR-E.MS.MRG.3IMERG.20260825-S043000-E045959.0270.V07C.30min.tif,0.0,0.0,0.0,0.0,0.0,0.1,10.5,20.0,27.6,0.0,0.0,0.0,0.1,0.0,0.0,0.0,306.95,13.38,279.29,-0.9868839065636126,0.16143157982793477,23.139499999999998,1.24,18.5,1.338,462.78999999999996,0.0,0
2026-08-25 05:29:59+00:00,2026-08-25,05:00:00,05:29:59,2026-08-25T05:29:59+00:00,Rangpo,27.177,88.533,0.0,3B-HHR-E.MS.MRG.3IMERG.20260825-S050000-E052959.0300.V07C.30min.tif,0.0,0.0,0.0,0.0,0.0,0.1,10.5,20.0,27.6,0.0,0.0,0.0,0.1,0.0,0.0,0.0,306.95,13.38,279.29,-0.9868839065636126,0.16143157982793477,23.139499999999998,1.24,18.5,1.338,462.78999999999996,0.0,0
2026-08-25 05:59:59+00:00,2026-08-25,05:30:00,05:59:59,2026-08-25T05:59:59+00:00,Rangpo,27.177,88.533,0.0,3B-HHR-E.MS.MRG.3IMERG.20260825-S053000-E055959.0330.V07C.30min.tif,0.0,0.0,0.0,0.0,0.0,0.1,10.5,20.0,27.6,0.0,0.0,0.0,0.1,0.0,0.0,0.0,306.95,13.38,279.29,-0.9868839065636126,0.16143157982793477,23.139499999999998,1.24,18.5,1.338,462.78999999999996,0.0,0
2026-08-25 06:29:59+00:00,2026-08-25,06:00:00,06:29:59,2026-08-25T06:29:59+00:00,Rangpo,27.177,88.533,0.0,3B-HHR-E.MS.MRG.3IMERG.20260825-S060000-E062959.0360.V07C.30min.tif,0.0,0.0,0.0,0.0,0.0,0.1,9.8,20.0,27.6,0.0,0.0,0.0,0.1,0.0,0.0,0.0,306.95,13.38,279.29,-0.9868839065636126,0.16143157982793477,23.139499999999998,1.24,18.5,1.338,462.78999999999996,0.0,0
2026-08-25 06:59:59+00:00,2026-08-25,06:30:00,06:59:59,2026-08-25T06:59:59+00:00,Rangpo,27.177,88.533,0.0,3B-HHR-E.MS.MRG.3IMERG.20260825-S063000-E065959.0390.V07C.30min.tif,0.0,0.0,0.0,0.0,0.0,0.1,7.9,20.0,27.6,0.0,0.0,0.0,0.1,0.0,0.0,0.0,306.95,13.38,279.29,-0.9868839065636126,0.16143157982793477,23.139499999999998,1.24,18.5,1.338,462.78999999999996,0.0,0
2026-08-25 07:29:59+00:00,2026-08-25,07:00:00,07:29:59,2026-08-25T07:29:59+00:00,Rangpo,27.177,88.533,0.1,3B-HHR-E.MS.MRG.3IMERG.20260825-S070000-E072959.0420.V07C.30min.tif,0.1,0.1,0.1,0.1,0.1,0.2,7.2,20.099999999999998,27.7,0.1,0.1,0.1,0.1,0.1,0.1,0.1,306.95,13.38,279.29,-0.9868839065636126,0.16143157982793477,23.139499999999998,1.24,18.5,2.676,465.10394999999994,0.18500000000000003,0
2026-08-25 07:59:59+00:00,2026-08-25,07:30:00,07:59:59,2026-08-25T07:59:59+00:00,Rangpo,27.177,88.533,0.1,3B-HHR-E.MS.MRG.3IMERG.20260825-S073000-E075959.0450.V07C.30min.tif,0.1,0.2,0.2,0.2,0.2,0.2,6.8999999999999995,20.1,27.8,0.1,0.1,0.1,0.1,0.2,0.2,0.2,306.95,13.38,279.29,-0.9868839065636126,0.16143157982793477,23.139499999999998,1.24,18.5,2.676,465.10395,0.18500000000000003,0
2026-08-25 08:29:59+00:00,2026-08-25,08:00:00,08:29:59,2026-08-25T08:29:59+00:00,Rangpo,27.177,88.533,0.1,3B-HHR-E.MS.MRG.3IMERG.20260825-S080000-E082959.0480.V07C.30min.tif,0.1,0.2,0.30000000000000004,0.30000000000000004,0.30000000000000004,0.30000000000000004,6.2,20.099999999999998,27.9,0.1,0.1,0.1,0.1,0.1,0.30000000000000004,0.0,306.95,13.38,279.29,-0.9868839065636126,0.16143157982793477,23.139499999999998,1.24,18.5,4.014000000000001,465.10394999999994,0.18500000000000003,0
2026-08-25 08:59:59+00:00,2026-08-25,08:30:00,08:59:59,2026-08-25T08:59:59+00:00,Rangpo,27.177,88.533,0.0,3B-HHR-E.MS.MRG.3IMERG.20260825-S083000-E085959.0510.V07C.30min.tif,0.0,0.1,0.30000000000000004,0.30000000000000004,0.30000000000000004,0.30000000000000004,3.3,20.0,27.9,0.1,0.1,0.1,0.1,-0.1,0.30000000000000004,-0.30000000000000004,306.95,13.38,279.29,-0.9868839065636126,0.16143157982793477,23.139499999999998,1.24,18.5,4.014000000000001,462.78999999999996,0.18500000000000003,0
2026-08-25 09:29:59+00:00,2026-08-25,09:00:00,09:29:59,2026-08-25T09:29:59+00:00,Rangpo,27.177,88.533,0.0,3B-HHR-E.MS.MRG.3IMERG.20260825-S090000-E092959.0540.V07C.30min.tif,0.0,0.0,0.30000000000000004,0.30000000000000004,0.30000000000000004,0.30000000000000004,2.7,19.9,27.9,0.0,0.1,0.1,0.1,-0.2,0.30000000000000004,-0.30000000000000004,306.95,13.38,279.29,-0.9868839065636126,0.16143157982793477,23.139499999999998,1.24,18.5,4.014000000000001,460.47604999999993,0.18500000000000003,0
2026-08-25 09:59:59+00:00,2026-08-25,09:30:00,09:59:59,2026-08-25T09:59:59+00:00,Rangpo,27.177,88.533,0.0,3B-HHR-E.MS.MRG.3IMERG.20260825-S093000-E095959.0570.V07C.30min.tif,0.0,0.0,0.30000000000000004,0.30000000000000004,0.30000000000000004,0.30000000000000004,2.0,19.099999999999998,27.9,0.0,0.1,0.1,0.1,-0.1,0.30000000000000004,0.0,306.95,13.38,279.29,-0.9868839065636126,0.16143157982793477,23.139499999999998,1.24,18.5,4.014000000000001,441.96444999999994,0.18500000000000003,0
2026-08-25 10:29:59+00:00,2026-08-25,10:00:00,10:29:59,2026-08-25T10:29:59+00:00,Rangpo,27.177,88.533,0.0,3B-HHR-E.MS.MRG.3IMERG.20260825-S100000-E102959.0600.V07C.30min.tif,0.0,0.0,0.2,0.30000000000000004,0.30000000000000004,0.30000000000000004,1.6,18.299999999999997,27.9,0.0,0.1,0.1,0.1,0.0,0.1,0.2,306.95,13.38,279.29,-0.9868839065636126,0.16143157982793477,23.139499999999998,1.24,18.5,4.014000000000001,423.4528499999999,0.18500000000000003,0
2026-08-25 10:59:59+00:00,2026-08-25,10:30:00,10:59:59,2026-08-25T10:59:59+00:00,Rangpo,27.177,88.533,0.1,3B-HHR-E.MS.MRG.3IMERG.20260825-S103000-E105959.0630.V07C.30min.tif,0.1,0.1,0.2,0.4,0.4,0.4,1.3000000000000003,17.1,28.0,0.1,0.1,0.1,0.1,0.1,0.0,0.2,306.95,13.38,279.29,-0.9868839065636126,0.16143157982793477,23.139499999999998,1.24,18.5,5.352,395.68545,0.18500000000000003,0
2026-08-25 11:29:59+00:00,2026-08-25,11:00:00,11:29:59,2026-08-25T11:29:59+00:00,Rangpo,27.177,88.533,0.1,3B-HHR-E.MS.MRG.3IMERG.20260825-S110000-E112959.0660.V07C.30min.tif,0.1,0.2,0.2,0.5,0.5,0.5,1.4000000000000001,16.1,28.1,0.1,0.1,0.1,0.1,0.2,-0.10000000000000003,0.2,306.95,13.38,279.29,-0.9868839065636126,0.16143157982793477,23.139499999999998,1.24,18.5,6.69,372.54595,0.18500000000000003,0
2026-08-25 11:59:59+00:00,2026-08-25,11:30:00,11:59:59,2026-08-25T11:59:59+00:00,Rangpo,27.177,88.533,0.0,3B-HHR-E.MS.MRG.3IMERG.20260825-S113000-E115959.0690.V07C.30min.tif,0.0,0.1,0.2,0.5,0.5,0.5,1.3,15.5,28.1,0.1,0.1,0.1,0.1,0.0,-0.10000000000000003,-0.1,306.95,13.38,279.29,-0.9868839065636126,0.16143157982793477,23.139499999999998,1.24,18.5,6.69,358.66225,0.18500000000000003,0
2026-08-25 12:29:59+00:00,2026-08-25,12:00:00,12:29:59,2026-08-25T12:29:59+00:00,Rangpo,27.177,88.533,0.1,3B-HHR-E.MS.MRG.3IMERG.20260825-S120000-E122959.0720.V07C.30min.tif,0.1,0.1,0.30000000000000004,0.6000000000000001,0.6000000000000001,0.6000000000000001,1.3,15.2,28.2,0.1,0.1,0.1,0.1,-0.1,0.0,-0.30000000000000004,306.95,13.38,279.29,-0.9868839065636126,0.16143157982793477,23.139499999999998,1.24,18.5,8.028000000000002,351.7204,0.18500000000000003,0
2026-08-25 12:59:59+00:00,2026-08-25,12:30:00,12:59:59,2026-08-25T12:59:59+00:00,Rangpo,27.177,88.533,0.2,3B-HHR-E.MS.MRG.3IMERG.20260825-S123000-E125959.0750.V07C.30min.tif,0.2,0.30000000000000004,0.5,0.8,0.8,0.8,1.5,14.9,28.4,0.2,0.2,0.2,0.2,0.20000000000000004,0.19999999999999996,0.20000000000000004,306.95,13.38,279.29,-0.9868839065636126,0.16143157982793477,23.139499999999998,1.24,18.5,10.704,344.77855,0.37000000000000005,0
2026-08-25 13:29:59+00:00,2026-08-25,13:00:00,13:29:59,2026-08-25T13:29:59+00:00,Rangpo,27.177,88.533,0.0,3B-HHR-E.MS.MRG.3IMERG.20260825-S130000-E132959.0780.V07C.30min.tif,0.0,0.2,0.5,0.7000000000000001,0.8,0.8,1.5,14.3,28.4,0.2,0.2,0.2,0.2,0.1,0.3,0.2,306.95,13.38,279.29,-0.9868839065636126,0.16143157982793477,23.139499999999998,1.24,18.5,10.704,330.89484999999996,0.37000000000000005,0
2026-08-25 13:59:59+00:00,2026-08-25,13:30:00,13:59:59,2026-08-25T13:59:59+00:00,Rangpo,27.177,88.533,0.0,3B-HHR-E.MS.MRG.3IMERG.20260825-S133000-E135959.0810.V07C.30min.tif,0.0,0.0,0.4,0.6000000000000001,0.8,0.8,1.5,14.0,28.4,0.0,0.2,0.2,0.2,-0.30000000000000004,0.2,-0.5000000000000001,306.95,13.38,279.29,-0.9868839065636126,0.16143157982793477,23.139499999999998,1.24,18.5,10.704,323.953,0.37000000000000005,0
2026-08-25 14:29:59+00:00,2026-08-25,14:00:00,14:29:59,2026-08-25T14:29:59+00:00,Rangpo,27.177,88.533,0.1,3B-HHR-E.MS.MRG.3IMERG.20260825-S140000-E142959.0840.V07C.30min.tif,0.1,0.1,0.4,0.6,0.9,0.9,1.6,13.799999999999999,28.5,0.1,0.2,0.2,0.2,-0.1,0.2,-0.2,306.95,13.38,279.29,-0.9868839065636126,0.16143157982793477,23.139499999999998,1.24,18.5,12.042000000000002,319.32509999999996,0.37000000000000005,0
2026-08-25 14:59:59+00:00,2026-08-25,14:30:00,14:59:59,2026-08-25T14:59:59+00:00,Rangpo,27.177,88.533,0.2,3B-HHR-E.MS.MRG.3IMERG.20260825-S143000-E145959.0870.V07C.30min.tif,0.2,0.30000000000000004,0.6000000000000001,0.8,1.1,1.1,1.8,13.899999999999999,28.7,0.2,0.2,0.2,0.2,0.30000000000000004,0.4000000000000001,0.6000000000000001,306.95,13.38,279.29,-0.9868839065636126,0.16143157982793477,23.139499999999998,1.24,18.5,14.718000000000002,321.63904999999994,0.37000000000000005,0
2026-08-25 15:29:59+00:00,2026-08-25,15:00:00,15:29:59,2026-08-25T15:29:59+00:00,Rangpo,27.177,88.533,0.3,3B-HHR-E.MS.MRG.3IMERG.20260825-S150000-E152959.0900.V07C.30min.tif,0.3,0.5,0.8,1.1,1.4,1.4,2.1,14.1,29.0,0.3,0.3,0.3,0.3,0.4,0.5,0.5,306.95,13.38,279.29,-0.9868839065636126,0.16143157982793477,23.139499999999998,1.24,18.5,18.732,326.26694999999995,0.555,0
2026-08-25 15:59:59+00:00,2026-08-25,15:30:00,15:59:59,2026-08-25T15:59:59+00:00,Rangpo,27.177,88.533,0.1,3B-HHR-E.MS.MRG.3IMERG.20260825-S153000-E155959.0930.V07C.30min.tif,0.1,0.4,0.7,1.2,1.5,1.5,2.2,14.1,29.1,0.3,0.3,0.3,0.3,0.09999999999999998,0.19999999999999996,-0.20000000000000007,306.95,13.38,279.29,-0.9868839065636126,0.16143157982793477,23.139499999999998,1.24,18.5,20.07,326.26694999999995,0.555,0
2026-08-25 16:29:59+00:00,2026-08-25,16:00:00,16:29:59,2026-08-25T16:29:59+00:00,Rangpo,27.177,88.533,0.0,3B-HHR-E.MS.MRG.3IMERG.20260825-S160000-E162959.0960.V07C.30min.tif,0.0,0.1,0.7,1.2,1.5,1.5,2.2,14.1,29.1,0.1,0.3,0.3,0.3,-0.4,0.19999999999999996,-0.8,306.95,13.38,279.29,-0.9868839065636126,0.16143157982793477,23.139499999999998,1.24,18.5,20.07,326.26694999999995,0.555,0
2026-08-25 16:59:59+00:00,2026-08-25,16:30:00,16:59:59,2026-08-25T16:59:59+00:00,Rangpo,27.177,88.533,0.0,3B-HHR-E.MS.MRG.3IMERG.20260825-S163000-E165959.0990.V07C.30min.tif,0.0,0.0,0.7,1.1,1.5,1.5,2.2,14.1,29.1,0.0,0.3,0.3,0.3,-0.4,0.29999999999999993,-0.5,306.95,13.38,279.29,-0.9868839065636126,0.16143157982793477,23.139499999999998,1.24,18.5,20.07,326.26694999999995,0.555,0
2026-08-25 17:29:59+00:00,2026-08-25,17:00:00,17:29:59,2026-08-25T17:29:59+00:00,Rangpo,27.177,88.533,0.7,3B-HHR-E.MS.MRG.3IMERG.20260825-S170000-E172959.1020.V07C.30min.tif,0.7,0.7,1.2999999999999998,1.7,2.2,2.2,2.9,14.8,29.8,0.7,0.7,0.7,0.7,0.6,0.8999999999999998,1.0,306.95,13.38,279.29,-0.9868839065636126,0.16143157982793477,23.139499999999998,1.24,18.5,29.436000000000003,342.46459999999996,1.295,0
2026-08-25 17:59:59+00:00,2026-08-25,17:30:00,17:59:59,2026-08-25T17:59:59+00:00,Rangpo,27.177,88.533,0.7,3B-HHR-E.MS.MRG.3IMERG.20260825-S173000-E175959.1050.V07C.30min.tif,0.7,1.4,1.7999999999999998,2.4,2.9,2.9,3.6,15.5,30.5,0.7,0.7,0.7,0.7,1.4,1.1999999999999997,1.7999999999999998,306.95,13.38,279.29,-0.9868839065636126,0.16143157982793477,23.139499999999998,1.24,18.5,38.802,358.66225,1.295,0
2026-08-25 18:29:59+00:00,2026-08-25,18:00:00,18:29:59,2026-08-25T18:29:59+00:00,Rangpo,27.177,88.533,0.1,3B-HHR-E.MS.MRG.3IMERG.20260825-S180000-E182959.1080.V07C.30min.tif,0.1,0.7999999999999999,1.5999999999999999,2.4,3.0,3.0,3.7,15.6,30.6,0.7,0.7,0.7,0.7,0.09999999999999998,0.7999999999999998,-0.5,306.95,13.38,279.29,-0.9868839065636126,0.16143157982793477,23.139499999999998,1.24,18.5,40.14,360.97619999999995,1.295,0
2026-08-25 18:59:59+00:00,2026-08-25,18:30:00,18:59:59,2026-08-25T18:59:59+00:00,Rangpo,27.177,88.533,0.1,3B-HHR-E.MS.MRG.3IMERG.20260825-S183000-E185959.1110.V07C.30min.tif,0.1,0.2,1.5999999999999999,2.3000000000000003,3.1,3.1,3.8,15.7,30.7,0.1,0.7,0.7,0.7,-1.2,0.8999999999999999,-2.5999999999999996,306.95,13.38,279.29,-0.9868839065636126,0.16143157982793477,23.139499999999998,1.24,18.5,41.478,363.29015,1.295,0
2026-08-25 19:29:59+00:00,2026-08-25,19:00:00,19:29:59,2026-08-25T19:29:59+00:00,Rangpo,27.177,88.533,0.7,3B-HHR-E.MS.MRG.3IMERG.20260825-S190000-E192959.1140.V07C.30min.tif,0.7,0.7999999999999999,2.3,2.9999999999999996,3.6999999999999997,3.8,4.5,16.4,31.4,0.7,0.7,0.7,0.7,0.0,1.5999999999999999,-0.09999999999999998,306.95,13.38,279.29,-0.9868839065636126,0.16143157982793477,23.139499999999998,1.24,18.5,50.844,379.48779999999994,1.295,0
2026-08-25 19:59:59+00:00,2026-08-25,19:30:00,19:59:59,2026-08-25T19:59:59+00:00,Rangpo,27.177,88.533,0.2,3B-HHR-E.MS.MRG.3IMERG.20260825-S193000-E195959.1170.V07C.30min.tif,0.2,0.8999999999999999,2.5,3.2,3.8,4.0,4.6000000000000005,15.399999999999999,31.6,0.7,0.7,0.7,0.7,0.7,1.8,1.9,306.95,13.38,279.29,-0.9868839065636126,0.16143157982793477,23.139499999999998,1.24,18.5,53.52,356.34829999999994,1.295,0
2026-08-25 20:29:59+00:00,2026-08-25,20:00:00,20:29:59,2026-08-25T20:29:59+00:00,Rangpo,27.177,88.533,0.1,3B-HHR-E.MS.MRG.3IMERG.20260825-S200000-E202959.1200.V07C.30min.tif,0.1,0.30000000000000004,1.9000000000000001,3.1999999999999997,3.8,4.1,4.6,14.799999999999999,31.7,0.2,0.7,0.7,0.7,-0.4999999999999999,0.6000000000000003,-0.4999999999999999,306.95,13.38,279.29,-0.9868839065636126,0.16143157982793477,23.139499999999998,1.24,18.5,54.858,342.46459999999996,1.295,0
2026-08-25 20:59:59+00:00,2026-08-25,20:30:00,20:59:59,2026-08-25T20:59:59+00:00,Rangpo,27.177,88.533,0.1,3B-HHR-E.MS.MRG.3IMERG.20260825-S203000-E205959.1230.V07C.30min.tif,0.1,0.2,1.3000000000000003,3.0999999999999996,3.9,4.2,4.5,14.8,31.8,0.1,0.7,0.7,0.7,-0.7,-0.49999999999999956,-1.4,306.95,13.38,279.29,-0.9868839065636126,0.16143157982793477,23.139499999999998,1.24,18.5,56.196000000000005,342.46459999999996,1.295,0
2026-08-25 21:29:59+00:00,2026-08-25,21:00:00,21:29:59,2026-08-25T21:29:59+00:00,Rangpo,27.177,88.533,0.2,3B-HHR-E.MS.MRG.3IMERG.20260825-S210000-E212959.1260.V07C.30min.tif,0.2,0.30000000000000004,1.4000000000000001,3.0,4.1,4.3999999999999995,4.6,14.9,32.0,0.2,0.7,0.7,0.7,0.0,-0.19999999999999973,0.4999999999999999,306.95,13.38,279.29,-0.9868839065636126,0.16143157982793477,23.139499999999998,1.24,18.5,58.87199999999999,344.77855,1.295,0
2026-08-25 21:59:59+00:00,2026-08-25,21:30:00,21:59:59,2026-08-25T21:59:59+00:00,Rangpo,27.177,88.533,0.3,3B-HHR-E.MS.MRG.3IMERG.20260825-S213000-E215959.1290.V07C.30min.tif,0.3,0.5,1.6,3.1999999999999997,4.4,4.7,4.800000000000001,15.200000000000001,32.3,0.3,0.7,0.7,0.7,0.3,2.220446049250313e-16,1.0,306.95,13.38,279.29,-0.9868839065636126,0.16143157982793477,23.139499999999998,1.24,18.5,62.886,351.7204,1.295,0
2026-08-25 22:29:59+00:00,2026-08-25,22:00:00,22:29:59,2026-08-25T22:29:59+00:00,Rangpo,27.177,88.533,0.5,3B-HHR-E.MS.MRG.3IMERG.20260825-S220000-E222959.1320.V07C.30min.tif,0.5,0.8,1.4,3.6999999999999997,4.9,5.2,5.300000000000001,15.700000000000001,32.8,0.5,0.5,0.7,0.7,0.5,-0.8999999999999999,0.5,306.95,13.38,279.29,-0.9868839065636126,0.16143157982793477,23.139499999999998,1.24,18.5,69.57600000000001,363.29015,0.925,0
2026-08-25 22:59:59+00:00,2026-08-25,22:30:00,22:59:59,2026-08-25T22:59:59+00:00,Rangpo,27.177,88.533,0.5,3B-HHR-E.MS.MRG.3IMERG.20260825-S223000-E225959.1350.V07C.30min.tif,0.5,1.0,1.7000000000000002,4.2,5.3,5.7,5.800000000000001,16.2,33.3,0.5,0.5,0.7,0.7,0.5,-0.7999999999999998,0.2,306.95,13.38,279.29,-0.9868839065636126,0.16143157982793477,23.139499999999998,1.24,18.5,76.266,374.8599,0.925,0
2026-08-25 23:29:59+00:00,2026-08-25,23:00:00,23:29:59,2026-08-25T23:29:59+00:00,Rangpo,27.177,88.533,0.9,3B-HHR-E.MS.MRG.3IMERG.20260825-S230000-E232959.1380.V07C.30min.tif,0.9,1.4,2.5,4.3999999999999995,6.1,6.6,6.7,17.1,34.2,0.9,0.9,0.9,0.9,0.5999999999999999,0.5999999999999999,0.09999999999999987,306.95,13.38,279.29,-0.9868839065636126,0.16143157982793477,23.139499999999998,1.24,18.5,88.308,395.68545,1.665,0
2026-08-25 23:59:59+00:00,2026-08-25,23:30:00,23:59:59,2026-08-25T23:59:59+00:00,Rangpo,27.177,88.533,1.8,3B-HHR-E.MS.MRG.3IMERG.20260825-S233000-E235959.1410.V07C.30min.tif,1.8,2.7,4.2,5.5,7.9,8.4,8.5,18.900000000000002,36.0,1.8,1.8,1.8,1.8,1.7000000000000002,2.9,1.2000000000000002,306.95,13.38,279.29,-0.9868839065636126,0.16143157982793477,23.139499999999998,1.24,18.5,112.39200000000001,437.33655,3.33,0
2026-08-26 00:29:59+00:00,2026-08-26,00:00:00,00:29:59,2026-08-26T00:29:59+00:00,Rangpo,27.177,88.533,1.8,3B-HHR-E.MS.MRG.3IMERG.20260826-S000000-E002959.0000.V07C.30min.tif,1.8,3.6,5.8,7.2,9.6,10.2,10.3,20.7,37.8,1.8,1.8,1.8,1.8,2.2,4.3999999999999995,1.6000000000000003,306.95,13.38,279.29,-0.9868839065636126,0.16143157982793477,23.139499999999998,1.24,18.5,136.476,478.98765,3.33,1
2026-08-26 00:59:59+00:00,2026-08-26,00:30:00,00:59:59,2026-08-26T00:59:59+00:00,Rangpo,27.177,88.533,1.5,3B-HHR-E.MS.MRG.3IMERG.20260826-S003000-E005959.0030.V07C.30min.tif,1.5,3.3000000000000003,7.0,8.6,10.899999999999999,11.7,11.8,22.2,39.3,1.8,1.8,1.8,1.8,0.6000000000000001,5.4,-1.1,306.95,13.38,279.29,-0.9868839065636126,0.16143157982793477,23.139499999999998,1.24,18.5,156.546,513.6968999999999,3.33,1
2026-08-26 01:29:59+00:00,2026-08-26,01:00:00,01:29:59,2026-08-26T01:29:59+00:00,Rangpo,27.177,88.533,1.5,3B-HHR-E.MS.MRG.3IMERG.20260826-S010000-E012959.0060.V07C.30min.tif,1.5,3.0,8.0,9.4,12.399999999999999,13.2,13.3,23.7,40.8,1.5,1.8,1.8,1.8,-0.6000000000000001,6.6,-2.8000000000000003,306.95,13.38,279.29,-0.9868839065636126,0.16143157982793477,23.139499999999998,1.24,18.5,176.616,548.4061499999999,3.33,1
2026-08-26 01:59:59+00:00,2026-08-26,01:30:00,01:59:59,2026-08-26T01:59:59+00:00,Rangpo,27.177,88.533,1.0,3B-HHR-E.MS.MRG.3IMERG.20260826-S013000-E015959.0090.V07C.30min.tif,1.0,2.5,8.5,10.2,13.399999999999999,14.2,14.3,24.7,41.8,1.5,1.8,1.8,1.8,-0.8000000000000003,6.8,-1.4000000000000004,306.95,13.38,279.29,-0.9868839065636126,0.16143157982793477,23.139499999999998,1.24,18.5,189.996,571.5456499999999,3.33,0
2026-08-26 02:29:59+00:00,2026-08-26,02:00:00,02:29:59,2026-08-26T02:29:59+00:00,Rangpo,27.177,88.533,0.6,3B-HHR-E.MS.MRG.3IMERG.20260826-S020000-E022959.0120.V07C.30min.tif,0.6,1.6,8.2,10.7,13.9,14.8,14.9,25.3,42.4,1.0,1.8,1.8,1.8,-1.4,5.699999999999999,-0.7999999999999998,306.95,13.38,279.29,-0.9868839065636126,0.16143157982793477,23.139499999999998,1.24,18.5,198.02400000000003,585.42935,3.33,0
2026-08-26 02:59:59+00:00,2026-08-26,02:30:00,02:59:59,2026-08-26T02:59:59+00:00,Rangpo,27.177,88.533,1.4,3B-HHR-E.MS.MRG.3IMERG.20260826-S023000-E025959.0150.V07C.30min.tif,1.4,2.0,7.8,12.0,15.1,16.2,16.3,26.7,43.8,1.4,1.8,1.8,1.8,-0.5,3.5999999999999996,0.30000000000000027,306.95,13.38,279.29,-0.9868839065636126,0.16143157982793477,23.139499999999998,1.24,18.5,216.756,617.8246499999999,3.33,0
2026-08-26 03:29:59+00:00,2026-08-26,03:00:00,03:29:59,2026-08-26T03:29:59+00:00,Rangpo,27.177,88.533,1.6,3B-HHR-E.MS.MRG.3IMERG.20260826-S030000-E032959.0180.V07C.30min.tif,1.6,3.0,7.6,13.4,16.4,17.8,17.9,28.3,45.4,1.6,1.6,1.8,1.8,1.4,1.7999999999999998,2.8,306.95,13.38,279.29,-0.9868839065636126,0.16143157982793477,23.139499999999998,1.24,18.5,238.16400000000002,654.84785,2.9600000000000004,1
2026-08-26 03:59:59+00:00,2026-08-26,03:30:00,03:59:59,2026-08-26T03:59:59+00:00,Rangpo,27.177,88.533,1.5,3B-HHR-E.MS.MRG.3IMERG.20260826-S033000-E035959.0210.V07C.30min.tif,1.5,3.1,7.6,14.6,17.799999999999997,19.3,19.4,29.8,46.9,1.6,1.6,1.8,1.8,1.1,0.5999999999999996,1.6,306.95,13.38,279.29,-0.9868839065636126,0.16143157982793477,23.139499999999998,1.24,18.5,258.23400000000004,689.5571,2.9600000000000004,1
2026-08-26 04:29:59+00:00,2026-08-26,04:00:00,04:29:59,2026-08-26T04:29:59+00:00,Rangpo,27.177,88.533,0.9,3B-HHR-E.MS.MRG.3IMERG.20260826-S040000-E042959.0240.V07C.30min.tif,0.9,2.4,7.0,15.0,18.7,20.2,20.3,30.7,47.8,1.5,1.6,1.8,1.8,-0.6000000000000001,-1.0,-2.0,306.95,13.38,279.29,-0.9868839065636126,0.16143157982793477,23.139499999999998,1.24,18.5,270.276,710.3826499999999,2.9600000000000004,0
2026-08-26 04:59:59+00:00,2026-08-26,04:30:00,04:59:59,2026-08-26T04:59:59+00:00,Rangpo,27.177,88.533,0.7,3B-HHR-E.MS.MRG.3IMERG.20260826-S043000-E045959.0270.V07C.30min.tif,0.7,1.6,6.7,15.2,19.4,20.9,21.0,31.400000000000002,48.5,0.9,1.6,1.8,1.8,-1.5,-1.7999999999999998,-2.6,306.95,13.38,279.29,-0.9868839065636126,0.16143157982793477,23.139499999999998,1.24,18.5,279.642,726.5803,2.9600000000000004,0
2026-08-26 05:29:59+00:00,2026-08-26,05:00:00,05:29:59,2026-08-26T05:29:59+00:00,Rangpo,27.177,88.533,3.2,3B-HHR-E.MS.MRG.3IMERG.20260826-S050000-E052959.0300.V07C.30min.tif,3.2,3.9000000000000004,9.3,17.5,21.9,24.1,24.2,34.6,51.7,3.2,3.2,3.2,3.2,1.5000000000000004,1.1000000000000014,2.1000000000000005,306.95,13.38,279.29,-0.9868839065636126,0.16143157982793477,23.139499999999998,1.24,18.5,322.458,800.6266999999999,5.920000000000001,1
2026-08-26 05:59:59+00:00,2026-08-26,05:30:00,05:59:59,2026-08-26T05:59:59+00:00,Rangpo,27.177,88.533,3.2,3B-HHR-E.MS.MRG.3IMERG.20260826-S053000-E055959.0330.V07C.30min.tif,3.2,6.4,11.100000000000001,18.9,24.4,27.3,27.400000000000002,37.800000000000004,54.9,3.2,3.2,3.2,3.2,4.800000000000001,3.3000000000000016,6.300000000000001,306.95,13.38,279.29,-0.9868839065636126,0.16143157982793477,23.139499999999998,1.24,18.5,365.27400000000006,874.6731,5.920000000000001,1
2026-08-26 06:29:59+00:00,2026-08-26,06:00:00,06:29:59,2026-08-26T06:29:59+00:00,Rangpo,27.177,88.533,0.1,3B-HHR-E.MS.MRG.3IMERG.20260826-S060000-E062959.0360.V07C.30min.tif,0.1,3.3000000000000003,9.600000000000001,17.2,24.400000000000002,27.4,27.5,37.199999999999996,55.0,3.2,3.2,3.2,3.2,-0.6000000000000001,2.0000000000000018,-2.1000000000000005,306.95,13.38,279.29,-0.9868839065636126,0.16143157982793477,23.139499999999998,1.24,18.5,366.612,860.7893999999999,5.920000000000001,1
2026-08-26 06:59:59+00:00,2026-08-26,06:30:00,06:59:59,2026-08-26T06:59:59+00:00,Rangpo,27.177,88.533,0.2,3B-HHR-E.MS.MRG.3IMERG.20260826-S063000-E065959.0390.V07C.30min.tif,0.2,0.30000000000000004,8.3,15.9,24.5,27.6,27.7,35.5,55.2,0.2,3.2,3.2,3.2,-6.1000000000000005,0.7000000000000011,-10.900000000000002,306.95,13.38,279.29,-0.9868839065636126,0.16143157982793477,23.139499999999998,1.24,18.5,369.28800000000007,821.4522499999999,5.920000000000001,1
2026-08-26 07:29:59+00:00,2026-08-26,07:00:00,07:29:59,2026-08-26T07:29:59+00:00,Rangpo,27.177,88.533,0.4,3B-HHR-E.MS.MRG.3IMERG.20260826-S070000-E072959.0420.V07C.30min.tif,0.4,0.6000000000000001,7.800000000000001,14.8,24.200000000000003,27.9,28.1,35.1,55.6,0.4,3.2,3.2,3.2,-2.7,0.8000000000000007,-2.1,306.95,13.38,279.29,-0.9868839065636126,0.16143157982793477,23.139499999999998,1.24,18.5,373.302,812.1964499999999,5.920000000000001,1
2026-08-26 07:59:59+00:00,2026-08-26,07:30:00,07:59:59,2026-08-26T07:59:59+00:00,Rangpo,27.177,88.533,0.1,3B-HHR-E.MS.MRG.3IMERG.20260826-S073000-E075959.0450.V07C.30min.tif,0.1,0.5000000000000001,7.2,13.9,24.1,27.900000000000002,28.099999999999998,34.800000000000004,55.7,0.4,3.2,3.2,3.2,0.20000000000000007,0.5,6.300000000000001,306.95,13.38,279.29,-0.9868839065636126,0.16143157982793477,23.139499999999998,1.24,18.5,373.3020000000001,805.2546,5.920000000000001,1
2026-08-26 08:29:59+00:00,2026-08-26,08:00:00,08:29:59,2026-08-26T08:29:59+00:00,Rangpo,27.177,88.533,0.1,3B-HHR-E.MS.MRG.3IMERG.20260826-S080000-E082959.0480.V07C.30min.tif,0.1,0.2,4.1000000000000005,13.4,24.1,27.9,28.2,34.1,55.800000000000004,0.1,3.2,3.2,3.2,-0.4000000000000001,-5.2,2.3000000000000003,306.95,13.38,279.29,-0.9868839065636126,0.16143157982793477,23.139499999999998,1.24,18.5,373.302,789.0569499999999,5.920000000000001,1
2026-08-26 08:59:59+00:00,2026-08-26,08:30:00,08:59:59,2026-08-26T08:59:59+00:00,Rangpo,27.177,88.533,0.0,3B-HHR-E.MS.MRG.3IMERG.20260826-S083000-E085959.0510.V07C.30min.tif,0.0,0.10000000000000006,0.9000000000000001,12.0,24.0,27.9,28.2,31.200000000000003,55.800000000000004,0.1,0.4,3.2,3.2,-0.4,-10.200000000000001,-0.6000000000000001,306.95,13.38,279.29,-0.9868839065636126,0.16143157982793477,23.139499999999998,1.24,18.5,373.302,721.9524,0.7400000000000001,0
2026-08-26 09:29:59+00:00,2026-08-26,09:00:00,09:29:59,2026-08-26T09:29:59+00:00,Rangpo,27.177,88.533,0.0,3B-HHR-E.MS.MRG.3IMERG.20260826-S090000-E092959.0540.V07C.30min.tif,0.0,0.0,0.8,10.4,23.8,27.9,28.2,30.6,55.800000000000004,0.0,0.4,3.2,3.2,-0.2,-8.8,0.20000000000000007,306.95,13.38,279.29,-0.9868839065636126,0.16143157982793477,23.139499999999998,1.24,18.5,373.302,708.0686999999999,0.7400000000000001,1
2026-08-26 09:59:59+00:00,2026-08-26,09:30:00,09:59:59,2026-08-26T09:59:59+00:00,Rangpo,27.177,88.533,0.0,3B-HHR-E.MS.MRG.3IMERG.20260826-S093000-E095959.0570.V07C.30min.tif,0.0,0.0,0.6000000000000001,8.9,23.5,27.9,28.2,29.900000000000002,55.800000000000004,0.0,0.4,3.2,3.2,-0.10000000000000006,-7.700000000000001,0.29999999999999993,306.95,13.38,279.29,-0.9868839065636126,0.16143157982793477,23.139499999999998,1.24,18.5,373.302,691.87105,0.7400000000000001,1
2026-08-26 10:29:59+00:00,2026-08-26,10:00:00,10:29:59,2026-08-26T10:29:59+00:00,Rangpo,27.177,88.533,0.0,3B-HHR-E.MS.MRG.3IMERG.20260826-S100000-E102959.0600.V07C.30min.tif,0.0,0.0,0.2,8.0,23.0,27.9,28.2,29.500000000000004,55.800000000000004,0.0,0.1,3.2,3.2,0.0,-7.6000000000000005,0.2,306.95,13.38,279.29,-0.9868839065636126,0.16143157982793477,23.139499999999998,1.24,18.5,373.302,682.6152500000001,0.18500000000000003,1
2026-08-26 10:59:59+00:00,2026-08-26,10:30:00,10:59:59,2026-08-26T10:59:59+00:00,Rangpo,27.177,88.533,0.0,3B-HHR-E.MS.MRG.3IMERG.20260826-S103000-E105959.0630.V07C.30min.tif,0.0,0.0,0.1,7.300000000000001,22.5,27.8,28.2,29.1,55.800000000000004,0.0,0.1,3.2,3.2,0.0,-7.1000000000000005,0.10000000000000006,306.95,13.38,279.29,-0.9868839065636126,0.16143157982793477,23.139499999999998,1.24,18.5,371.96400000000006,673.3594499999999,0.18500000000000003,1
2026-08-26 11:29:59+00:00,2026-08-26,11:00:00,11:29:59,2026-08-26T11:29:59+00:00,Rangpo,27.177,88.533,0.0,3B-HHR-E.MS.MRG.3IMERG.20260826-S110000-E112959.0660.V07C.30min.tif,0.0,0.0,0.0,4.1000000000000005,21.6,27.7,28.2,29.1,55.800000000000004,0.0,0.0,3.2,3.2,0.0,-4.1000000000000005,0.0,306.95,13.38,279.29,-0.9868839065636126,0.16143157982793477,23.139499999999998,1.24,18.5,370.62600000000003,673.3594499999999,0.0,1
2026-08-26 11:59:59+00:00,2026-08-26,11:30:00,11:59:59,2026-08-26T11:59:59+00:00,Rangpo,27.177,88.533,0.0,3B-HHR-E.MS.MRG.3IMERG.20260826-S113000-E115959.0690.V07C.30min.tif,0.0,0.0,0.0,0.9000000000000001,19.8,27.7,28.2,29.000000000000004,55.800000000000004,0.0,0.0,0.4,3.2,0.0,-0.9000000000000001,0.0,306.95,13.38,279.29,-0.9868839065636126,0.16143157982793477,23.139499999999998,1.24,18.5,370.62600000000003,671.0455000000001,0.0,1
2026-08-26 12:29:59+00:00,2026-08-26,12:00:00,12:29:59,2026-08-26T12:29:59+00:00,Rangpo,27.177,88.533,0.0,3B-HHR-E.MS.MRG.3IMERG.20260826-S120000-E122959.0720.V07C.30min.tif,0.0,0.0,0.0,0.8,18.0,27.599999999999998,28.2,28.900000000000002,55.800000000000004,0.0,0.0,0.4,3.2,0.0,-0.8,0.0,306.95,13.38,279.29,-0.9868839065636126,0.16143157982793477,23.139499999999998,1.24,18.5,369.288,668.73155,0.0,1
2026-08-26 12:59:59+00:00,2026-08-26,12:30:00,12:59:59,2026-08-26T12:59:59+00:00,Rangpo,27.177,88.533,0.0,3B-HHR-E.MS.MRG.3IMERG.20260826-S123000-E125959.0750.V07C.30min.tif,0.0,0.0,0.0,0.6000000000000001,16.5,27.4,28.2,28.900000000000002,55.800000000000004,0.0,0.0,0.4,3.2,0.0,-0.6000000000000001,0.0,306.95,13.38,279.29,-0.9868839065636126,0.16143157982793477,23.139499999999998,1.24,18.5,366.612,668.73155,0.0,1
2026-08-26 13:29:59+00:00,2026-08-26,13:00:00,13:29:59,2026-08-26T13:29:59+00:00,Rangpo,27.177,88.533,0.0,3B-HHR-E.MS.MRG.3IMERG.20260826-S130000-E132959.0780.V07C.30min.tif,0.0,0.0,0.0,0.2,15.000000000000002,27.4,28.2,28.900000000000002,55.800000000000004,0.0,0.0,0.1,3.2,0.0,-0.2,0.0,306.95,13.38,279.29,-0.9868839065636126,0.16143157982793477,23.139499999999998,1.24,18.5,366.612,668.73155,0.0,1
2026-08-26 13:59:59+00:00,2026-08-26,13:30:00,13:59:59,2026-08-26T13:59:59+00:00,Rangpo,27.177,88.533,0.0,3B-HHR-E.MS.MRG.3IMERG.20260826-S133000-E135959.0810.V07C.30min.tif,0.0,0.0,0.0,0.1,14.000000000000002,27.4,28.2,28.900000000000002,55.800000000000004,0.0,0.0,0.1,3.2,0.0,-0.1,0.0,306.95,13.38,279.29,-0.9868839065636126,0.16143157982793477,23.139499999999998,1.24,18.5,366.612,668.73155,0.0,1
2026-08-26 14:29:59+00:00,2026-08-26,14:00:00,14:29:59,2026-08-26T14:29:59+00:00,Rangpo,27.177,88.533,0.0,3B-HHR-E.MS.MRG.3IMERG.20260826-S140000-E142959.0840.V07C.30min.tif,0.0,0.0,0.0,0.0,13.4,27.3,28.2,28.900000000000002,55.800000000000004,0.0,0.0,0.0,3.2,0.0,0.0,0.0,306.95,13.38,279.29,-0.9868839065636126,0.16143157982793477,23.139499999999998,1.24,18.5,365.27400000000006,668.73155,0.0,1
2026-08-26 14:59:59+00:00,2026-08-26,14:30:00,14:59:59,2026-08-26T14:59:59+00:00,Rangpo,27.177,88.533,0.0,3B-HHR-E.MS.MRG.3IMERG.20260826-S143000-E145959.0870.V07C.30min.tif,0.0,0.0,0.0,0.0,12.000000000000002,27.099999999999998,28.2,28.900000000000002,55.800000000000004,0.0,0.0,0.0,3.2,0.0,0.0,0.0,306.95,13.38,279.29,-0.9868839065636126,0.16143157982793477,23.139499999999998,1.24,18.5,362.598,668.73155,0.0,1
2026-08-26 15:29:59+00:00,2026-08-26,15:00:00,15:29:59,2026-08-26T15:29:59+00:00,Rangpo,27.177,88.533,0.0,3B-HHR-E.MS.MRG.3IMERG.20260826-S150000-E152959.0900.V07C.30min.tif,0.0,0.0,0.0,0.0,10.400000000000002,26.8,28.2,28.900000000000002,55.800000000000004,0.0,0.0,0.0,3.2,0.0,0.0,0.0,306.95,13.38,279.29,-0.9868839065636126,0.16143157982793477,23.139499999999998,1.24,18.5,358.584,668.73155,0.0,1
2026-08-26 15:59:59+00:00,2026-08-26,15:30:00,15:59:59,2026-08-26T15:59:59+00:00,Rangpo,27.177,88.533,0.0,3B-HHR-E.MS.MRG.3IMERG.20260826-S153000-E155959.0930.V07C.30min.tif,0.0,0.0,0.0,0.0,8.900000000000002,26.7,28.2,28.900000000000002,55.800000000000004,0.0,0.0,0.0,3.2,0.0,0.0,0.0,306.95,13.38,279.29,-0.9868839065636126,0.16143157982793477,23.139499999999998,1.24,18.5,357.24600000000004,668.73155,0.0,1
2026-08-26 16:29:59+00:00,2026-08-26,16:00:00,16:29:59,2026-08-26T16:29:59+00:00,Rangpo,27.177,88.533,0.0,3B-HHR-E.MS.MRG.3IMERG.20260826-S160000-E162959.0960.V07C.30min.tif,0.0,0.0,0.0,0.0,8.000000000000002,26.7,28.2,28.900000000000002,55.800000000000004,0.0,0.0,0.0,3.2,0.0,0.0,0.0,306.95,13.38,279.29,-0.9868839065636126,0.16143157982793477,23.139499999999998,1.24,18.5,357.24600000000004,668.73155,0.0,1
2026-08-26 16:59:59+00:00,2026-08-26,16:30:00,16:59:59,2026-08-26T16:59:59+00:00,Rangpo,27.177,88.533,0.0,3B-HHR-E.MS.MRG.3IMERG.20260826-S163000-E165959.0990.V07C.30min.tif,0.0,0.0,0.0,0.0,7.300000000000001,26.7,28.2,28.900000000000002,55.800000000000004,0.0,0.0,0.0,3.2,0.0,0.0,0.0,306.95,13.38,279.29,-0.9868839065636126,0.16143157982793477,23.139499999999998,1.24,18.5,357.24600000000004,668.73155,0.0,1
2026-08-26 17:29:59+00:00,2026-08-26,17:00:00,17:29:59,2026-08-26T17:29:59+00:00,Rangpo,27.177,88.533,0.0,3B-HHR-E.MS.MRG.3IMERG.20260826-S170000-E172959.1020.V07C.30min.tif,0.0,0.0,0.0,0.0,4.1,26.0,28.2,28.900000000000002,55.800000000000004,0.0,0.0,0.0,3.2,0.0,0.0,0.0,306.95,13.38,279.29,-0.9868839065636126,0.16143157982793477,23.139499999999998,1.24,18.5,347.88,668.73155,0.0,1
2026-08-26 17:59:59+00:00,2026-08-26,17:30:00,17:59:59,2026-08-26T17:59:59+00:00,Rangpo,27.177,88.533,0.0,3B-HHR-E.MS.MRG.3IMERG.20260826-S173000-E175959.1050.V07C.30min.tif,0.0,0.0,0.0,0.0,0.9000000000000001,25.3,28.2,28.900000000000002,55.800000000000004,0.0,0.0,0.0,3.2,0.0,0.0,0.0,306.95,13.38,279.29,-0.9868839065636126,0.16143157982793477,23.139499999999998,1.24,18.5,338.514,668.73155,0.0,1
2026-08-26 18:29:59+00:00,2026-08-26,18:00:00,18:29:59,2026-08-26T18:29:59+00:00,Rangpo,27.177,88.533,0.0,3B-HHR-E.MS.MRG.3IMERG.20260826-S180000-E182959.1080.V07C.30min.tif,0.0,0.0,0.0,0.0,0.8,25.2,28.2,28.900000000000002,55.800000000000004,0.0,0.0,0.0,3.2,0.0,0.0,0.0,306.95,13.38,279.29,-0.9868839065636126,0.16143157982793477,23.139499999999998,1.24,18.5,337.176,668.73155,0.0,1
2026-08-26 18:59:59+00:00,2026-08-26,18:30:00,18:59:59,2026-08-26T18:59:59+00:00,Rangpo,27.177,88.533,0.0,3B-HHR-E.MS.MRG.3IMERG.20260826-S183000-E185959.1110.V07C.30min.tif,0.0,0.0,0.0,0.0,0.6000000000000001,25.099999999999998,28.2,28.900000000000002,55.800000000000004,0.0,0.0,0.0,3.2,0.0,0.0,0.0,306.95,13.38,279.29,-0.9868839065636126,0.16143157982793477,23.139499999999998,1.24,18.5,335.83799999999997,668.73155,0.0,1
2026-08-26 19:29:59+00:00,2026-08-26,19:00:00,19:29:59,2026-08-26T19:29:59+00:00,Rangpo,27.177,88.533,0.0,3B-HHR-E.MS.MRG.3IMERG.20260826-S190000-E192959.1140.V07C.30min.tif,0.0,0.0,0.0,0.0,0.2,24.4,28.2,28.900000000000002,55.800000000000004,0.0,0.0,0.0,3.2,0.0,0.0,0.0,306.95,13.38,279.29,-0.9868839065636126,0.16143157982793477,23.139499999999998,1.24,18.5,326.472,668.73155,0.0,1
2026-08-26 19:59:59+00:00,2026-08-26,19:30:00,19:59:59,2026-08-26T19:59:59+00:00,Rangpo,27.177,88.533,0.0,3B-HHR-E.MS.MRG.3IMERG.20260826-S193000-E195959.1170.V07C.30min.tif,0.0,0.0,0.0,0.0,0.1,24.2,28.2,28.8,55.800000000000004,0.0,0.0,0.0,3.2,0.0,0.0,0.0,306.95,13.38,279.29,-0.9868839065636126,0.16143157982793477,23.139499999999998,1.24,18.5,323.796,666.4176,0.0,1
2026-08-26 20:29:59+00:00,2026-08-26,20:00:00,20:29:59,2026-08-26T20:29:59+00:00,Rangpo,27.177,88.533,0.0,3B-HHR-E.MS.MRG.3IMERG.20260826-S200000-E202959.1200.V07C.30min.tif,0.0,0.0,0.0,0.0,0.0,24.099999999999998,28.2,28.700000000000003,55.800000000000004,0.0,0.0,0.0,3.2,0.0,0.0,0.0,306.95,13.38,279.29,-0.9868839065636126,0.16143157982793477,23.139499999999998,1.24,18.5,322.45799999999997,664.10365,0.0,1
2026-08-26 20:59:59+00:00,2026-08-26,20:30:00,20:59:59,2026-08-26T20:59:59+00:00,Rangpo,27.177,88.533,0.0,3B-HHR-E.MS.MRG.3IMERG.20260826-S203000-E205959.1230.V07C.30min.tif,0.0,0.0,0.0,0.0,0.0,24.0,28.2,28.500000000000004,55.800000000000004,0.0,0.0,0.0,3.2,0.0,0.0,0.0,306.95,13.38,279.29,-0.9868839065636126,0.16143157982793477,23.139499999999998,1.24,18.5,321.12,659.4757500000001,0.0,1
2026-08-26 21:29:59+00:00,2026-08-26,21:00:00,21:29:59,2026-08-26T21:29:59+00:00,Rangpo,27.177,88.533,0.0,3B-HHR-E.MS.MRG.3IMERG.20260826-S210000-E212959.1260.V07C.30min.tif,0.0,0.0,0.0,0.0,0.0,23.8,28.2,28.400000000000002,55.800000000000004,0.0,0.0,0.0,3.2,0.0,0.0,0.0,306.95,13.38,279.29,-0.9868839065636126,0.16143157982793477,23.139499999999998,1.24,18.5,318.444,657.1618,0.0,1
2026-08-26 21:59:59+00:00,2026-08-26,21:30:00,21:59:59,2026-08-26T21:59:59+00:00,Rangpo,27.177,88.533,0.0,3B-HHR-E.MS.MRG.3IMERG.20260826-S213000-E215959.1290.V07C.30min.tif,0.0,0.0,0.0,0.0,0.0,23.5,28.2,28.3,55.800000000000004,0.0,0.0,0.0,3.2,0.0,0.0,0.0,306.95,13.38,279.29,-0.9868839065636126,0.16143157982793477,23.139499999999998,1.24,18.5,314.43,654.84785,0.0,1
2026-08-26 22:29:59+00:00,2026-08-26,22:00:00,22:29:59,2026-08-26T22:29:59+00:00,Rangpo,27.177,88.533,0.0,3B-HHR-E.MS.MRG.3IMERG.20260826-S220000-E222959.1320.V07C.30min.tif,0.0,0.0,0.0,0.0,0.0,23.0,28.2,28.3,55.800000000000004,0.0,0.0,0.0,3.2,0.0,0.0,0.0,306.95,13.38,279.29,-0.9868839065636126,0.16143157982793477,23.139499999999998,1.24,18.5,307.74,654.84785,0.0,1
2026-08-26 22:59:59+00:00,2026-08-26,22:30:00,22:59:59,2026-08-26T22:59:59+00:00,Rangpo,27.177,88.533,0.0,3B-HHR-E.MS.MRG.3IMERG.20260826-S223000-E225959.1350.V07C.30min.tif,0.0,0.0,0.0,0.0,0.0,22.5,28.2,28.3,55.800000000000004,0.0,0.0,0.0,3.2,0.0,0.0,0.0,306.95,13.38,279.29,-0.9868839065636126,0.16143157982793477,23.139499999999998,1.24,18.5,301.05,654.84785,0.0,1
2026-08-26 23:29:59+00:00,2026-08-26,23:00:00,23:29:59,2026-08-26T23:29:59+00:00,Rangpo,27.177,88.533,0.0,3B-HHR-E.MS.MRG.3IMERG.20260826-S230000-E232959.1380.V07C.30min.tif,0.0,0.0,0.0,0.0,0.0,21.599999999999998,28.2,28.3,55.800000000000004,0.0,0.0,0.0,3.2,0.0,0.0,0.0,306.95,13.38,279.29,-0.9868839065636126,0.16143157982793477,23.139499999999998,1.24,18.5,289.008,654.84785,0.0,1
2026-08-26 23:59:59+00:00,2026-08-26,23:30:00,23:59:59,2026-08-26T23:59:59+00:00,Rangpo,27.177,88.533,0.0,3B-HHR-E.MS.MRG.3IMERG.20260826-S233000-E235959.1410.V07C.30min.tif,0.0,0.0,0.0,0.0,0.0,19.8,28.2,28.3,55.800000000000004,0.0,0.0,0.0,3.2,0.0,0.0,0.0,306.95,13.38,279.29,-0.9868839065636126,0.16143157982793477,23.139499999999998,1.24,18.5,264.92400000000004,654.84785,0.0,1
2026-08-27 00:29:59+00:00,2026-08-27,00:00:00,00:29:59,2026-08-27T00:29:59+00:00,Rangpo,27.177,88.533,0.0,3B-HHR-E.MS.MRG.3IMERG.20260827-S000000-E002959.0000.V07C.30min.tif,0.0,0.0,0.0,0.0,0.0,18.0,28.2,28.3,55.800000000000004,0.0,0.0,0.0,3.2,0.0,0.0,0.0,306.95,13.38,279.29,-0.9868839065636126,0.16143157982793477,23.139499999999998,1.24,18.5,240.84,654.84785,0.0,1
2026-08-27 00:59:59+00:00,2026-08-27,00:30:00,00:59:59,2026-08-27T00:59:59+00:00,Rangpo,27.177,88.533,0.0,3B-HHR-E.MS.MRG.3IMERG.20260827-S003000-E005959.0030.V07C.30min.tif,0.0,0.0,0.0,0.0,0.0,16.5,28.2,28.3,55.800000000000004,0.0,0.0,0.0,3.2,0.0,0.0,0.0,306.95,13.38,279.29,-0.9868839065636126,0.16143157982793477,23.139499999999998,1.24,18.5,220.77,654.84785,0.0,1
2026-08-27 01:29:59+00:00,2026-08-27,01:00:00,01:29:59,2026-08-27T01:29:59+00:00,Rangpo,27.177,88.533,0.0,3B-HHR-E.MS.MRG.3IMERG.20260827-S010000-E012959.0060.V07C.30min.tif,0.0,0.0,0.0,0.0,0.0,15.000000000000002,28.2,28.3,55.800000000000004,0.0,0.0,0.0,3.2,0.0,0.0,0.0,306.95,13.38,279.29,-0.9868839065636126,0.16143157982793477,23.139499999999998,1.24,18.5,200.70000000000005,654.84785,0.0,1
2026-08-27 01:59:59+00:00,2026-08-27,01:30:00,01:59:59,2026-08-27T01:59:59+00:00,Rangpo,27.177,88.533,0.0,3B-HHR-E.MS.MRG.3IMERG.20260827-S013000-E015959.0090.V07C.30min.tif,0.0,0.0,0.0,0.0,0.0,14.000000000000002,28.2,28.3,55.800000000000004,0.0,0.0,0.0,3.2,0.0,0.0,0.0,306.95,13.38,279.29,-0.9868839065636126,0.16143157982793477,23.139499999999998,1.24,18.5,187.32000000000002,654.84785,0.0,1
2026-08-27 02:29:59+00:00,2026-08-27,02:00:00,02:29:59,2026-08-27T02:29:59+00:00,Rangpo,27.177,88.533,0.0,3B-HHR-E.MS.MRG.3IMERG.20260827-S020000-E022959.0120.V07C.30min.tif,0.0,0.0,0.0,0.0,0.0,13.4,28.2,28.3,55.800000000000004,0.0,0.0,0.0,3.2,0.0,0.0,0.0,306.95,13.38,279.29,-0.9868839065636126,0.16143157982793477,23.139499999999998,1.24,18.5,179.292,654.84785,0.0,1
2026-08-27 02:59:59+00:00,2026-08-27,02:30:00,02:59:59,2026-08-27T02:59:59+00:00,Rangpo,27.177,88.533,0.0,3B-HHR-E.MS.MRG.3IMERG.20260827-S023000-E025959.0150.V07C.30min.tif,0.0,0.0,0.0,0.0,0.0,12.000000000000002,28.2,28.3,55.800000000000004,0.0,0.0,0.0,3.2,0.0,0.0,0.0,306.95,13.38,279.29,-0.9868839065636126,0.16143157982793477,23.139499999999998,1.24,18.5,160.56000000000003,654.84785,0.0,1
2026-08-27 03:29:59+00:00,2026-08-27,03:00:00,03:29:59,2026-08-27T03:29:59+00:00,Rangpo,27.177,88.533,0.0,3B-HHR-E.MS.MRG.3IMERG.20260827-S030000-E032959.0180.V07C.30min.tif,0.0,0.0,0.0,0.0,0.0,10.400000000000002,28.2,28.3,55.800000000000004,0.0,0.0,0.0,3.2,0.0,0.0,0.0,306.95,13.38,279.29,-0.9868839065636126,0.16143157982793477,23.139499999999998,1.24,18.5,139.15200000000004,654.84785,0.0,1
2026-08-27 03:59:59+00:00,2026-08-27,03:30:00,03:59:59,2026-08-27T03:59:59+00:00,Rangpo,27.177,88.533,0.0,3B-HHR-E.MS.MRG.3IMERG.20260827-S033000-E035959.0210.V07C.30min.tif,0.0,0.0,0.0,0.0,0.0,8.900000000000002,28.2,28.3,55.800000000000004,0.0,0.0,0.0,3.2,0.0,0.0,0.0,306.95,13.38,279.29,-0.9868839065636126,0.16143157982793477,23.139499999999998,1.24,18.5,119.08200000000004,654.84785,0.0,1
2026-08-27 04:30:00+00:00,2026-08-27,2026-08-27T04:00:00+00:00,2026-08-27T04:30:00+00:00,2026-08-27T04:30:00+00:00,Rangpo,27.177,88.533,0.0,3B-HHR-E.MS.MRG.3IMERG.20260827-S040000-E042959.0240.V07C.30min.tif,0.0,0.0,0.0,0.0,0.0,8.000000000000002,28.2,28.3,55.800000000000004,0.0,0.0,0.0,3.2,0.0,0.0,0.0,306.95,13.38,279.29,-0.9868839065636126,0.16143157982793477,23.139499999999998,1.24,18.5,107.04000000000003,654.84785,0.0,1
2026-08-27 05:00:00+00:00,2026-08-27,2026-08-27T04:30:00+00:00,2026-08-27T05:00:00+00:00,2026-08-27T05:00:00+00:00,Rangpo,27.177,88.533,0.0,3B-HHR-E.MS.MRG.3IMERG.20260827-S043000-E045959.0270.V07C.30min.tif,0.0,0.0,0.0,0.0,0.0,7.300000000000001,28.2,28.3,55.800000000000004,0.0,0.0,0.0,3.2,0.0,0.0,0.0,306.95,13.38,279.29,-0.9868839065636126,0.16143157982793477,23.139499999999998,1.24,18.5,97.67400000000002,654.84785,0.0,1
2026-08-27 05:30:00+00:00,2026-08-27,2026-08-27T05:00:00+00:00,2026-08-27T05:30:00+00:00,2026-08-27T05:30:00+00:00,Rangpo,27.177,88.533,0.0,3B-HHR-E.MS.MRG.3IMERG.20260827-S050000-E052959.0300.V07C.30min.tif,0.0,0.0,0.0,0.0,0.0,4.1,28.2,28.3,55.800000000000004,0.0,0.0,0.0,3.2,0.0,0.0,0.0,306.95,13.38,279.29,-0.9868839065636126,0.16143157982793477,23.139499999999998,1.24,18.5,54.858,654.84785,0.0,1
2026-08-27 06:00:00+00:00,2026-08-27,2026-08-27T05:30:00+00:00,2026-08-27T06:00:00+00:00,2026-08-27T06:00:00+00:00,Rangpo,27.177,88.533,0.0,3B-HHR-E.MS.MRG.3IMERG.20260827-S053000-E055959.0330.V07C.30min.tif,0.0,0.0,0.0,0.0,0.0,0.9000000000000001,28.2,28.3,55.800000000000004,0.0,0.0,0.0,0.4,0.0,0.0,0.0,306.95,13.38,279.29,-0.9868839065636126,0.16143157982793477,23.139499999999998,1.24,18.5,12.042000000000003,654.84785,0.0,1
2026-08-27 06:30:00+00:00,2026-08-27,2026-08-27T06:00:00+00:00,2026-08-27T06:30:00+00:00,2026-08-27T06:30:00+00:00,Rangpo,27.177,88.533,0.0,3B-HHR-E.MS.MRG.3IMERG.20260827-S060000-E062959.0360.V07C.30min.tif,0.0,0.0,0.0,0.0,0.0,0.8,28.2,28.3,55.800000000000004,0.0,0.0,0.0,0.4,0.0,0.0,0.0,306.95,13.38,279.29,-0.9868839065636126,0.16143157982793477,23.139499999999998,1.24,18.5,10.704,654.84785,0.0,1
2026-08-27 07:00:00+00:00,2026-08-27,2026-08-27T06:30:00+00:00,2026-08-27T07:00:00+00:00,2026-08-27T07:00:00+00:00,Rangpo,27.177,88.533,0.0,3B-HHR-E.MS.MRG.3IMERG.20260827-S063000-E065959.0390.V07C.30min.tif,0.0,0.0,0.0,0.0,0.0,0.6000000000000001,28.2,28.3,55.800000000000004,0.0,0.0,0.0,0.4,0.0,0.0,0.0,306.95,13.38,279.29,-0.9868839065636126,0.16143157982793477,23.139499999999998,1.24,18.5,8.028000000000002,654.84785,0.0,1
2026-08-27 07:30:00+00:00,2026-08-27,2026-08-27T07:00:00+00:00,2026-08-27T07:30:00+00:00,2026-08-27T07:30:00+00:00,Rangpo,27.177,88.533,0.0,3B-HHR-E.MS.MRG.3IMERG.20260827-S070000-E072959.0420.V07C.30min.tif,0.0,0.0,0.0,0.0,0.0,0.2,28.1,28.3,55.800000000000004,0.0,0.0,0.0,0.1,0.0,0.0,0.0,306.95,13.38,279.29,-0.9868839065636126,0.16143157982793477,23.139499999999998,1.24,18.5,2.676,654.84785,0.0,1
2026-08-27 08:00:00+00:00,2026-08-27,2026-08-27T07:30:00+00:00,2026-08-27T08:00:00+00:00,2026-08-27T08:00:00+00:00,Rangpo,27.177,88.533,0.0,3B-HHR-E.MS.MRG.3IMERG.20260827-S073000-E075959.0450.V07C.30min.tif,0.0,0.0,0.0,0.0,0.0,0.1,28.0,28.200000000000003,55.800000000000004,0.0,0.0,0.0,0.1,0.0,0.0,0.0,306.95,13.38,279.29,-0.9868839065636126,0.16143157982793477,23.139499999999998,1.24,18.5,1.338,652.5339,0.0,1
2026-08-27 08:29:59+00:00,2026-08-27,08:00:00,08:29:59,2026-08-27T08:29:59+00:00,Rangpo,27.177,88.533,0.0,3B-HHR-E.MS.MRG.3IMERG.20260827-S080000-E082959.0480.V07C.30min.tif,0.0,0.0,0.0,0.0,0.0,0.0,27.9,28.200000000000003,55.800000000000004,0.0,0.0,0.0,0.0,0.0,0.0,0.0,306.95,13.38,279.29,-0.9868839065636126,0.16143157982793477,23.139499999999998,1.24,18.5,0.0,652.5339,0.0,1
2026-08-27 08:59:59+00:00,2026-08-27,08:30:00,08:59:59,2026-08-27T08:59:59+00:00,Rangpo,27.177,88.533,0.0,3B-HHR-E.MS.MRG.3IMERG.20260827-S083000-E085959.0510.V07C.30min.tif,0.0,0.0,0.0,0.0,0.0,0.0,27.9,28.200000000000003,55.800000000000004,0.0,0.0,0.0,0.0,0.0,0.0,0.0,306.95,13.38,279.29,-0.9868839065636126,0.16143157982793477,23.139499999999998,1.24,18.5,0.0,652.5339,0.0,1
2026-08-27 09:29:59+00:00,2026-08-27,09:00:00,09:29:59,2026-08-27T09:29:59+00:00,Rangpo,27.177,88.533,0.9,3B-HHR-E.MS.MRG.3IMERG.20260827-S090000-E092959.0540.V07C.30min.tif,0.9,0.9000000000000001,0.9,0.9,0.9,0.9,28.799999999999997,29.1,56.7,0.9,0.9,0.9,0.9,0.9000000000000001,0.9,0.9000000000000001,306.95,13.38,279.29,-0.9868839065636126,0.16143157982793477,23.139499999999998,1.24,18.5,12.042000000000002,673.3594499999999,1.665,1
2026-08-27 09:59:59+00:00,2026-08-27,09:30:00,09:59:59,2026-08-27T09:59:59+00:00,Rangpo,27.177,88.533,1.3,3B-HHR-E.MS.MRG.3IMERG.20260827-S093000-E095959.0570.V07C.30min.tif,1.3,2.2,2.2,2.2,2.2,2.2,30.099999999999998,30.400000000000002,57.9,1.3,1.3,1.3,1.3,2.2,2.2,2.2,306.95,13.38,279.29,-0.9868839065636126,0.16143157982793477,23.139499999999998,1.24,18.5,29.436000000000003,703.4408,2.4050000000000002,1
2026-08-27 10:29:59+00:00,2026-08-27,10:00:00,10:29:59,2026-08-27T10:29:59+00:00,Rangpo,27.177,88.533,0.1,3B-HHR-E.MS.MRG.3IMERG.20260827-S100000-E102959.0600.V07C.30min.tif,0.1,1.4000000000000001,2.3,2.3,2.3,2.3,30.200000000000003,30.5,57.2,1.3,1.3,1.3,1.3,0.5,2.3,-0.40000000000000013,306.95,13.38,279.29,-0.9868839065636126,0.16143157982793477,23.139499999999998,1.24,18.5,30.774,705.75475,2.4050000000000002,0
2026-08-27 10:59:59+00:00,2026-08-27,10:30:00,10:59:59,2026-08-27T10:59:59+00:00,Rangpo,27.177,88.533,0.1,3B-HHR-E.MS.MRG.3IMERG.20260827-S103000-E105959.0630.V07C.30min.tif,0.1,0.2,2.4,2.4,2.4,2.4,30.2,30.6,56.5,0.1,1.3,1.3,1.3,-2.0,2.4,-4.2,306.95,13.38,279.29,-0.9868839065636126,0.16143157982793477,23.139499999999998,1.24,18.5,32.112,708.0686999999999,2.4050000000000002,0
2026-08-27 11:29:59+00:00,2026-08-27,11:00:00,11:29:59,2026-08-27T11:29:59+00:00,Rangpo,27.177,88.533,0.1,3B-HHR-E.MS.MRG.3IMERG.20260827-S110000-E112959.0660.V07C.30min.tif,0.1,0.2,2.5,2.5,2.5,2.5,30.2,30.700000000000003,56.1,0.1,1.3,1.3,1.3,-1.2000000000000002,2.5,-1.7000000000000002,306.95,13.38,279.29,-0.9868839065636126,0.16143157982793477,23.139499999999998,1.24,18.5,33.45,710.38265,2.4050000000000002,0
2026-08-27 11:59:59+00:00,2026-08-27,11:30:00,11:59:59,2026-08-27T11:59:59+00:00,Rangpo,27.177,88.533,0.0,3B-HHR-E.MS.MRG.3IMERG.20260827-S113000-E115959.0690.V07C.30min.tif,0.0,0.09999999999999978,2.5,2.5,2.5,2.5,30.2,30.700000000000003,55.7,0.1,1.3,1.3,1.3,-0.10000000000000023,2.5,1.8999999999999997,306.95,13.38,279.29,-0.9868839065636126,0.16143157982793477,23.139499999999998,1.24,18.5,33.45,710.38265,2.4050000000000002,1
2026-08-27 12:29:59+00:00,2026-08-27,12:00:00,12:29:59,2026-08-27T12:29:59+00:00,Rangpo,27.177,88.533,0.0,3B-HHR-E.MS.MRG.3IMERG.20260827-S120000-E122959.0720.V07C.30min.tif,0.0,0.0,1.6,2.5,2.5,2.5,30.1,30.700000000000003,55.6,0.0,1.3,1.3,1.3,-0.2,0.7000000000000001,1.0000000000000002,306.95,13.38,279.29,-0.9868839065636126,0.16143157982793477,23.139499999999998,1.24,18.5,33.45,710.38265,2.4050000000000002,1
2026-08-27 12:59:59+00:00,2026-08-27,12:30:00,12:59:59,2026-08-27T12:59:59+00:00,Rangpo,27.177,88.533,0.0,3B-HHR-E.MS.MRG.3IMERG.20260827-S123000-E125959.0750.V07C.30min.tif,0.0,0.0,0.2999999999999998,2.5,2.5,2.5,29.9,30.700000000000003,55.50000000000001,0.0,0.1,1.3,1.3,-0.09999999999999978,-1.9000000000000004,4.440892098500626e-16,306.95,13.38,279.29,-0.9868839065636126,0.16143157982793477,23.139499999999998,1.24,18.5,33.45,710.38265,0.18500000000000003,1
2026-08-27 13:29:59+00:00,2026-08-27,13:00:00,13:29:59,2026-08-27T13:29:59+00:00,Rangpo,27.177,88.533,0.0,3B-HHR-E.MS.MRG.3IMERG.20260827-S130000-E132959.0780.V07C.30min.tif,0.0,0.0,0.1999999999999998,2.5,2.5,2.5,29.9,30.700000000000003,55.400000000000006,0.0,0.1,1.3,1.3,0.0,-2.1,0.2,306.95,13.38,279.29,-0.9868839065636126,0.16143157982793477,23.139499999999998,1.24,18.5,33.45,710.38265,0.18500000000000003,1
2026-08-27 13:59:59+00:00,2026-08-27,13:30:00,13:59:59,2026-08-27T13:59:59+00:00,Rangpo,27.177,88.533,0.0,3B-HHR-E.MS.MRG.3IMERG.20260827-S133000-E135959.0810.V07C.30min.tif,0.0,0.0,0.09999999999999978,2.5,2.5,2.5,29.9,30.700000000000003,55.400000000000006,0.0,0.1,1.3,1.3,0.0,-2.3000000000000003,0.09999999999999978,306.95,13.38,279.29,-0.9868839065636126,0.16143157982793477,23.139499999999998,1.24,18.5,33.45,710.38265,0.18500000000000003,1
2026-08-27 14:29:59+00:00,2026-08-27,14:00:00,14:29:59,2026-08-27T14:29:59+00:00,Rangpo,27.177,88.533,0.0,3B-HHR-E.MS.MRG.3IMERG.20260827-S140000-E142959.0840.V07C.30min.tif,0.0,0.0,0.0,2.5,2.5,2.5,29.8,30.700000000000003,55.300000000000004,0.0,0.0,1.3,1.3,0.0,-2.5,0.0,306.95,13.38,279.29,-0.9868839065636126,0.16143157982793477,23.139499999999998,1.24,18.5,33.45,710.38265,0.0,1
2026-08-27 15:00:00+00:00,2026-08-27,2026-08-27T14:30:00+00:00,2026-08-27T15:00:00+00:00,2026-08-27T15:00:00+00:00,Rangpo,27.177,88.533,0.0,3B-HHR-E.MS.MRG.3IMERG.20260827-S143000-E145959.0870.V07C.30min.tif,0.0,0.0,0.0,2.5,2.5,2.5,29.6,30.700000000000003,55.2,0.0,0.0,1.3,1.3,0.0,-2.5,0.0,306.95,13.38,279.29,-0.9868839065636126,0.16143157982793477,23.139499999999998,1.24,18.5,33.45,710.38265,0.0,1
2026-08-27 15:30:00+00:00,2026-08-27,2026-08-27T15:00:00+00:00,2026-08-27T15:30:00+00:00,2026-08-27T15:30:00+00:00,Rangpo,27.177,88.533,0.0,3B-HHR-E.MS.MRG.3IMERG.20260827-S150000-E152959.0900.V07C.30min.tif,0.0,0.0,0.0,1.6,2.5,2.5,29.3,30.700000000000003,55.00000000000001,0.0,0.0,1.3,1.3,0.0,-1.6,0.0,306.95,13.38,279.29,-0.9868839065636126,0.16143157982793477,23.139499999999998,1.24,18.5,33.45,710.38265,0.0,1
2026-08-27 16:00:00+00:00,2026-08-27,2026-08-27T15:30:00+00:00,2026-08-27T16:00:00+00:00,2026-08-27T16:00:00+00:00,Rangpo,27.177,88.533,0.0,3B-HHR-E.MS.MRG.3IMERG.20260827-S153000-E155959.0930.V07C.30min.tif,0.0,0.0,0.0,0.2999999999999998,2.5,2.5,29.2,30.700000000000003,54.900000000000006,0.0,0.0,0.1,1.3,0.0,-0.2999999999999998,0.0,306.95,13.38,279.29,-0.9868839065636126,0.16143157982793477,23.139499999999998,1.24,18.5,33.45,710.38265,0.0,1
2026-08-27 16:30:00+00:00,2026-08-27,2026-08-27T16:00:00+00:00,2026-08-27T16:30:00+00:00,2026-08-27T16:30:00+00:00,Rangpo,27.177,88.533,0.0,3B-HHR-E.MS.MRG.3IMERG.20260827-S160000-E162959.0960.V07C.30min.tif,0.0,0.0,0.0,0.1999999999999998,2.5,2.5,29.2,30.700000000000003,54.800000000000004,0.0,0.0,0.1,1.3,0.0,-0.1999999999999998,0.0,306.95,13.38,279.29,-0.9868839065636126,0.16143157982793477,23.139499999999998,1.24,18.5,33.45,710.38265,0.0,1
2026-08-27 17:00:00+00:00,2026-08-27,2026-08-27T16:30:00+00:00,2026-08-27T17:00:00+00:00,2026-08-27T17:00:00+00:00,Rangpo,27.177,88.533,0.0,3B-HHR-E.MS.MRG.3IMERG.20260827-S163000-E165959.0990.V07C.30min.tif,0.0,0.0,0.0,0.09999999999999978,2.5,2.5,29.2,30.700000000000003,54.800000000000004,0.0,0.0,0.1,1.3,0.0,-0.09999999999999978,0.0,306.95,13.38,279.29,-0.9868839065636126,0.16143157982793477,23.139499999999998,1.24,18.5,33.45,710.38265,0.0,1
2026-08-27 17:30:00+00:00,2026-08-27,2026-08-27T17:00:00+00:00,2026-08-27T17:30:00+00:00,2026-08-27T17:30:00+00:00,Rangpo,27.177,88.533,0.0,3B-HHR-E.MS.MRG.3IMERG.20260827-S170000-E172959.1020.V07C.30min.tif,0.0,0.0,0.0,0.0,2.5,2.5,28.5,30.700000000000003,54.800000000000004,0.0,0.0,0.0,1.3,0.0,0.0,0.0,306.95,13.38,279.29,-0.9868839065636126,0.16143157982793477,23.139499999999998,1.24,18.5,33.45,710.38265,0.0,1
2026-08-27 18:00:00+00:00,2026-08-27,2026-08-27T17:30:00+00:00,2026-08-27T18:00:00+00:00,2026-08-27T18:00:00+00:00,Rangpo,27.177,88.533,0.0,3B-HHR-E.MS.MRG.3IMERG.20260827-S173000-E175959.1050.V07C.30min.tif,0.0,0.0,0.0,0.0,2.5,2.5,27.8,30.700000000000003,54.800000000000004,0.0,0.0,0.0,1.3,0.0,0.0,0.0,306.95,13.38,279.29,-0.9868839065636126,0.16143157982793477,23.139499999999998,1.24,18.5,33.45,710.38265,0.0,1
2026-08-27 18:30:00+00:00,2026-08-27,2026-08-27T18:00:00+00:00,2026-08-27T18:30:00+00:00,2026-08-27T18:30:00+00:00,Rangpo,27.177,88.533,0.0,3B-HHR-E.MS.MRG.3IMERG.20260827-S180000-E182959.1080.V07C.30min.tif,0.0,0.0,0.0,0.0,2.5,2.5,27.7,30.700000000000003,54.800000000000004,0.0,0.0,0.0,1.3,0.0,0.0,0.0,306.95,13.38,279.29,-0.9868839065636126,0.16143157982793477,23.139499999999998,1.24,18.5,33.45,710.38265,0.0,1
2026-08-27 19:00:00+00:00,2026-08-27,2026-08-27T18:30:00+00:00,2026-08-27T19:00:00+00:00,2026-08-27T19:00:00+00:00,Rangpo,27.177,88.533,0.0,3B-HHR-E.MS.MRG.3IMERG.20260827-S183000-E185959.1110.V07C.30min.tif,0.0,0.0,0.0,0.0,2.5,2.5,27.6,30.700000000000003,54.800000000000004,0.0,0.0,0.0,1.3,0.0,0.0,0.0,306.95,13.38,279.29,-0.9868839065636126,0.16143157982793477,23.139499999999998,1.24,18.5,33.45,710.38265,0.0,1
2026-08-27 19:30:00+00:00,2026-08-27,2026-08-27T19:00:00+00:00,2026-08-27T19:30:00+00:00,2026-08-27T19:30:00+00:00,Rangpo,27.177,88.533,0.0,3B-HHR-E.MS.MRG.3IMERG.20260827-S190000-E192959.1140.V07C.30min.tif,0.0,0.0,0.0,0.0,2.5,2.5,26.9,30.700000000000003,54.300000000000004,0.0,0.0,0.0,1.3,0.0,0.0,0.0,306.95,13.38,279.29,-0.9868839065636126,0.16143157982793477,23.139499999999998,1.24,18.5,33.45,710.38265,0.0,1
2026-08-27 20:00:00+00:00,2026-08-27,2026-08-27T19:30:00+00:00,2026-08-27T20:00:00+00:00,2026-08-27T20:00:00+00:00,Rangpo,27.177,88.533,0.1,3B-HHR-E.MS.MRG.3IMERG.20260827-S193000-E195959.1170.V07C.30min.tif,0.1,0.09999999999999978,0.09999999999999978,0.09999999999999978,2.6,2.6,26.8,30.8,53.9,0.1,0.1,0.1,1.3,0.09999999999999978,0.09999999999999978,0.09999999999999978,306.95,13.38,279.29,-0.9868839065636126,0.16143157982793477,23.139499999999998,1.24,18.5,34.788000000000004,712.6966,0.18500000000000003,1
2026-08-27 20:30:00+00:00,2026-08-27,2026-08-27T20:00:00+00:00,2026-08-27T20:30:00+00:00,2026-08-27T20:30:00+00:00,Rangpo,27.177,88.533,0.1,3B-HHR-E.MS.MRG.3IMERG.20260827-S200000-E202959.1200.V07C.30min.tif,0.1,0.2,0.1999999999999998,0.1999999999999998,2.7,2.7,26.8,30.900000000000002,53.8,0.1,0.1,0.1,1.3,0.2,0.1999999999999998,0.2,306.95,13.38,279.29,-0.9868839065636126,0.16143157982793477,23.139499999999998,1.24,18.5,36.126000000000005,715.01055,0.18500000000000003,1
2026-08-27 21:00:00+00:00,2026-08-27,2026-08-27T20:30:00+00:00,2026-08-27T21:00:00+00:00,2026-08-27T21:00:00+00:00,Rangpo,27.177,88.533,0.0,3B-HHR-E.MS.MRG.3IMERG.20260827-S203000-E205959.1230.V07C.30min.tif,0.0,0.09999999999999978,0.1999999999999998,0.1999999999999998,2.7,2.7,26.7,30.900000000000002,53.7,0.1,0.1,0.1,1.3,0.0,0.1999999999999998,-0.09999999999999978,306.95,13.38,279.29,-0.9868839065636126,0.16143157982793477,23.139499999999998,1.24,18.5,36.126000000000005,715.01055,0.18500000000000003,0
2026-08-27 21:30:00+00:00,2026-08-27,2026-08-27T21:00:00+00:00,2026-08-27T21:30:00+00:00,2026-08-27T21:30:00+00:00,Rangpo,27.177,88.533,0.0,3B-HHR-E.MS.MRG.3IMERG.20260827-S210000-E212959.1260.V07C.30min.tif,0.0,0.0,0.1999999999999998,0.1999999999999998,1.8,2.7,26.5,30.900000000000002,53.6,0.0,0.1,0.1,1.3,-0.2,0.1999999999999998,-0.4,306.95,13.38,279.29,-0.9868839065636126,0.16143157982793477,23.139499999999998,1.24,18.5,36.126000000000005,715.01055,0.18500000000000003,0
2026-08-27 22:00:00+00:00,2026-08-27,2026-08-27T21:30:00+00:00,2026-08-27T22:00:00+00:00,2026-08-27T22:00:00+00:00,Rangpo,27.177,88.533,0.0,3B-HHR-E.MS.MRG.3IMERG.20260827-S213000-E215959.1290.V07C.30min.tif,0.0,0.0,0.1999999999999998,0.1999999999999998,0.4999999999999998,2.7,26.2,30.900000000000002,53.6,0.0,0.1,0.1,1.3,-0.09999999999999978,0.1999999999999998,-0.09999999999999978,306.95,13.38,279.29,-0.9868839065636126,0.16143157982793477,23.139499999999998,1.24,18.5,36.126000000000005,715.01055,0.18500000000000003,0
2026-08-27 22:30:00+00:00,2026-08-27,2026-08-27T22:00:00+00:00,2026-08-27T22:30:00+00:00,2026-08-27T22:30:00+00:00,Rangpo,27.177,88.533,0.0,3B-HHR-E.MS.MRG.3IMERG.20260827-S220000-E222959.1320.V07C.30min.tif,0.0,0.0,0.1999999999999998,0.1999999999999998,0.3999999999999998,2.7,25.7,30.900000000000002,53.6,0.0,0.1,0.1,1.3,0.0,0.1999999999999998,0.2,306.95,13.38,279.29,-0.9868839065636126,0.16143157982793477,23.139499999999998,1.24,18.5,36.126000000000005,715.01055,0.18500000000000003,1
2026-08-27 23:00:00+00:00,2026-08-27,2026-08-27T22:30:00+00:00,2026-08-27T23:00:00+00:00,2026-08-27T23:00:00+00:00,Rangpo,27.177,88.533,0.0,3B-HHR-E.MS.MRG.3IMERG.20260827-S223000-E225959.1350.V07C.30min.tif,0.0,0.0,0.09999999999999978,0.1999999999999998,0.2999999999999998,2.7,25.2,30.900000000000002,53.6,0.0,0.1,0.1,1.3,0.0,0.0,0.09999999999999978,306.95,13.38,279.29,-0.9868839065636126,0.16143157982793477,23.139499999999998,1.24,18.5,36.126000000000005,715.01055,0.18500000000000003,1
2026-08-27 23:30:00+00:00,2026-08-27,2026-08-27T23:00:00+00:00,2026-08-27T23:30:00+00:00,2026-08-27T23:30:00+00:00,Rangpo,27.177,88.533,0.0,3B-HHR-E.MS.MRG.3IMERG.20260827-S230000-E232959.1380.V07C.30min.tif,0.0,0.0,0.0,0.1999999999999998,0.1999999999999998,2.7,24.3,30.900000000000002,53.6,0.0,0.0,0.1,1.3,0.0,-0.1999999999999998,0.0,306.95,13.38,279.29,-0.9868839065636126,0.16143157982793477,23.139499999999998,1.24,18.5,36.126000000000005,715.01055,0.0,0
2026-08-28 00:00:00+00:00,2026-08-27,2026-08-27T23:30:00+00:00,2026-08-28T00:00:00+00:00,2026-08-28T00:00:00+00:00,Rangpo,27.177,88.533,0.0,3B-HHR-E.MS.MRG.3IMERG.20260827-S233000-E235959.1410.V07C.30min.tif,0.0,0.0,0.0,0.1999999999999998,0.1999999999999998,2.7,22.5,30.900000000000002,53.6,0.0,0.0,0.1,1.3,0.0,-0.1999999999999998,0.0,306.95,13.38,279.29,-0.9868839065636126,0.16143157982793477,23.139499999999998,1.24,18.5,36.126000000000005,715.01055,0.0,0
2026-08-28 00:30:00+00:00,2026-08-28,2026-08-28T00:00:00+00:00,2026-08-28T00:30:00+00:00,2026-08-28T00:30:00+00:00,Rangpo,27.177,88.533,0.0,3B-HHR-E.MS.MRG.3IMERG.20260828-S000000-E002959.0000.V07C.30min.tif,0.0,0.0,0.0,0.1999999999999998,0.1999999999999998,2.7,20.7,30.900000000000002,53.6,0.0,0.0,0.1,1.3,0.0,-0.1999999999999998,0.0,306.95,13.38,279.29,-0.9868839065636126,0.16143157982793477,23.139499999999998,1.24,18.5,36.126000000000005,715.01055,0.0,0
2026-08-28 01:00:00+00:00,2026-08-28,2026-08-28T00:30:00+00:00,2026-08-28T01:00:00+00:00,2026-08-28T01:00:00+00:00,Rangpo,27.177,88.533,0.0,3B-HHR-E.MS.MRG.3IMERG.20260828-S003000-E005959.0030.V07C.30min.tif,0.0,0.0,0.0,0.1999999999999998,0.1999999999999998,2.7,19.2,30.900000000000002,53.6,0.0,0.0,0.1,1.3,0.0,-0.1999999999999998,0.0,306.95,13.38,279.29,-0.9868839065636126,0.16143157982793477,23.139499999999998,1.24,18.5,36.126000000000005,715.01055,0.0,0
2026-08-28 01:30:00+00:00,2026-08-28,2026-08-28T01:00:00+00:00,2026-08-28T01:30:00+00:00,2026-08-28T01:30:00+00:00,Rangpo,27.177,88.533,0.0,3B-HHR-E.MS.MRG.3IMERG.20260828-S010000-E012959.0060.V07C.30min.tif,0.0,0.0,0.0,0.1999999999999998,0.1999999999999998,2.7,17.7,30.900000000000002,53.6,0.0,0.0,0.1,1.3,0.0,-0.1999999999999998,0.0,306.95,13.38,279.29,-0.9868839065636126,0.16143157982793477,23.139499999999998,1.24,18.5,36.126000000000005,715.01055,0.0,0
2026-08-28 02:00:00+00:00,2026-08-28,2026-08-28T01:30:00+00:00,2026-08-28T02:00:00+00:00,2026-08-28T02:00:00+00:00,Rangpo,27.177,88.533,0.0,3B-HHR-E.MS.MRG.3IMERG.20260828-S013000-E015959.0090.V07C.30min.tif,0.0,0.0,0.0,0.09999999999999978,0.1999999999999998,2.7,16.7,30.900000000000002,53.6,0.0,0.0,0.1,1.3,0.0,-0.09999999999999978,0.0,306.95,13.38,279.29,-0.9868839065636126,0.16143157982793477,23.139499999999998,1.24,18.5,36.126000000000005,715.01055,0.0,0
2026-08-28 02:30:00+00:00,2026-08-28,2026-08-28T02:00:00+00:00,2026-08-28T02:30:00+00:00,2026-08-28T02:30:00+00:00,Rangpo,27.177,88.533,0.0,3B-HHR-E.MS.MRG.3IMERG.20260828-S020000-E022959.0120.V07C.30min.tif,0.0,0.0,0.0,0.0,0.1999999999999998,2.7,16.099999999999998,30.900000000000002,53.6,0.0,0.0,0.0,1.3,0.0,0.0,0.0,306.95,13.38,279.29,-0.9868839065636126,0.16143157982793477,23.139499999999998,1.24,18.5,36.126000000000005,715.01055,0.0,0
2026-08-28 03:00:00+00:00,2026-08-28,2026-08-28T02:30:00+00:00,2026-08-28T03:00:00+00:00,2026-08-28T03:00:00+00:00,Rangpo,27.177,88.533,0.0,3B-HHR-E.MS.MRG.3IMERG.20260828-S023000-E025959.0150.V07C.30min.tif,0.0,0.0,0.0,0.0,0.1999999999999998,2.7,14.700000000000001,30.900000000000002,53.6,0.0,0.0,0.0,1.3,0.0,0.0,0.0,306.95,13.38,279.29,-0.9868839065636126,0.16143157982793477,23.139499999999998,1.24,18.5,36.126000000000005,715.01055,0.0,0
2026-08-28 03:30:00+00:00,2026-08-28,2026-08-28T03:00:00+00:00,2026-08-28T03:30:00+00:00,2026-08-28T03:30:00+00:00,Rangpo,27.177,88.533,0.0,3B-HHR-E.MS.MRG.3IMERG.20260828-S030000-E032959.0180.V07C.30min.tif,0.0,0.0,0.0,0.0,0.1999999999999998,2.7,13.100000000000001,30.900000000000002,53.6,0.0,0.0,0.0,1.3,0.0,0.0,0.0,306.95,13.38,279.29,-0.9868839065636126,0.16143157982793477,23.139499999999998,1.24,18.5,36.126000000000005,715.01055,0.0,0
2026-08-28 04:00:00+00:00,2026-08-28,2026-08-28T03:30:00+00:00,2026-08-28T04:00:00+00:00,2026-08-28T04:00:00+00:00,Rangpo,27.177,88.533,0.0,3B-HHR-E.MS.MRG.3IMERG.20260828-S033000-E035959.0210.V07C.30min.tif,0.0,0.0,0.0,0.0,0.1999999999999998,2.7,11.600000000000001,30.900000000000002,53.6,0.0,0.0,0.0,1.3,0.0,0.0,0.0,306.95,13.38,279.29,-0.9868839065636126,0.16143157982793477,23.139499999999998,1.24,18.5,36.126000000000005,715.01055,0.0,0
2026-08-28 04:30:00+00:00,2026-08-28,2026-08-28T04:00:00+00:00,2026-08-28T04:30:00+00:00,2026-08-28T04:30:00+00:00,Rangpo,27.177,88.533,0.0,3B-HHR-E.MS.MRG.3IMERG.20260828-S040000-E042959.0240.V07C.30min.tif,0.0,0.0,0.0,0.0,0.1999999999999998,2.7,10.700000000000001,30.900000000000002,53.6,0.0,0.0,0.0,1.3,0.0,0.0,0.0,306.95,13.38,279.29,-0.9868839065636126,0.16143157982793477,23.139499999999998,1.24,18.5,36.126000000000005,715.01055,0.0,0
2026-08-28 05:00:00+00:00,2026-08-28,2026-08-28T04:30:00+00:00,2026-08-28T05:00:00+00:00,2026-08-28T05:00:00+00:00,Rangpo,27.177,88.533,0.0,3B-HHR-E.MS.MRG.3IMERG.20260828-S043000-E045959.0270.V07C.30min.tif,0.0,0.0,0.0,0.0,0.1999999999999998,2.7,10.000000000000002,30.900000000000002,53.6,0.0,0.0,0.0,1.3,0.0,0.0,0.0,306.95,13.38,279.29,-0.9868839065636126,0.16143157982793477,23.139499999999998,1.24,18.5,36.126000000000005,715.01055,0.0,0
2026-08-28 05:30:00+00:00,2026-08-28,2026-08-28T05:00:00+00:00,2026-08-28T05:30:00+00:00,2026-08-28T05:30:00+00:00,Rangpo,27.177,88.533,0.0,3B-HHR-E.MS.MRG.3IMERG.20260828-S050000-E052959.0300.V07C.30min.tif,0.0,0.0,0.0,0.0,0.1999999999999998,2.7,6.8,30.900000000000002,53.6,0.0,0.0,0.0,1.3,0.0,0.0,0.0,306.95,13.38,279.29,-0.9868839065636126,0.16143157982793477,23.139499999999998,1.24,18.5,36.126000000000005,715.01055,0.0,0
2026-08-28 06:00:00+00:00,2026-08-28,2026-08-28T05:30:00+00:00,2026-08-28T06:00:00+00:00,2026-08-28T06:00:00+00:00,Rangpo,27.177,88.533,0.0,3B-HHR-E.MS.MRG.3IMERG.20260828-S053000-E055959.0330.V07C.30min.tif,0.0,0.0,0.0,0.0,0.1999999999999998,2.7,3.6,30.900000000000002,53.6,0.0,0.0,0.0,1.3,0.0,0.0,0.0,306.95,13.38,279.29,-0.9868839065636126,0.16143157982793477,23.139499999999998,1.24,18.5,36.126000000000005,715.01055,0.0,0
2026-08-28 06:30:00+00:00,2026-08-28,2026-08-28T06:00:00+00:00,2026-08-28T06:30:00+00:00,2026-08-28T06:30:00+00:00,Rangpo,27.177,88.533,0.0,3B-HHR-E.MS.MRG.3IMERG.20260828-S060000-E062959.0360.V07C.30min.tif,0.0,0.0,0.0,0.0,0.1999999999999998,2.7,3.5,30.900000000000002,53.6,0.0,0.0,0.0,1.3,0.0,0.0,0.0,306.95,13.38,279.29,-0.9868839065636126,0.16143157982793477,23.139499999999998,1.24,18.5,36.126000000000005,715.01055,0.0,0
2026-08-28 07:00:00+00:00,2026-08-28,2026-08-28T06:30:00+00:00,2026-08-28T07:00:00+00:00,2026-08-28T07:00:00+00:00,Rangpo,27.177,88.533,0.1,3B-HHR-E.MS.MRG.3IMERG.20260828-S063000-E065959.0390.V07C.30min.tif,0.1,0.09999999999999978,0.09999999999999978,0.09999999999999978,0.2999999999999998,2.8,3.4000000000000004,31.0,53.7,0.1,0.1,0.1,1.3,0.09999999999999978,0.09999999999999978,0.09999999999999978,306.95,13.38,279.29,-0.9868839065636126,0.16143157982793477,23.139499999999998,1.24,18.5,37.464,717.3245,0.18500000000000003,0
2026-08-28 07:30:00+00:00,2026-08-28,2026-08-28T07:00:00+00:00,2026-08-28T07:30:00+00:00,2026-08-28T07:30:00+00:00,Rangpo,27.177,88.533,0.1,3B-HHR-E.MS.MRG.3IMERG.20260828-S070000-E072959.0420.V07C.30min.tif,0.1,0.2,0.1999999999999998,0.1999999999999998,0.3999999999999998,2.9,3.1,31.0,53.7,0.1,0.1,0.1,1.3,0.2,0.1999999999999998,0.2,306.95,13.38,279.29,-0.9868839065636126,0.16143157982793477,23.139499999999998,1.24,18.5,38.802,717.3245,0.18500000000000003,0
2026-08-28 08:00:00+00:00,2026-08-28,2026-08-28T07:30:00+00:00,2026-08-28T08:00:00+00:00,2026-08-28T08:00:00+00:00,Rangpo,27.177,88.533,0.1,3B-HHR-E.MS.MRG.3IMERG.20260828-S073000-E075959.0450.V07C.30min.tif,0.1,0.2,0.2999999999999998,0.2999999999999998,0.3999999999999998,3.0,3.0999999999999996,31.000000000000004,53.7,0.1,0.1,0.1,1.3,0.10000000000000023,0.2999999999999998,4.440892098500626e-16,306.95,13.38,279.29,-0.9868839065636126,0.16143157982793477,23.139499999999998,1.24,18.5,40.14,717.3245000000001,0.18500000000000003,0
2026-08-28 08:30:00+00:00,2026-08-28,2026-08-28T08:00:00+00:00,2026-08-28T08:30:00+00:00,2026-08-28T08:30:00+00:00,Rangpo,27.177,88.533,0.1,3B-HHR-E.MS.MRG.3IMERG.20260828-S080000-E082959.0480.V07C.30min.tif,0.1,0.2,0.3999999999999998,0.3999999999999998,0.3999999999999998,3.1,3.1,31.0,53.8,0.1,0.1,0.1,1.3,0.0,0.3999999999999998,-0.2,306.95,13.38,279.29,-0.9868839065636126,0.16143157982793477,23.139499999999998,1.24,18.5,41.478,717.3245,0.18500000000000003,0
2026-08-28 09:00:00+00:00,2026-08-28,2026-08-28T08:30:00+00:00,2026-08-28T09:00:00+00:00,2026-08-28T09:00:00+00:00,Rangpo,27.177,88.533,0.0,3B-HHR-E.MS.MRG.3IMERG.20260828-S083000-E085959.0510.V07C.30min.tif,0.0,0.09999999999999978,0.3999999999999998,0.3999999999999998,0.3999999999999998,3.1,3.1,31.0,53.8,0.1,0.1,0.1,1.3,-0.10000000000000023,0.3999999999999998,-0.20000000000000046,306.95,13.38,279.29,-0.9868839065636126,0.16143157982793477,23.139499999999998,1.24,18.5,41.478,717.3245,0.18500000000000003,0
2026-08-28 09:30:00+00:00,2026-08-28,2026-08-28T09:00:00+00:00,2026-08-28T09:30:00+00:00,2026-08-28T09:30:00+00:00,Rangpo,27.177,88.533,0.3,3B-HHR-E.MS.MRG.3IMERG.20260828-S090000-E092959.0540.V07C.30min.tif,0.3,0.29999999999999977,0.6999999999999997,0.6999999999999997,0.6999999999999997,2.5,3.4000000000000004,31.3,54.1,0.3,0.3,0.3,1.3,0.09999999999999976,0.6999999999999997,0.09999999999999976,306.95,13.38,279.29,-0.9868839065636126,0.16143157982793477,23.139499999999998,1.24,18.5,33.45,724.26635,0.555,0
2026-08-28 10:00:00+00:00,2026-08-28,2026-08-28T09:30:00+00:00,2026-08-28T10:00:00+00:00,2026-08-28T10:00:00+00:00,Rangpo,27.177,88.533,0.5,3B-HHR-E.MS.MRG.3IMERG.20260828-S093000-E095959.0570.V07C.30min.tif,0.5,0.7999999999999998,1.0999999999999996,1.1999999999999997,1.1999999999999997,1.6999999999999997,3.9000000000000004,31.8,54.6,0.5,0.5,0.5,0.5,0.7000000000000001,0.9999999999999999,0.8000000000000003,306.95,13.38,279.29,-0.9868839065636126,0.16143157982793477,23.139499999999998,1.24,18.5,22.746,735.8361,0.925,0
2026-08-28 10:30:00+00:00,2026-08-28,2026-08-28T10:00:00+00:00,2026-08-28T10:30:00+00:00,2026-08-28T10:30:00+00:00,Rangpo,27.177,88.533,0.3,3B-HHR-E.MS.MRG.3IMERG.20260828-S100000-E102959.0600.V07C.30min.tif,0.3,0.7999999999999998,1.2999999999999996,1.4999999999999998,1.4999999999999998,1.8999999999999997,4.2,32.1,54.2,0.5,0.5,0.5,0.5,0.5,1.0999999999999999,0.40000000000000024,306.95,13.38,279.29,-0.9868839065636126,0.16143157982793477,23.139499999999998,1.24,18.5,25.421999999999997,742.7779499999999,0.925,0
2026-08-28 11:00:00+00:00,2026-08-28,2026-08-28T10:30:00+00:00,2026-08-28T11:00:00+00:00,2026-08-28T11:00:00+00:00,Rangpo,27.177,88.533,0.3,3B-HHR-E.MS.MRG.3IMERG.20260828-S103000-E105959.0630.V07C.30min.tif,0.3,0.6,1.4999999999999998,1.7999999999999998,1.7999999999999998,2.0999999999999996,4.5,32.3,53.800000000000004,0.3,0.5,0.5,0.5,-0.19999999999999984,1.2,-0.8999999999999999,306.95,13.38,279.29,-0.9868839065636126,0.16143157982793477,23.139499999999998,1.24,18.5,28.097999999999995,747.4058499999999,0.925,0
2026-08-28 11:30:00+00:00,2026-08-28,2026-08-28T11:00:00+00:00,2026-08-28T11:30:00+00:00,2026-08-28T11:30:00+00:00,Rangpo,27.177,88.533,0.6,3B-HHR-E.MS.MRG.3IMERG.20260828-S110000-E112959.0660.V07C.30min.tif,0.6,0.8999999999999997,1.9999999999999996,2.3999999999999995,2.3999999999999995,2.5999999999999996,5.1000000000000005,32.8,54.3,0.6,0.6,0.6,0.6,0.09999999999999987,1.5999999999999996,-0.40000000000000013,306.95,13.38,279.29,-0.9868839065636126,0.16143157982793477,23.139499999999998,1.24,18.5,34.788,758.9755999999999,1.11,0
2026-08-28 12:00:00+00:00,2026-08-28,2026-08-28T11:30:00+00:00,2026-08-28T12:00:00+00:00,2026-08-28T12:00:00+00:00,Rangpo,27.177,88.533,0.4,3B-HHR-E.MS.MRG.3IMERG.20260828-S113000-E115959.0690.V07C.30min.tif,0.4,0.9999999999999997,2.3999999999999995,2.8,2.8,3.0,5.5,33.199999999999996,54.6,0.6,0.6,0.6,0.6,0.3999999999999997,1.9999999999999996,0.5999999999999995,306.95,13.38,279.29,-0.9868839065636126,0.16143157982793477,23.139499999999998,1.24,18.5,40.14,768.2313999999999,1.11,0
2026-08-28 12:30:00+00:00,2026-08-28,2026-08-28T12:00:00+00:00,2026-08-28T12:30:00+00:00,2026-08-28T12:30:00+00:00,Rangpo,27.177,88.533,0.2,3B-HHR-E.MS.MRG.3IMERG.20260828-S120000-E122959.0720.V07C.30min.tif,0.2,0.5999999999999999,2.3,2.9999999999999996,2.9999999999999996,3.1999999999999997,5.7,33.300000000000004,54.8,0.4,0.6,0.6,0.6,-0.2999999999999998,1.6,-0.3999999999999997,306.95,13.38,279.29,-0.9868839065636126,0.16143157982793477,23.139499999999998,1.24,18.5,42.815999999999995,770.54535,1.11,0
2026-08-28 13:00:00+00:00,2026-08-28,2026-08-28T12:30:00+00:00,2026-08-28T13:00:00+00:00,2026-08-28T13:00:00+00:00,Rangpo,27.177,88.533,0.2,3B-HHR-E.MS.MRG.3IMERG.20260828-S123000-E125959.0750.V07C.30min.tif,0.2,0.4,1.9999999999999996,3.0999999999999996,3.1999999999999997,3.4,5.9,33.3,55.0,0.2,0.6,0.6,0.6,-0.5999999999999996,0.8999999999999999,-0.9999999999999993,306.95,13.38,279.29,-0.9868839065636126,0.16143157982793477,23.139499999999998,1.24,18.5,45.492000000000004,770.5453499999999,1.11,0
2026-08-28 13:30:00+00:00,2026-08-28,2026-08-28T13:00:00+00:00,2026-08-28T13:30:00+00:00,2026-08-28T13:30:00+00:00,Rangpo,27.177,88.533,0.1,3B-HHR-E.MS.MRG.3IMERG.20260828-S130000-E132959.0780.V07C.30min.tif,0.1,0.2999999999999998,1.7999999999999996,3.0999999999999996,3.3,3.5,6.0,33.4,55.00000000000001,0.2,0.6,0.6,0.6,-0.30000000000000004,0.5,-2.220446049250313e-16,306.95,13.38,279.29,-0.9868839065636126,0.16143157982793477,23.139499999999998,1.24,18.5,46.830000000000005,772.8593,1.11,0
2026-08-28 14:00:00+00:00,2026-08-28,2026-08-28T13:30:00+00:00,2026-08-28T14:00:00+00:00,2026-08-28T14:00:00+00:00,Rangpo,27.177,88.533,0.1,3B-HHR-E.MS.MRG.3IMERG.20260828-S133000-E135959.0810.V07C.30min.tif,0.1,0.2,1.5999999999999996,3.1,3.4,3.5999999999999996,6.1000000000000005,33.5,55.0,0.1,0.6,0.6,0.6,-0.2,0.09999999999999987,0.39999999999999963,306.95,13.38,279.29,-0.9868839065636126,0.16143157982793477,23.139499999999998,1.24,18.5,48.168,775.1732499999999,1.11,0
2026-08-28 14:30:00+00:00,2026-08-28,2026-08-28T14:00:00+00:00,2026-08-28T14:30:00+00:00,2026-08-28T14:30:00+00:00,Rangpo,27.177,88.533,0.0,3B-HHR-E.MS.MRG.3IMERG.20260828-S140000-E142959.0840.V07C.30min.tif,0.0,0.09999999999999978,0.9999999999999998,3.0,3.4,3.5999999999999996,6.1000000000000005,33.4,55.0,0.1,0.4,0.6,0.6,-0.20000000000000004,-0.9999999999999998,0.1,306.95,13.38,279.29,-0.9868839065636126,0.16143157982793477,23.139499999999998,1.24,18.5,48.168,772.8593,0.7400000000000001,0
2026-08-28 15:00:00+00:00,2026-08-28,2026-08-28T14:30:00+00:00,2026-08-28T15:00:00+00:00,2026-08-28T15:00:00+00:00,Rangpo,27.177,88.533,0.0,3B-HHR-E.MS.MRG.3IMERG.20260828-S143000-E145959.0870.V07C.30min.tif,0.0,0.0,0.5999999999999996,3.0,3.4,3.5999999999999996,6.1000000000000005,33.2,55.0,0.0,0.2,0.6,0.6,-0.2,-1.7999999999999998,0.0,306.95,13.38,279.29,-0.9868839065636126,0.16143157982793477,23.139499999999998,1.24,18.5,48.168,768.2314,0.37000000000000005,0
2026-08-28 15:30:00+00:00,2026-08-28,2026-08-28T15:00:00+00:00,2026-08-28T15:30:00+00:00,2026-08-28T15:30:00+00:00,Rangpo,27.177,88.533,0.6,3B-HHR-E.MS.MRG.3IMERG.20260828-S150000-E152959.0900.V07C.30min.tif,0.6,0.5999999999999998,0.9999999999999998,3.3,4.0,4.199999999999999,6.7,33.5,55.6,0.6,0.6,0.6,0.6,0.5,-1.3,0.7000000000000001,306.95,13.38,279.29,-0.9868839065636126,0.16143157982793477,23.139499999999998,1.24,18.5,56.19599999999999,775.1732499999999,1.11,0
2026-08-28 16:00:00+00:00,2026-08-28,2026-08-28T15:30:00+00:00,2026-08-28T16:00:00+00:00,2026-08-28T16:00:00+00:00,Rangpo,27.177,88.533,0.6,3B-HHR-E.MS.MRG.3IMERG.20260828-S153000-E155959.0930.V07C.30min.tif,0.6,1.2,1.4,3.3999999999999995,4.6,4.8,7.3,34.0,56.2,0.6,0.6,0.6,0.6,1.2,-0.5999999999999996,1.4,306.95,13.38,279.29,-0.9868839065636126,0.16143157982793477,23.139499999999998,1.24,18.5,64.224,786.7429999999999,1.11,0
2026-08-28 16:30:00+00:00,2026-08-28,2026-08-28T16:00:00+00:00,2026-08-28T16:30:00+00:00,2026-08-28T16:30:00+00:00,Rangpo,27.177,88.533,0.4,3B-HHR-E.MS.MRG.3IMERG.20260828-S160000-E162959.0960.V07C.30min.tif,0.4,0.9999999999999998,1.6999999999999997,3.5,5.0,5.199999999999999,7.7,34.4,56.6,0.6,0.6,0.6,0.6,0.4,-0.09999999999999987,-0.09999999999999998,306.95,13.38,279.29,-0.9868839065636126,0.16143157982793477,23.139499999999998,1.24,18.5,69.576,795.9988,1.11,0
2026-08-28 17:00:00+00:00,2026-08-28,2026-08-28T16:30:00+00:00,2026-08-28T17:00:00+00:00,2026-08-28T17:00:00+00:00,Rangpo,27.177,88.533,0.2,3B-HHR-E.MS.MRG.3IMERG.20260828-S163000-E165959.0990.V07C.30min.tif,0.2,0.5999999999999999,1.7999999999999996,3.4,5.2,5.3999999999999995,7.9,34.599999999999994,56.800000000000004,0.4,0.6,0.6,0.6,-0.6000000000000001,0.19999999999999996,-1.8,306.95,13.38,279.29,-0.9868839065636126,0.16143157982793477,23.139499999999998,1.24,18.5,72.252,800.6266999999998,1.11,0
2026-08-28 17:30:00+00:00,2026-08-28,2026-08-28T17:00:00+00:00,2026-08-28T17:30:00+00:00,2026-08-28T17:30:00+00:00,Rangpo,27.177,88.533,0.0,3B-HHR-E.MS.MRG.3IMERG.20260828-S170000-E172959.1020.V07C.30min.tif,0.0,0.1999999999999998,1.7999999999999998,2.8,5.2,5.3999999999999995,7.9,33.9,56.7,0.2,0.6,0.6,0.6,-0.8,0.8,-1.2000000000000002,306.95,13.38,279.29,-0.9868839065636126,0.16143157982793477,23.139499999999998,1.24,18.5,72.252,784.42905,1.11,0
2026-08-28 18:00:00+00:00,2026-08-28,2026-08-28T17:30:00+00:00,2026-08-28T18:00:00+00:00,2026-08-28T18:00:00+00:00,Rangpo,27.177,88.533,0.0,3B-HHR-E.MS.MRG.3IMERG.20260828-S173000-E175959.1050.V07C.30min.tif,0.0,0.0,1.7999999999999998,2.4,5.2,5.3999999999999995,7.9,33.199999999999996,56.6,0.0,0.6,0.6,0.6,-0.5999999999999999,1.2000000000000002,2.220446049250313e-16,306.95,13.38,279.29,-0.9868839065636126,0.16143157982793477,23.139499999999998,1.24,18.5,72.252,768.2313999999999,1.11,0
2026-08-28 18:30:00+00:00,2026-08-28,2026-08-28T18:00:00+00:00,2026-08-28T18:30:00+00:00,2026-08-28T18:30:00+00:00,Rangpo,27.177,88.533,0.0,3B-HHR-E.MS.MRG.3IMERG.20260828-S180000-E182959.1080.V07C.30min.tif,0.0,0.0,1.1999999999999997,2.1999999999999997,5.2,5.3999999999999995,7.9,33.099999999999994,56.6,0.0,0.6,0.6,0.6,-0.1999999999999998,0.19999999999999996,0.6000000000000003,306.95,13.38,279.29,-0.9868839065636126,0.16143157982793477,23.139499999999998,1.24,18.5,72.252,765.9174499999998,1.11,0
2026-08-28 19:00:00+00:00,2026-08-28,2026-08-28T18:30:00+00:00,2026-08-28T19:00:00+00:00,2026-08-28T19:00:00+00:00,Rangpo,27.177,88.533,0.0,3B-HHR-E.MS.MRG.3IMERG.20260828-S183000-E185959.1110.V07C.30min.tif,0.0,0.0,0.5999999999999999,1.9999999999999998,5.1000000000000005,5.3999999999999995,7.9,33.0,56.6,0.0,0.4,0.6,0.6,0.0,-0.8,0.5999999999999999,306.95,13.38,279.29,-0.9868839065636126,0.16143157982793477,23.139499999999998,1.24,18.5,72.252,763.6034999999999,0.7400000000000001,0
2026-08-28 19:30:00+00:00,2026-08-28,2026-08-28T19:00:00+00:00,2026-08-28T19:30:00+00:00,2026-08-28T19:30:00+00:00,Rangpo,27.177,88.533,0.1,3B-HHR-E.MS.MRG.3IMERG.20260828-S190000-E192959.1140.V07C.30min.tif,0.1,0.09999999999999978,0.2999999999999998,1.9999999999999998,5.1,5.5,8.0,32.4,56.6,0.1,0.2,0.6,0.6,0.09999999999999978,-1.4,0.2999999999999996,306.95,13.38,279.29,-0.9868839065636126,0.16143157982793477,23.139499999999998,1.24,18.5,73.59,749.7198,0.37000000000000005,0
2026-08-28 20:00:00+00:00,2026-08-28,2026-08-28T19:30:00+00:00,2026-08-28T20:00:00+00:00,2026-08-28T20:00:00+00:00,Rangpo,27.177,88.533,0.1,3B-HHR-E.MS.MRG.3IMERG.20260828-S193000-E195959.1170.V07C.30min.tif,0.1,0.2,0.1999999999999998,2.0,5.1,5.5,8.1,32.3,56.6,0.1,0.1,0.6,0.6,0.2,-1.5999999999999999,0.2,306.95,13.38,279.29,-0.9868839065636126,0.16143157982793477,23.139499999999998,1.24,18.5,73.59,747.4058499999999,0.18500000000000003,0
2026-08-28 20:30:00+00:00,2026-08-28,2026-08-28T20:00:00+00:00,2026-08-28T20:30:00+00:00,2026-08-28T20:30:00+00:00,Rangpo,27.177,88.533,0.1,3B-HHR-E.MS.MRG.3IMERG.20260828-S200000-E202959.1200.V07C.30min.tif,0.1,0.2,0.2999999999999998,2.1,5.1,5.5,8.200000000000001,32.300000000000004,56.6,0.1,0.1,0.6,0.6,0.10000000000000023,-1.5,4.440892098500626e-16,306.95,13.38,279.29,-0.9868839065636126,0.16143157982793477,23.139499999999998,1.24,18.5,73.59,747.40585,0.18500000000000003,0
2026-08-28 21:00:00+00:00,2026-08-28,2026-08-28T20:30:00+00:00,2026-08-28T21:00:00+00:00,2026-08-28T21:00:00+00:00,Rangpo,27.177,88.533,0.1,3B-HHR-E.MS.MRG.3IMERG.20260828-S203000-E205959.1230.V07C.30min.tif,0.1,0.2,0.3999999999999998,2.1999999999999997,5.199999999999999,5.6,8.3,32.300000000000004,56.7,0.1,0.1,0.6,0.6,0.0,-1.4,-0.2,306.95,13.38,279.29,-0.9868839065636126,0.16143157982793477,23.139499999999998,1.24,18.5,74.928,747.40585,0.18500000000000003,0
2026-08-28 21:30:00+00:00,2026-08-28,2026-08-28T21:00:00+00:00,2026-08-28T21:30:00+00:00,2026-08-28T21:30:00+00:00,Rangpo,27.177,88.533,0.0,3B-HHR-E.MS.MRG.3IMERG.20260828-S210000-E212959.1260.V07C.30min.tif,0.0,0.09999999999999978,0.3999999999999998,1.5999999999999999,4.8999999999999995,5.6,8.3,32.1,56.7,0.1,0.1,0.6,0.6,-0.10000000000000023,-0.7999999999999999,-0.20000000000000046,306.95,13.38,279.29,-0.9868839065636126,0.16143157982793477,23.139499999999998,1.24,18.5,74.928,742.7779499999999,0.18500000000000003,0
2026-08-28 22:00:00+00:00,2026-08-28,2026-08-28T21:30:00+00:00,2026-08-28T22:00:00+00:00,2026-08-28T22:00:00+00:00,Rangpo,27.177,88.533,0.0,3B-HHR-E.MS.MRG.3IMERG.20260828-S213000-E215959.1290.V07C.30min.tif,0.0,0.0,0.3999999999999998,0.9999999999999998,4.3999999999999995,5.6,8.3,31.8,56.7,0.0,0.1,0.4,0.6,-0.2,-0.20000000000000007,-0.2,306.95,13.38,279.29,-0.9868839065636126,0.16143157982793477,23.139499999999998,1.24,18.5,74.928,735.8361,0.18500000000000003,0
2026-08-28 22:30:00+00:00,2026-08-28,2026-08-28T22:00:00+00:00,2026-08-28T22:30:00+00:00,2026-08-28T22:30:00+00:00,Rangpo,27.177,88.533,0.0,3B-HHR-E.MS.MRG.3IMERG.20260828-S220000-E222959.1320.V07C.30min.tif,0.0,0.0,0.2999999999999998,0.5999999999999999,4.1,5.6,8.3,31.3,56.7,0.0,0.1,0.2,0.6,-0.09999999999999978,0.0,4.440892098500626e-16,306.95,13.38,279.29,-0.9868839065636126,0.16143157982793477,23.139499999999998,1.24,18.5,74.928,724.26635,0.18500000000000003,0
2026-08-28 23:00:00+00:00,2026-08-28,2026-08-28T22:30:00+00:00,2026-08-28T23:00:00+00:00,2026-08-28T23:00:00+00:00,Rangpo,27.177,88.533,0.0,3B-HHR-E.MS.MRG.3IMERG.20260828-S223000-E225959.1350.V07C.30min.tif,0.0,0.0,0.1999999999999998,0.3999999999999998,3.8,5.6,8.3,30.8,56.7,0.0,0.1,0.1,0.6,0.0,0.0,0.2,306.95,13.38,279.29,-0.9868839065636126,0.16143157982793477,23.139499999999998,1.24,18.5,74.928,712.6966,0.18500000000000003,0
2026-08-28 23:30:00+00:00,2026-08-28,2026-08-28T23:00:00+00:00,2026-08-28T23:30:00+00:00,2026-08-28T23:30:00+00:00,Rangpo,27.177,88.533,0.0,3B-HHR-E.MS.MRG.3IMERG.20260828-S230000-E232959.1380.V07C.30min.tif,0.0,0.0,0.09999999999999978,0.3999999999999998,3.1999999999999997,5.6,8.3,29.9,56.7,0.0,0.1,0.1,0.6,0.0,-0.20000000000000004,0.09999999999999978,306.95,13.38,279.29,-0.9868839065636126,0.16143157982793477,23.139499999999998,1.24,18.5,74.928,691.87105,0.18500000000000003,0
2026-08-29 00:00:00+00:00,2026-08-28,2026-08-28T23:30:00+00:00,2026-08-29T00:00:00+00:00,2026-08-29T00:00:00+00:00,Rangpo,27.177,88.533,0.0,3B-HHR-E.MS.MRG.3IMERG.20260828-S233000-E235959.1410.V07C.30min.tif,0.0,0.0,0.0,0.3999999999999998,2.8,5.6,8.3,28.099999999999998,56.7,0.0,0.0,0.1,0.6,0.0,-0.3999999999999998,0.0,306.95,13.38,279.29,-0.9868839065636126,0.16143157982793477,23.139499999999998,1.24,18.5,74.928,650.2199499999999,0.0,0
2026-08-29 00:30:00+00:00,2026-08-29,2026-08-29T00:00:00+00:00,2026-08-29T00:30:00+00:00,2026-08-29T00:30:00+00:00,Rangpo,27.177,88.533,0.0,3B-HHR-E.MS.MRG.3IMERG.20260829-S000000-E002959.0000.V07C.30min.tif,0.0,0.0,0.0,0.3999999999999998,2.5999999999999996,5.6,8.3,26.3,56.7,0.0,0.0,0.1,0.6,0.0,-0.3999999999999998,0.0,306.95,13.38,279.29,-0.9868839065636126,0.16143157982793477,23.139499999999998,1.24,18.5,74.928,608.56885,0.0,0
2026-08-29 01:00:00+00:00,2026-08-29,2026-08-29T00:30:00+00:00,2026-08-29T01:00:00+00:00,2026-08-29T01:00:00+00:00,Rangpo,27.177,88.533,0.0,3B-HHR-E.MS.MRG.3IMERG.20260829-S003000-E005959.0030.V07C.30min.tif,0.0,0.0,0.0,0.3999999999999998,2.3999999999999995,5.6,8.3,24.8,56.7,0.0,0.0,0.1,0.6,0.0,-0.3999999999999998,0.0,306.95,13.38,279.29,-0.9868839065636126,0.16143157982793477,23.139499999999998,1.24,18.5,74.928,573.8596,0.0,0
2026-08-29 01:30:00+00:00,2026-08-29,2026-08-29T01:00:00+00:00,2026-08-29T01:30:00+00:00,2026-08-29T01:30:00+00:00,Rangpo,27.177,88.533,0.0,3B-HHR-E.MS.MRG.3IMERG.20260829-S010000-E012959.0060.V07C.30min.tif,0.0,0.0,0.0,0.2999999999999998,2.3,5.6,8.3,23.3,56.7,0.0,0.0,0.1,0.6,0.0,-0.2999999999999998,0.0,306.95,13.38,279.29,-0.9868839065636126,0.16143157982793477,23.139499999999998,1.24,18.5,74.928,539.15035,0.0,0
2026-08-29 02:00:00+00:00,2026-08-29,2026-08-29T01:30:00+00:00,2026-08-29T02:00:00+00:00,2026-08-29T02:00:00+00:00,Rangpo,27.177,88.533,0.0,3B-HHR-E.MS.MRG.3IMERG.20260829-S013000-E015959.0090.V07C.30min.tif,0.0,0.0,0.0,0.1999999999999998,2.1999999999999997,5.6,8.3,22.3,56.7,0.0,0.0,0.1,0.6,0.0,-0.1999999999999998,0.0,306.95,13.38,279.29,-0.9868839065636126,0.16143157982793477,23.139499999999998,1.24,18.5,74.928,516.01085,0.0,0
2026-08-29 02:30:00+00:00,2026-08-29,2026-08-29T02:00:00+00:00,2026-08-29T02:30:00+00:00,2026-08-29T02:30:00+00:00,Rangpo,27.177,88.533,0.0,3B-HHR-E.MS.MRG.3IMERG.20260829-S020000-E022959.0120.V07C.30min.tif,0.0,0.0,0.0,0.09999999999999978,2.1999999999999997,5.6,8.3,21.7,56.7,0.0,0.0,0.1,0.6,0.0,-0.09999999999999978,0.0,306.95,13.38,279.29,-0.9868839065636126,0.16143157982793477,23.139499999999998,1.24,18.5,74.928,502.12715,0.0,0
2026-08-29 03:00:00+00:00,2026-08-29,2026-08-29T02:30:00+00:00,2026-08-29T03:00:00+00:00,2026-08-29T03:00:00+00:00,Rangpo,27.177,88.533,0.0,3B-HHR-E.MS.MRG.3IMERG.20260829-S023000-E025959.0150.V07C.30min.tif,0.0,0.0,0.0,0.0,2.1999999999999997,5.6,8.3,20.3,56.7,0.0,0.0,0.0,0.6,0.0,0.0,0.0,306.95,13.38,279.29,-0.9868839065636126,0.16143157982793477,23.139499999999998,1.24,18.5,74.928,469.73184999999995,0.0,0
2026-08-29 03:30:00+00:00,2026-08-29,2026-08-29T03:00:00+00:00,2026-08-29T03:30:00+00:00,2026-08-29T03:30:00+00:00,Rangpo,27.177,88.533,0.0,3B-HHR-E.MS.MRG.3IMERG.20260829-S030000-E032959.0180.V07C.30min.tif,0.0,0.0,0.0,0.0,1.5999999999999999,5.6,8.3,18.7,56.7,0.0,0.0,0.0,0.6,0.0,0.0,0.0,306.95,13.38,279.29,-0.9868839065636126,0.16143157982793477,23.139499999999998,1.24,18.5,74.928,432.70865,0.0,0
2026-08-29 04:00:00+00:00,2026-08-29,2026-08-29T03:30:00+00:00,2026-08-29T04:00:00+00:00,2026-08-29T04:00:00+00:00,Rangpo,27.177,88.533,0.0,3B-HHR-E.MS.MRG.3IMERG.20260829-S033000-E035959.0210.V07C.30min.tif,0.0,0.0,0.0,0.0,0.9999999999999998,5.6,8.3,17.2,56.7,0.0,0.0,0.0,0.6,0.0,0.0,0.0,306.95,13.38,279.29,-0.9868839065636126,0.16143157982793477,23.139499999999998,1.24,18.5,74.928,397.9994,0.0,0
2026-08-29 04:30:00+00:00,2026-08-29,2026-08-29T04:00:00+00:00,2026-08-29T04:30:00+00:00,2026-08-29T04:30:00+00:00,Rangpo,27.177,88.533,0.0,3B-HHR-E.MS.MRG.3IMERG.20260829-S040000-E042959.0240.V07C.30min.tif,0.0,0.0,0.0,0.0,0.5999999999999999,5.6,8.3,16.3,56.6,0.0,0.0,0.0,0.6,0.0,0.0,0.0,306.95,13.38,279.29,-0.9868839065636126,0.16143157982793477,23.139499999999998,1.24,18.5,74.928,377.17384999999996,0.0,0
2026-08-29 05:00:00+00:00,2026-08-29,2026-08-29T04:30:00+00:00,2026-08-29T05:00:00+00:00,2026-08-29T05:00:00+00:00,Rangpo,27.177,88.533,0.0,3B-HHR-E.MS.MRG.3IMERG.20260829-S043000-E045959.0270.V07C.30min.tif,0.0,0.0,0.0,0.0,0.3999999999999998,5.6,8.3,15.600000000000001,56.5,0.0,0.0,0.0,0.6,0.0,0.0,0.0,306.95,13.38,279.29,-0.9868839065636126,0.16143157982793477,23.139499999999998,1.24,18.5,74.928,360.9762,0.0,0
2026-08-29 05:30:00+00:00,2026-08-29,2026-08-29T05:00:00+00:00,2026-08-29T05:30:00+00:00,2026-08-29T05:30:00+00:00,Rangpo,27.177,88.533,0.0,3B-HHR-E.MS.MRG.3IMERG.20260829-S050000-E052959.0300.V07C.30min.tif,0.0,0.0,0.0,0.0,0.3999999999999998,5.6,8.3,12.4,56.5,0.0,0.0,0.0,0.6,0.0,0.0,0.0,306.95,13.38,279.29,-0.9868839065636126,0.16143157982793477,23.139499999999998,1.24,18.5,74.928,286.9298,0.0,0
2026-08-29 06:00:00+00:00,2026-08-29,2026-08-29T05:30:00+00:00,2026-08-29T06:00:00+00:00,2026-08-29T06:00:00+00:00,Rangpo,27.177,88.533,0.0,3B-HHR-E.MS.MRG.3IMERG.20260829-S053000-E055959.0330.V07C.30min.tif,0.0,0.0,0.0,0.0,0.3999999999999998,5.6,8.3,9.200000000000001,56.5,0.0,0.0,0.0,0.6,0.0,0.0,0.0,306.95,13.38,279.29,-0.9868839065636126,0.16143157982793477,23.139499999999998,1.24,18.5,74.928,212.8834,0.0,0
2026-08-29 06:30:00+00:00,2026-08-29,2026-08-29T06:00:00+00:00,2026-08-29T06:30:00+00:00,2026-08-29T06:30:00+00:00,Rangpo,27.177,88.533,0.0,3B-HHR-E.MS.MRG.3IMERG.20260829-S060000-E062959.0360.V07C.30min.tif,0.0,0.0,0.0,0.0,0.3999999999999998,5.6,8.3,9.100000000000001,56.5,0.0,0.0,0.0,0.6,0.0,0.0,0.0,306.95,13.38,279.29,-0.9868839065636126,0.16143157982793477,23.139499999999998,1.24,18.5,74.928,210.56945000000002,0.0,0
2026-08-29 07:00:00+00:00,2026-08-29,2026-08-29T06:30:00+00:00,2026-08-29T07:00:00+00:00,2026-08-29T07:00:00+00:00,Rangpo,27.177,88.533,0.0,3B-HHR-E.MS.MRG.3IMERG.20260829-S063000-E065959.0390.V07C.30min.tif,0.0,0.0,0.0,0.0,0.3999999999999998,5.5,8.3,8.9,56.5,0.0,0.0,0.0,0.6,0.0,0.0,0.0,306.95,13.38,279.29,-0.9868839065636126,0.16143157982793477,23.139499999999998,1.24,18.5,73.59,205.94154999999998,0.0,0
2026-08-29 07:30:00+00:00,2026-08-29,2026-08-29T07:00:00+00:00,2026-08-29T07:30:00+00:00,2026-08-29T07:30:00+00:00,Rangpo,27.177,88.533,2.2,3B-HHR-E.MS.MRG.3IMERG.20260829-S070000-E072959.0420.V07C.30min.tif,2.2,2.2,2.2,2.2,2.5,7.6,10.5,10.7,58.7,2.2,2.2,2.2,2.2,2.2,2.2,2.2,306.95,13.38,279.29,-0.9868839065636126,0.16143157982793477,23.139499999999998,1.24,18.5,101.688,247.59264999999996,4.07,0
2026-08-29 08:00:00+00:00,2026-08-29,2026-08-29T07:30:00+00:00,2026-08-29T08:00:00+00:00,2026-08-29T08:00:00+00:00,Rangpo,27.177,88.533,2.3,3B-HHR-E.MS.MRG.3IMERG.20260829-S073000-E075959.0450.V07C.30min.tif,2.3,4.5,4.5,4.5,4.699999999999999,9.8,12.8,12.9,60.9,2.3,2.3,2.3,2.3,4.5,4.5,4.5,306.95,13.38,279.29,-0.9868839065636126,0.16143157982793477,23.139499999999998,1.24,18.5,131.12400000000002,298.49955,4.255,0
2026-08-29 08:30:00+00:00,2026-08-29,2026-08-29T08:00:00+00:00,2026-08-29T08:30:00+00:00,2026-08-29T08:30:00+00:00,Rangpo,27.177,88.533,2.4,3B-HHR-E.MS.MRG.3IMERG.20260829-S080000-E082959.0480.V07C.30min.tif,2.4,4.699999999999999,6.9,6.9,7.0,12.1,15.2,15.2,63.2,2.4,2.4,2.4,2.4,2.499999999999999,6.9,0.29999999999999893,306.95,13.38,279.29,-0.9868839065636126,0.16143157982793477,23.139499999999998,1.24,18.5,161.898,351.7204,4.44,1
2026-08-29 09:00:00+00:00,2026-08-29,2026-08-29T08:30:00+00:00,2026-08-29T09:00:00+00:00,2026-08-29T09:00:00+00:00,Rangpo,27.177,88.533,2.1,3B-HHR-E.MS.MRG.3IMERG.20260829-S083000-E085959.0510.V07C.30min.tif,2.1,4.5,9.0,9.0,9.0,14.2,17.3,17.3,65.2,2.4,2.4,2.4,2.4,0.0,9.0,-4.5,306.95,13.38,279.29,-0.9868839065636126,0.16143157982793477,23.139499999999998,1.24,18.5,189.996,400.31334999999996,4.44,1
2026-08-29 09:30:00+00:00,2026-08-29,2026-08-29T09:00:00+00:00,2026-08-29T09:30:00+00:00,2026-08-29T09:30:00+00:00,Rangpo,27.177,88.533,0.9,3B-HHR-E.MS.MRG.3IMERG.20260829-S090000-E092959.0540.V07C.30min.tif,0.9,3.0,9.9,9.9,9.9,14.799999999999999,17.3,18.2,66.0,2.1,2.4,2.4,2.4,-1.6999999999999993,9.9,-4.199999999999998,306.95,13.38,279.29,-0.9868839065636126,0.16143157982793477,23.139499999999998,1.24,18.5,198.024,421.1389,4.44,1
2026-08-29 10:00:00+00:00,2026-08-29,2026-08-29T09:30:00+00:00,2026-08-29T10:00:00+00:00,2026-08-29T10:00:00+00:00,Rangpo,27.177,88.533,0.8,3B-HHR-E.MS.MRG.3IMERG.20260829-S093000-E095959.0570.V07C.30min.tif,0.8,1.7000000000000002,10.7,10.7,10.7,15.1,16.8,19.0,66.0,0.9,2.4,2.4,2.4,-2.8,10.7,-2.8,306.95,13.38,279.29,-0.9868839065636126,0.16143157982793477,23.139499999999998,1.24,18.5,202.038,439.65049999999997,4.44,0
2026-08-29 10:30:00+00:00,2026-08-29,2026-08-29T10:00:00+00:00,2026-08-29T10:30:00+00:00,2026-08-29T10:30:00+00:00,Rangpo,27.177,88.533,0.2,3B-HHR-E.MS.MRG.3IMERG.20260829-S100000-E102959.0600.V07C.30min.tif,0.2,1.0,8.700000000000001,10.9,10.9,15.0,16.9,19.2,65.4,0.8,2.4,2.4,2.4,-2.0,6.500000000000001,-0.3000000000000007,306.95,13.38,279.29,-0.9868839065636126,0.16143157982793477,23.139499999999998,1.24,18.5,200.70000000000002,444.2784,4.44,0
2026-08-29 11:00:00+00:00,2026-08-29,2026-08-29T10:30:00+00:00,2026-08-29T11:00:00+00:00,2026-08-29T11:00:00+00:00,Rangpo,27.177,88.533,0.1,3B-HHR-E.MS.MRG.3IMERG.20260829-S103000-E105959.0630.V07C.30min.tif,0.1,0.30000000000000004,6.5,11.0,11.0,14.8,16.900000000000002,19.3,64.2,0.2,2.4,2.4,2.4,-1.4000000000000001,2.0,1.3999999999999997,306.95,13.38,279.29,-0.9868839065636126,0.16143157982793477,23.139499999999998,1.24,18.5,198.02400000000003,446.59234999999995,4.44,0
2026-08-29 11:30:00+00:00,2026-08-29,2026-08-29T11:00:00+00:00,2026-08-29T11:30:00+00:00,2026-08-29T11:30:00+00:00,Rangpo,27.177,88.533,0.0,3B-HHR-E.MS.MRG.3IMERG.20260829-S110000-E112959.0660.V07C.30min.tif,0.0,0.1,4.1,11.0,11.0,14.200000000000001,16.8,19.3,63.1,0.1,2.1,2.4,2.4,-0.9,-2.8000000000000007,1.1,306.95,13.38,279.29,-0.9868839065636126,0.16143157982793477,23.139499999999998,1.24,18.5,189.99600000000004,446.59234999999995,3.8850000000000002,0
2026-08-29 12:00:00+00:00,2026-08-29,2026-08-29T11:30:00+00:00,2026-08-29T12:00:00+00:00,2026-08-29T12:00:00+00:00,Rangpo,27.177,88.533,0.0,3B-HHR-E.MS.MRG.3IMERG.20260829-S113000-E115959.0690.V07C.30min.tif,0.0,0.0,2.0,11.0,11.0,13.8,16.8,19.3,62.5,0.0,0.9,2.4,2.4,-0.30000000000000004,-7.0,1.1,306.95,13.38,279.29,-0.9868839065636126,0.16143157982793477,23.139499999999998,1.24,18.5,184.64400000000003,446.59234999999995,1.665,0
2026-08-29 12:30:00+00:00,2026-08-29,2026-08-29T12:00:00+00:00,2026-08-29T12:30:00+00:00,2026-08-29T12:30:00+00:00,Rangpo,27.177,88.533,0.2,3B-HHR-E.MS.MRG.3IMERG.20260829-S120000-E122959.0720.V07C.30min.tif,0.2,0.2,1.3000000000000003,11.2,11.2,13.8,17.0,19.5,62.300000000000004,0.2,0.8,2.4,2.4,0.1,-8.6,1.0,306.95,13.38,279.29,-0.9868839065636126,0.16143157982793477,23.139499999999998,1.24,18.5,184.64400000000003,451.22024999999996,1.4800000000000002,0
2026-08-29 13:00:00+00:00,2026-08-29,2026-08-29T12:30:00+00:00,2026-08-29T13:00:00+00:00,2026-08-29T13:00:00+00:00,Rangpo,27.177,88.533,0.3,3B-HHR-E.MS.MRG.3IMERG.20260829-S123000-E125959.0750.V07C.30min.tif,0.3,0.5,0.8,11.5,11.5,13.9,17.3,19.8,62.1,0.3,0.3,2.4,2.4,0.5,-9.899999999999999,0.8,306.95,13.38,279.29,-0.9868839065636126,0.16143157982793477,23.139499999999998,1.24,18.5,185.98200000000003,458.16209999999995,0.555,0
2026-08-29 13:30:00+00:00,2026-08-29,2026-08-29T13:00:00+00:00,2026-08-29T13:30:00+00:00,2026-08-29T13:30:00+00:00,Rangpo,27.177,88.533,0.0,3B-HHR-E.MS.MRG.3IMERG.20260829-S130000-E132959.0780.V07C.30min.tif,0.0,0.3,0.6000000000000001,9.3,11.5,13.8,17.3,19.8,61.5,0.3,0.3,2.4,2.4,0.09999999999999998,-8.100000000000001,-2.7755575615628914e-17,306.95,13.38,279.29,-0.9868839065636126,0.16143157982793477,23.139499999999998,1.24,18.5,184.64400000000003,458.16209999999995,0.555,0
2026-08-29 14:00:00+00:00,2026-08-29,2026-08-29T13:30:00+00:00,2026-08-29T14:00:00+00:00,2026-08-29T14:00:00+00:00,Rangpo,27.177,88.533,0.0,3B-HHR-E.MS.MRG.3IMERG.20260829-S133000-E135959.0810.V07C.30min.tif,0.0,0.0,0.5,7.0,11.5,13.700000000000001,17.3,19.8,61.2,0.0,0.3,2.4,2.4,-0.5,-6.0,-1.0,306.95,13.38,279.29,-0.9868839065636126,0.16143157982793477,23.139499999999998,1.24,18.5,183.306,458.16209999999995,0.555,0
2026-08-29 14:30:00+00:00,2026-08-29,2026-08-29T14:00:00+00:00,2026-08-29T14:30:00+00:00,2026-08-29T14:30:00+00:00,Rangpo,27.177,88.533,0.0,3B-HHR-E.MS.MRG.3IMERG.20260829-S140000-E142959.0840.V07C.30min.tif,0.0,0.0,0.5,4.6,11.5,13.700000000000001,17.3,19.8,60.9,0.0,0.3,2.1,2.4,-0.3,-3.5999999999999996,-0.39999999999999997,306.95,13.38,279.29,-0.9868839065636126,0.16143157982793477,23.139499999999998,1.24,18.5,183.306,458.16209999999995,0.555,0
2026-08-29 15:00:00+00:00,2026-08-29,2026-08-29T14:30:00+00:00,2026-08-29T15:00:00+00:00,2026-08-29T15:00:00+00:00,Rangpo,27.177,88.533,0.1,3B-HHR-E.MS.MRG.3IMERG.20260829-S143000-E145959.0870.V07C.30min.tif,0.1,0.1,0.6,2.6,11.6,13.8,17.400000000000002,19.900000000000002,60.900000000000006,0.1,0.3,0.9,2.4,0.1,-1.4,0.6,306.95,13.38,279.29,-0.9868839065636126,0.16143157982793477,23.139499999999998,1.24,18.5,184.64400000000003,460.47605,0.555,0
2026-08-29 15:30:00+00:00,2026-08-29,2026-08-29T15:00:00+00:00,2026-08-29T15:30:00+00:00,2026-08-29T15:30:00+00:00,Rangpo,27.177,88.533,0.1,3B-HHR-E.MS.MRG.3IMERG.20260829-S150000-E152959.0900.V07C.30min.tif,0.1,0.2,0.5,1.8000000000000003,11.7,13.3,17.5,20.0,60.900000000000006,0.1,0.3,0.8,2.4,0.2,-0.8000000000000003,0.5,306.95,13.38,279.29,-0.9868839065636126,0.16143157982793477,23.139499999999998,1.24,18.5,177.954,462.78999999999996,0.555,0
2026-08-29 16:00:00+00:00,2026-08-29,2026-08-29T15:30:00+00:00,2026-08-29T16:00:00+00:00,2026-08-29T16:00:00+00:00,Rangpo,27.177,88.533,0.2,3B-HHR-E.MS.MRG.3IMERG.20260829-S153000-E155959.0930.V07C.30min.tif,0.2,0.30000000000000004,0.4,1.2,11.9,12.899999999999999,17.7,20.2,61.0,0.2,0.2,0.3,2.4,0.20000000000000004,-0.4,0.10000000000000003,306.95,13.38,279.29,-0.9868839065636126,0.16143157982793477,23.139499999999998,1.24,18.5,172.602,467.4179,0.37000000000000005,0
2026-08-29 16:30:00+00:00,2026-08-29,2026-08-29T16:00:00+00:00,2026-08-29T16:30:00+00:00,2026-08-29T16:30:00+00:00,Rangpo,27.177,88.533,0.1,3B-HHR-E.MS.MRG.3IMERG.20260829-S160000-E162959.0960.V07C.30min.tif,0.1,0.30000000000000004,0.5,1.1,12.0,12.600000000000001,17.8,20.3,61.1,0.2,0.2,0.3,2.4,0.10000000000000003,-0.10000000000000009,-0.09999999999999998,306.95,13.38,279.29,-0.9868839065636126,0.16143157982793477,23.139499999999998,1.24,18.5,168.58800000000002,469.73184999999995,0.37000000000000005,0
2026-08-29 17:00:00+00:00,2026-08-29,2026-08-29T16:30:00+00:00,2026-08-29T17:00:00+00:00,2026-08-29T17:00:00+00:00,Rangpo,27.177,88.533,0.1,3B-HHR-E.MS.MRG.3IMERG.20260829-S163000-E165959.0990.V07C.30min.tif,0.1,0.2,0.6000000000000001,1.1,12.1,12.5,17.900000000000002,20.400000000000002,61.2,0.1,0.2,0.3,2.4,-0.10000000000000003,0.10000000000000009,-0.30000000000000004,306.95,13.38,279.29,-0.9868839065636126,0.16143157982793477,23.139499999999998,1.24,18.5,167.25,472.0458,0.37000000000000005,0
2026-08-29 17:30:00+00:00,2026-08-29,2026-08-29T17:00:00+00:00,2026-08-29T17:30:00+00:00,2026-08-29T17:30:00+00:00,Rangpo,27.177,88.533,0.0,3B-HHR-E.MS.MRG.3IMERG.20260829-S170000-E172959.1020.V07C.30min.tif,0.0,0.1,0.6000000000000001,1.1,12.1,12.5,17.900000000000002,20.400000000000002,61.2,0.1,0.2,0.3,2.4,-0.20000000000000004,0.10000000000000009,-0.30000000000000004,306.95,13.38,279.29,-0.9868839065636126,0.16143157982793477,23.139499999999998,1.24,18.5,167.25,472.0458,0.37000000000000005,0
2026-08-29 18:00:00+00:00,2026-08-29,2026-08-29T17:30:00+00:00,2026-08-29T18:00:00+00:00,2026-08-29T18:00:00+00:00,Rangpo,27.177,88.533,0.0,3B-HHR-E.MS.MRG.3IMERG.20260829-S173000-E175959.1050.V07C.30min.tif,0.0,0.0,0.5,1.1,12.1,12.5,17.900000000000002,20.400000000000002,61.2,0.0,0.2,0.3,2.4,-0.2,-0.09999999999999998,-0.09999999999999998,306.95,13.38,279.29,-0.9868839065636126,0.16143157982793477,23.139499999999998,1.24,18.5,167.25,472.0458,0.37000000000000005,0
2026-08-29 18:30:00+00:00,2026-08-29,2026-08-29T18:00:00+00:00,2026-08-29T18:30:00+00:00,2026-08-29T18:30:00+00:00,Rangpo,27.177,88.533,0.0,3B-HHR-E.MS.MRG.3IMERG.20260829-S180000-E182959.1080.V07C.30min.tif,0.0,0.0,0.4,0.9000000000000001,12.1,12.5,17.900000000000002,20.400000000000002,61.2,0.0,0.2,0.3,2.4,-0.1,-0.09999999999999998,0.10000000000000003,306.95,13.38,279.29,-0.9868839065636126,0.16143157982793477,23.139499999999998,1.24,18.5,167.25,472.0458,0.37000000000000005,0
2026-08-29 19:00:00+00:00,2026-08-29,2026-08-29T18:30:00+00:00,2026-08-29T19:00:00+00:00,2026-08-29T19:00:00+00:00,Rangpo,27.177,88.533,0.0,3B-HHR-E.MS.MRG.3IMERG.20260829-S183000-E185959.1110.V07C.30min.tif,0.0,0.0,0.2,0.6000000000000001,12.1,12.5,17.900000000000002,20.400000000000002,61.2,0.0,0.1,0.2,2.4,0.0,-0.2,0.2,306.95,13.38,279.29,-0.9868839065636126,0.16143157982793477,23.139499999999998,1.24,18.5,167.25,472.0458,0.18500000000000003,0
2026-08-29 19:30:00+00:00,2026-08-29,2026-08-29T19:00:00+00:00,2026-08-29T19:30:00+00:00,2026-08-29T19:30:00+00:00,Rangpo,27.177,88.533,0.0,3B-HHR-E.MS.MRG.3IMERG.20260829-S190000-E192959.1140.V07C.30min.tif,0.0,0.0,0.1,0.6000000000000001,9.899999999999999,12.4,17.900000000000002,20.400000000000002,61.2,0.0,0.1,0.2,2.4,0.0,-0.4,0.1,306.95,13.38,279.29,-0.9868839065636126,0.16143157982793477,23.139499999999998,1.24,18.5,165.912,472.0458,0.18500000000000003,0
2026-08-29 20:00:00+00:00,2026-08-29,2026-08-29T19:30:00+00:00,2026-08-29T20:00:00+00:00,2026-08-29T20:00:00+00:00,Rangpo,27.177,88.533,0.0,3B-HHR-E.MS.MRG.3IMERG.20260829-S193000-E195959.1170.V07C.30min.tif,0.0,0.0,0.0,0.6000000000000001,7.6,12.3,17.8,20.400000000000002,60.0,0.0,0.0,0.2,2.4,0.0,-0.6000000000000001,0.0,306.95,13.38,279.29,-0.9868839065636126,0.16143157982793477,23.139499999999998,1.24,18.5,164.574,472.0458,0.0,0
2026-08-29 20:30:00+00:00,2026-08-29,2026-08-29T20:00:00+00:00,2026-08-29T20:30:00+00:00,2026-08-29T20:30:00+00:00,Rangpo,27.177,88.533,0.0,3B-HHR-E.MS.MRG.3IMERG.20260829-S200000-E202959.1200.V07C.30min.tif,0.0,0.0,0.0,0.6000000000000001,5.199999999999999,12.200000000000001,17.700000000000003,20.400000000000002,59.300000000000004,0.0,0.0,0.2,2.4,0.0,-0.6000000000000001,0.0,306.95,13.38,279.29,-0.9868839065636126,0.16143157982793477,23.139499999999998,1.24,18.5,163.23600000000002,472.0458,0.0,0
2026-08-29 21:00:00+00:00,2026-08-29,2026-08-29T20:30:00+00:00,2026-08-29T21:00:00+00:00,2026-08-29T21:00:00+00:00,Rangpo,27.177,88.533,0.0,3B-HHR-E.MS.MRG.3IMERG.20260829-S203000-E205959.1230.V07C.30min.tif,0.0,0.0,0.0,0.5,3.0999999999999996,12.1,17.700000000000003,20.400000000000002,59.2,0.0,0.0,0.2,2.4,0.0,-0.5,0.0,306.95,13.38,279.29,-0.9868839065636126,0.16143157982793477,23.139499999999998,1.24,18.5,161.898,472.0458,0.0,0
2026-08-29 21:30:00+00:00,2026-08-29,2026-08-29T21:00:00+00:00,2026-08-29T21:30:00+00:00,2026-08-29T21:30:00+00:00,Rangpo,27.177,88.533,0.0,3B-HHR-E.MS.MRG.3IMERG.20260829-S210000-E212959.1260.V07C.30min.tif,0.0,0.0,0.0,0.4,2.1999999999999997,12.1,17.700000000000003,20.400000000000002,59.1,0.0,0.0,0.2,2.4,0.0,-0.4,0.0,306.95,13.38,279.29,-0.9868839065636126,0.16143157982793477,23.139499999999998,1.24,18.5,161.898,472.0458,0.0,0
2026-08-29 22:00:00+00:00,2026-08-29,2026-08-29T21:30:00+00:00,2026-08-29T22:00:00+00:00,2026-08-29T22:00:00+00:00,Rangpo,27.177,88.533,0.0,3B-HHR-E.MS.MRG.3IMERG.20260829-S213000-E215959.1290.V07C.30min.tif,0.0,0.0,0.0,0.2,1.3999999999999995,12.1,17.700000000000003,20.400000000000002,59.1,0.0,0.0,0.1,2.4,0.0,-0.2,0.0,306.95,13.38,279.29,-0.9868839065636126,0.16143157982793477,23.139499999999998,1.24,18.5,161.898,472.0458,0.0,0
2026-08-29 22:30:00+00:00,2026-08-29,2026-08-29T22:00:00+00:00,2026-08-29T22:30:00+00:00,2026-08-29T22:30:00+00:00,Rangpo,27.177,88.533,0.0,3B-HHR-E.MS.MRG.3IMERG.20260829-S220000-E222959.1320.V07C.30min.tif,0.0,0.0,0.0,0.1,1.1999999999999995,12.1,17.700000000000003,20.400000000000002,59.1,0.0,0.0,0.1,2.4,0.0,-0.1,0.0,306.95,13.38,279.29,-0.9868839065636126,0.16143157982793477,23.139499999999998,1.24,18.5,161.898,472.0458,0.0,0
2026-08-29 23:00:00+00:00,2026-08-29,2026-08-29T22:30:00+00:00,2026-08-29T23:00:00+00:00,2026-08-29T23:00:00+00:00,Rangpo,27.177,88.533,0.0,3B-HHR-E.MS.MRG.3IMERG.20260829-S223000-E225959.1350.V07C.30min.tif,0.0,0.0,0.0,0.0,1.0999999999999996,12.1,17.700000000000003,20.400000000000002,59.1,0.0,0.0,0.0,2.4,0.0,0.0,0.0,306.95,13.38,279.29,-0.9868839065636126,0.16143157982793477,23.139499999999998,1.24,18.5,161.898,472.0458,0.0,0
2026-08-29 23:30:00+00:00,2026-08-29,2026-08-29T23:00:00+00:00,2026-08-29T23:30:00+00:00,2026-08-29T23:30:00+00:00,Rangpo,27.177,88.533,0.1,3B-HHR-E.MS.MRG.3IMERG.20260829-S230000-E232959.1380.V07C.30min.tif,0.1,0.1,0.1,0.1,1.1999999999999997,12.2,17.8,20.5,59.2,0.1,0.1,0.1,2.4,0.1,0.1,0.1,306.95,13.38,279.29,-0.9868839065636126,0.16143157982793477,23.139499999999998,1.24,18.5,163.236,474.35974999999996,0.18500000000000003,0
2026-08-30 00:00:00+00:00,2026-08-29,2026-08-29T23:30:00+00:00,2026-08-30T00:00:00+00:00,2026-08-30T00:00:00+00:00,Rangpo,27.177,88.533,0.1,3B-HHR-E.MS.MRG.3IMERG.20260829-S233000-E235959.1410.V07C.30min.tif,0.1,0.2,0.2,0.2,1.2999999999999998,12.299999999999999,17.900000000000002,20.6,59.3,0.1,0.1,0.1,2.4,0.2,0.2,0.2,306.95,13.38,279.29,-0.9868839065636126,0.16143157982793477,23.139499999999998,1.24,18.5,164.57399999999998,476.6737,0.18500000000000003,0
2026-08-30 00:30:00+00:00,2026-08-30,2026-08-30T00:00:00+00:00,2026-08-30T00:30:00+00:00,2026-08-30T00:30:00+00:00,Rangpo,27.177,88.533,0.0,3B-HHR-E.MS.MRG.3IMERG.20260830-S000000-E002959.0000.V07C.30min.tif,0.0,0.1,0.2,0.2,1.0999999999999996,12.299999999999999,17.900000000000002,20.6,59.3,0.1,0.1,0.1,2.4,0.0,0.2,-0.1,306.95,13.38,279.29,-0.9868839065636126,0.16143157982793477,23.139499999999998,1.24,18.5,164.57399999999998,476.6737,0.18500000000000003,0
2026-08-30 01:00:00+00:00,2026-08-30,2026-08-30T00:30:00+00:00,2026-08-30T01:00:00+00:00,2026-08-30T01:00:00+00:00,Rangpo,27.177,88.533,0.0,3B-HHR-E.MS.MRG.3IMERG.20260830-S003000-E005959.0030.V07C.30min.tif,0.0,0.0,0.2,0.2,0.7999999999999996,12.299999999999999,17.900000000000002,20.6,59.3,0.0,0.1,0.1,2.4,-0.2,0.2,-0.4,306.95,13.38,279.29,-0.9868839065636126,0.16143157982793477,23.139499999999998,1.24,18.5,164.57399999999998,476.6737,0.18500000000000003,0
2026-08-30 01:30:00+00:00,2026-08-30,2026-08-30T01:00:00+00:00,2026-08-30T01:30:00+00:00,2026-08-30T01:30:00+00:00,Rangpo,27.177,88.533,0.0,3B-HHR-E.MS.MRG.3IMERG.20260830-S010000-E012959.0060.V07C.30min.tif,0.0,0.0,0.2,0.2,0.7999999999999996,12.299999999999999,17.900000000000002,20.6,59.3,0.0,0.1,0.1,2.4,-0.1,0.2,-0.1,306.95,13.38,279.29,-0.9868839065636126,0.16143157982793477,23.139499999999998,1.24,18.5,164.57399999999998,476.6737,0.18500000000000003,0
2026-08-30 02:00:00+00:00,2026-08-30,2026-08-30T01:30:00+00:00,2026-08-30T02:00:00+00:00,2026-08-30T02:00:00+00:00,Rangpo,27.177,88.533,0.0,3B-HHR-E.MS.MRG.3IMERG.20260830-S013000-E015959.0090.V07C.30min.tif,0.0,0.0,0.2,0.2,0.7999999999999996,12.299999999999999,17.900000000000002,20.6,59.3,0.0,0.1,0.1,2.4,0.0,0.2,0.2,306.95,13.38,279.29,-0.9868839065636126,0.16143157982793477,23.139499999999998,1.24,18.5,164.57399999999998,476.6737,0.18500000000000003,0
2026-08-30 02:30:00+00:00,2026-08-30,2026-08-30T02:00:00+00:00,2026-08-30T02:30:00+00:00,2026-08-30T02:30:00+00:00,Rangpo,27.177,88.533,0.0,3B-HHR-E.MS.MRG.3IMERG.20260830-S020000-E022959.0120.V07C.30min.tif,0.0,0.0,0.1,0.2,0.7999999999999996,12.299999999999999,17.900000000000002,20.6,59.3,0.0,0.1,0.1,2.4,0.0,0.0,0.1,306.95,13.38,279.29,-0.9868839065636126,0.16143157982793477,23.139499999999998,1.24,18.5,164.57399999999998,476.6737,0.18500000000000003,0
2026-08-30 03:00:00+00:00,2026-08-30,2026-08-30T02:30:00+00:00,2026-08-30T03:00:00+00:00,2026-08-30T03:00:00+00:00,Rangpo,27.177,88.533,0.0,3B-HHR-E.MS.MRG.3IMERG.20260830-S023000-E025959.0150.V07C.30min.tif,0.0,0.0,0.0,0.2,0.6999999999999996,12.299999999999999,17.900000000000002,20.6,59.3,0.0,0.0,0.1,2.4,0.0,-0.2,0.0,306.95,13.38,279.29,-0.9868839065636126,0.16143157982793477,23.139499999999998,1.24,18.5,164.57399999999998,476.6737,0.0,0
2026-08-30 03:30:00+00:00,2026-08-30,2026-08-30T03:00:00+00:00,2026-08-30T03:30:00+00:00,2026-08-30T03:30:00+00:00,Rangpo,27.177,88.533,0.0,3B-HHR-E.MS.MRG.3IMERG.20260830-S030000-E032959.0180.V07C.30min.tif,0.0,0.0,0.0,0.2,0.5999999999999996,12.299999999999999,17.900000000000002,20.6,59.3,0.0,0.0,0.1,2.4,0.0,-0.2,0.0,306.95,13.38,279.29,-0.9868839065636126,0.16143157982793477,23.139499999999998,1.24,18.5,164.57399999999998,476.6737,0.0,0
2026-08-30 04:00:00+00:00,2026-08-30,2026-08-30T03:30:00+00:00,2026-08-30T04:00:00+00:00,2026-08-30T04:00:00+00:00,Rangpo,27.177,88.533,0.0,3B-HHR-E.MS.MRG.3IMERG.20260830-S033000-E035959.0210.V07C.30min.tif,0.0,0.0,0.0,0.2,0.3999999999999996,12.299999999999999,17.900000000000002,20.6,59.3,0.0,0.0,0.1,2.4,0.0,-0.2,0.0,306.95,13.38,279.29,-0.9868839065636126,0.16143157982793477,23.139499999999998,1.24,18.5,164.57399999999998,476.6737,0.0,0
2026-08-30 04:30:00+00:00,2026-08-30,2026-08-30T04:00:00+00:00,2026-08-30T04:30:00+00:00,2026-08-30T04:30:00+00:00,Rangpo,27.177,88.533,0.0,3B-HHR-E.MS.MRG.3IMERG.20260830-S040000-E042959.0240.V07C.30min.tif,0.0,0.0,0.0,0.2,0.2999999999999996,12.299999999999999,17.900000000000002,20.6,59.3,0.0,0.0,0.1,2.4,0.0,-0.2,0.0,306.95,13.38,279.29,-0.9868839065636126,0.16143157982793477,23.139499999999998,1.24,18.5,164.57399999999998,476.6737,0.0,0
2026-08-30 05:00:00+00:00,2026-08-30,2026-08-30T04:30:00+00:00,2026-08-30T05:00:00+00:00,2026-08-30T05:00:00+00:00,Rangpo,27.177,88.533,0.0,3B-HHR-E.MS.MRG.3IMERG.20260830-S043000-E045959.0270.V07C.30min.tif,0.0,0.0,0.0,0.2,0.19999999999999957,12.299999999999999,17.900000000000002,20.6,59.3,0.0,0.0,0.1,2.4,0.0,-0.2,0.0,306.95,13.38,279.29,-0.9868839065636126,0.16143157982793477,23.139499999999998,1.24,18.5,164.57399999999998,476.6737,0.0,0
2026-08-30 05:30:00+00:00,2026-08-30,2026-08-30T05:00:00+00:00,2026-08-30T05:30:00+00:00,2026-08-30T05:30:00+00:00,Rangpo,27.177,88.533,0.0,3B-HHR-E.MS.MRG.3IMERG.20260830-S050000-E052959.0300.V07C.30min.tif,0.0,0.0,0.0,0.1,0.19999999999999957,12.299999999999999,17.900000000000002,20.6,59.3,0.0,0.0,0.1,2.4,0.0,-0.1,0.0,306.95,13.38,279.29,-0.9868839065636126,0.16143157982793477,23.139499999999998,1.24,18.5,164.57399999999998,476.6737,0.0,0
2026-08-30 06:00:00+00:00,2026-08-30,2026-08-30T05:30:00+00:00,2026-08-30T06:00:00+00:00,2026-08-30T06:00:00+00:00,Rangpo,27.177,88.533,0.0,3B-HHR-E.MS.MRG.3IMERG.20260830-S053000-E055959.0330.V07C.30min.tif,0.0,0.0,0.0,0.0,0.19999999999999957,12.299999999999999,17.900000000000002,20.6,59.3,0.0,0.0,0.0,2.4,0.0,0.0,0.0,306.95,13.38,279.29,-0.9868839065636126,0.16143157982793477,23.139499999999998,1.24,18.5,164.57399999999998,476.6737,0.0,0
2026-08-30 06:30:00+00:00,2026-08-30,2026-08-30T06:00:00+00:00,2026-08-30T06:30:00+00:00,2026-08-30T06:30:00+00:00,Rangpo,27.177,88.533,0.0,3B-HHR-E.MS.MRG.3IMERG.20260830-S060000-E062959.0360.V07C.30min.tif,0.0,0.0,0.0,0.0,0.19999999999999957,12.299999999999999,17.900000000000002,20.6,58.6,0.0,0.0,0.0,2.4,0.0,0.0,0.0,306.95,13.38,279.29,-0.9868839065636126,0.16143157982793477,23.139499999999998,1.24,18.5,164.57399999999998,476.6737,0.0,0
2026-08-30 07:00:00+00:00,2026-08-30,2026-08-30T06:30:00+00:00,2026-08-30T07:00:00+00:00,2026-08-30T07:00:00+00:00,Rangpo,27.177,88.533,0.2,3B-HHR-E.MS.MRG.3IMERG.20260830-S063000-E065959.0390.V07C.30min.tif,0.2,0.2,0.2,0.2,0.3999999999999996,12.5,18.0,20.8,56.9,0.2,0.2,0.2,2.4,0.2,0.2,0.2,306.95,13.38,279.29,-0.9868839065636126,0.16143157982793477,23.139499999999998,1.24,18.5,167.25,481.30159999999995,0.37000000000000005,0
2026-08-30 07:30:00+00:00,2026-08-30,2026-08-30T07:00:00+00:00,2026-08-30T07:30:00+00:00,2026-08-30T07:30:00+00:00,Rangpo,27.177,88.533,0.3,3B-HHR-E.MS.MRG.3IMERG.20260830-S070000-E072959.0420.V07C.30min.tif,0.3,0.5,0.5,0.5,0.6999999999999995,10.6,18.200000000000003,21.1,56.4,0.3,0.3,0.3,2.4,0.5,0.5,0.5,306.95,13.38,279.29,-0.9868839065636126,0.16143157982793477,23.139499999999998,1.24,18.5,141.828,488.24345,0.555,0
2026-08-30 08:00:00+00:00,2026-08-30,2026-08-30T07:30:00+00:00,2026-08-30T08:00:00+00:00,2026-08-30T08:00:00+00:00,Rangpo,27.177,88.533,0.3,3B-HHR-E.MS.MRG.3IMERG.20260830-S073000-E075959.0450.V07C.30min.tif,0.3,0.6,0.8,0.8,0.9999999999999996,8.600000000000001,18.400000000000002,21.400000000000002,56.300000000000004,0.3,0.3,0.3,2.4,0.39999999999999997,0.8,0.19999999999999996,306.95,13.38,279.29,-0.9868839065636126,0.16143157982793477,23.139499999999998,1.24,18.5,115.06800000000003,495.1853,0.555,0
2026-08-30 08:30:00+00:00,2026-08-30,2026-08-30T08:00:00+00:00,2026-08-30T08:30:00+00:00,2026-08-30T08:30:00+00:00,Rangpo,27.177,88.533,0.2,3B-HHR-E.MS.MRG.3IMERG.20260830-S080000-E082959.0480.V07C.30min.tif,0.2,0.5,1.0,1.0,1.1999999999999995,6.4,18.5,21.6,55.699999999999996,0.3,0.3,0.3,2.1,0.0,1.0,-0.5,306.95,13.38,279.29,-0.9868839065636126,0.16143157982793477,23.139499999999998,1.24,18.5,85.632,499.8132,0.555,0
2026-08-30 09:00:00+00:00,2026-08-30,2026-08-30T08:30:00+00:00,2026-08-30T09:00:00+00:00,2026-08-30T09:00:00+00:00,Rangpo,27.177,88.533,0.1,3B-HHR-E.MS.MRG.3IMERG.20260830-S083000-E085959.0510.V07C.30min.tif,0.1,0.30000000000000004,1.1,1.1,1.2999999999999996,4.4,18.599999999999998,21.7,52.9,0.2,0.3,0.3,0.9,-0.29999999999999993,1.1,-0.7,306.95,13.38,279.29,-0.9868839065636126,0.16143157982793477,23.139499999999998,1.24,18.5,58.87200000000001,502.12715,0.555,0
2026-08-30 09:30:00+00:00,2026-08-30,2026-08-30T09:00:00+00:00,2026-08-30T09:30:00+00:00,2026-08-30T09:30:00+00:00,Rangpo,27.177,88.533,0.3,3B-HHR-E.MS.MRG.3IMERG.20260830-S090000-E092959.0540.V07C.30min.tif,0.3,0.39999999999999997,1.4,1.4,1.5999999999999996,3.8000000000000003,18.6,21.1,52.6,0.3,0.3,0.3,0.8,-0.10000000000000003,1.4,-0.10000000000000003,306.95,13.38,279.29,-0.9868839065636126,0.16143157982793477,23.139499999999998,1.24,18.5,50.84400000000001,488.24345,0.555,0
2026-08-30 10:00:00+00:00,2026-08-30,2026-08-30T09:30:00+00:00,2026-08-30T10:00:00+00:00,2026-08-30T10:00:00+00:00,Rangpo,27.177,88.533,2.6,3B-HHR-E.MS.MRG.3IMERG.20260830-S093000-E095959.0570.V07C.30min.tif,2.6,2.9,3.8,4.0,4.199999999999999,5.6,20.700000000000003,22.400000000000002,54.5,2.6,2.6,2.6,2.6,2.5999999999999996,3.5999999999999996,2.8999999999999995,306.95,13.38,279.29,-0.9868839065636126,0.16143157982793477,23.139499999999998,1.24,18.5,74.928,518.3248,4.8100000000000005,0
2026-08-30 10:30:00+00:00,2026-08-30,2026-08-30T10:00:00+00:00,2026-08-30T10:30:00+00:00,2026-08-30T10:30:00+00:00,Rangpo,27.177,88.533,2.9,3B-HHR-E.MS.MRG.3IMERG.20260830-S100000-E102959.0600.V07C.30min.tif,2.9,5.5,6.4,6.9,7.1,8.3,23.3,25.2,57.00000000000001,2.9,2.9,2.9,2.9,5.1,5.9,5.199999999999999,306.95,13.38,279.29,-0.9868839065636126,0.16143157982793477,23.139499999999998,1.24,18.5,111.05400000000002,583.1153999999999,5.365,0
2026-08-30 11:00:00+00:00,2026-08-30,2026-08-30T10:30:00+00:00,2026-08-30T11:00:00+00:00,2026-08-30T11:00:00+00:00,Rangpo,27.177,88.533,2.0,3B-HHR-E.MS.MRG.3IMERG.20260830-S103000-E105959.0630.V07C.30min.tif,2.0,4.9,8.100000000000001,8.9,9.1,10.2,25.0,27.1,58.6,2.9,2.9,2.9,2.9,2.0000000000000004,7.300000000000002,-0.5999999999999992,306.95,13.38,279.29,-0.9868839065636126,0.16143157982793477,23.139499999999998,1.24,18.5,136.476,627.0804499999999,5.365,1
2026-08-30 11:30:00+00:00,2026-08-30,2026-08-30T11:00:00+00:00,2026-08-30T11:30:00+00:00,2026-08-30T11:30:00+00:00,Rangpo,27.177,88.533,2.2,3B-HHR-E.MS.MRG.3IMERG.20260830-S110000-E112959.0660.V07C.30min.tif,2.2,4.2,10.100000000000001,11.1,11.2,12.4,26.599999999999998,29.2,60.8,2.2,2.9,2.9,2.9,-1.2999999999999998,9.100000000000001,-6.3999999999999995,306.95,13.38,279.29,-0.9868839065636126,0.16143157982793477,23.139499999999998,1.24,18.5,165.912,675.6733999999999,5.365,1
2026-08-30 12:00:00+00:00,2026-08-30,2026-08-30T11:30:00+00:00,2026-08-30T12:00:00+00:00,2026-08-30T12:00:00+00:00,Rangpo,27.177,88.533,0.2,3B-HHR-E.MS.MRG.3IMERG.20260830-S113000-E115959.0690.V07C.30min.tif,0.2,2.4000000000000004,10.200000000000001,11.3,11.3,12.6,26.400000000000002,29.400000000000002,60.900000000000006,2.2,2.9,2.9,2.9,-2.5,9.100000000000001,-4.5,306.95,13.38,279.29,-0.9868839065636126,0.16143157982793477,23.139499999999998,1.24,18.5,168.588,680.3013,5.365,0
2026-08-30 12:30:00+00:00,2026-08-30,2026-08-30T12:00:00+00:00,2026-08-30T12:30:00+00:00,2026-08-30T12:30:00+00:00,Rangpo,27.177,88.533,0.0,3B-HHR-E.MS.MRG.3IMERG.20260830-S120000-E122959.0720.V07C.30min.tif,0.0,0.2,9.9,11.3,11.3,12.4,26.200000000000003,29.400000000000002,60.800000000000004,0.2,2.9,2.9,2.9,-4.0,8.5,-2.7,306.95,13.38,279.29,-0.9868839065636126,0.16143157982793477,23.139499999999998,1.24,18.5,165.912,680.3013,5.365,0
2026-08-30 13:00:00+00:00,2026-08-30,2026-08-30T12:30:00+00:00,2026-08-30T13:00:00+00:00,2026-08-30T13:00:00+00:00,Rangpo,27.177,88.533,0.0,3B-HHR-E.MS.MRG.3IMERG.20260830-S123000-E125959.0750.V07C.30min.tif,0.0,0.0,7.300000000000001,11.100000000000001,11.3,12.1,26.000000000000004,29.400000000000002,60.800000000000004,0.0,2.9,2.9,2.9,-2.4000000000000004,3.500000000000001,0.09999999999999964,306.95,13.38,279.29,-0.9868839065636126,0.16143157982793477,23.139499999999998,1.24,18.5,161.898,680.3013,5.365,1
2026-08-30 13:30:00+00:00,2026-08-30,2026-08-30T13:00:00+00:00,2026-08-30T13:30:00+00:00,2026-08-30T13:30:00+00:00,Rangpo,27.177,88.533,0.0,3B-HHR-E.MS.MRG.3IMERG.20260830-S130000-E132959.0780.V07C.30min.tif,0.0,0.0,4.4,10.8,11.3,12.1,25.900000000000002,29.400000000000002,60.800000000000004,0.0,2.2,2.9,2.9,-0.2,-2.0,3.8,306.95,13.38,279.29,-0.9868839065636126,0.16143157982793477,23.139499999999998,1.24,18.5,161.898,680.3013,4.07,1
2026-08-30 14:00:00+00:00,2026-08-30,2026-08-30T13:30:00+00:00,2026-08-30T14:00:00+00:00,2026-08-30T14:00:00+00:00,Rangpo,27.177,88.533,0.0,3B-HHR-E.MS.MRG.3IMERG.20260830-S133000-E135959.0810.V07C.30min.tif,0.0,0.0,2.4000000000000004,10.5,11.3,12.1,25.8,29.400000000000002,60.800000000000004,0.0,2.2,2.9,2.9,0.0,-5.700000000000001,2.4000000000000004,306.95,13.38,279.29,-0.9868839065636126,0.16143157982793477,23.139499999999998,1.24,18.5,161.898,680.3013,4.07,1
2026-08-30 14:30:00+00:00,2026-08-30,2026-08-30T14:00:00+00:00,2026-08-30T14:30:00+00:00,2026-08-30T14:30:00+00:00,Rangpo,27.177,88.533,0.0,3B-HHR-E.MS.MRG.3IMERG.20260830-S140000-E142959.0840.V07C.30min.tif,0.0,0.0,0.2,10.3,11.3,12.1,25.8,29.400000000000002,60.800000000000004,0.0,0.2,2.9,2.9,0.0,-9.900000000000002,0.2,306.95,13.38,279.29,-0.9868839065636126,0.16143157982793477,23.139499999999998,1.24,18.5,161.898,680.3013,0.37000000000000005,1
2026-08-30 15:00:00+00:00,2026-08-30,2026-08-30T14:30:00+00:00,2026-08-30T15:00:00+00:00,2026-08-30T15:00:00+00:00,Rangpo,27.177,88.533,0.0,3B-HHR-E.MS.MRG.3IMERG.20260830-S143000-E145959.0870.V07C.30min.tif,0.0,0.0,0.0,10.200000000000001,11.3,12.0,25.8,29.400000000000002,60.800000000000004,0.0,0.0,2.9,2.9,0.0,-10.200000000000001,0.0,306.95,13.38,279.29,-0.9868839065636126,0.16143157982793477,23.139499999999998,1.24,18.5,160.56,680.3013,0.0,1
2026-08-30 15:30:00+00:00,2026-08-30,2026-08-30T15:00:00+00:00,2026-08-30T15:30:00+00:00,2026-08-30T15:30:00+00:00,Rangpo,27.177,88.533,0.0,3B-HHR-E.MS.MRG.3IMERG.20260830-S150000-E152959.0900.V07C.30min.tif,0.0,0.0,0.0,9.9,11.3,11.9,25.200000000000003,29.400000000000002,60.800000000000004,0.0,0.0,2.9,2.9,0.0,-9.9,0.0,306.95,13.38,279.29,-0.9868839065636126,0.16143157982793477,23.139499999999998,1.24,18.5,159.222,680.3013,0.0,1
2026-08-30 16:00:00+00:00,2026-08-30,2026-08-30T15:30:00+00:00,2026-08-30T16:00:00+00:00,2026-08-30T16:00:00+00:00,Rangpo,27.177,88.533,0.0,3B-HHR-E.MS.MRG.3IMERG.20260830-S153000-E155959.0930.V07C.30min.tif,0.0,0.0,0.0,7.3,11.3,11.7,24.6,29.400000000000002,60.800000000000004,0.0,0.0,2.9,2.9,0.0,-7.300000000000001,0.0,306.95,13.38,279.29,-0.9868839065636126,0.16143157982793477,23.139499999999998,1.24,18.5,156.546,680.3013,0.0,0
2026-08-30 16:30:00+00:00,2026-08-30,2026-08-30T16:00:00+00:00,2026-08-30T16:30:00+00:00,2026-08-30T16:30:00+00:00,Rangpo,27.177,88.533,0.0,3B-HHR-E.MS.MRG.3IMERG.20260830-S160000-E162959.0960.V07C.30min.tif,0.0,0.0,0.0,4.4,11.3,11.6,24.200000000000003,29.400000000000002,60.800000000000004,0.0,0.0,2.2,2.9,0.0,-4.4,0.0,306.95,13.38,279.29,-0.9868839065636126,0.16143157982793477,23.139499999999998,1.24,18.5,155.208,680.3013,0.0,0
2026-08-30 17:00:00+00:00,2026-08-30,2026-08-30T16:30:00+00:00,2026-08-30T17:00:00+00:00,2026-08-30T17:00:00+00:00,Rangpo,27.177,88.533,0.1,3B-HHR-E.MS.MRG.3IMERG.20260830-S163000-E165959.0990.V07C.30min.tif,0.1,0.1,0.1,2.5,11.4,11.600000000000001,24.1,29.5,60.900000000000006,0.1,0.1,2.2,2.9,0.1,-2.3000000000000003,0.1,306.95,13.38,279.29,-0.9868839065636126,0.16143157982793477,23.139499999999998,1.24,18.5,155.20800000000003,682.61525,0.18500000000000003,0
2026-08-30 17:30:00+00:00,2026-08-30,2026-08-30T17:00:00+00:00,2026-08-30T17:30:00+00:00,2026-08-30T17:30:00+00:00,Rangpo,27.177,88.533,0.1,3B-HHR-E.MS.MRG.3IMERG.20260830-S170000-E172959.1020.V07C.30min.tif,0.1,0.2,0.2,0.4,11.5,11.700000000000001,24.200000000000003,29.6,61.0,0.1,0.1,0.2,2.9,0.2,0.0,0.2,306.95,13.38,279.29,-0.9868839065636126,0.16143157982793477,23.139499999999998,1.24,18.5,156.54600000000002,684.9291999999999,0.18500000000000003,0
2026-08-30 18:00:00+00:00,2026-08-30,2026-08-30T17:30:00+00:00,2026-08-30T18:00:00+00:00,2026-08-30T18:00:00+00:00,Rangpo,27.177,88.533,0.1,3B-HHR-E.MS.MRG.3IMERG.20260830-S173000-E175959.1050.V07C.30min.tif,0.1,0.2,0.30000000000000004,0.30000000000000004,11.600000000000001,11.8,24.3,29.7,61.1,0.1,0.1,0.1,2.9,0.1,0.30000000000000004,0.0,306.95,13.38,279.29,-0.9868839065636126,0.16143157982793477,23.139499999999998,1.24,18.5,157.88400000000001,687.2431499999999,0.18500000000000003,0
2026-08-30 18:30:00+00:00,2026-08-30,2026-08-30T18:00:00+00:00,2026-08-30T18:30:00+00:00,2026-08-30T18:30:00+00:00,Rangpo,27.177,88.533,1.0,3B-HHR-E.MS.MRG.3IMERG.20260830-S180000-E182959.1080.V07C.30min.tif,1.0,1.1,1.3,1.3,12.600000000000001,12.8,25.3,30.7,62.1,1.0,1.0,1.0,2.9,0.9000000000000001,1.3,0.7000000000000002,306.95,13.38,279.29,-0.9868839065636126,0.16143157982793477,23.139499999999998,1.24,18.5,171.264,710.3826499999999,1.85,1
2026-08-30 19:00:00+00:00,2026-08-30,2026-08-30T18:30:00+00:00,2026-08-30T19:00:00+00:00,2026-08-30T19:00:00+00:00,Rangpo,27.177,88.533,1.1,3B-HHR-E.MS.MRG.3IMERG.20260830-S183000-E185959.1110.V07C.30min.tif,1.1,2.1,2.4000000000000004,2.4000000000000004,13.5,13.9,26.400000000000002,31.8,63.2,1.1,1.1,1.1,2.9,1.9000000000000001,2.4000000000000004,1.8,306.95,13.38,279.29,-0.9868839065636126,0.16143157982793477,23.139499999999998,1.24,18.5,185.98200000000003,735.8361,2.035,1
2026-08-30 19:30:00+00:00,2026-08-30,2026-08-30T19:00:00+00:00,2026-08-30T19:30:00+00:00,2026-08-30T19:30:00+00:00,Rangpo,27.177,88.533,5.5,3B-HHR-E.MS.MRG.3IMERG.20260830-S190000-E192959.1140.V07C.30min.tif,5.5,6.6,7.9,7.9,18.700000000000003,19.4,31.8,37.3,68.7,5.5,5.5,5.5,5.5,5.5,7.9,4.6,306.95,13.38,279.29,-0.9868839065636126,0.16143157982793477,23.139499999999998,1.24,18.5,259.572,863.1033499999999,10.175,1
2026-08-30 20:00:00+00:00,2026-08-30,2026-08-30T19:30:00+00:00,2026-08-30T20:00:00+00:00,2026-08-30T20:00:00+00:00,Rangpo,27.177,88.533,0.1,3B-HHR-E.MS.MRG.3IMERG.20260830-S193000-E195959.1170.V07C.30min.tif,0.1,5.6,7.9,8.0,18.5,19.5,31.8,37.3,68.69999999999999,5.5,5.5,5.5,5.5,3.4999999999999996,7.800000000000001,1.5999999999999994,306.95,13.38,279.29,-0.9868839065636126,0.16143157982793477,23.139499999999998,1.24,18.5,260.91,863.1033499999999,10.175,1
2026-08-30 20:30:00+00:00,2026-08-30,2026-08-30T20:00:00+00:00,2026-08-30T20:30:00+00:00,2026-08-30T20:30:00+00:00,Rangpo,27.177,88.533,0.1,3B-HHR-E.MS.MRG.3IMERG.20260830-S200000-E202959.1200.V07C.30min.tif,0.1,0.2,7.9,8.1,18.400000000000002,19.6,31.8,37.3,68.7,0.1,5.5,5.5,5.5,-6.3999999999999995,7.7,-11.899999999999999,306.95,13.38,279.29,-0.9868839065636126,0.16143157982793477,23.139499999999998,1.24,18.5,262.24800000000005,863.1033499999999,10.175,1
2026-08-30 21:00:00+00:00,2026-08-30,2026-08-30T20:30:00+00:00,2026-08-30T21:00:00+00:00,2026-08-30T21:00:00+00:00,Rangpo,27.177,88.533,0.1,3B-HHR-E.MS.MRG.3IMERG.20260830-S203000-E205959.1230.V07C.30min.tif,0.1,0.2,7.9,8.200000000000001,18.4,19.7,31.8,37.4,68.6,0.1,5.5,5.5,5.5,-5.3999999999999995,7.6000000000000005,-8.899999999999999,306.95,13.38,279.29,-0.9868839065636126,0.16143157982793477,23.139499999999998,1.24,18.5,263.586,865.4173,10.175,1
2026-08-30 21:30:00+00:00,2026-08-30,2026-08-30T21:00:00+00:00,2026-08-30T21:30:00+00:00,2026-08-30T21:30:00+00:00,Rangpo,27.177,88.533,0.5,3B-HHR-E.MS.MRG.3IMERG.20260830-S210000-E212959.1260.V07C.30min.tif,0.5,0.6,7.4,8.700000000000001,18.599999999999998,20.2,32.3,37.9,69.0,0.5,5.5,5.5,5.5,0.39999999999999997,6.1000000000000005,6.8,306.95,13.38,279.29,-0.9868839065636126,0.16143157982793477,23.139499999999998,1.24,18.5,270.276,876.98705,10.175,1
2026-08-30 22:00:00+00:00,2026-08-30,2026-08-30T21:30:00+00:00,2026-08-30T22:00:00+00:00,2026-08-30T22:00:00+00:00,Rangpo,27.177,88.533,0.5,3B-HHR-E.MS.MRG.3IMERG.20260830-S213000-E215959.1290.V07C.30min.tif,0.5,1.0,6.8,9.200000000000001,16.5,20.7,32.8,38.4,69.39999999999999,0.5,5.5,5.5,5.5,0.8,4.3999999999999995,6.199999999999999,306.95,13.38,279.29,-0.9868839065636126,0.16143157982793477,23.139499999999998,1.24,18.5,276.966,888.5568,10.175,1
2026-08-30 22:30:00+00:00,2026-08-30,2026-08-30T22:00:00+00:00,2026-08-30T22:30:00+00:00,2026-08-30T22:30:00+00:00,Rangpo,27.177,88.533,0.1,3B-HHR-E.MS.MRG.3IMERG.20260830-S220000-E222959.1320.V07C.30min.tif,0.1,0.6,1.4000000000000001,9.3,13.700000000000001,20.8,32.9,38.5,69.5,0.5,0.5,5.5,5.5,0.0,-6.5,-0.39999999999999997,306.95,13.38,279.29,-0.9868839065636126,0.16143157982793477,23.139499999999998,1.24,18.5,278.30400000000003,890.8707499999999,0.925,1
2026-08-30 23:00:00+00:00,2026-08-30,2026-08-30T22:30:00+00:00,2026-08-30T23:00:00+00:00,2026-08-30T23:00:00+00:00,Rangpo,27.177,88.533,0.1,3B-HHR-E.MS.MRG.3IMERG.20260830-S223000-E225959.1350.V07C.30min.tif,0.1,0.2,1.4,9.3,11.8,20.900000000000002,33.0,38.6,69.6,0.1,0.5,5.5,5.5,-0.8,-6.5,-1.6,306.95,13.38,279.29,-0.9868839065636126,0.16143157982793477,23.139499999999998,1.24,18.5,279.64200000000005,893.1846999999999,0.925,1
2026-08-30 23:30:00+00:00,2026-08-30,2026-08-30T23:00:00+00:00,2026-08-30T23:30:00+00:00,2026-08-30T23:30:00+00:00,Rangpo,27.177,88.533,0.0,3B-HHR-E.MS.MRG.3IMERG.20260830-S230000-E232959.1380.V07C.30min.tif,0.0,0.1,1.3,9.200000000000001,9.6,20.8,33.0,38.6,69.6,0.1,0.5,5.5,5.5,-0.5,-6.6000000000000005,-0.5,306.95,13.38,279.29,-0.9868839065636126,0.16143157982793477,23.139499999999998,1.24,18.5,278.30400000000003,893.1846999999999,0.925,1
2026-08-31 00:00:00+00:00,2026-08-30,2026-08-30T23:30:00+00:00,2026-08-31T00:00:00+00:00,2026-08-31T00:00:00+00:00,Rangpo,27.177,88.533,0.0,3B-HHR-E.MS.MRG.3IMERG.20260830-S233000-E235959.1410.V07C.30min.tif,0.0,0.0,1.2,9.1,9.4,20.700000000000003,33.0,38.6,69.6,0.0,0.5,5.5,5.5,-0.2,-6.7,0.6000000000000001,306.95,13.38,279.29,-0.9868839065636126,0.16143157982793477,23.139499999999998,1.24,18.5,276.96600000000007,893.1846999999999,0.925,1
2026-08-31 00:30:00+00:00,2026-08-31,2026-08-31T00:00:00+00:00,2026-08-31T00:30:00+00:00,2026-08-31T00:30:00+00:00,Rangpo,27.177,88.533,0.0,3B-HHR-E.MS.MRG.3IMERG.20260831-S000000-E002959.0000.V07C.30min.tif,0.0,0.0,0.7,8.1,9.4,20.700000000000003,33.0,38.6,69.6,0.0,0.5,5.5,5.5,-0.1,-6.7,0.4,306.95,13.38,279.29,-0.9868839065636126,0.16143157982793477,23.139499999999998,1.24,18.5,276.96600000000007,893.1846999999999,0.925,1
2026-08-31 01:00:00+00:00,2026-08-31,2026-08-31T00:30:00+00:00,2026-08-31T01:00:00+00:00,2026-08-31T01:00:00+00:00,Rangpo,27.177,88.533,0.0,3B-HHR-E.MS.MRG.3IMERG.20260831-S003000-E005959.0030.V07C.30min.tif,0.0,0.0,0.2,7.0,9.4,20.700000000000003,33.0,38.6,69.6,0.0,0.1,5.5,5.5,0.0,-6.6,0.2,306.95,13.38,279.29,-0.9868839065636126,0.16143157982793477,23.139499999999998,1.24,18.5,276.96600000000007,893.1846999999999,0.18500000000000003,1
2026-08-31 01:30:00+00:00,2026-08-31,2026-08-31T01:00:00+00:00,2026-08-31T01:30:00+00:00,2026-08-31T01:30:00+00:00,Rangpo,27.177,88.533,1.6,3B-HHR-E.MS.MRG.3IMERG.20260831-S010000-E012959.0060.V07C.30min.tif,1.6,1.6,1.7000000000000002,3.1,11.0,22.3,34.6,40.199999999999996,71.19999999999999,1.6,1.6,1.6,5.5,1.6,0.30000000000000004,1.7000000000000002,306.95,13.38,279.29,-0.9868839065636126,0.16143157982793477,23.139499999999998,1.24,18.5,298.374,930.2078999999999,2.9600000000000004,1
2026-08-31 02:00:00+00:00,2026-08-31,2026-08-31T01:30:00+00:00,2026-08-31T02:00:00+00:00,2026-08-31T02:00:00+00:00,Rangpo,27.177,88.533,1.6,3B-HHR-E.MS.MRG.3IMERG.20260831-S013000-E015959.0090.V07C.30min.tif,1.6,3.2,3.2,4.6,12.600000000000001,23.900000000000002,36.2,41.8,72.8,1.6,1.6,1.6,5.5,3.2,1.8000000000000003,3.2,306.95,13.38,279.29,-0.9868839065636126,0.16143157982793477,23.139499999999998,1.24,18.5,319.78200000000004,967.2310999999999,2.9600000000000004,1
2026-08-31 02:30:00+00:00,2026-08-31,2026-08-31T02:00:00+00:00,2026-08-31T02:30:00+00:00,2026-08-31T02:30:00+00:00,Rangpo,27.177,88.533,1.0,3B-HHR-E.MS.MRG.3IMERG.20260831-S020000-E022959.0120.V07C.30min.tif,1.0,2.6,4.2,5.5,13.600000000000001,24.900000000000002,37.2,42.8,73.8,1.6,1.6,1.6,5.5,1.0,2.9000000000000004,-0.6000000000000001,306.95,13.38,279.29,-0.9868839065636126,0.16143157982793477,23.139499999999998,1.24,18.5,333.16200000000003,990.3705999999999,2.9600000000000004,1
2026-08-31 03:00:00+00:00,2026-08-31,2026-08-31T02:30:00+00:00,2026-08-31T03:00:00+00:00,2026-08-31T03:00:00+00:00,Rangpo,27.177,88.533,0.1,3B-HHR-E.MS.MRG.3IMERG.20260831-S023000-E025959.0150.V07C.30min.tif,0.1,1.1,4.3,5.5,13.700000000000001,25.0,37.3,42.9,73.89999999999999,1.0,1.6,1.6,5.5,-2.1,3.0999999999999996,-5.300000000000001,306.95,13.38,279.29,-0.9868839065636126,0.16143157982793477,23.139499999999998,1.24,18.5,334.5,992.68455,2.9600000000000004,1
2026-08-31 03:30:00+00:00,2026-08-31,2026-08-31T03:00:00+00:00,2026-08-31T03:30:00+00:00,2026-08-31T03:30:00+00:00,Rangpo,27.177,88.533,0.1,3B-HHR-E.MS.MRG.3IMERG.20260831-S030000-E032959.0180.V07C.30min.tif,0.1,0.2,4.4,5.1,13.8,25.1,37.4,43.0,74.0,0.1,1.6,1.6,5.5,-2.4,3.7,-3.4,306.95,13.38,279.29,-0.9868839065636126,0.16143157982793477,23.139499999999998,1.24,18.5,335.838,994.9984999999999,2.9600000000000004,1
2026-08-31 04:00:00+00:00,2026-08-31,2026-08-31T03:30:00+00:00,2026-08-31T04:00:00+00:00,2026-08-31T04:00:00+00:00,Rangpo,27.177,88.533,0.1,3B-HHR-E.MS.MRG.3IMERG.20260831-S033000-E035959.0210.V07C.30min.tif,0.1,0.2,4.5,4.7,13.9,25.200000000000003,37.5,43.1,74.1,0.1,1.6,1.6,5.5,-0.9000000000000001,4.3,1.2,306.95,13.38,279.29,-0.9868839065636126,0.16143157982793477,23.139499999999998,1.24,18.5,337.17600000000004,997.3124499999999,2.9600000000000004,1
2026-08-31 04:30:00+00:00,2026-08-31,2026-08-31T04:00:00+00:00,2026-08-31T04:30:00+00:00,2026-08-31T04:30:00+00:00,Rangpo,27.177,88.533,0.0,3B-HHR-E.MS.MRG.3IMERG.20260831-S040000-E042959.0240.V07C.30min.tif,0.0,0.1,2.9,4.6000000000000005,13.9,25.200000000000003,37.5,43.1,74.1,0.1,1.6,1.6,5.5,-0.1,1.1999999999999997,2.3,306.95,13.38,279.29,-0.9868839065636126,0.16143157982793477,23.139499999999998,1.24,18.5,337.17600000000004,997.3124499999999,2.9600000000000004,1
2026-08-31 05:00:00+00:00,2026-08-31,2026-08-31T04:30:00+00:00,2026-08-31T05:00:00+00:00,2026-08-31T05:00:00+00:00,Rangpo,27.177,88.533,0.0,3B-HHR-E.MS.MRG.3IMERG.20260831-S043000-E045959.0270.V07C.30min.tif,0.0,0.0,1.3,4.5,13.8,25.200000000000003,37.5,43.1,74.1,0.0,1.0,1.6,5.5,-0.2,-1.9000000000000001,0.7000000000000002,306.95,13.38,279.29,-0.9868839065636126,0.16143157982793477,23.139499999999998,1.24,18.5,337.17600000000004,997.3124499999999,1.85,1
2026-08-31 05:30:00+00:00,2026-08-31,2026-08-31T05:00:00+00:00,2026-08-31T05:30:00+00:00,2026-08-31T05:30:00+00:00,Rangpo,27.177,88.533,0.0,3B-HHR-E.MS.MRG.3IMERG.20260831-S050000-E052959.0300.V07C.30min.tif,0.0,0.0,0.30000000000000004,4.5,13.7,25.200000000000003,37.5,43.1,74.1,0.0,0.1,1.6,5.5,-0.1,-3.9000000000000004,0.0,306.95,13.38,279.29,-0.9868839065636126,0.16143157982793477,23.139499999999998,1.24,18.5,337.17600000000004,997.3124499999999,0.18500000000000003,1
2026-08-31 06:00:00+00:00,2026-08-31,2026-08-31T05:30:00+00:00,2026-08-31T06:00:00+00:00,2026-08-31T06:00:00+00:00,Rangpo,27.177,88.533,0.0,3B-HHR-E.MS.MRG.3IMERG.20260831-S053000-E055959.0330.V07C.30min.tif,0.0,0.0,0.2,4.5,13.6,25.200000000000003,37.5,43.1,74.1,0.0,0.1,1.6,5.5,0.0,-4.1,0.2,306.95,13.38,279.29,-0.9868839065636126,0.16143157982793477,23.139499999999998,1.24,18.5,337.17600000000004,997.3124499999999,0.18500000000000003,1
2026-08-31 06:30:00+00:00,2026-08-31,2026-08-31T06:00:00+00:00,2026-08-31T06:30:00+00:00,2026-08-31T06:30:00+00:00,Rangpo,27.177,88.533,0.0,3B-HHR-E.MS.MRG.3IMERG.20260831-S060000-E062959.0360.V07C.30min.tif,0.0,0.0,0.1,4.5,12.6,25.200000000000003,37.5,43.1,74.1,0.0,0.1,1.6,5.5,0.0,-4.300000000000001,0.1,306.95,13.38,279.29,-0.9868839065636126,0.16143157982793477,23.139499999999998,1.24,18.5,337.17600000000004,997.3124499999999,0.18500000000000003,1
2026-08-31 07:00:00+00:00,2026-08-31,2026-08-31T06:30:00+00:00,2026-08-31T07:00:00+00:00,2026-08-31T07:00:00+00:00,Rangpo,27.177,88.533,0.0,3B-HHR-E.MS.MRG.3IMERG.20260831-S063000-E065959.0390.V07C.30min.tif,0.0,0.0,0.0,4.5,11.5,25.0,37.5,43.00000000000001,74.1,0.0,0.0,1.6,5.5,0.0,-4.5,0.0,306.95,13.38,279.29,-0.9868839065636126,0.16143157982793477,23.139499999999998,1.24,18.5,334.5,994.9985,0.0,1
2026-08-31 07:30:00+00:00,2026-08-31,2026-08-31T07:00:00+00:00,2026-08-31T07:30:00+00:00,2026-08-31T07:30:00+00:00,Rangpo,27.177,88.533,0.0,3B-HHR-E.MS.MRG.3IMERG.20260831-S070000-E072959.0420.V07C.30min.tif,0.0,0.0,0.0,2.9,6.0,24.700000000000003,35.3,42.900000000000006,74.1,0.0,0.0,1.6,5.5,0.0,-2.9,0.0,306.95,13.38,279.29,-0.9868839065636126,0.16143157982793477,23.139499999999998,1.24,18.5,330.48600000000005,992.6845500000001,0.0,1
2026-08-31 08:00:00+00:00,2026-08-31,2026-08-31T07:30:00+00:00,2026-08-31T08:00:00+00:00,2026-08-31T08:00:00+00:00,Rangpo,27.177,88.533,0.0,3B-HHR-E.MS.MRG.3IMERG.20260831-S073000-E075959.0450.V07C.30min.tif,0.0,0.0,0.0,1.3,5.9,24.400000000000002,33.0,42.800000000000004,74.0,0.0,0.0,1.0,5.5,0.0,-1.3,0.0,306.95,13.38,279.29,-0.9868839065636126,0.16143157982793477,23.139499999999998,1.24,18.5,326.47200000000004,990.3706,0.0,1
2026-08-31 08:30:00+00:00,2026-08-31,2026-08-31T08:00:00+00:00,2026-08-31T08:30:00+00:00,2026-08-31T08:30:00+00:00,Rangpo,27.177,88.533,0.1,3B-HHR-E.MS.MRG.3IMERG.20260831-S080000-E082959.0480.V07C.30min.tif,0.1,0.1,0.1,0.4,5.9,24.3,30.700000000000003,42.8,74.1,0.1,0.1,0.1,5.5,0.1,-0.20000000000000004,0.1,306.95,13.38,279.29,-0.9868839065636126,0.16143157982793477,23.139499999999998,1.24,18.5,325.134,990.3705999999999,0.18500000000000003,1
2026-08-31 09:00:00+00:00,2026-08-31,2026-08-31T08:30:00+00:00,2026-08-31T09:00:00+00:00,2026-08-31T09:00:00+00:00,Rangpo,27.177,88.533,0.0,3B-HHR-E.MS.MRG.3IMERG.20260831-S083000-E085959.0510.V07C.30min.tif,0.0,0.1,0.1,0.30000000000000004,5.800000000000001,24.2,28.6,42.8,74.1,0.1,0.1,0.1,5.5,0.1,-0.1,0.1,306.95,13.38,279.29,-0.9868839065636126,0.16143157982793477,23.139499999999998,1.24,18.5,323.796,990.3705999999999,0.18500000000000003,1
2026-08-31 09:30:00+00:00,2026-08-31,2026-08-31T09:00:00+00:00,2026-08-31T09:30:00+00:00,2026-08-31T09:30:00+00:00,Rangpo,27.177,88.533,0.0,3B-HHR-E.MS.MRG.3IMERG.20260831-S090000-E092959.0540.V07C.30min.tif,0.0,0.0,0.1,0.2,5.300000000000001,23.9,27.700000000000003,42.5,74.1,0.0,0.1,0.1,5.5,-0.1,0.0,-0.2,306.95,13.38,279.29,-0.9868839065636126,0.16143157982793477,23.139499999999998,1.24,18.5,319.782,983.4287499999999,0.18500000000000003,1
2026-08-31 10:00:00+00:00,2026-08-31,2026-08-31T09:30:00+00:00,2026-08-31T10:00:00+00:00,2026-08-31T10:00:00+00:00,Rangpo,27.177,88.533,0.0,3B-HHR-E.MS.MRG.3IMERG.20260831-S093000-E095959.0570.V07C.30min.tif,0.0,0.0,0.1,0.1,4.800000000000001,21.3,26.900000000000002,42.0,74.1,0.0,0.1,0.1,5.5,-0.1,0.1,-0.2,306.95,13.38,279.29,-0.9868839065636126,0.16143157982793477,23.139499999999998,1.24,18.5,284.994,971.8589999999999,0.18500000000000003,1
2026-08-31 10:30:00+00:00,2026-08-31,2026-08-31T10:00:00+00:00,2026-08-31T10:30:00+00:00,2026-08-31T10:30:00+00:00,Rangpo,27.177,88.533,0.0,3B-HHR-E.MS.MRG.3IMERG.20260831-S100000-E102959.0600.V07C.30min.tif,0.0,0.0,0.1,0.1,4.7,18.4,26.700000000000003,41.699999999999996,74.1,0.0,0.1,0.1,5.5,0.0,0.1,0.1,306.95,13.38,279.29,-0.9868839065636126,0.16143157982793477,23.139499999999998,1.24,18.5,246.192,964.9171499999999,0.18500000000000003,1
2026-08-31 11:00:00+00:00,2026-08-31,2026-08-31T10:30:00+00:00,2026-08-31T11:00:00+00:00,2026-08-31T11:00:00+00:00,Rangpo,27.177,88.533,0.0,3B-HHR-E.MS.MRG.3IMERG.20260831-S103000-E105959.0630.V07C.30min.tif,0.0,0.0,0.1,0.1,4.6000000000000005,16.4,26.6,41.4,74.1,0.0,0.1,0.1,5.5,0.0,0.1,0.1,306.95,13.38,279.29,-0.9868839065636126,0.16143157982793477,23.139499999999998,1.24,18.5,219.432,957.9753,0.18500000000000003,1
2026-08-31 11:30:00+00:00,2026-08-31,2026-08-31T11:00:00+00:00,2026-08-31T11:30:00+00:00,2026-08-31T11:30:00+00:00,Rangpo,27.177,88.533,0.0,3B-HHR-E.MS.MRG.3IMERG.20260831-S110000-E112959.0660.V07C.30min.tif,0.0,0.0,0.0,0.1,4.6000000000000005,14.2,26.6,40.8,74.1,0.0,0.0,0.1,5.5,0.0,-0.1,0.0,306.95,13.38,279.29,-0.9868839065636126,0.16143157982793477,23.139499999999998,1.24,18.5,189.996,944.0915999999999,0.0,1
2026-08-31 12:00:00+00:00,2026-08-31,2026-08-31T11:30:00+00:00,2026-08-31T12:00:00+00:00,2026-08-31T12:00:00+00:00,Rangpo,27.177,88.533,2.1,3B-HHR-E.MS.MRG.3IMERG.20260831-S113000-E115959.0690.V07C.30min.tif,2.1,2.1,2.1,2.2,6.7,16.1,28.7,42.5,76.2,2.1,2.1,2.1,5.5,2.1,2.0,2.1,306.95,13.38,279.29,-0.9868839065636126,0.16143157982793477,23.139499999999998,1.24,18.5,215.41800000000003,983.4287499999999,3.8850000000000002,1
2026-08-31 12:30:00+00:00,2026-08-31,2026-08-31T12:00:00+00:00,2026-08-31T12:30:00+00:00,2026-08-31T12:30:00+00:00,Rangpo,27.177,88.533,2.1,3B-HHR-E.MS.MRG.3IMERG.20260831-S120000-E122959.0720.V07C.30min.tif,2.1,4.2,4.2,4.300000000000001,8.8,18.2,30.6,44.4,78.3,2.1,2.1,2.1,5.5,4.2,4.1000000000000005,4.2,306.95,13.38,279.29,-0.9868839065636126,0.16143157982793477,23.139499999999998,1.24,18.5,243.516,1027.3937999999998,3.8850000000000002,1
2026-08-31 13:00:00+00:00,2026-08-31,2026-08-31T12:30:00+00:00,2026-08-31T13:00:00+00:00,2026-08-31T13:00:00+00:00,Rangpo,27.177,88.533,1.6,3B-HHR-E.MS.MRG.3IMERG.20260831-S123000-E125959.0750.V07C.30min.tif,1.6,3.7,5.800000000000001,5.9,10.4,19.8,31.9,45.800000000000004,79.9,2.1,2.1,2.1,5.5,1.6,5.700000000000001,-0.5,306.95,13.38,279.29,-0.9868839065636126,0.16143157982793477,23.139499999999998,1.24,18.5,264.92400000000004,1059.7891,3.8850000000000002,1
2026-08-31 13:30:00+00:00,2026-08-31,2026-08-31T13:00:00+00:00,2026-08-31T13:30:00+00:00,2026-08-31T13:30:00+00:00,Rangpo,27.177,88.533,1.0,3B-HHR-E.MS.MRG.3IMERG.20260831-S130000-E132959.0780.V07C.30min.tif,1.0,2.6,6.800000000000001,6.9,9.8,20.8,32.9,46.7,80.9,1.6,2.1,2.1,5.5,-1.6,6.700000000000001,-5.800000000000001,306.95,13.38,279.29,-0.9868839065636126,0.16143157982793477,23.139499999999998,1.24,18.5,278.30400000000003,1080.61465,3.8850000000000002,1
2026-08-31 14:00:00+00:00,2026-08-31,2026-08-31T13:30:00+00:00,2026-08-31T14:00:00+00:00,2026-08-31T14:00:00+00:00,Rangpo,27.177,88.533,0.4,3B-HHR-E.MS.MRG.3IMERG.20260831-S133000-E135959.0810.V07C.30min.tif,0.4,1.4,7.2,7.300000000000001,8.6,21.2,33.3,47.0,81.3,1.0,2.1,2.1,5.5,-2.3000000000000003,7.1000000000000005,-3.9000000000000004,306.95,13.38,279.29,-0.9868839065636126,0.16143157982793477,23.139499999999998,1.24,18.5,283.656,1087.5565,3.8850000000000002,1
2026-08-31 14:30:00+00:00,2026-08-31,2026-08-31T14:00:00+00:00,2026-08-31T14:30:00+00:00,2026-08-31T14:30:00+00:00,Rangpo,27.177,88.533,0.3,3B-HHR-E.MS.MRG.3IMERG.20260831-S140000-E142959.0840.V07C.30min.tif,0.3,0.7,7.5,7.500000000000001,7.9,21.5,33.6,47.3,81.6,0.4,2.1,2.1,5.5,-1.9000000000000001,7.5,-0.30000000000000004,306.95,13.38,279.29,-0.9868839065636126,0.16143157982793477,23.139499999999998,1.24,18.5,287.67,1094.4983499999998,3.8850000000000002,1
2026-08-31 15:00:00+00:00,2026-08-31,2026-08-31T14:30:00+00:00,2026-08-31T15:00:00+00:00,2026-08-31T15:00:00+00:00,Rangpo,27.177,88.533,0.2,3B-HHR-E.MS.MRG.3IMERG.20260831-S143000-E145959.0870.V07C.30min.tif,0.2,0.5,5.6000000000000005,7.700000000000001,8.0,21.7,33.699999999999996,47.5,81.8,0.3,2.1,2.1,5.5,-0.8999999999999999,3.5000000000000004,1.4000000000000004,306.95,13.38,279.29,-0.9868839065636126,0.16143157982793477,23.139499999999998,1.24,18.5,290.346,1099.1262499999998,3.8850000000000002,1
2026-08-31 15:30:00+00:00,2026-08-31,2026-08-31T15:00:00+00:00,2026-08-31T15:30:00+00:00,2026-08-31T15:30:00+00:00,Rangpo,27.177,88.533,2.8,3B-HHR-E.MS.MRG.3IMERG.20260831-S150000-E152959.0900.V07C.30min.tif,2.8,3.0,6.3,10.5,10.7,24.5,36.4,49.699999999999996,84.6,2.8,2.8,2.8,5.5,2.3,2.0999999999999996,4.2,306.95,13.38,279.29,-0.9868839065636126,0.16143157982793477,23.139499999999998,1.24,18.5,327.81,1150.0331499999998,5.18,1
2026-08-31 16:00:00+00:00,2026-08-31,2026-08-31T15:30:00+00:00,2026-08-31T16:00:00+00:00,2026-08-31T16:00:00+00:00,Rangpo,27.177,88.533,2.8,3B-HHR-E.MS.MRG.3IMERG.20260831-S153000-E155959.0930.V07C.30min.tif,2.8,5.6,7.499999999999999,13.3,13.4,27.3,39.0,51.900000000000006,87.4,2.8,2.8,2.8,5.5,5.1,1.6999999999999984,6.0,306.95,13.38,279.29,-0.9868839065636126,0.16143157982793477,23.139499999999998,1.24,18.5,365.27400000000006,1200.94005,5.18,1
2026-08-31 16:30:00+00:00,2026-08-31,2026-08-31T16:00:00+00:00,2026-08-31T16:30:00+00:00,2026-08-31T16:30:00+00:00,Rangpo,27.177,88.533,0.2,3B-HHR-E.MS.MRG.3IMERG.20260831-S160000-E162959.0960.V07C.30min.tif,0.2,3.0,6.7,13.5,13.6,27.5,39.1,51.699999999999996,87.6,2.8,2.8,2.8,5.5,0.0,-0.10000000000000053,-2.3,306.95,13.38,279.29,-0.9868839065636126,0.16143157982793477,23.139499999999998,1.24,18.5,367.95000000000005,1196.3121499999997,5.18,1
2026-08-31 17:00:00+00:00,2026-08-31,2026-08-31T16:30:00+00:00,2026-08-31T17:00:00+00:00,2026-08-31T17:00:00+00:00,Rangpo,27.177,88.533,0.2,3B-HHR-E.MS.MRG.3IMERG.20260831-S163000-E165959.0990.V07C.30min.tif,0.2,0.4,6.5,13.700000000000001,13.8,27.599999999999998,39.199999999999996,51.7,87.8,0.2,2.8,2.8,5.5,-5.199999999999999,-0.7000000000000002,-10.299999999999999,306.95,13.38,279.29,-0.9868839065636126,0.16143157982793477,23.139499999999998,1.24,18.5,369.288,1196.31215,5.18,1
2026-08-31 17:30:00+00:00,2026-08-31,2026-08-31T17:00:00+00:00,2026-08-31T17:30:00+00:00,2026-08-31T17:30:00+00:00,Rangpo,27.177,88.533,0.3,3B-HHR-E.MS.MRG.3IMERG.20260831-S170000-E172959.1020.V07C.30min.tif,0.3,0.5,6.5,14.0,14.1,27.8,39.5,52.0,88.1,0.3,2.8,2.8,5.5,-2.5,-1.0,-2.5,306.95,13.38,279.29,-0.9868839065636126,0.16143157982793477,23.139499999999998,1.24,18.5,371.96400000000006,1203.254,5.18,1
2026-08-31 18:00:00+00:00,2026-08-31,2026-08-31T17:30:00+00:00,2026-08-31T18:00:00+00:00,2026-08-31T18:00:00+00:00,Rangpo,27.177,88.533,0.3,3B-HHR-E.MS.MRG.3IMERG.20260831-S173000-E175959.1050.V07C.30min.tif,0.3,0.6,6.6,12.2,14.4,28.0,39.8,52.300000000000004,88.4,0.3,2.8,2.8,5.5,0.19999999999999996,0.9999999999999991,5.3999999999999995,306.95,13.38,279.29,-0.9868839065636126,0.16143157982793477,23.139499999999998,1.24,18.5,374.64000000000004,1210.19585,5.18,1
2026-08-31 18:30:00+00:00,2026-08-31,2026-08-31T18:00:00+00:00,2026-08-31T18:30:00+00:00,2026-08-31T18:30:00+00:00,Rangpo,27.177,88.533,0.2,3B-HHR-E.MS.MRG.3IMERG.20260831-S180000-E182959.1080.V07C.30min.tif,0.2,0.5,4.0,10.299999999999999,14.6,27.2,40.0,52.5,88.6,0.3,2.8,2.8,5.5,0.0,-2.3,2.5,306.95,13.38,279.29,-0.9868839065636126,0.16143157982793477,23.139499999999998,1.24,18.5,363.93600000000004,1214.82375,5.18,1
2026-08-31 19:00:00+00:00,2026-08-31,2026-08-31T18:30:00+00:00,2026-08-31T19:00:00+00:00,2026-08-31T19:00:00+00:00,Rangpo,27.177,88.533,0.2,3B-HHR-E.MS.MRG.3IMERG.20260831-S183000-E185959.1110.V07C.30min.tif,0.2,0.4,1.4,8.9,14.8,26.299999999999997,40.199999999999996,52.7,88.8,0.2,0.3,2.8,5.5,-0.19999999999999996,-6.1,-0.3999999999999999,306.95,13.38,279.29,-0.9868839065636126,0.16143157982793477,23.139499999999998,1.24,18.5,351.894,1219.45165,0.555,1
2026-08-31 19:30:00+00:00,2026-08-31,2026-08-31T19:00:00+00:00,2026-08-31T19:30:00+00:00,2026-08-31T19:30:00+00:00,Rangpo,27.177,88.533,0.1,3B-HHR-E.MS.MRG.3IMERG.20260831-S190000-E192959.1140.V07C.30min.tif,0.1,0.30000000000000004,1.3,8.0,14.9,20.9,40.3,52.7,88.9,0.2,0.3,2.8,2.8,-0.19999999999999996,-5.4,-0.19999999999999996,306.95,13.38,279.29,-0.9868839065636126,0.16143157982793477,23.139499999999998,1.24,18.5,279.642,1219.45165,0.555,1
2026-08-31 20:00:00+00:00,2026-08-31,2026-08-31T19:30:00+00:00,2026-08-31T20:00:00+00:00,2026-08-31T20:00:00+00:00,Rangpo,27.177,88.533,0.1,3B-HHR-E.MS.MRG.3IMERG.20260831-S193000-E195959.1170.V07C.30min.tif,0.1,0.2,1.2000000000000002,7.699999999999999,15.0,20.9,40.4,52.699999999999996,89.0,0.1,0.3,2.8,2.8,-0.2,-5.3,-5.551115123125783e-17,306.95,13.38,279.29,-0.9868839065636126,0.16143157982793477,23.139499999999998,1.24,18.5,279.642,1219.4516499999997,0.555,1
2026-08-31 20:30:00+00:00,2026-08-31,2026-08-31T20:00:00+00:00,2026-08-31T20:30:00+00:00,2026-08-31T20:30:00+00:00,Rangpo,27.177,88.533,0.8,3B-HHR-E.MS.MRG.3IMERG.20260831-S200000-E202959.1200.V07C.30min.tif,0.8,0.9,1.7000000000000002,8.2,15.700000000000001,21.599999999999998,41.199999999999996,53.4,89.8,0.8,0.8,2.8,2.8,0.6,-4.8,0.7999999999999999,306.95,13.38,279.29,-0.9868839065636126,0.16143157982793477,23.139499999999998,1.24,18.5,289.008,1235.6492999999998,1.4800000000000002,1
2026-08-31 21:00:00+00:00,2026-08-31,2026-08-31T20:30:00+00:00,2026-08-31T21:00:00+00:00,2026-08-31T21:00:00+00:00,Rangpo,27.177,88.533,0.8,3B-HHR-E.MS.MRG.3IMERG.20260831-S203000-E205959.1230.V07C.30min.tif,0.8,1.6,2.2,8.799999999999999,16.5,22.3,42.0,54.1,90.6,0.8,0.8,2.8,2.8,1.4000000000000001,-4.3999999999999995,1.6,306.95,13.38,279.29,-0.9868839065636126,0.16143157982793477,23.139499999999998,1.24,18.5,298.374,1251.8469499999999,1.4800000000000002,1
2026-08-31 21:30:00+00:00,2026-08-31,2026-08-31T21:00:00+00:00,2026-08-31T21:30:00+00:00,2026-08-31T21:30:00+00:00,Rangpo,27.177,88.533,0.5,3B-HHR-E.MS.MRG.3IMERG.20260831-S210000-E212959.1260.V07C.30min.tif,0.5,1.3,2.5,6.5,17.0,22.3,42.5,54.6,91.1,0.8,0.8,2.8,2.8,0.4,-1.5,-0.19999999999999996,306.95,13.38,279.29,-0.9868839065636126,0.16143157982793477,23.139499999999998,1.24,18.5,298.374,1263.4167,1.4800000000000002,1
2026-08-31 22:00:00+00:00,2026-08-31,2026-08-31T21:30:00+00:00,2026-08-31T22:00:00+00:00,2026-08-31T22:00:00+00:00,Rangpo,27.177,88.533,0.1,3B-HHR-E.MS.MRG.3IMERG.20260831-S213000-E215959.1290.V07C.30min.tif,0.1,0.6,2.4000000000000004,3.8000000000000003,17.1,21.900000000000002,42.6,54.7,91.2,0.5,0.8,0.8,2.8,-1.0,1.0000000000000004,-2.4000000000000004,306.95,13.38,279.29,-0.9868839065636126,0.16143157982793477,23.139499999999998,1.24,18.5,293.02200000000005,1265.73065,1.4800000000000002,1
2026-08-31 22:30:00+00:00,2026-08-31,2026-08-31T22:00:00+00:00,2026-08-31T22:30:00+00:00,2026-08-31T22:30:00+00:00,Rangpo,27.177,88.533,0.0,3B-HHR-E.MS.MRG.3IMERG.20260831-S220000-E222959.1320.V07C.30min.tif,0.0,0.1,2.3000000000000003,3.6,17.1,21.8,42.6,54.7,91.2,0.1,0.8,0.8,2.8,-1.2,1.0000000000000002,-1.6,306.95,13.38,279.29,-0.9868839065636126,0.16143157982793477,23.139499999999998,1.24,18.5,291.684,1265.73065,1.4800000000000002,1
2026-08-31 23:00:00+00:00,2026-08-31,2026-08-31T22:30:00+00:00,2026-08-31T23:00:00+00:00,2026-08-31T23:00:00+00:00,Rangpo,27.177,88.533,0.0,3B-HHR-E.MS.MRG.3IMERG.20260831-S223000-E225959.1350.V07C.30min.tif,0.0,0.0,2.2,3.4000000000000004,17.1,21.7,42.6,54.7,91.2,0.0,0.8,0.8,2.8,-0.6,1.0,0.4,306.95,13.38,279.29,-0.9868839065636126,0.16143157982793477,23.139499999999998,1.24,18.5,290.346,1265.73065,1.4800000000000002,1
2026-08-31 23:30:00+00:00,2026-08-31,2026-08-31T23:00:00+00:00,2026-08-31T23:30:00+00:00,2026-08-31T23:30:00+00:00,Rangpo,27.177,88.533,0.0,3B-HHR-E.MS.MRG.3IMERG.20260831-S230000-E232959.1380.V07C.30min.tif,0.0,0.0,1.4000000000000001,3.1,17.1,21.7,42.5,54.7,91.2,0.0,0.8,0.8,2.8,-0.1,-0.30000000000000004,1.0999999999999999,306.95,13.38,279.29,-0.9868839065636126,0.16143157982793477,23.139499999999998,1.24,18.5,290.346,1265.73065,1.4800000000000002,1
2026-09-01 00:00:00+00:00,2026-08-31,2026-08-31T23:30:00+00:00,2026-09-01T00:00:00+00:00,2026-09-01T00:00:00+00:00,Rangpo,27.177,88.533,0.0,3B-HHR-E.MS.MRG.3IMERG.20260831-S233000-E235959.1410.V07C.30min.tif,0.0,0.0,0.6,2.8000000000000003,14.999999999999998,21.7,42.400000000000006,54.7,91.2,0.0,0.5,0.8,2.8,0.0,-1.6,0.6,306.95,13.38,279.29,-0.9868839065636126,0.16143157982793477,23.139499999999998,1.24,18.5,290.346,1265.73065,0.925,1
2026-09-01 00:30:00+00:00,2026-09-01,2026-09-01T00:00:00+00:00,2026-09-01T00:30:00+00:00,2026-09-01T00:30:00+00:00,Rangpo,27.177,88.533,0.0,3B-HHR-E.MS.MRG.3IMERG.20260901-S000000-E002959.0000.V07C.30min.tif,0.0,0.0,0.1,2.6,12.899999999999999,21.7,42.400000000000006,54.7,91.2,0.0,0.1,0.8,2.8,0.0,-2.4,0.1,306.95,13.38,279.29,-0.9868839065636126,0.16143157982793477,23.139499999999998,1.24,18.5,290.346,1265.73065,0.18500000000000003,1
2026-09-01 01:00:00+00:00,2026-09-01,2026-09-01T00:30:00+00:00,2026-09-01T01:00:00+00:00,2026-09-01T01:00:00+00:00,Rangpo,27.177,88.533,0.0,3B-HHR-E.MS.MRG.3IMERG.20260901-S003000-E005959.0030.V07C.30min.tif,0.0,0.0,0.0,2.4000000000000004,11.299999999999999,21.7,42.400000000000006,54.7,91.2,0.0,0.0,0.8,2.8,0.0,-2.4000000000000004,0.0,306.95,13.38,279.29,-0.9868839065636126,0.16143157982793477,23.139499999999998,1.24,18.5,290.346,1265.73065,0.0,1
2026-09-01 01:30:00+00:00,2026-09-01,2026-09-01T01:00:00+00:00,2026-09-01T01:30:00+00:00,2026-09-01T01:30:00+00:00,Rangpo,27.177,88.533,0.0,3B-HHR-E.MS.MRG.3IMERG.20260901-S010000-E012959.0060.V07C.30min.tif,0.0,0.0,0.0,2.3000000000000003,10.299999999999999,20.1,42.400000000000006,54.7,91.2,0.0,0.0,0.8,2.8,0.0,-2.3000000000000003,0.0,306.95,13.38,279.29,-0.9868839065636126,0.16143157982793477,23.139499999999998,1.24,18.5,268.93800000000005,1265.73065,0.0,1
2026-09-01 02:00:00+00:00,2026-09-01,2026-09-01T01:30:00+00:00,2026-09-01T02:00:00+00:00,2026-09-01T02:00:00+00:00,Rangpo,27.177,88.533,0.0,3B-HHR-E.MS.MRG.3IMERG.20260901-S013000-E015959.0090.V07C.30min.tif,0.0,0.0,0.0,2.2,9.899999999999999,18.5,42.400000000000006,54.7,91.2,0.0,0.0,0.8,2.8,0.0,-2.2,0.0,306.95,13.38,279.29,-0.9868839065636126,0.16143157982793477,23.139499999999998,1.24,18.5,247.53,1265.73065,0.0,1
2026-09-01 02:30:00+00:00,2026-09-01,2026-09-01T02:00:00+00:00,2026-09-01T02:30:00+00:00,2026-09-01T02:30:00+00:00,Rangpo,27.177,88.533,0.0,3B-HHR-E.MS.MRG.3IMERG.20260901-S020000-E022959.0120.V07C.30min.tif,0.0,0.0,0.0,1.4000000000000001,9.6,17.5,42.400000000000006,54.7,91.2,0.0,0.0,0.8,2.8,0.0,-1.4000000000000001,0.0,306.95,13.38,279.29,-0.9868839065636126,0.16143157982793477,23.139499999999998,1.24,18.5,234.15,1265.73065,0.0,1
2026-09-01 03:00:00+00:00,2026-09-01,2026-09-01T02:30:00+00:00,2026-09-01T03:00:00+00:00,2026-09-01T03:00:00+00:00,Rangpo,27.177,88.533,0.0,3B-HHR-E.MS.MRG.3IMERG.20260901-S023000-E025959.0150.V07C.30min.tif,0.0,0.0,0.0,0.6,9.399999999999999,17.400000000000002,42.400000000000006,54.7,91.2,0.0,0.0,0.5,2.8,0.0,-0.6,0.0,306.95,13.38,279.29,-0.9868839065636126,0.16143157982793477,23.139499999999998,1.24,18.5,232.81200000000004,1265.73065,0.0,1
2026-09-01 03:30:00+00:00,2026-09-01,2026-09-01T03:00:00+00:00,2026-09-01T03:30:00+00:00,2026-09-01T03:30:00+00:00,Rangpo,27.177,88.533,0.0,3B-HHR-E.MS.MRG.3IMERG.20260901-S030000-E032959.0180.V07C.30min.tif,0.0,0.0,0.0,0.1,6.6000000000000005,17.3,42.400000000000006,54.7,91.2,0.0,0.0,0.1,2.8,0.0,-0.1,0.0,306.95,13.38,279.29,-0.9868839065636126,0.16143157982793477,23.139499999999998,1.24,18.5,231.47400000000002,1265.73065,0.0,1
2026-09-01 04:00:00+00:00,2026-09-01,2026-09-01T03:30:00+00:00,2026-09-01T04:00:00+00:00,2026-09-01T04:00:00+00:00,Rangpo,27.177,88.533,0.0,3B-HHR-E.MS.MRG.3IMERG.20260901-S033000-E035959.0210.V07C.30min.tif,0.0,0.0,0.0,0.0,3.8000000000000003,17.2,42.400000000000006,54.7,91.2,0.0,0.0,0.0,2.8,0.0,0.0,0.0,306.95,13.38,279.29,-0.9868839065636126,0.16143157982793477,23.139499999999998,1.24,18.5,230.136,1265.73065,0.0,1
2026-09-01 04:30:00+00:00,2026-09-01,2026-09-01T04:00:00+00:00,2026-09-01T04:30:00+00:00,2026-09-01T04:30:00+00:00,Rangpo,27.177,88.533,0.0,3B-HHR-E.MS.MRG.3IMERG.20260901-S040000-E042959.0240.V07C.30min.tif,0.0,0.0,0.0,0.0,3.6,17.2,42.400000000000006,54.7,91.2,0.0,0.0,0.0,2.8,0.0,0.0,0.0,306.95,13.38,279.29,-0.9868839065636126,0.16143157982793477,23.139499999999998,1.24,18.5,230.136,1265.73065,0.0,1
2026-09-01 05:00:00+00:00,2026-09-01,2026-09-01T04:30:00+00:00,2026-09-01T05:00:00+00:00,2026-09-01T05:00:00+00:00,Rangpo,27.177,88.533,0.0,3B-HHR-E.MS.MRG.3IMERG.20260901-S043000-E045959.0270.V07C.30min.tif,0.0,0.0,0.0,0.0,3.4000000000000004,17.2,42.400000000000006,54.7,91.2,0.0,0.0,0.0,2.8,0.0,0.0,0.0,306.95,13.38,279.29,-0.9868839065636126,0.16143157982793477,23.139499999999998,1.24,18.5,230.136,1265.73065,0.0,1
2026-09-01 05:30:00+00:00,2026-09-01,2026-09-01T05:00:00+00:00,2026-09-01T05:30:00+00:00,2026-09-01T05:30:00+00:00,Rangpo,27.177,88.533,0.0,3B-HHR-E.MS.MRG.3IMERG.20260901-S050000-E052959.0300.V07C.30min.tif,0.0,0.0,0.0,0.0,3.1,17.2,42.400000000000006,54.7,91.2,0.0,0.0,0.0,2.8,0.0,0.0,0.0,306.95,13.38,279.29,-0.9868839065636126,0.16143157982793477,23.139499999999998,1.24,18.5,230.136,1265.73065,0.0,1
2026-09-01 06:00:00+00:00,2026-09-01,2026-09-01T05:30:00+00:00,2026-09-01T06:00:00+00:00,2026-09-01T06:00:00+00:00,Rangpo,27.177,88.533,0.0,3B-HHR-E.MS.MRG.3IMERG.20260901-S053000-E055959.0330.V07C.30min.tif,0.0,0.0,0.0,0.0,2.8000000000000003,17.2,42.400000000000006,54.7,91.2,0.0,0.0,0.0,2.8,0.0,0.0,0.0,306.95,13.38,279.29,-0.9868839065636126,0.16143157982793477,23.139499999999998,1.24,18.5,230.136,1265.73065,0.0,1
2026-09-01 06:30:00+00:00,2026-09-01,2026-09-01T06:00:00+00:00,2026-09-01T06:30:00+00:00,2026-09-01T06:30:00+00:00,Rangpo,27.177,88.533,0.0,3B-HHR-E.MS.MRG.3IMERG.20260901-S060000-E062959.0360.V07C.30min.tif,0.0,0.0,0.0,0.0,2.6,17.2,42.400000000000006,54.7,91.2,0.0,0.0,0.0,2.8,0.0,0.0,0.0,306.95,13.38,279.29,-0.9868839065636126,0.16143157982793477,23.139499999999998,1.24,18.5,230.136,1265.73065,0.0,1
2026-09-01 07:00:00+00:00,2026-09-01,2026-09-01T06:30:00+00:00,2026-09-01T07:00:00+00:00,2026-09-01T07:00:00+00:00,Rangpo,27.177,88.533,0.0,3B-HHR-E.MS.MRG.3IMERG.20260901-S063000-E065959.0390.V07C.30min.tif,0.0,0.0,0.0,0.0,2.4000000000000004,17.2,42.2,54.7,91.2,0.0,0.0,0.0,2.8,0.0,0.0,0.0,306.95,13.38,279.29,-0.9868839065636126,0.16143157982793477,23.139499999999998,1.24,18.5,230.136,1265.73065,0.0,1
2026-09-01 07:30:00+00:00,2026-09-01,2026-09-01T07:00:00+00:00,2026-09-01T07:30:00+00:00,2026-09-01T07:30:00+00:00,Rangpo,27.177,88.533,1.0,3B-HHR-E.MS.MRG.3IMERG.20260901-S070000-E072959.0420.V07C.30min.tif,1.0,1.0,1.0,1.0,3.3000000000000003,18.2,42.900000000000006,53.5,92.10000000000001,1.0,1.0,1.0,2.8,1.0,1.0,1.0,306.95,13.38,279.29,-0.9868839065636126,0.16143157982793477,23.139499999999998,1.24,18.5,243.516,1237.9632499999998,1.85,1
2026-09-01 08:00:00+00:00,2026-09-01,2026-09-01T07:30:00+00:00,2026-09-01T08:00:00+00:00,2026-09-01T08:00:00+00:00,Rangpo,27.177,88.533,2.0,3B-HHR-E.MS.MRG.3IMERG.20260901-S073000-E075959.0450.V07C.30min.tif,2.0,3.0,3.0,3.0,5.2,20.2,44.6,53.2,94.0,2.0,2.0,2.0,2.8,3.0,3.0,3.0,306.95,13.38,279.29,-0.9868839065636126,0.16143157982793477,23.139499999999998,1.24,18.5,270.276,1231.0213999999999,3.7,1
2026-09-01 08:30:00+00:00,2026-09-01,2026-09-01T08:00:00+00:00,2026-09-01T08:30:00+00:00,2026-09-01T08:30:00+00:00,Rangpo,27.177,88.533,2.2,3B-HHR-E.MS.MRG.3IMERG.20260901-S080000-E082959.0480.V07C.30min.tif,2.2,4.2,5.2,5.2,6.6000000000000005,22.3,46.6,53.0,96.10000000000001,2.2,2.2,2.2,2.8,3.2,5.2,2.2,306.95,13.38,279.29,-0.9868839065636126,0.16143157982793477,23.139499999999998,1.24,18.5,298.374,1226.3935,4.07,1
2026-09-01 09:00:00+00:00,2026-09-01,2026-09-01T08:30:00+00:00,2026-09-01T09:00:00+00:00,2026-09-01T09:00:00+00:00,Rangpo,27.177,88.533,2.2,3B-HHR-E.MS.MRG.3IMERG.20260901-S083000-E085959.0510.V07C.30min.tif,2.2,4.4,7.4,7.4,8.0,24.5,48.7,53.1,98.3,2.2,2.2,2.2,2.8,1.4000000000000004,7.4,-1.5999999999999996,306.95,13.38,279.29,-0.9868839065636126,0.16143157982793477,23.139499999999998,1.24,18.5,327.81,1228.7074499999999,4.07,1
2026-09-01 09:30:00+00:00,2026-09-01,2026-09-01T09:00:00+00:00,2026-09-01T09:30:00+00:00,2026-09-01T09:30:00+00:00,Rangpo,27.177,88.533,1.4,3B-HHR-E.MS.MRG.3IMERG.20260901-S090000-E092959.0540.V07C.30min.tif,1.4,3.6,8.8,8.8,8.9,25.900000000000002,49.8,53.6,99.7,2.2,2.2,2.2,2.8,-0.6000000000000001,8.8,-3.8000000000000003,306.95,13.38,279.29,-0.9868839065636126,0.16143157982793477,23.139499999999998,1.24,18.5,346.54200000000003,1240.2772,4.07,1
2026-09-01 10:00:00+00:00,2026-09-01,2026-09-01T09:30:00+00:00,2026-09-01T10:00:00+00:00,2026-09-01T10:00:00+00:00,Rangpo,27.177,88.533,0.5,3B-HHR-E.MS.MRG.3IMERG.20260901-S093000-E095959.0570.V07C.30min.tif,0.5,1.9,9.3,9.3,9.3,26.400000000000002,47.7,53.300000000000004,100.2,1.4,2.2,2.2,2.8,-2.5000000000000004,9.3,-3.900000000000001,306.95,13.38,279.29,-0.9868839065636126,0.16143157982793477,23.139499999999998,1.24,18.5,353.232,1233.33535,4.07,1
2026-09-01 10:30:00+00:00,2026-09-01,2026-09-01T10:00:00+00:00,2026-09-01T10:30:00+00:00,2026-09-01T10:30:00+00:00,Rangpo,27.177,88.533,0.2,3B-HHR-E.MS.MRG.3IMERG.20260901-S100000-E102959.0600.V07C.30min.tif,0.2,0.7,8.5,9.5,9.500000000000002,26.6,45.0,53.3,100.4,0.5,2.2,2.2,2.8,-2.9000000000000004,7.5,-2.3000000000000003,306.95,13.38,279.29,-0.9868839065636126,0.16143157982793477,23.139499999999998,1.24,18.5,355.908,1233.3353499999998,4.07,1
2026-09-01 11:00:00+00:00,2026-09-01,2026-09-01T10:30:00+00:00,2026-09-01T11:00:00+00:00,2026-09-01T11:00:00+00:00,Rangpo,27.177,88.533,1.4,3B-HHR-E.MS.MRG.3IMERG.20260901-S103000-E105959.0630.V07C.30min.tif,1.4,1.5999999999999999,7.9,10.9,10.9,28.0,44.4,54.6,101.69999999999999,1.4,2.2,2.2,2.8,-0.30000000000000004,4.9,2.2,306.95,13.38,279.29,-0.9868839065636126,0.16143157982793477,23.139499999999998,1.24,18.5,374.64000000000004,1263.4167,4.07,1
2026-09-01 11:30:00+00:00,2026-09-01,2026-09-01T11:00:00+00:00,2026-09-01T11:30:00+00:00,2026-09-01T11:30:00+00:00,Rangpo,27.177,88.533,1.1,3B-HHR-E.MS.MRG.3IMERG.20260901-S110000-E112959.0660.V07C.30min.tif,1.1,2.5,6.8,12.0,12.000000000000002,29.1,43.300000000000004,55.7,102.7,1.4,2.2,2.2,2.8,1.8,1.5999999999999996,4.7,306.95,13.38,279.29,-0.9868839065636126,0.16143157982793477,23.139499999999998,1.24,18.5,389.35800000000006,1288.87015,4.07,1
2026-09-01 12:00:00+00:00,2026-09-01,2026-09-01T11:30:00+00:00,2026-09-01T12:00:00+00:00,2026-09-01T12:00:00+00:00,Rangpo,27.177,88.533,0.9,3B-HHR-E.MS.MRG.3IMERG.20260901-S113000-E115959.0690.V07C.30min.tif,0.9,2.0,5.5,12.9,12.9,27.9,44.0,56.6,103.6,1.1,1.4,2.2,2.8,0.40000000000000013,-1.9000000000000004,0.7000000000000002,306.95,13.38,279.29,-0.9868839065636126,0.16143157982793477,23.139499999999998,1.24,18.5,373.302,1309.6957,2.59,1
2026-09-01 12:30:00+00:00,2026-09-01,2026-09-01T12:00:00+00:00,2026-09-01T12:30:00+00:00,2026-09-01T12:30:00+00:00,Rangpo,27.177,88.533,0.7,3B-HHR-E.MS.MRG.3IMERG.20260901-S120000-E122959.0720.V07C.30min.tif,0.7,1.6,4.8,13.6,13.600000000000001,26.5,44.699999999999996,57.1,104.2,0.9,1.4,2.2,2.8,-0.8999999999999999,-4.000000000000001,-2.7,306.95,13.38,279.29,-0.9868839065636126,0.16143157982793477,23.139499999999998,1.24,18.5,354.57,1321.2654499999999,2.59,1
2026-09-01 13:00:00+00:00,2026-09-01,2026-09-01T12:30:00+00:00,2026-09-01T13:00:00+00:00,2026-09-01T13:00:00+00:00,Rangpo,27.177,88.533,0.5,3B-HHR-E.MS.MRG.3IMERG.20260901-S123000-E125959.0750.V07C.30min.tif,0.5,1.2,4.800000000000001,14.1,14.100000000000001,25.4,45.199999999999996,57.300000000000004,104.5,0.7,1.4,2.2,2.8,-0.8,-4.5,-1.2000000000000002,306.95,13.38,279.29,-0.9868839065636126,0.16143157982793477,23.139499999999998,1.24,18.5,339.852,1325.89335,2.59,1
2026-09-01 13:30:00+00:00,2026-09-01,2026-09-01T13:00:00+00:00,2026-09-01T13:30:00+00:00,2026-09-01T13:30:00+00:00,Rangpo,27.177,88.533,0.3,3B-HHR-E.MS.MRG.3IMERG.20260901-S130000-E132959.0780.V07C.30min.tif,0.3,0.8,4.9,13.4,14.4,24.7,45.5,57.6,104.8,0.5,1.4,2.2,2.8,-0.8,-3.5999999999999996,0.09999999999999987,306.95,13.38,279.29,-0.9868839065636126,0.16143157982793477,23.139499999999998,1.24,18.5,330.486,1332.8352,2.59,1
2026-09-01 14:00:00+00:00,2026-09-01,2026-09-01T13:30:00+00:00,2026-09-01T14:00:00+00:00,2026-09-01T14:00:00+00:00,Rangpo,27.177,88.533,0.3,3B-HHR-E.MS.MRG.3IMERG.20260901-S133000-E135959.0810.V07C.30min.tif,0.3,0.6,3.8,11.7,14.700000000000001,24.6,45.8,57.900000000000006,105.10000000000001,0.3,1.1,2.2,2.8,-0.6,-4.1000000000000005,0.20000000000000007,306.95,13.38,279.29,-0.9868839065636126,0.16143157982793477,23.139499999999998,1.24,18.5,329.148,1339.77705,2.035,1
2026-09-01 14:30:00+00:00,2026-09-01,2026-09-01T14:00:00+00:00,2026-09-01T14:30:00+00:00,2026-09-01T14:30:00+00:00,Rangpo,27.177,88.533,0.1,3B-HHR-E.MS.MRG.3IMERG.20260901-S140000-E142959.0840.V07C.30min.tif,0.1,0.4,2.8000000000000003,9.600000000000001,14.8,24.400000000000002,45.9,58.00000000000001,105.1,0.3,0.9,2.2,2.8,-0.4,-3.9999999999999996,0.4,306.95,13.38,279.29,-0.9868839065636126,0.16143157982793477,23.139499999999998,1.24,18.5,326.47200000000004,1342.0910000000001,1.665,1
2026-09-01 15:00:00+00:00,2026-09-01,2026-09-01T14:30:00+00:00,2026-09-01T15:00:00+00:00,2026-09-01T15:00:00+00:00,Rangpo,27.177,88.533,0.1,3B-HHR-E.MS.MRG.3IMERG.20260901-S143000-E145959.0870.V07C.30min.tif,0.1,0.2,1.9999999999999998,7.5,14.9,24.3,46.0,58.0,105.0,0.1,0.7,1.4,2.8,-0.39999999999999997,-3.5,0.2,306.95,13.38,279.29,-0.9868839065636126,0.16143157982793477,23.139499999999998,1.24,18.5,325.134,1342.091,1.295,1
2026-09-01 15:30:00+00:00,2026-09-01,2026-09-01T15:00:00+00:00,2026-09-01T15:30:00+00:00,2026-09-01T15:30:00+00:00,Rangpo,27.177,88.533,0.1,3B-HHR-E.MS.MRG.3IMERG.20260901-S150000-E152959.0900.V07C.30min.tif,0.1,0.2,1.4,6.199999999999999,15.000000000000002,21.6,46.1,58.0,104.8,0.1,0.5,1.4,2.8,-0.2,-3.4,0.2,306.95,13.38,279.29,-0.9868839065636126,0.16143157982793477,23.139499999999998,1.24,18.5,289.00800000000004,1342.091,0.925,1
2026-09-01 16:00:00+00:00,2026-09-01,2026-09-01T15:30:00+00:00,2026-09-01T16:00:00+00:00,2026-09-01T16:00:00+00:00,Rangpo,27.177,88.533,1.0,3B-HHR-E.MS.MRG.3IMERG.20260901-S153000-E155959.0930.V07C.30min.tif,1.0,1.1,1.9,6.699999999999999,16.0,19.8,47.1,58.8,105.7,1.0,1.0,1.4,2.2,0.9000000000000001,-2.900000000000001,1.3,306.95,13.38,279.29,-0.9868839065636126,0.16143157982793477,23.139499999999998,1.24,18.5,264.92400000000004,1360.6026,1.85,1
2026-09-01 16:30:00+00:00,2026-09-01,2026-09-01T16:00:00+00:00,2026-09-01T16:30:00+00:00,2026-09-01T16:30:00+00:00,Rangpo,27.177,88.533,1.0,3B-HHR-E.MS.MRG.3IMERG.20260901-S160000-E162959.0960.V07C.30min.tif,1.0,2.0,2.5999999999999996,7.5,17.0,20.6,48.1,59.7,106.7,1.0,1.0,1.4,2.2,1.8,-2.3000000000000007,2.0,306.95,13.38,279.29,-0.9868839065636126,0.16143157982793477,23.139499999999998,1.24,18.5,275.62800000000004,1381.42815,1.85,1
2026-09-01 17:00:00+00:00,2026-09-01,2026-09-01T16:30:00+00:00,2026-09-01T17:00:00+00:00,2026-09-01T17:00:00+00:00,Rangpo,27.177,88.533,0.7,3B-HHR-E.MS.MRG.3IMERG.20260901-S163000-E165959.0990.V07C.30min.tif,0.7,1.7,3.0,6.8,17.700000000000003,21.1,48.699999999999996,60.300000000000004,107.4,1.0,1.0,1.1,2.2,0.5999999999999999,-0.7999999999999998,-0.30000000000000027,306.95,13.38,279.29,-0.9868839065636126,0.16143157982793477,23.139499999999998,1.24,18.5,282.31800000000004,1395.31185,1.85,1
2026-09-01 17:30:00+00:00,2026-09-01,2026-09-01T17:00:00+00:00,2026-09-01T17:30:00+00:00,2026-09-01T17:30:00+00:00,Rangpo,27.177,88.533,0.4,3B-HHR-E.MS.MRG.3IMERG.20260901-S170000-E172959.1020.V07C.30min.tif,0.4,1.1,3.3,6.1000000000000005,18.1,21.2,49.0,60.7,107.1,0.7,1.0,1.0,2.2,-0.8999999999999999,0.49999999999999956,-2.7,306.95,13.38,279.29,-0.9868839065636126,0.16143157982793477,23.139499999999998,1.24,18.5,283.656,1404.56765,1.85,1
2026-09-01 18:00:00+00:00,2026-09-01,2026-09-01T17:30:00+00:00,2026-09-01T18:00:00+00:00,2026-09-01T18:00:00+00:00,Rangpo,27.177,88.533,0.1,3B-HHR-E.MS.MRG.3IMERG.20260901-S173000-E175959.1050.V07C.30min.tif,0.1,0.5000000000000001,3.3,5.3,18.200000000000003,21.0,49.0,60.800000000000004,106.5,0.4,1.0,1.0,2.2,-1.1999999999999997,1.3,-1.7999999999999996,306.95,13.38,279.29,-0.9868839065636126,0.16143157982793477,23.139499999999998,1.24,18.5,280.98,1406.8816,1.85,1
2026-09-01 18:30:00+00:00,2026-09-01,2026-09-01T18:00:00+00:00,2026-09-01T18:30:00+00:00,2026-09-01T18:30:00+00:00,Rangpo,27.177,88.533,0.1,3B-HHR-E.MS.MRG.3IMERG.20260901-S180000-E182959.1080.V07C.30min.tif,0.1,0.2,3.3,4.699999999999999,18.3,20.900000000000002,48.1,60.900000000000006,106.5,0.1,1.0,1.0,2.2,-0.9000000000000001,1.9,-2.220446049250313e-16,306.95,13.38,279.29,-0.9868839065636126,0.16143157982793477,23.139499999999998,1.24,18.5,279.64200000000005,1409.19555,1.85,1
2026-09-01 19:00:00+00:00,2026-09-01,2026-09-01T18:30:00+00:00,2026-09-01T19:00:00+00:00,2026-09-01T19:00:00+00:00,Rangpo,27.177,88.533,0.0,3B-HHR-E.MS.MRG.3IMERG.20260901-S183000-E185959.1110.V07C.30min.tif,0.0,0.10000000000000012,2.3,4.199999999999999,18.3,20.700000000000003,47.0,60.900000000000006,106.4,0.1,1.0,1.0,2.2,-0.4,0.3999999999999999,0.7999999999999997,306.95,13.38,279.29,-0.9868839065636126,0.16143157982793477,23.139499999999998,1.24,18.5,276.96600000000007,1409.19555,1.85,1
2026-09-01 19:30:00+00:00,2026-09-01,2026-09-01T19:00:00+00:00,2026-09-01T19:30:00+00:00,2026-09-01T19:30:00+00:00,Rangpo,27.177,88.533,0.0,3B-HHR-E.MS.MRG.3IMERG.20260901-S190000-E192959.1140.V07C.30min.tif,0.0,0.0,1.2999999999999998,3.9,17.3,20.6,41.5,60.900000000000006,105.7,0.0,0.7,1.0,2.2,-0.2,-1.2999999999999998,0.7000000000000002,306.95,13.38,279.29,-0.9868839065636126,0.16143157982793477,23.139499999999998,1.24,18.5,275.62800000000004,1409.19555,1.295,1
2026-09-01 20:00:00+00:00,2026-09-01,2026-09-01T19:30:00+00:00,2026-09-01T20:00:00+00:00,2026-09-01T20:00:00+00:00,Rangpo,27.177,88.533,0.1,3B-HHR-E.MS.MRG.3IMERG.20260901-S193000-E195959.1170.V07C.30min.tif,0.1,0.10000000000000012,0.7,3.7,15.4,20.6,41.5,61.0,105.6,0.1,0.4,1.0,2.2,0.0,-2.3,0.4,306.95,13.38,279.29,-0.9868839065636126,0.16143157982793477,23.139499999999998,1.24,18.5,275.62800000000004,1411.5095,0.7400000000000001,1
2026-09-01 20:30:00+00:00,2026-09-01,2026-09-01T20:00:00+00:00,2026-09-01T20:30:00+00:00,2026-09-01T20:30:00+00:00,Rangpo,27.177,88.533,0.1,3B-HHR-E.MS.MRG.3IMERG.20260901-S200000-E202959.1200.V07C.30min.tif,0.1,0.2,0.3999999999999999,3.7,13.3,19.900000000000002,41.5,61.1,105.60000000000001,0.1,0.1,1.0,2.2,0.2,-2.9,0.4,306.95,13.38,279.29,-0.9868839065636126,0.16143157982793477,23.139499999999998,1.24,18.5,266.26200000000006,1413.8234499999999,0.18500000000000003,1
2026-09-01 21:00:00+00:00,2026-09-01,2026-09-01T20:30:00+00:00,2026-09-01T21:00:00+00:00,2026-09-01T21:00:00+00:00,Rangpo,27.177,88.533,0.2,3B-HHR-E.MS.MRG.3IMERG.20260901-S203000-E205959.1230.V07C.30min.tif,0.2,0.30000000000000016,0.49999999999999994,3.8,11.3,19.3,41.6,61.300000000000004,105.7,0.2,0.2,1.0,2.2,0.20000000000000004,-2.8,0.20000000000000004,306.95,13.38,279.29,-0.9868839065636126,0.16143157982793477,23.139499999999998,1.24,18.5,258.23400000000004,1418.45135,0.37000000000000005,1
2026-09-01 21:30:00+00:00,2026-09-01,2026-09-01T21:00:00+00:00,2026-09-01T21:30:00+00:00,2026-09-01T21:30:00+00:00,Rangpo,27.177,88.533,0.1,3B-HHR-E.MS.MRG.3IMERG.20260901-S210000-E212959.1260.V07C.30min.tif,0.1,0.30000000000000016,0.4999999999999999,3.8000000000000003,10.0,18.900000000000002,41.2,61.400000000000006,105.6,0.2,0.2,1.0,2.2,0.10000000000000014,-2.8,-0.09999999999999987,306.95,13.38,279.29,-0.9868839065636126,0.16143157982793477,23.139499999999998,1.24,18.5,252.88200000000003,1420.7653,0.37000000000000005,1
2026-09-01 22:00:00+00:00,2026-09-01,2026-09-01T21:30:00+00:00,2026-09-01T22:00:00+00:00,2026-09-01T22:00:00+00:00,Rangpo,27.177,88.533,0.0,3B-HHR-E.MS.MRG.3IMERG.20260901-S213000-E215959.1290.V07C.30min.tif,0.0,0.10000000000000012,0.4999999999999999,2.8,9.5,18.8,40.7,61.400000000000006,105.3,0.1,0.2,1.0,2.2,-0.20000000000000004,-1.7999999999999998,-0.4000000000000001,306.95,13.38,279.29,-0.9868839065636126,0.16143157982793477,23.139499999999998,1.24,18.5,251.544,1420.7653,0.37000000000000005,1
2026-09-01 22:30:00+00:00,2026-09-01,2026-09-01T22:00:00+00:00,2026-09-01T22:30:00+00:00,2026-09-01T22:30:00+00:00,Rangpo,27.177,88.533,0.0,3B-HHR-E.MS.MRG.3IMERG.20260901-S220000-E222959.1320.V07C.30min.tif,0.0,0.0,0.4999999999999999,1.8,9.299999999999999,18.8,40.6,61.400000000000006,104.8,0.0,0.2,0.7,2.2,-0.30000000000000016,-0.7999999999999999,-0.4000000000000003,306.95,13.38,279.29,-0.9868839065636126,0.16143157982793477,23.139499999999998,1.24,18.5,251.544,1420.7653,0.37000000000000005,1
2026-09-01 23:00:00+00:00,2026-09-01,2026-09-01T22:30:00+00:00,2026-09-01T23:00:00+00:00,2026-09-01T23:00:00+00:00,Rangpo,27.177,88.533,0.0,3B-HHR-E.MS.MRG.3IMERG.20260901-S223000-E225959.1350.V07C.30min.tif,0.0,0.0,0.3999999999999999,1.1,7.8999999999999995,18.8,40.5,61.400000000000006,104.3,0.0,0.2,0.4,2.2,-0.10000000000000012,-0.30000000000000004,0.09999999999999992,306.95,13.38,279.29,-0.9868839065636126,0.16143157982793477,23.139499999999998,1.24,18.5,251.544,1420.7653,0.37000000000000005,1
2026-09-01 23:30:00+00:00,2026-09-01,2026-09-01T23:00:00+00:00,2026-09-01T23:30:00+00:00,2026-09-01T23:30:00+00:00,Rangpo,27.177,88.533,0.5,3B-HHR-E.MS.MRG.3IMERG.20260901-S230000-E232959.1380.V07C.30min.tif,0.5,0.5000000000000001,0.7999999999999998,1.2000000000000002,7.300000000000001,19.3,41.0,61.800000000000004,103.9,0.5,0.5,0.5,2.2,0.5000000000000001,0.3999999999999999,0.8000000000000003,306.95,13.38,279.29,-0.9868839065636126,0.16143157982793477,23.139499999999998,1.24,18.5,258.23400000000004,1430.0211,0.925,1
2026-09-02 00:00:00+00:00,2026-09-01,2026-09-01T23:30:00+00:00,2026-09-02T00:00:00+00:00,2026-09-02T00:00:00+00:00,Rangpo,27.177,88.533,0.4,3B-HHR-E.MS.MRG.3IMERG.20260901-S233000-E235959.1410.V07C.30min.tif,0.4,0.9000000000000001,1.0,1.5,6.8,19.7,41.4,62.1,102.5,0.5,0.5,0.5,2.2,0.9000000000000001,0.5,1.0000000000000002,306.95,13.38,279.29,-0.9868839065636126,0.16143157982793477,23.139499999999998,1.24,18.5,263.586,1436.9629499999999,0.925,1
2026-09-02 00:30:00+00:00,2026-09-02,2026-09-02T00:00:00+00:00,2026-09-02T00:30:00+00:00,2026-09-02T00:30:00+00:00,Rangpo,27.177,88.533,0.0,3B-HHR-E.MS.MRG.3IMERG.20260902-S000000-E002959.0000.V07C.30min.tif,0.0,0.40000000000000013,0.8999999999999999,1.4000000000000001,6.1,19.7,41.4,62.1,100.7,0.4,0.5,0.5,2.2,-0.09999999999999998,0.4,-0.6000000000000001,306.95,13.38,279.29,-0.9868839065636126,0.16143157982793477,23.139499999999998,1.24,18.5,263.586,1436.9629499999999,0.925,1
2026-09-02 01:00:00+00:00,2026-09-02,2026-09-02T00:30:00+00:00,2026-09-02T01:00:00+00:00,2026-09-02T01:00:00+00:00,Rangpo,27.177,88.533,0.0,3B-HHR-E.MS.MRG.3IMERG.20260902-S003000-E005959.0030.V07C.30min.tif,0.0,0.0,0.8999999999999999,1.4000000000000001,5.6,19.7,41.4,62.1,99.2,0.0,0.5,0.5,2.2,-0.9000000000000001,0.4,-1.8000000000000003,306.95,13.38,279.29,-0.9868839065636126,0.16143157982793477,23.139499999999998,1.24,18.5,263.586,1436.9629499999999,0.925,1
2026-09-02 01:30:00+00:00,2026-09-02,2026-09-02T01:00:00+00:00,2026-09-02T01:30:00+00:00,2026-09-02T01:30:00+00:00,Rangpo,27.177,88.533,0.0,3B-HHR-E.MS.MRG.3IMERG.20260902-S010000-E012959.0060.V07C.30min.tif,0.0,0.0,0.8999999999999999,1.4000000000000001,5.3,19.7,39.8,62.1,97.7,0.0,0.5,0.5,2.2,-0.40000000000000013,0.4,-0.30000000000000016,306.95,13.38,279.29,-0.9868839065636126,0.16143157982793477,23.139499999999998,1.24,18.5,263.586,1436.9629499999999,0.925,1
2026-09-02 02:00:00+00:00,2026-09-02,2026-09-02T01:30:00+00:00,2026-09-02T02:00:00+00:00,2026-09-02T02:00:00+00:00,Rangpo,27.177,88.533,0.0,3B-HHR-E.MS.MRG.3IMERG.20260902-S013000-E015959.0090.V07C.30min.tif,0.0,0.0,0.8999999999999999,1.3,5.0,19.7,38.199999999999996,62.1,96.7,0.0,0.5,0.5,2.2,0.0,0.5,0.9000000000000001,306.95,13.38,279.29,-0.9868839065636126,0.16143157982793477,23.139499999999998,1.24,18.5,263.586,1436.9629499999999,0.925,1
2026-09-02 02:30:00+00:00,2026-09-02,2026-09-02T02:00:00+00:00,2026-09-02T02:30:00+00:00,2026-09-02T02:30:00+00:00,Rangpo,27.177,88.533,0.0,3B-HHR-E.MS.MRG.3IMERG.20260902-S020000-E022959.0120.V07C.30min.tif,0.0,0.0,0.39999999999999986,1.2000000000000002,4.9,19.7,37.199999999999996,62.1,96.10000000000001,0.0,0.4,0.5,2.2,0.0,-0.39999999999999997,0.40000000000000013,306.95,13.38,279.29,-0.9868839065636126,0.16143157982793477,23.139499999999998,1.24,18.5,263.586,1436.9629499999999,0.7400000000000001,1
2026-09-02 03:00:00+00:00,2026-09-02,2026-09-02T02:30:00+00:00,2026-09-02T03:00:00+00:00,2026-09-02T03:00:00+00:00,Rangpo,27.177,88.533,0.0,3B-HHR-E.MS.MRG.3IMERG.20260902-S023000-E025959.0150.V07C.30min.tif,0.0,0.0,0.0,1.0,4.8,19.7,37.1,62.1,94.7,0.0,0.0,0.5,2.2,0.0,-1.0,0.0,306.95,13.38,279.29,-0.9868839065636126,0.16143157982793477,23.139499999999998,1.24,18.5,263.586,1436.9629499999999,0.0,1
2026-09-02 03:30:00+00:00,2026-09-02,2026-09-02T03:00:00+00:00,2026-09-02T03:30:00+00:00,2026-09-02T03:30:00+00:00,Rangpo,27.177,88.533,0.0,3B-HHR-E.MS.MRG.3IMERG.20260902-S030000-E032959.0180.V07C.30min.tif,0.0,0.0,0.0,0.9,4.7,19.7,37.0,62.1,93.10000000000001,0.0,0.0,0.5,2.2,0.0,-0.8999999999999999,0.0,306.95,13.38,279.29,-0.9868839065636126,0.16143157982793477,23.139499999999998,1.24,18.5,263.586,1436.9629499999999,0.0,1
2026-09-02 04:00:00+00:00,2026-09-02,2026-09-02T03:30:00+00:00,2026-09-02T04:00:00+00:00,2026-09-02T04:00:00+00:00,Rangpo,27.177,88.533,0.1,3B-HHR-E.MS.MRG.3IMERG.20260902-S033000-E035959.0210.V07C.30min.tif,0.1,0.10000000000000012,0.09999999999999984,1.0,3.8000000000000003,19.8,37.0,62.2,91.7,0.1,0.1,0.5,2.2,0.10000000000000012,-0.8,0.10000000000000012,306.95,13.38,279.29,-0.9868839065636126,0.16143157982793477,23.139499999999998,1.24,18.5,264.92400000000004,1439.2768999999998,0.18500000000000003,1
2026-09-02 04:30:00+00:00,2026-09-02,2026-09-02T04:00:00+00:00,2026-09-02T04:30:00+00:00,2026-09-02T04:30:00+00:00,Rangpo,27.177,88.533,0.1,3B-HHR-E.MS.MRG.3IMERG.20260902-S040000-E042959.0240.V07C.30min.tif,0.1,0.2,0.19999999999999984,1.1,2.9,19.9,37.1,62.3,90.89999999999999,0.1,0.1,0.5,2.2,0.2,-0.7000000000000001,0.2,306.95,13.38,279.29,-0.9868839065636126,0.16143157982793477,23.139499999999998,1.24,18.5,266.262,1441.5908499999998,0.18500000000000003,1
2026-09-02 05:00:00+00:00,2026-09-02,2026-09-02T04:30:00+00:00,2026-09-02T05:00:00+00:00,2026-09-02T05:00:00+00:00,Rangpo,27.177,88.533,0.6,3B-HHR-E.MS.MRG.3IMERG.20260902-S043000-E045959.0270.V07C.30min.tif,0.6,0.7000000000000001,0.7999999999999998,1.7,2.8,20.5,37.7,62.9,90.8,0.6,0.6,0.6,2.2,0.6,-0.10000000000000009,0.4999999999999999,306.95,13.38,279.29,-0.9868839065636126,0.16143157982793477,23.139499999999998,1.24,18.5,274.29,1455.47455,1.11,1
2026-09-02 05:30:00+00:00,2026-09-02,2026-09-02T05:00:00+00:00,2026-09-02T05:30:00+00:00,2026-09-02T05:30:00+00:00,Rangpo,27.177,88.533,0.4,3B-HHR-E.MS.MRG.3IMERG.20260902-S050000-E052959.0300.V07C.30min.tif,0.4,1.0,1.1999999999999997,1.6,2.8000000000000003,20.9,38.1,63.3,88.0,0.6,0.6,0.6,2.2,0.8,0.7999999999999998,0.6000000000000001,306.95,13.38,279.29,-0.9868839065636126,0.16143157982793477,23.139499999999998,1.24,18.5,279.642,1464.7303499999998,1.11,1
2026-09-02 06:00:00+00:00,2026-09-02,2026-09-02T05:30:00+00:00,2026-09-02T06:00:00+00:00,2026-09-02T06:00:00+00:00,Rangpo,27.177,88.533,0.0,3B-HHR-E.MS.MRG.3IMERG.20260902-S053000-E055959.0330.V07C.30min.tif,0.0,0.40000000000000013,1.1999999999999997,1.2000000000000002,2.7,20.9,38.1,63.3,84.8,0.4,0.6,0.6,2.2,-0.29999999999999993,1.1999999999999997,-0.8999999999999999,306.95,13.38,279.29,-0.9868839065636126,0.16143157982793477,23.139499999999998,1.24,18.5,279.642,1464.7303499999998,1.11,1
2026-09-02 06:30:00+00:00,2026-09-02,2026-09-02T06:00:00+00:00,2026-09-02T06:30:00+00:00,2026-09-02T06:30:00+00:00,Rangpo,27.177,88.533,0.0,3B-HHR-E.MS.MRG.3IMERG.20260902-S060000-E062959.0360.V07C.30min.tif,0.0,0.0,1.1999999999999997,1.2000000000000002,2.6,20.9,38.1,63.3,84.69999999999999,0.0,0.6,0.6,2.2,-1.0,1.1999999999999997,-1.8,306.95,13.38,279.29,-0.9868839065636126,0.16143157982793477,23.139499999999998,1.24,18.5,279.642,1464.7303499999998,1.11,1
2026-09-02 07:00:00+00:00,2026-09-02,2026-09-02T06:30:00+00:00,2026-09-02T07:00:00+00:00,2026-09-02T07:00:00+00:00,Rangpo,27.177,88.533,0.1,3B-HHR-E.MS.MRG.3IMERG.20260902-S063000-E065959.0390.V07C.30min.tif,0.1,0.10000000000000012,1.1999999999999997,1.3,2.7,21.0,38.2,63.2,84.60000000000001,0.1,0.6,0.6,2.2,-0.30000000000000004,1.0999999999999999,-1.1102230246251565e-16,306.95,13.38,279.29,-0.9868839065636126,0.16143157982793477,23.139499999999998,1.24,18.5,280.98,1462.4163999999998,1.11,1
2026-09-02 07:30:00+00:00,2026-09-02,2026-09-02T07:00:00+00:00,2026-09-02T07:30:00+00:00,2026-09-02T07:30:00+00:00,Rangpo,27.177,88.533,0.1,3B-HHR-E.MS.MRG.3IMERG.20260902-S070000-E072959.0420.V07C.30min.tif,0.1,0.2,1.2,1.4,2.8,20.099999999999998,38.3,63.0,84.3,0.1,0.6,0.6,2.2,0.2,1.0,1.2,306.95,13.38,279.29,-0.9868839065636126,0.16143157982793477,23.139499999999998,1.24,18.5,268.938,1457.7884999999999,1.11,1
2026-09-02 08:00:00+00:00,2026-09-02,2026-09-02T07:30:00+00:00,2026-09-02T08:00:00+00:00,2026-09-02T08:00:00+00:00,Rangpo,27.177,88.533,0.0,3B-HHR-E.MS.MRG.3IMERG.20260902-S073000-E075959.0450.V07C.30min.tif,0.0,0.10000000000000012,0.5999999999999999,1.4,2.6999999999999997,18.099999999999998,38.3,62.7,84.2,0.1,0.4,0.6,2.2,0.0,-0.19999999999999996,0.30000000000000004,306.95,13.38,279.29,-0.9868839065636126,0.16143157982793477,23.139499999999998,1.24,18.5,242.178,1450.84665,0.7400000000000001,1
2026-09-02 08:30:00+00:00,2026-09-02,2026-09-02T08:00:00+00:00,2026-09-02T08:30:00+00:00,2026-09-02T08:30:00+00:00,Rangpo,27.177,88.533,0.0,3B-HHR-E.MS.MRG.3IMERG.20260902-S080000-E082959.0480.V07C.30min.tif,0.0,0.0,0.1999999999999998,1.4,2.5999999999999996,15.9,38.199999999999996,62.5,84.1,0.0,0.1,0.6,2.2,-0.2,-1.0,-0.4,306.95,13.38,279.29,-0.9868839065636126,0.16143157982793477,23.139499999999998,1.24,18.5,212.74200000000002,1446.21875,0.18500000000000003,1
2026-09-02 09:00:00+00:00,2026-09-02,2026-09-02T08:30:00+00:00,2026-09-02T09:00:00+00:00,2026-09-02T09:00:00+00:00,Rangpo,27.177,88.533,0.1,3B-HHR-E.MS.MRG.3IMERG.20260902-S083000-E085959.0510.V07C.30min.tif,0.1,0.10000000000000012,0.2999999999999998,1.4999999999999998,2.5,13.799999999999999,38.3,62.5,84.2,0.1,0.1,0.6,1.4,0.0,-0.8999999999999999,0.0,306.95,13.38,279.29,-0.9868839065636126,0.16143157982793477,23.139499999999998,1.24,18.5,184.644,1446.21875,0.18500000000000003,1
2026-09-02 09:30:00+00:00,2026-09-02,2026-09-02T09:00:00+00:00,2026-09-02T09:30:00+00:00,2026-09-02T09:30:00+00:00,Rangpo,27.177,88.533,0.0,3B-HHR-E.MS.MRG.3IMERG.20260902-S090000-E092959.0540.V07C.30min.tif,0.0,0.10000000000000012,0.2999999999999998,1.5,2.4,12.4,38.3,62.2,84.2,0.1,0.1,0.6,1.4,0.10000000000000012,-0.8999999999999999,0.30000000000000016,306.95,13.38,279.29,-0.9868839065636126,0.16143157982793477,23.139499999999998,1.24,18.5,165.912,1439.2768999999998,0.18500000000000003,1
2026-09-02 10:00:00+00:00,2026-09-02,2026-09-02T09:30:00+00:00,2026-09-02T10:00:00+00:00,2026-09-02T10:00:00+00:00,Rangpo,27.177,88.533,0.0,3B-HHR-E.MS.MRG.3IMERG.20260902-S093000-E095959.0570.V07C.30min.tif,0.0,0.0,0.1999999999999998,1.4,2.4,11.9,38.3,59.6,84.2,0.0,0.1,0.6,1.4,-0.10000000000000012,-1.0,-0.10000000000000012,306.95,13.38,279.29,-0.9868839065636126,0.16143157982793477,23.139499999999998,1.24,18.5,159.222,1379.1142,0.18500000000000003,0
2026-09-02 10:30:00+00:00,2026-09-02,2026-09-02T10:00:00+00:00,2026-09-02T10:30:00+00:00,2026-09-02T10:30:00+00:00,Rangpo,27.177,88.533,0.0,3B-HHR-E.MS.MRG.3IMERG.20260902-S100000-E102959.0600.V07C.30min.tif,0.0,0.0,0.09999999999999978,1.2999999999999998,2.4,11.7,38.3,56.7,84.2,0.0,0.1,0.6,1.4,-0.10000000000000012,-1.1,-0.20000000000000023,306.95,13.38,279.29,-0.9868839065636126,0.16143157982793477,23.139499999999998,1.24,18.5,156.546,1312.00965,0.18500000000000003,0
2026-09-02 11:00:00+00:00,2026-09-02,2026-09-02T10:30:00+00:00,2026-09-02T11:00:00+00:00,2026-09-02T11:00:00+00:00,Rangpo,27.177,88.533,0.1,3B-HHR-E.MS.MRG.3IMERG.20260902-S103000-E105959.0630.V07C.30min.tif,0.1,0.10000000000000012,0.1999999999999998,0.8,2.5,10.4,38.4,54.800000000000004,84.3,0.1,0.1,0.4,1.1,0.10000000000000012,-0.4000000000000001,0.20000000000000023,306.95,13.38,279.29,-0.9868839065636126,0.16143157982793477,23.139499999999998,1.24,18.5,139.15200000000002,1268.0446,0.18500000000000003,1
2026-09-02 11:30:00+00:00,2026-09-02,2026-09-02T11:00:00+00:00,2026-09-02T11:30:00+00:00,2026-09-02T11:30:00+00:00,Rangpo,27.177,88.533,0.0,3B-HHR-E.MS.MRG.3IMERG.20260902-S110000-E112959.0660.V07C.30min.tif,0.0,0.10000000000000012,0.1999999999999998,0.4,2.0,9.299999999999999,38.4,52.6,84.3,0.1,0.1,0.1,1.0,0.10000000000000012,0.0,0.20000000000000023,306.95,13.38,279.29,-0.9868839065636126,0.16143157982793477,23.139499999999998,1.24,18.5,124.434,1217.1377,0.18500000000000003,1
2026-09-02 12:00:00+00:00,2026-09-02,2026-09-02T11:30:00+00:00,2026-09-02T12:00:00+00:00,2026-09-02T12:00:00+00:00,Rangpo,27.177,88.533,0.3,3B-HHR-E.MS.MRG.3IMERG.20260902-S113000-E115959.0690.V07C.30min.tif,0.3,0.3000000000000001,0.3999999999999998,0.7,1.9000000000000001,8.700000000000001,36.599999999999994,52.7,84.6,0.3,0.3,0.3,1.0,0.19999999999999998,0.09999999999999998,0.09999999999999987,306.95,13.38,279.29,-0.9868839065636126,0.16143157982793477,23.139499999999998,1.24,18.5,116.40600000000002,1219.45165,0.555,1
2026-09-02 12:30:00+00:00,2026-09-02,2026-09-02T12:00:00+00:00,2026-09-02T12:30:00+00:00,2026-09-02T12:30:00+00:00,Rangpo,27.177,88.533,0.6,3B-HHR-E.MS.MRG.3IMERG.20260902-S120000-E122959.0720.V07C.30min.tif,0.6,0.9000000000000001,0.9999999999999997,1.3,2.5,8.6,35.1,53.300000000000004,85.2,0.6,0.6,0.6,1.0,0.8,0.6999999999999998,0.7,306.95,13.38,279.29,-0.9868839065636126,0.16143157982793477,23.139499999999998,1.24,18.5,115.068,1233.33535,1.11,1
2026-09-02 13:00:00+00:00,2026-09-02,2026-09-02T12:30:00+00:00,2026-09-02T13:00:00+00:00,2026-09-02T13:00:00+00:00,Rangpo,27.177,88.533,0.4,3B-HHR-E.MS.MRG.3IMERG.20260902-S123000-E125959.0750.V07C.30min.tif,0.4,1.0,1.3999999999999997,1.6,2.9,8.5,33.9,53.7,85.6,0.6,0.6,0.6,1.0,0.7,1.2,0.5,306.95,13.38,279.29,-0.9868839065636126,0.16143157982793477,23.139499999999998,1.24,18.5,113.73,1242.59115,1.11,1
2026-09-02 13:30:00+00:00,2026-09-02,2026-09-02T13:00:00+00:00,2026-09-02T13:30:00+00:00,2026-09-02T13:30:00+00:00,Rangpo,27.177,88.533,0.1,3B-HHR-E.MS.MRG.3IMERG.20260902-S130000-E132959.0780.V07C.30min.tif,0.1,0.5000000000000001,1.4999999999999998,1.6,3.0,8.3,33.0,53.800000000000004,85.7,0.4,0.6,0.6,1.0,-0.4,1.4,-1.2000000000000002,306.95,13.38,279.29,-0.9868839065636126,0.16143157982793477,23.139499999999998,1.24,18.5,111.05400000000002,1244.9051,1.11,0
2026-09-02 14:00:00+00:00,2026-09-02,2026-09-02T13:30:00+00:00,2026-09-02T14:00:00+00:00,2026-09-02T14:00:00+00:00,Rangpo,27.177,88.533,0.1,3B-HHR-E.MS.MRG.3IMERG.20260902-S133000-E135959.0810.V07C.30min.tif,0.1,0.2,1.4999999999999996,1.7000000000000002,3.0999999999999996,8.1,32.7,53.900000000000006,85.8,0.1,0.6,0.6,1.0,-0.8,1.2999999999999998,-1.5,306.95,13.38,279.29,-0.9868839065636126,0.16143157982793477,23.139499999999998,1.24,18.5,108.378,1247.21905,1.11,0
2026-09-02 14:30:00+00:00,2026-09-02,2026-09-02T14:00:00+00:00,2026-09-02T14:30:00+00:00,2026-09-02T14:30:00+00:00,Rangpo,27.177,88.533,0.0,3B-HHR-E.MS.MRG.3IMERG.20260902-S140000-E142959.0840.V07C.30min.tif,0.0,0.10000000000000012,1.4999999999999996,1.7000000000000002,3.0999999999999996,8.0,32.4,53.900000000000006,85.8,0.1,0.6,0.6,1.0,-0.4,1.2999999999999998,0.0,306.95,13.38,279.29,-0.9868839065636126,0.16143157982793477,23.139499999999998,1.24,18.5,107.04,1247.21905,1.11,1
2026-09-02 15:00:00+00:00,2026-09-02,2026-09-02T14:30:00+00:00,2026-09-02T15:00:00+00:00,2026-09-02T15:00:00+00:00,Rangpo,27.177,88.533,0.0,3B-HHR-E.MS.MRG.3IMERG.20260902-S143000-E145959.0870.V07C.30min.tif,0.0,0.0,1.1999999999999997,1.6,3.0999999999999996,7.8999999999999995,32.2,53.900000000000006,85.8,0.0,0.6,0.6,1.0,-0.2,0.7999999999999999,0.6000000000000001,306.95,13.38,279.29,-0.9868839065636126,0.16143157982793477,23.139499999999998,1.24,18.5,105.702,1247.21905,1.11,1
2026-09-02 15:30:00+00:00,2026-09-02,2026-09-02T15:00:00+00:00,2026-09-02T15:30:00+00:00,2026-09-02T15:30:00+00:00,Rangpo,27.177,88.533,0.0,3B-HHR-E.MS.MRG.3IMERG.20260902-S150000-E152959.0900.V07C.30min.tif,0.0,0.0,0.5999999999999996,1.6,3.0999999999999996,7.8,29.4,53.900000000000006,85.8,0.0,0.4,0.6,1.0,-0.10000000000000012,-0.4,0.29999999999999993,306.95,13.38,279.29,-0.9868839065636126,0.16143157982793477,23.139499999999998,1.24,18.5,104.364,1247.21905,0.7400000000000001,1
2026-09-02 16:00:00+00:00,2026-09-02,2026-09-02T15:30:00+00:00,2026-09-02T16:00:00+00:00,2026-09-02T16:00:00+00:00,Rangpo,27.177,88.533,0.1,3B-HHR-E.MS.MRG.3IMERG.20260902-S153000-E155959.0930.V07C.30min.tif,0.1,0.10000000000000012,0.2999999999999997,1.7,3.0999999999999996,6.9,26.700000000000003,54.0,85.89999999999999,0.1,0.1,0.6,1.0,0.10000000000000012,-1.1,0.30000000000000016,306.95,13.38,279.29,-0.9868839065636126,0.16143157982793477,23.139499999999998,1.24,18.5,92.32200000000002,1249.533,0.18500000000000003,1
2026-09-02 16:30:00+00:00,2026-09-02,2026-09-02T16:00:00+00:00,2026-09-02T16:30:00+00:00,2026-09-02T16:30:00+00:00,Rangpo,27.177,88.533,0.0,3B-HHR-E.MS.MRG.3IMERG.20260902-S160000-E162959.0960.V07C.30min.tif,0.0,0.10000000000000012,0.19999999999999968,1.7,3.0,5.9,26.5,54.0,85.89999999999999,0.1,0.1,0.6,0.7,0.10000000000000012,-1.3,0.20000000000000023,306.95,13.38,279.29,-0.9868839065636126,0.16143157982793477,23.139499999999998,1.24,18.5,78.94200000000001,1249.533,0.18500000000000003,1
2026-09-02 17:00:00+00:00,2026-09-02,2026-09-02T16:30:00+00:00,2026-09-02T17:00:00+00:00,2026-09-02T17:00:00+00:00,Rangpo,27.177,88.533,0.0,3B-HHR-E.MS.MRG.3IMERG.20260902-S163000-E165959.0990.V07C.30min.tif,0.0,0.0,0.09999999999999967,1.6,2.4,5.2,26.3,53.9,85.89999999999999,0.0,0.1,0.6,0.6,-0.10000000000000012,-1.4,-0.20000000000000023,306.95,13.38,279.29,-0.9868839065636126,0.16143157982793477,23.139499999999998,1.24,18.5,69.57600000000001,1247.21905,0.18500000000000003,0
2026-09-02 17:30:00+00:00,2026-09-02,2026-09-02T17:00:00+00:00,2026-09-02T17:30:00+00:00,2026-09-02T17:30:00+00:00,Rangpo,27.177,88.533,0.0,3B-HHR-E.MS.MRG.3IMERG.20260902-S170000-E172959.1020.V07C.30min.tif,0.0,0.0,0.09999999999999967,1.6,2.0,4.8,26.0,53.8,85.89999999999999,0.0,0.1,0.6,0.6,-0.10000000000000012,-1.4,-0.20000000000000023,306.95,13.38,279.29,-0.9868839065636126,0.16143157982793477,23.139499999999998,1.24,18.5,64.224,1244.9051,0.18500000000000003,0
2026-09-02 18:00:00+00:00,2026-09-02,2026-09-02T17:30:00+00:00,2026-09-02T18:00:00+00:00,2026-09-02T18:00:00+00:00,Rangpo,27.177,88.533,0.0,3B-HHR-E.MS.MRG.3IMERG.20260902-S173000-E175959.1050.V07C.30min.tif,0.0,0.0,0.09999999999999967,1.3,2.0,4.7,25.700000000000003,53.699999999999996,85.89999999999999,0.0,0.1,0.6,0.6,0.0,-1.1,0.10000000000000012,306.95,13.38,279.29,-0.9868839065636126,0.16143157982793477,23.139499999999998,1.24,18.5,62.886,1242.5911499999997,0.18500000000000003,1
2026-09-02 18:30:00+00:00,2026-09-02,2026-09-02T18:00:00+00:00,2026-09-02T18:30:00+00:00,2026-09-02T18:30:00+00:00,Rangpo,27.177,88.533,0.3,3B-HHR-E.MS.MRG.3IMERG.20260902-S180000-E182959.1080.V07C.30min.tif,0.3,0.3000000000000001,0.3999999999999997,1.0,2.3,4.9,25.799999999999997,53.0,86.2,0.3,0.3,0.4,0.6,0.3000000000000001,-0.19999999999999996,0.40000000000000024,306.95,13.38,279.29,-0.9868839065636126,0.16143157982793477,23.139499999999998,1.24,18.5,65.56200000000001,1226.3935,0.555,1
2026-09-02 19:00:00+00:00,2026-09-02,2026-09-02T18:30:00+00:00,2026-09-02T19:00:00+00:00,2026-09-02T19:00:00+00:00,Rangpo,27.177,88.533,0.3,3B-HHR-E.MS.MRG.3IMERG.20260902-S183000-E185959.1110.V07C.30min.tif,0.3,0.6,0.5999999999999996,0.8999999999999999,2.5,5.2,25.9,52.2,86.5,0.3,0.3,0.3,0.6,0.6,0.29999999999999993,0.6,306.95,13.38,279.29,-0.9868839065636126,0.16143157982793477,23.139499999999998,1.24,18.5,69.57600000000001,1207.8818999999999,0.555,1
2026-09-02 19:30:00+00:00,2026-09-02,2026-09-02T19:00:00+00:00,2026-09-02T19:30:00+00:00,2026-09-02T19:30:00+00:00,Rangpo,27.177,88.533,0.0,3B-HHR-E.MS.MRG.3IMERG.20260902-S190000-E192959.1140.V07C.30min.tif,0.0,0.3000000000000001,0.5999999999999996,0.8,2.4,5.2,25.8,46.7,86.5,0.3,0.3,0.3,0.6,0.0,0.39999999999999997,-0.3000000000000001,306.95,13.38,279.29,-0.9868839065636126,0.16143157982793477,23.139499999999998,1.24,18.5,69.57600000000001,1080.61465,0.555,0
2026-09-02 20:00:00+00:00,2026-09-02,2026-09-02T19:30:00+00:00,2026-09-02T20:00:00+00:00,2026-09-02T20:00:00+00:00,Rangpo,27.177,88.533,0.0,3B-HHR-E.MS.MRG.3IMERG.20260902-S193000-E195959.1170.V07C.30min.tif,0.0,0.0,0.5999999999999996,0.7,2.4,5.1,25.7,46.6,86.5,0.0,0.3,0.3,0.6,-0.6,0.5,-1.2,306.95,13.38,279.29,-0.9868839065636126,0.16143157982793477,23.139499999999998,1.24,18.5,68.238,1078.3007,0.555,0
2026-09-02 20:30:00+00:00,2026-09-02,2026-09-02T20:00:00+00:00,2026-09-02T20:30:00+00:00,2026-09-02T20:30:00+00:00,Rangpo,27.177,88.533,0.0,3B-HHR-E.MS.MRG.3IMERG.20260902-S200000-E202959.1200.V07C.30min.tif,0.0,0.0,0.5999999999999996,0.7,2.4,5.0,24.9,46.5,86.5,0.0,0.3,0.3,0.6,-0.3000000000000001,0.5,-0.3000000000000001,306.95,13.38,279.29,-0.9868839065636126,0.16143157982793477,23.139499999999998,1.24,18.5,66.9,1075.98675,0.555,0
2026-09-02 21:00:00+00:00,2026-09-02,2026-09-02T20:30:00+00:00,2026-09-02T21:00:00+00:00,2026-09-02T21:00:00+00:00,Rangpo,27.177,88.533,0.0,3B-HHR-E.MS.MRG.3IMERG.20260902-S203000-E205959.1230.V07C.30min.tif,0.0,0.0,0.5999999999999996,0.7,2.3,4.8,24.099999999999998,46.4,86.5,0.0,0.3,0.3,0.6,0.0,0.5,0.6,306.95,13.38,279.29,-0.9868839065636126,0.16143157982793477,23.139499999999998,1.24,18.5,64.224,1073.6727999999998,0.555,0
2026-09-02 21:30:00+00:00,2026-09-02,2026-09-02T21:00:00+00:00,2026-09-02T21:30:00+00:00,2026-09-02T21:30:00+00:00,Rangpo,27.177,88.533,0.0,3B-HHR-E.MS.MRG.3IMERG.20260902-S210000-E212959.1260.V07C.30min.tif,0.0,0.0,0.2999999999999996,0.7,2.3,4.7,23.599999999999998,45.9,86.5,0.0,0.3,0.3,0.6,0.0,-0.10000000000000009,0.3000000000000001,306.95,13.38,279.29,-0.9868839065636126,0.16143157982793477,23.139499999999998,1.24,18.5,62.886,1062.10305,0.555,0
2026-09-02 22:00:00+00:00,2026-09-02,2026-09-02T21:30:00+00:00,2026-09-02T22:00:00+00:00,2026-09-02T22:00:00+00:00,Rangpo,27.177,88.533,0.0,3B-HHR-E.MS.MRG.3IMERG.20260902-S213000-E215959.1290.V07C.30min.tif,0.0,0.0,0.0,0.5999999999999999,2.3,4.7,23.5,45.4,86.5,0.0,0.0,0.3,0.6,0.0,-0.5999999999999996,0.0,306.95,13.38,279.29,-0.9868839065636126,0.16143157982793477,23.139499999999998,1.24,18.5,62.886,1050.5332999999998,0.0,0
2026-09-02 22:30:00+00:00,2026-09-02,2026-09-02T22:00:00+00:00,2026-09-02T22:30:00+00:00,2026-09-02T22:30:00+00:00,Rangpo,27.177,88.533,1.5,3B-HHR-E.MS.MRG.3IMERG.20260902-S220000-E222959.1320.V07C.30min.tif,1.5,1.5,1.4999999999999996,2.0999999999999996,3.8,6.2,25.0,46.8,88.0,1.5,1.5,1.5,1.5,1.5,0.8999999999999999,1.5,306.95,13.38,279.29,-0.9868839065636126,0.16143157982793477,23.139499999999998,1.24,18.5,82.956,1082.9286,2.7750000000000004,1
2026-09-02 23:00:00+00:00,2026-09-02,2026-09-02T22:30:00+00:00,2026-09-02T23:00:00+00:00,2026-09-02T23:00:00+00:00,Rangpo,27.177,88.533,1.6,3B-HHR-E.MS.MRG.3IMERG.20260902-S223000-E225959.1350.V07C.30min.tif,1.6,3.1,3.0999999999999996,3.7,5.300000000000001,7.800000000000001,26.6,48.3,89.6,1.6,1.6,1.6,1.6,3.1,2.5,3.1,306.95,13.38,279.29,-0.9868839065636126,0.16143157982793477,23.139499999999998,1.24,18.5,104.36400000000002,1117.6378499999998,2.9600000000000004,1
2026-09-02 23:30:00+00:00,2026-09-02,2026-09-02T23:00:00+00:00,2026-09-02T23:30:00+00:00,2026-09-02T23:30:00+00:00,Rangpo,27.177,88.533,0.0,3B-HHR-E.MS.MRG.3IMERG.20260902-S230000-E232959.1380.V07C.30min.tif,0.0,1.6,3.0999999999999996,3.7,5.300000000000001,7.300000000000001,26.6,48.3,89.6,1.6,1.6,1.6,1.6,0.10000000000000009,2.5,-1.4,306.95,13.38,279.29,-0.9868839065636126,0.16143157982793477,23.139499999999998,1.24,18.5,97.67400000000002,1117.6378499999998,2.9600000000000004,0
2026-09-03 00:00:00+00:00,2026-09-02,2026-09-02T23:30:00+00:00,2026-09-03T00:00:00+00:00,2026-09-03T00:00:00+00:00,Rangpo,27.177,88.533,0.0,3B-HHR-E.MS.MRG.3IMERG.20260902-S233000-E235959.1410.V07C.30min.tif,0.0,0.0,3.0999999999999996,3.7,5.0,6.9,26.6,48.3,89.6,0.0,1.6,1.6,1.6,-3.1,2.5,-6.2,306.95,13.38,279.29,-0.9868839065636126,0.16143157982793477,23.139499999999998,1.24,18.5,92.32200000000002,1117.6378499999998,2.9600000000000004,0
2026-09-03 00:30:00+00:00,2026-09-03,2026-09-03T00:00:00+00:00,2026-09-03T00:30:00+00:00,2026-09-03T00:30:00+00:00,Rangpo,27.177,88.533,0.0,3B-HHR-E.MS.MRG.3IMERG.20260903-S000000-E002959.0000.V07C.30min.tif,0.0,0.0,3.0999999999999996,3.4000000000000004,4.4,6.9,26.6,48.3,89.6,0.0,1.6,1.6,1.6,-1.6,2.8,-1.7000000000000002,306.95,13.38,279.29,-0.9868839065636126,0.16143157982793477,23.139499999999998,1.24,18.5,92.32200000000002,1117.6378499999998,2.9600000000000004,0
2026-09-03 01:00:00+00:00,2026-09-03,2026-09-03T00:30:00+00:00,2026-09-03T01:00:00+00:00,2026-09-03T01:00:00+00:00,Rangpo,27.177,88.533,0.0,3B-HHR-E.MS.MRG.3IMERG.20260903-S003000-E005959.0030.V07C.30min.tif,0.0,0.0,3.0999999999999996,3.0999999999999996,4.0,6.9,26.6,48.3,89.6,0.0,1.6,1.6,1.6,0.0,3.0999999999999996,3.1,306.95,13.38,279.29,-0.9868839065636126,0.16143157982793477,23.139499999999998,1.24,18.5,92.32200000000002,1117.6378499999998,2.9600000000000004,1
2026-09-03 01:30:00+00:00,2026-09-03,2026-09-03T01:00:00+00:00,2026-09-03T01:30:00+00:00,2026-09-03T01:30:00+00:00,Rangpo,27.177,88.533,0.0,3B-HHR-E.MS.MRG.3IMERG.20260903-S010000-E012959.0060.V07C.30min.tif,0.0,0.0,1.5999999999999996,3.0999999999999996,3.9,6.9,26.6,46.7,89.6,0.0,1.6,1.6,1.6,0.0,0.10000000000000009,1.6,306.95,13.38,279.29,-0.9868839065636126,0.16143157982793477,23.139499999999998,1.24,18.5,92.32200000000002,1080.61465,2.9600000000000004,1
2026-09-03 02:00:00+00:00,2026-09-03,2026-09-03T01:30:00+00:00,2026-09-03T02:00:00+00:00,2026-09-03T02:00:00+00:00,Rangpo,27.177,88.533,0.0,3B-HHR-E.MS.MRG.3IMERG.20260903-S013000-E015959.0090.V07C.30min.tif,0.0,0.0,0.0,3.0999999999999996,3.8000000000000003,6.9,26.6,45.1,89.6,0.0,0.0,1.6,1.6,0.0,-3.0999999999999996,0.0,306.95,13.38,279.29,-0.9868839065636126,0.16143157982793477,23.139499999999998,1.24,18.5,92.32200000000002,1043.59145,0.0,1
2026-09-03 02:30:00+00:00,2026-09-03,2026-09-03T02:00:00+00:00,2026-09-03T02:30:00+00:00,2026-09-03T02:30:00+00:00,Rangpo,27.177,88.533,0.0,3B-HHR-E.MS.MRG.3IMERG.20260903-S020000-E022959.0120.V07C.30min.tif,0.0,0.0,0.0,3.0999999999999996,3.8000000000000003,6.9,26.6,44.1,89.6,0.0,0.0,1.6,1.6,0.0,-3.0999999999999996,0.0,306.95,13.38,279.29,-0.9868839065636126,0.16143157982793477,23.139499999999998,1.24,18.5,92.32200000000002,1020.4519499999999,0.0,1
2026-09-03 03:00:00+00:00,2026-09-03,2026-09-03T02:30:00+00:00,2026-09-03T03:00:00+00:00,2026-09-03T03:00:00+00:00,Rangpo,27.177,88.533,0.0,3B-HHR-E.MS.MRG.3IMERG.20260903-S023000-E025959.0150.V07C.30min.tif,0.0,0.0,0.0,3.0999999999999996,3.8000000000000003,6.9,26.6,44.0,89.6,0.0,0.0,1.6,1.6,0.0,-3.0999999999999996,0.0,306.95,13.38,279.29,-0.9868839065636126,0.16143157982793477,23.139499999999998,1.24,18.5,92.32200000000002,1018.1379999999999,0.0,1
2026-09-03 03:30:00+00:00,2026-09-03,2026-09-03T03:00:00+00:00,2026-09-03T03:30:00+00:00,2026-09-03T03:30:00+00:00,Rangpo,27.177,88.533,0.1,3B-HHR-E.MS.MRG.3IMERG.20260903-S030000-E032959.0180.V07C.30min.tif,0.1,0.1,0.09999999999999956,3.1999999999999997,3.9000000000000004,7.0,26.700000000000003,44.0,89.7,0.1,0.1,1.6,1.6,0.1,-3.0,0.1,306.95,13.38,279.29,-0.9868839065636126,0.16143157982793477,23.139499999999998,1.24,18.5,93.66000000000001,1018.1379999999999,0.18500000000000003,1
2026-09-03 04:00:00+00:00,2026-09-03,2026-09-03T03:30:00+00:00,2026-09-03T04:00:00+00:00,2026-09-03T04:00:00+00:00,Rangpo,27.177,88.533,0.1,3B-HHR-E.MS.MRG.3IMERG.20260903-S033000-E035959.0210.V07C.30min.tif,0.1,0.2,0.19999999999999957,3.3,3.9000000000000004,7.0,26.8,44.0,89.8,0.1,0.1,1.6,1.6,0.2,-2.9,0.2,306.95,13.38,279.29,-0.9868839065636126,0.16143157982793477,23.139499999999998,1.24,18.5,93.66000000000001,1018.1379999999999,0.18500000000000003,1
2026-09-03 04:30:00+00:00,2026-09-03,2026-09-03T04:00:00+00:00,2026-09-03T04:30:00+00:00,2026-09-03T04:30:00+00:00,Rangpo,27.177,88.533,0.0,3B-HHR-E.MS.MRG.3IMERG.20260903-S040000-E042959.0240.V07C.30min.tif,0.0,0.1,0.19999999999999957,1.8,3.9000000000000004,6.9,26.8,44.0,89.8,0.1,0.1,1.6,1.6,0.0,-1.4000000000000001,-0.1,306.95,13.38,279.29,-0.9868839065636126,0.16143157982793477,23.139499999999998,1.24,18.5,92.32200000000002,1018.1379999999999,0.18500000000000003,0
2026-09-03 05:00:00+00:00,2026-09-03,2026-09-03T04:30:00+00:00,2026-09-03T05:00:00+00:00,2026-09-03T05:00:00+00:00,Rangpo,27.177,88.533,0.0,3B-HHR-E.MS.MRG.3IMERG.20260903-S043000-E045959.0270.V07C.30min.tif,0.0,0.0,0.19999999999999957,0.2,3.9000000000000004,6.300000000000001,26.8,44.0,89.8,0.0,0.1,0.1,1.6,-0.2,0.19999999999999957,-0.4,306.95,13.38,279.29,-0.9868839065636126,0.16143157982793477,23.139499999999998,1.24,18.5,84.29400000000001,1018.1379999999999,0.18500000000000003,0
2026-09-03 05:30:00+00:00,2026-09-03,2026-09-03T05:00:00+00:00,2026-09-03T05:30:00+00:00,2026-09-03T05:30:00+00:00,Rangpo,27.177,88.533,0.0,3B-HHR-E.MS.MRG.3IMERG.20260903-S050000-E052959.0300.V07C.30min.tif,0.0,0.0,0.19999999999999957,0.2,3.9000000000000004,5.9,26.8,44.0,89.8,0.0,0.1,0.1,1.6,-0.1,0.19999999999999957,-0.1,306.95,13.38,279.29,-0.9868839065636126,0.16143157982793477,23.139499999999998,1.24,18.5,78.94200000000001,1018.1379999999999,0.18500000000000003,0
2026-09-03 06:00:00+00:00,2026-09-03,2026-09-03T05:30:00+00:00,2026-09-03T06:00:00+00:00,2026-09-03T06:00:00+00:00,Rangpo,27.177,88.533,0.0,3B-HHR-E.MS.MRG.3IMERG.20260903-S053000-E055959.0330.V07C.30min.tif,0.0,0.0,0.19999999999999957,0.2,3.9000000000000004,5.9,26.8,44.0,89.8,0.0,0.1,0.1,1.6,0.0,0.19999999999999957,0.2,306.95,13.38,279.29,-0.9868839065636126,0.16143157982793477,23.139499999999998,1.24,18.5,78.94200000000001,1018.1379999999999,0.18500000000000003,1
2026-09-03 06:30:00+00:00,2026-09-03,2026-09-03T06:00:00+00:00,2026-09-03T06:30:00+00:00,2026-09-03T06:30:00+00:00,Rangpo,27.177,88.533,0.0,3B-HHR-E.MS.MRG.3IMERG.20260903-S060000-E062959.0360.V07C.30min.tif,0.0,0.0,0.09999999999999956,0.2,3.6000000000000005,5.9,26.8,44.0,89.8,0.0,0.1,0.1,1.6,0.0,0.0,0.1,306.95,13.38,279.29,-0.9868839065636126,0.16143157982793477,23.139499999999998,1.24,18.5,78.94200000000001,1018.1379999999999,0.18500000000000003,1
2026-09-03 07:00:00+00:00,2026-09-03,2026-09-03T06:30:00+00:00,2026-09-03T07:00:00+00:00,2026-09-03T07:00:00+00:00,Rangpo,27.177,88.533,0.0,3B-HHR-E.MS.MRG.3IMERG.20260903-S063000-E065959.0390.V07C.30min.tif,0.0,0.0,0.0,0.2,3.3000000000000003,5.800000000000001,26.8,44.0,89.8,0.0,0.0,0.1,1.6,0.0,-0.19999999999999957,0.0,306.95,13.38,279.29,-0.9868839065636126,0.16143157982793477,23.139499999999998,1.24,18.5,77.60400000000001,1018.1379999999999,0.0,1
2026-09-03 07:30:00+00:00,2026-09-03,2026-09-03T07:00:00+00:00,2026-09-03T07:30:00+00:00,2026-09-03T07:30:00+00:00,Rangpo,27.177,88.533,0.0,3B-HHR-E.MS.MRG.3IMERG.20260903-S070000-E072959.0420.V07C.30min.tif,0.0,0.0,0.0,0.2,3.3000000000000003,5.7,25.8,44.0,89.8,0.0,0.0,0.1,1.6,0.0,-0.19999999999999957,0.0,306.95,13.38,279.29,-0.9868839065636126,0.16143157982793477,23.139499999999998,1.24,18.5,76.266,1018.1379999999999,0.0,1
2026-09-03 08:00:00+00:00,2026-09-03,2026-09-03T07:30:00+00:00,2026-09-03T08:00:00+00:00,2026-09-03T08:00:00+00:00,Rangpo,27.177,88.533,0.0,3B-HHR-E.MS.MRG.3IMERG.20260903-S073000-E075959.0450.V07C.30min.tif,0.0,0.0,0.0,0.2,3.3000000000000003,5.7,23.8,44.0,89.8,0.0,0.0,0.1,1.6,0.0,-0.19999999999999957,0.0,306.95,13.38,279.29,-0.9868839065636126,0.16143157982793477,23.139499999999998,1.24,18.5,76.266,1018.1379999999999,0.0,0
2026-09-03 08:30:00+00:00,2026-09-03,2026-09-03T08:00:00+00:00,2026-09-03T08:30:00+00:00,2026-09-03T08:30:00+00:00,Rangpo,27.177,88.533,0.0,3B-HHR-E.MS.MRG.3IMERG.20260903-S080000-E082959.0480.V07C.30min.tif,0.0,0.0,0.0,0.2,3.3000000000000003,5.7,21.6,43.900000000000006,89.8,0.0,0.0,0.1,1.6,0.0,-0.19999999999999957,0.0,306.95,13.38,279.29,-0.9868839065636126,0.16143157982793477,23.139499999999998,1.24,18.5,76.266,1015.82405,0.0,0
2026-09-03 09:00:00+00:00,2026-09-03,2026-09-03T08:30:00+00:00,2026-09-03T09:00:00+00:00,2026-09-03T09:00:00+00:00,Rangpo,27.177,88.533,0.0,3B-HHR-E.MS.MRG.3IMERG.20260903-S083000-E085959.0510.V07C.30min.tif,0.0,0.0,0.0,0.2,3.3000000000000003,5.6000000000000005,19.4,43.900000000000006,89.8,0.0,0.0,0.1,1.6,0.0,-0.19999999999999957,0.0,306.95,13.38,279.29,-0.9868839065636126,0.16143157982793477,23.139499999999998,1.24,18.5,74.92800000000001,1015.82405,0.0,0
2026-09-03 09:30:00+00:00,2026-09-03,2026-09-03T09:00:00+00:00,2026-09-03T09:30:00+00:00,2026-09-03T09:30:00+00:00,Rangpo,27.177,88.533,0.0,3B-HHR-E.MS.MRG.3IMERG.20260903-S090000-E092959.0540.V07C.30min.tif,0.0,0.0,0.0,0.1,3.3000000000000003,5.6000000000000005,18.0,43.900000000000006,88.9,0.0,0.0,0.1,1.6,0.0,-0.09999999999999956,0.0,306.95,13.38,279.29,-0.9868839065636126,0.16143157982793477,23.139499999999998,1.24,18.5,74.92800000000001,1015.82405,0.0,0
2026-09-03 10:00:00+00:00,2026-09-03,2026-09-03T09:30:00+00:00,2026-09-03T10:00:00+00:00,2026-09-03T10:00:00+00:00,Rangpo,27.177,88.533,0.0,3B-HHR-E.MS.MRG.3IMERG.20260903-S093000-E095959.0570.V07C.30min.tif,0.0,0.0,0.0,0.0,3.3000000000000003,5.6000000000000005,17.5,43.900000000000006,87.6,0.0,0.0,0.0,1.6,0.0,0.0,0.0,306.95,13.38,279.29,-0.9868839065636126,0.16143157982793477,23.139499999999998,1.24,18.5,74.92800000000001,1015.82405,0.0,0
2026-09-03 10:30:00+00:00,2026-09-03,2026-09-03T10:00:00+00:00,2026-09-03T10:30:00+00:00,2026-09-03T10:30:00+00:00,Rangpo,27.177,88.533,0.0,3B-HHR-E.MS.MRG.3IMERG.20260903-S100000-E102959.0600.V07C.30min.tif,0.0,0.0,0.0,0.0,1.8,5.6000000000000005,17.3,43.900000000000006,87.5,0.0,0.0,0.0,1.6,0.0,0.0,0.0,306.95,13.38,279.29,-0.9868839065636126,0.16143157982793477,23.139499999999998,1.24,18.5,74.92800000000001,1015.82405,0.0,0
2026-09-03 11:00:00+00:00,2026-09-03,2026-09-03T10:30:00+00:00,2026-09-03T11:00:00+00:00,2026-09-03T11:00:00+00:00,Rangpo,27.177,88.533,0.0,3B-HHR-E.MS.MRG.3IMERG.20260903-S103000-E105959.0630.V07C.30min.tif,0.0,0.0,0.0,0.0,0.2,5.5,15.9,43.900000000000006,87.4,0.0,0.0,0.0,1.6,0.0,0.0,0.0,306.95,13.38,279.29,-0.9868839065636126,0.16143157982793477,23.139499999999998,1.24,18.5,73.59,1015.82405,0.0,0
2026-09-03 11:30:00+00:00,2026-09-03,2026-09-03T11:00:00+00:00,2026-09-03T11:30:00+00:00,2026-09-03T11:30:00+00:00,Rangpo,27.177,88.533,0.0,3B-HHR-E.MS.MRG.3IMERG.20260903-S110000-E112959.0660.V07C.30min.tif,0.0,0.0,0.0,0.0,0.2,5.5,14.799999999999999,43.900000000000006,87.3,0.0,0.0,0.0,1.6,0.0,0.0,0.0,306.95,13.38,279.29,-0.9868839065636126,0.16143157982793477,23.139499999999998,1.24,18.5,73.59,1015.82405,0.0,0
2026-09-03 12:00:00+00:00,2026-09-03,2026-09-03T11:30:00+00:00,2026-09-03T12:00:00+00:00,2026-09-03T12:00:00+00:00,Rangpo,27.177,88.533,0.0,3B-HHR-E.MS.MRG.3IMERG.20260903-S113000-E115959.0690.V07C.30min.tif,0.0,0.0,0.0,0.0,0.2,5.2,13.9,41.800000000000004,87.3,0.0,0.0,0.0,1.6,0.0,0.0,0.0,306.95,13.38,279.29,-0.9868839065636126,0.16143157982793477,23.139499999999998,1.24,18.5,69.57600000000001,967.2311,0.0,0
2026-09-03 12:30:00+00:00,2026-09-03,2026-09-03T12:00:00+00:00,2026-09-03T12:30:00+00:00,2026-09-03T12:30:00+00:00,Rangpo,27.177,88.533,0.0,3B-HHR-E.MS.MRG.3IMERG.20260903-S120000-E122959.0720.V07C.30min.tif,0.0,0.0,0.0,0.0,0.2,4.6000000000000005,13.2,39.7,87.3,0.0,0.0,0.0,1.6,0.0,0.0,0.0,306.95,13.38,279.29,-0.9868839065636126,0.16143157982793477,23.139499999999998,1.24,18.5,61.54800000000001,918.63815,0.0,0
2026-09-03 13:00:00+00:00,2026-09-03,2026-09-03T12:30:00+00:00,2026-09-03T13:00:00+00:00,2026-09-03T13:00:00+00:00,Rangpo,27.177,88.533,0.1,3B-HHR-E.MS.MRG.3IMERG.20260903-S123000-E125959.0750.V07C.30min.tif,0.1,0.1,0.09999999999999956,0.1,0.30000000000000004,4.3,12.799999999999999,38.199999999999996,87.39999999999999,0.1,0.1,0.1,1.6,0.1,0.09999999999999956,0.1,306.95,13.38,279.29,-0.9868839065636126,0.16143157982793477,23.139499999999998,1.24,18.5,57.534,883.9288999999999,0.18500000000000003,0
2026-09-03 13:30:00+00:00,2026-09-03,2026-09-03T13:00:00+00:00,2026-09-03T13:30:00+00:00,2026-09-03T13:30:00+00:00,Rangpo,27.177,88.533,0.1,3B-HHR-E.MS.MRG.3IMERG.20260903-S130000-E132959.0780.V07C.30min.tif,0.1,0.2,0.19999999999999957,0.2,0.4,4.3,12.600000000000001,37.3,87.5,0.1,0.1,0.1,1.6,0.2,0.19999999999999957,0.2,306.95,13.38,279.29,-0.9868839065636126,0.16143157982793477,23.139499999999998,1.24,18.5,57.534,863.1033499999999,0.18500000000000003,0
2026-09-03 14:00:00+00:00,2026-09-03,2026-09-03T13:30:00+00:00,2026-09-03T14:00:00+00:00,2026-09-03T14:00:00+00:00,Rangpo,27.177,88.533,0.0,3B-HHR-E.MS.MRG.3IMERG.20260903-S133000-E135959.0810.V07C.30min.tif,0.0,0.1,0.19999999999999957,0.2,0.4,4.2,12.3,36.9,87.5,0.1,0.1,0.1,1.6,0.0,0.19999999999999957,-0.1,306.95,13.38,279.29,-0.9868839065636126,0.16143157982793477,23.139499999999998,1.24,18.5,56.196000000000005,853.84755,0.18500000000000003,0
2026-09-03 14:30:00+00:00,2026-09-03,2026-09-03T14:00:00+00:00,2026-09-03T14:30:00+00:00,2026-09-03T14:30:00+00:00,Rangpo,27.177,88.533,0.0,3B-HHR-E.MS.MRG.3IMERG.20260903-S140000-E142959.0840.V07C.30min.tif,0.0,0.0,0.19999999999999957,0.2,0.4,4.2,12.200000000000001,36.6,87.5,0.0,0.1,0.1,1.6,-0.2,0.19999999999999957,-0.4,306.95,13.38,279.29,-0.9868839065636126,0.16143157982793477,23.139499999999998,1.24,18.5,56.196000000000005,846.9056999999999,0.18500000000000003,0
2026-09-03 15:00:00+00:00,2026-09-03,2026-09-03T14:30:00+00:00,2026-09-03T15:00:00+00:00,2026-09-03T15:00:00+00:00,Rangpo,27.177,88.533,0.1,3B-HHR-E.MS.MRG.3IMERG.20260903-S143000-E145959.0870.V07C.30min.tif,0.1,0.1,0.2999999999999996,0.30000000000000004,0.5,4.300000000000001,12.200000000000001,36.5,87.6,0.1,0.1,0.1,1.6,0.0,0.2999999999999996,0.0,306.95,13.38,279.29,-0.9868839065636126,0.16143157982793477,23.139499999999998,1.24,18.5,57.53400000000001,844.5917499999999,0.18500000000000003,0
2026-09-03 15:30:00+00:00,2026-09-03,2026-09-03T15:00:00+00:00,2026-09-03T15:30:00+00:00,2026-09-03T15:30:00+00:00,Rangpo,27.177,88.533,0.2,3B-HHR-E.MS.MRG.3IMERG.20260903-S150000-E152959.0900.V07C.30min.tif,0.2,0.30000000000000004,0.49999999999999956,0.5,0.6000000000000001,4.500000000000001,12.299999999999999,33.900000000000006,87.8,0.2,0.2,0.2,1.6,0.30000000000000004,0.49999999999999956,0.5,306.95,13.38,279.29,-0.9868839065636126,0.16143157982793477,23.139499999999998,1.24,18.5,60.210000000000015,784.4290500000001,0.37000000000000005,0
2026-09-03 16:00:00+00:00,2026-09-03,2026-09-03T15:30:00+00:00,2026-09-03T16:00:00+00:00,2026-09-03T16:00:00+00:00,Rangpo,27.177,88.533,0.3,3B-HHR-E.MS.MRG.3IMERG.20260903-S153000-E155959.0930.V07C.30min.tif,0.3,0.5,0.6999999999999996,0.8,0.7999999999999999,4.7,11.6,31.400000000000002,88.1,0.3,0.3,0.3,1.6,0.4,0.6000000000000001,0.4,306.95,13.38,279.29,-0.9868839065636126,0.16143157982793477,23.139499999999998,1.24,18.5,62.886,726.5803,0.555,0
2026-09-03 16:30:00+00:00,2026-09-03,2026-09-03T16:00:00+00:00,2026-09-03T16:30:00+00:00,2026-09-03T16:30:00+00:00,Rangpo,27.177,88.533,0.1,3B-HHR-E.MS.MRG.3IMERG.20260903-S160000-E162959.0960.V07C.30min.tif,0.1,0.4,0.6999999999999996,0.9,0.9,4.8,10.7,31.3,88.2,0.3,0.3,0.3,1.6,0.09999999999999998,0.5,-0.20000000000000007,306.95,13.38,279.29,-0.9868839065636126,0.16143157982793477,23.139499999999998,1.24,18.5,64.224,724.26635,0.555,0
2026-09-03 17:00:00+00:00,2026-09-03,2026-09-03T16:30:00+00:00,2026-09-03T17:00:00+00:00,2026-09-03T17:00:00+00:00,Rangpo,27.177,88.533,0.1,3B-HHR-E.MS.MRG.3IMERG.20260903-S163000-E165959.0990.V07C.30min.tif,0.1,0.2,0.7999999999999996,1.0,1.0,4.9,10.1,31.2,88.3,0.1,0.3,0.3,1.6,-0.3,0.6000000000000001,-0.7,306.95,13.38,279.29,-0.9868839065636126,0.16143157982793477,23.139499999999998,1.24,18.5,65.56200000000001,721.9523999999999,0.555,0
2026-09-03 17:30:00+00:00,2026-09-03,2026-09-03T17:00:00+00:00,2026-09-03T17:30:00+00:00,2026-09-03T17:30:00+00:00,Rangpo,27.177,88.533,0.0,3B-HHR-E.MS.MRG.3IMERG.20260903-S170000-E172959.1020.V07C.30min.tif,0.0,0.1,0.7999999999999996,1.0,1.0,4.9,9.7,30.9,88.3,0.1,0.3,0.3,1.6,-0.30000000000000004,0.6000000000000001,-0.4,306.95,13.38,279.29,-0.9868839065636126,0.16143157982793477,23.139499999999998,1.24,18.5,65.56200000000001,715.01055,0.555,0
2026-09-03 18:00:00+00:00,2026-09-03,2026-09-03T17:30:00+00:00,2026-09-03T18:00:00+00:00,2026-09-03T18:00:00+00:00,Rangpo,27.177,88.533,0.0,3B-HHR-E.MS.MRG.3IMERG.20260903-S173000-E175959.1050.V07C.30min.tif,0.0,0.0,0.6999999999999995,1.0,1.0,4.9,9.6,30.6,88.3,0.0,0.3,0.3,1.6,-0.2,0.3999999999999999,0.09999999999999998,306.95,13.38,279.29,-0.9868839065636126,0.16143157982793477,23.139499999999998,1.24,18.5,65.56200000000001,708.0686999999999,0.555,0
2026-09-03 18:30:00+00:00,2026-09-03,2026-09-03T18:00:00+00:00,2026-09-03T18:30:00+00:00,2026-09-03T18:30:00+00:00,Rangpo,27.177,88.533,0.1,3B-HHR-E.MS.MRG.3IMERG.20260903-S180000-E182959.1080.V07C.30min.tif,0.1,0.1,0.5999999999999996,1.1,1.0999999999999999,4.7,9.6,30.5,88.39999999999999,0.1,0.3,0.3,1.6,0.0,0.10000000000000009,0.30000000000000004,306.95,13.38,279.29,-0.9868839065636126,0.16143157982793477,23.139499999999998,1.24,18.5,62.886,705.75475,0.555,0
2026-09-03 19:00:00+00:00,2026-09-03,2026-09-03T18:30:00+00:00,2026-09-03T19:00:00+00:00,2026-09-03T19:00:00+00:00,Rangpo,27.177,88.533,0.1,3B-HHR-E.MS.MRG.3IMERG.20260903-S183000-E185959.1110.V07C.30min.tif,0.1,0.2,0.3999999999999996,1.1,1.2,4.5,9.700000000000001,30.4,88.5,0.1,0.1,0.3,1.6,0.2,-0.30000000000000004,0.4,306.95,13.38,279.29,-0.9868839065636126,0.16143157982793477,23.139499999999998,1.24,18.5,60.21,703.4408,0.18500000000000003,0
2026-09-03 19:30:00+00:00,2026-09-03,2026-09-03T19:00:00+00:00,2026-09-03T19:30:00+00:00,2026-09-03T19:30:00+00:00,Rangpo,27.177,88.533,1.2,3B-HHR-E.MS.MRG.3IMERG.20260903-S190000-E192959.1140.V07C.30min.tif,1.2,1.3,1.4999999999999996,2.2,2.4,5.7,10.9,31.5,89.7,1.2,1.2,1.2,1.6,1.2,0.7999999999999999,1.2,306.95,13.38,279.29,-0.9868839065636126,0.16143157982793477,23.139499999999998,1.24,18.5,76.266,728.8942499999999,2.22,0
2026-09-03 20:00:00+00:00,2026-09-03,2026-09-03T19:30:00+00:00,2026-09-03T20:00:00+00:00,2026-09-03T20:00:00+00:00,Rangpo,27.177,88.533,0.0,3B-HHR-E.MS.MRG.3IMERG.20260903-S193000-E195959.1170.V07C.30min.tif,0.0,1.2,1.3999999999999995,2.2,2.4,5.7,10.8,31.4,89.60000000000001,1.2,1.2,1.2,1.6,1.0,0.5999999999999999,0.8,306.95,13.38,279.29,-0.9868839065636126,0.16143157982793477,23.139499999999998,1.24,18.5,76.266,726.5803,2.22,0
2026-09-03 20:30:00+00:00,2026-09-03,2026-09-03T20:00:00+00:00,2026-09-03T20:30:00+00:00,2026-09-03T20:30:00+00:00,Rangpo,27.177,88.533,0.1,3B-HHR-E.MS.MRG.3IMERG.20260903-S200000-E202959.1200.V07C.30min.tif,0.1,0.1,1.4999999999999996,2.3,2.5,5.8,10.799999999999999,30.7,89.6,0.1,1.2,1.2,1.6,-1.2,0.7,-2.4,306.95,13.38,279.29,-0.9868839065636126,0.16143157982793477,23.139499999999998,1.24,18.5,77.604,710.3826499999999,2.22,0
2026-09-03 21:00:00+00:00,2026-09-03,2026-09-03T20:30:00+00:00,2026-09-03T21:00:00+00:00,2026-09-03T21:00:00+00:00,Rangpo,27.177,88.533,0.1,3B-HHR-E.MS.MRG.3IMERG.20260903-S203000-E205959.1230.V07C.30min.tif,0.1,0.2,1.5999999999999994,2.3,2.6,5.9,10.7,30.0,89.69999999999999,0.1,1.2,1.2,1.6,-1.0,0.8999999999999999,-2.0,306.95,13.38,279.29,-0.9868839065636126,0.16143157982793477,23.139499999999998,1.24,18.5,78.94200000000001,694.185,2.22,0
2026-09-03 21:30:00+00:00,2026-09-03,2026-09-03T21:00:00+00:00,2026-09-03T21:30:00+00:00,2026-09-03T21:30:00+00:00,Rangpo,27.177,88.533,0.0,3B-HHR-E.MS.MRG.3IMERG.20260903-S210000-E212959.1260.V07C.30min.tif,0.0,0.1,1.4999999999999996,2.0999999999999996,2.6,5.9,10.6,29.5,89.69999999999999,0.1,1.2,1.2,1.6,0.0,0.8999999999999999,1.2,306.95,13.38,279.29,-0.9868839065636126,0.16143157982793477,23.139499999999998,1.24,18.5,78.94200000000001,682.61525,2.22,0
2026-09-03 22:00:00+00:00,2026-09-03,2026-09-03T21:30:00+00:00,2026-09-03T22:00:00+00:00,2026-09-03T22:00:00+00:00,Rangpo,27.177,88.533,0.0,3B-HHR-E.MS.MRG.3IMERG.20260903-S213000-E215959.1290.V07C.30min.tif,0.0,0.0,1.3999999999999995,1.7999999999999998,2.6,5.9,10.6,29.400000000000002,89.69999999999999,0.0,1.2,1.2,1.6,-0.2,0.9999999999999999,0.8,306.95,13.38,279.29,-0.9868839065636126,0.16143157982793477,23.139499999999998,1.24,18.5,78.94200000000001,680.3013,2.22,0
2026-09-03 22:30:00+00:00,2026-09-03,2026-09-03T22:00:00+00:00,2026-09-03T22:30:00+00:00,2026-09-03T22:30:00+00:00,Rangpo,27.177,88.533,0.0,3B-HHR-E.MS.MRG.3IMERG.20260903-S220000-E222959.1320.V07C.30min.tif,0.0,0.0,0.19999999999999957,1.6999999999999997,2.6,4.4,10.6,29.400000000000002,89.69999999999999,0.0,0.1,1.2,1.6,-0.1,-1.3,-0.1,306.95,13.38,279.29,-0.9868839065636126,0.16143157982793477,23.139499999999998,1.24,18.5,58.87200000000001,680.3013,0.18500000000000003,0
2026-09-03 23:00:00+00:00,2026-09-03,2026-09-03T22:30:00+00:00,2026-09-03T23:00:00+00:00,2026-09-03T23:00:00+00:00,Rangpo,27.177,88.533,0.0,3B-HHR-E.MS.MRG.3IMERG.20260903-S223000-E225959.1350.V07C.30min.tif,0.0,0.0,0.19999999999999957,1.5999999999999999,2.6,2.8,10.6,29.400000000000002,89.69999999999999,0.0,0.1,1.2,1.2,0.0,-1.2,0.2,306.95,13.38,279.29,-0.9868839065636126,0.16143157982793477,23.139499999999998,1.24,18.5,37.464,680.3013,0.18500000000000003,0
2026-09-03 23:30:00+00:00,2026-09-03,2026-09-03T23:00:00+00:00,2026-09-03T23:30:00+00:00,2026-09-03T23:30:00+00:00,Rangpo,27.177,88.533,0.0,3B-HHR-E.MS.MRG.3IMERG.20260903-S230000-E232959.1380.V07C.30min.tif,0.0,0.0,0.09999999999999956,1.5999999999999999,2.6,2.8,10.1,29.400000000000002,89.69999999999999,0.0,0.1,1.2,1.2,0.0,-1.4,0.1,306.95,13.38,279.29,-0.9868839065636126,0.16143157982793477,23.139499999999998,1.24,18.5,37.464,680.3013,0.18500000000000003,0
2026-09-04 00:00:00+00:00,2026-09-03,2026-09-03T23:30:00+00:00,2026-09-04T00:00:00+00:00,2026-09-04T00:00:00+00:00,Rangpo,27.177,88.533,0.0,3B-HHR-E.MS.MRG.3IMERG.20260903-S233000-E235959.1410.V07C.30min.tif,0.0,0.0,0.0,1.5999999999999999,2.6,2.8,9.7,29.400000000000002,89.69999999999999,0.0,0.0,1.2,1.2,0.0,-1.5999999999999994,0.0,306.95,13.38,279.29,-0.9868839065636126,0.16143157982793477,23.139499999999998,1.24,18.5,37.464,680.3013,0.0,0
2026-09-04 00:30:00+00:00,2026-09-04,2026-09-04T00:00:00+00:00,2026-09-04T00:30:00+00:00,2026-09-04T00:30:00+00:00,Rangpo,27.177,88.533,0.0,3B-HHR-E.MS.MRG.3IMERG.20260904-S000000-E002959.0000.V07C.30min.tif,0.0,0.0,0.0,1.4999999999999998,2.6,2.8,9.7,29.400000000000002,89.69999999999999,0.0,0.0,1.2,1.2,0.0,-1.4999999999999996,0.0,306.95,13.38,279.29,-0.9868839065636126,0.16143157982793477,23.139499999999998,1.24,18.5,37.464,680.3013,0.0,0
2026-09-04 01:00:00+00:00,2026-09-04,2026-09-04T00:30:00+00:00,2026-09-04T01:00:00+00:00,2026-09-04T01:00:00+00:00,Rangpo,27.177,88.533,0.0,3B-HHR-E.MS.MRG.3IMERG.20260904-S003000-E005959.0030.V07C.30min.tif,0.0,0.0,0.0,1.4,2.5,2.8,9.7,29.400000000000002,89.69999999999999,0.0,0.0,1.2,1.2,0.0,-1.3999999999999995,0.0,306.95,13.38,279.29,-0.9868839065636126,0.16143157982793477,23.139499999999998,1.24,18.5,37.464,680.3013,0.0,0
2026-09-04 01:30:00+00:00,2026-09-04,2026-09-04T01:00:00+00:00,2026-09-04T01:30:00+00:00,2026-09-04T01:30:00+00:00,Rangpo,27.177,88.533,0.0,3B-HHR-E.MS.MRG.3IMERG.20260904-S010000-E012959.0060.V07C.30min.tif,0.0,0.0,0.0,0.1999999999999998,2.4000000000000004,2.8,9.7,29.400000000000002,89.69999999999999,0.0,0.0,0.1,1.2,0.0,-0.19999999999999957,0.0,306.95,13.38,279.29,-0.9868839065636126,0.16143157982793477,23.139499999999998,1.24,18.5,37.464,680.3013,0.0,0
2026-09-04 02:00:00+00:00,2026-09-04,2026-09-04T01:30:00+00:00,2026-09-04T02:00:00+00:00,2026-09-04T02:00:00+00:00,Rangpo,27.177,88.533,0.0,3B-HHR-E.MS.MRG.3IMERG.20260904-S013000-E015959.0090.V07C.30min.tif,0.0,0.0,0.0,0.1999999999999998,2.4000000000000004,2.8,9.7,29.400000000000002,89.69999999999999,0.0,0.0,0.1,1.2,0.0,-0.19999999999999957,0.0,306.95,13.38,279.29,-0.9868839065636126,0.16143157982793477,23.139499999999998,1.24,18.5,37.464,680.3013,0.0,0
2026-09-04 02:30:00+00:00,2026-09-04,2026-09-04T02:00:00+00:00,2026-09-04T02:30:00+00:00,2026-09-04T02:30:00+00:00,Rangpo,27.177,88.533,0.0,3B-HHR-E.MS.MRG.3IMERG.20260904-S020000-E022959.0120.V07C.30min.tif,0.0,0.0,0.0,0.09999999999999978,2.4000000000000004,2.8,9.7,29.400000000000002,89.69999999999999,0.0,0.0,0.1,1.2,0.0,-0.09999999999999956,0.0,306.95,13.38,279.29,-0.9868839065636126,0.16143157982793477,23.139499999999998,1.24,18.5,37.464,680.3013,0.0,0
2026-09-04 03:00:00+00:00,2026-09-04,2026-09-04T02:30:00+00:00,2026-09-04T03:00:00+00:00,2026-09-04T03:00:00+00:00,Rangpo,27.177,88.533,0.0,3B-HHR-E.MS.MRG.3IMERG.20260904-S023000-E025959.0150.V07C.30min.tif,0.0,0.0,0.0,0.0,2.3000000000000003,2.8,9.7,29.400000000000002,89.69999999999999,0.0,0.0,0.0,1.2,0.0,0.0,0.0,306.95,13.38,279.29,-0.9868839065636126,0.16143157982793477,23.139499999999998,1.24,18.5,37.464,680.3013,0.0,0
2026-09-04 03:30:00+00:00,2026-09-04,2026-09-04T03:00:00+00:00,2026-09-04T03:30:00+00:00,2026-09-04T03:30:00+00:00,Rangpo,27.177,88.533,0.0,3B-HHR-E.MS.MRG.3IMERG.20260904-S030000-E032959.0180.V07C.30min.tif,0.0,0.0,0.0,0.0,2.1,2.7,9.7,29.400000000000002,89.69999999999999,0.0,0.0,0.0,1.2,0.0,0.0,0.0,306.95,13.38,279.29,-0.9868839065636126,0.16143157982793477,23.139499999999998,1.24,18.5,36.126000000000005,680.3013,0.0,0
2026-09-04 04:00:00+00:00,2026-09-04,2026-09-04T03:30:00+00:00,2026-09-04T04:00:00+00:00,2026-09-04T04:00:00+00:00,Rangpo,27.177,88.533,0.0,3B-HHR-E.MS.MRG.3IMERG.20260904-S033000-E035959.0210.V07C.30min.tif,0.0,0.0,0.0,0.0,1.8,2.6,9.6,29.400000000000002,89.69999999999999,0.0,0.0,0.0,1.2,0.0,0.0,0.0,306.95,13.38,279.29,-0.9868839065636126,0.16143157982793477,23.139499999999998,1.24,18.5,34.788000000000004,680.3013,0.0,0
2026-09-04 04:30:00+00:00,2026-09-04,2026-09-04T04:00:00+00:00,2026-09-04T04:30:00+00:00,2026-09-04T04:30:00+00:00,Rangpo,27.177,88.533,0.0,3B-HHR-E.MS.MRG.3IMERG.20260904-S040000-E042959.0240.V07C.30min.tif,0.0,0.0,0.0,0.0,1.7,2.6,9.5,29.400000000000002,89.69999999999999,0.0,0.0,0.0,1.2,0.0,0.0,0.0,306.95,13.38,279.29,-0.9868839065636126,0.16143157982793477,23.139499999999998,1.24,18.5,34.788000000000004,680.3013,0.0,0
2026-09-04 05:00:00+00:00,2026-09-04,2026-09-04T04:30:00+00:00,2026-09-04T05:00:00+00:00,2026-09-04T05:00:00+00:00,Rangpo,27.177,88.533,0.0,3B-HHR-E.MS.MRG.3IMERG.20260904-S043000-E045959.0270.V07C.30min.tif,0.0,0.0,0.0,0.0,1.5999999999999999,2.6,8.899999999999999,29.400000000000002,89.69999999999999,0.0,0.0,0.0,1.2,0.0,0.0,0.0,306.95,13.38,279.29,-0.9868839065636126,0.16143157982793477,23.139499999999998,1.24,18.5,34.788000000000004,680.3013,0.0,0
2026-09-04 05:30:00+00:00,2026-09-04,2026-09-04T05:00:00+00:00,2026-09-04T05:30:00+00:00,2026-09-04T05:30:00+00:00,Rangpo,27.177,88.533,0.0,3B-HHR-E.MS.MRG.3IMERG.20260904-S050000-E052959.0300.V07C.30min.tif,0.0,0.0,0.0,0.0,1.5999999999999999,2.6,8.5,29.400000000000002,89.69999999999999,0.0,0.0,0.0,1.2,0.0,0.0,0.0,306.95,13.38,279.29,-0.9868839065636126,0.16143157982793477,23.139499999999998,1.24,18.5,34.788000000000004,680.3013,0.0,0
2026-09-04 06:00:00+00:00,2026-09-04,2026-09-04T05:30:00+00:00,2026-09-04T06:00:00+00:00,2026-09-04T06:00:00+00:00,Rangpo,27.177,88.533,0.0,3B-HHR-E.MS.MRG.3IMERG.20260904-S053000-E055959.0330.V07C.30min.tif,0.0,0.0,0.0,0.0,1.5999999999999999,2.6,8.5,29.400000000000002,89.69999999999999,0.0,0.0,0.0,1.2,0.0,0.0,0.0,306.95,13.38,279.29,-0.9868839065636126,0.16143157982793477,23.139499999999998,1.24,18.5,34.788000000000004,680.3013,0.0,0
2026-09-04 06:30:00+00:00,2026-09-04,2026-09-04T06:00:00+00:00,2026-09-04T06:30:00+00:00,2026-09-04T06:30:00+00:00,Rangpo,27.177,88.533,0.0,3B-HHR-E.MS.MRG.3IMERG.20260904-S060000-E062959.0360.V07C.30min.tif,0.0,0.0,0.0,0.0,1.5,2.6,8.5,29.400000000000002,89.69999999999999,0.0,0.0,0.0,1.2,0.0,0.0,0.0,306.95,13.38,279.29,-0.9868839065636126,0.16143157982793477,23.139499999999998,1.24,18.5,34.788000000000004,680.3013,0.0,0
2026-09-04 07:00:00+00:00,2026-09-04,2026-09-04T06:30:00+00:00,2026-09-04T07:00:00+00:00,2026-09-04T07:00:00+00:00,Rangpo,27.177,88.533,0.2,3B-HHR-E.MS.MRG.3IMERG.20260904-S063000-E065959.0390.V07C.30min.tif,0.2,0.2,0.19999999999999957,0.1999999999999998,1.6,2.8,8.6,29.6,89.8,0.2,0.2,0.2,1.2,0.2,0.19999999999999957,0.2,306.95,13.38,279.29,-0.9868839065636126,0.16143157982793477,23.139499999999998,1.24,18.5,37.464,684.9291999999999,0.37000000000000005,0
2026-09-04 07:30:00+00:00,2026-09-04,2026-09-04T07:00:00+00:00,2026-09-04T07:30:00+00:00,2026-09-04T07:30:00+00:00,Rangpo,27.177,88.533,1.4,3B-HHR-E.MS.MRG.3IMERG.20260904-S070000-E072959.0420.V07C.30min.tif,1.4,1.5999999999999999,1.5999999999999994,1.5999999999999996,1.8,4.199999999999999,9.899999999999999,30.0,91.10000000000001,1.4,1.4,1.4,1.4,1.5999999999999999,1.5999999999999994,1.5999999999999999,306.95,13.38,279.29,-0.9868839065636126,0.16143157982793477,23.139499999999998,1.24,18.5,56.19599999999999,694.185,2.59,0
2026-09-04 08:00:00+00:00,2026-09-04,2026-09-04T07:30:00+00:00,2026-09-04T08:00:00+00:00,2026-09-04T08:00:00+00:00,Rangpo,27.177,88.533,2.8,3B-HHR-E.MS.MRG.3IMERG.20260904-S073000-E075959.0450.V07C.30min.tif,2.8,4.199999999999999,4.3999999999999995,4.3999999999999995,4.6,7.0,12.7,30.8,93.8,2.8,2.8,2.8,2.8,3.999999999999999,4.3999999999999995,3.799999999999999,306.95,13.38,279.29,-0.9868839065636126,0.16143157982793477,23.139499999999998,1.24,18.5,93.66000000000001,712.6966,5.18,0
2026-09-04 08:30:00+00:00,2026-09-04,2026-09-04T08:00:00+00:00,2026-09-04T08:30:00+00:00,2026-09-04T08:30:00+00:00,Rangpo,27.177,88.533,2.7,3B-HHR-E.MS.MRG.3IMERG.20260904-S080000-E082959.0480.V07C.30min.tif,2.7,5.5,7.1,7.1,7.2,9.7,15.399999999999999,31.3,96.4,2.8,2.8,2.8,2.8,3.9000000000000004,7.1,2.3000000000000007,306.95,13.38,279.29,-0.9868839065636126,0.16143157982793477,23.139499999999998,1.24,18.5,129.786,724.26635,5.18,0
2026-09-04 09:00:00+00:00,2026-09-04,2026-09-04T08:30:00+00:00,2026-09-04T09:00:00+00:00,2026-09-04T09:00:00+00:00,Rangpo,27.177,88.533,2.0,3B-HHR-E.MS.MRG.3IMERG.20260904-S083000-E085959.0510.V07C.30min.tif,2.0,4.7,9.1,9.1,9.1,11.7,17.3,31.099999999999998,98.4,2.7,2.8,2.8,2.8,0.5000000000000009,9.1,-3.4999999999999982,306.95,13.38,279.29,-0.9868839065636126,0.16143157982793477,23.139499999999998,1.24,18.5,156.546,719.6384499999999,5.18,1
2026-09-04 09:30:00+00:00,2026-09-04,2026-09-04T09:00:00+00:00,2026-09-04T09:30:00+00:00,2026-09-04T09:30:00+00:00,Rangpo,27.177,88.533,0.9,3B-HHR-E.MS.MRG.3IMERG.20260904-S090000-E092959.0540.V07C.30min.tif,0.9,2.9,10.0,10.0,10.0,12.6,18.2,30.6,99.0,2.0,2.8,2.8,2.8,-2.6,10.0,-6.5,306.95,13.38,279.29,-0.9868839065636126,0.16143157982793477,23.139499999999998,1.24,18.5,168.588,708.0686999999999,5.18,0
2026-09-04 10:00:00+00:00,2026-09-04,2026-09-04T09:30:00+00:00,2026-09-04T10:00:00+00:00,2026-09-04T10:00:00+00:00,Rangpo,27.177,88.533,1.1,3B-HHR-E.MS.MRG.3IMERG.20260904-S093000-E095959.0570.V07C.30min.tif,1.1,2.0,10.9,11.1,11.1,13.7,19.3,31.2,99.60000000000001,1.1,2.8,2.8,2.8,-2.7,10.700000000000001,-3.200000000000001,306.95,13.38,279.29,-0.9868839065636126,0.16143157982793477,23.139499999999998,1.24,18.5,183.306,721.9523999999999,5.18,0
2026-09-04 10:30:00+00:00,2026-09-04,2026-09-04T10:00:00+00:00,2026-09-04T10:30:00+00:00,2026-09-04T10:30:00+00:00,Rangpo,27.177,88.533,0.2,3B-HHR-E.MS.MRG.3IMERG.20260904-S100000-E102959.0600.V07C.30min.tif,0.2,1.3,9.7,11.299999999999999,11.299999999999999,13.9,19.5,31.2,99.5,1.1,2.8,2.8,2.8,-1.5999999999999999,8.1,1.0000000000000002,306.95,13.38,279.29,-0.9868839065636126,0.16143157982793477,23.139499999999998,1.24,18.5,185.98200000000003,721.9523999999999,5.18,0
2026-09-04 11:00:00+00:00,2026-09-04,2026-09-04T10:30:00+00:00,2026-09-04T11:00:00+00:00,2026-09-04T11:00:00+00:00,Rangpo,27.177,88.533,0.2,3B-HHR-E.MS.MRG.3IMERG.20260904-S103000-E105959.0630.V07C.30min.tif,0.2,0.4,7.1000000000000005,11.5,11.5,14.1,19.599999999999998,30.0,99.39999999999999,0.2,2.7,2.8,2.8,-1.6,2.700000000000001,1.1,306.95,13.38,279.29,-0.9868839065636126,0.16143157982793477,23.139499999999998,1.24,18.5,188.65800000000002,694.185,4.995000000000001,0
2026-09-04 11:30:00+00:00,2026-09-04,2026-09-04T11:00:00+00:00,2026-09-04T11:30:00+00:00,2026-09-04T11:30:00+00:00,Rangpo,27.177,88.533,0.1,3B-HHR-E.MS.MRG.3IMERG.20260904-S110000-E112959.0660.V07C.30min.tif,0.1,0.30000000000000004,4.5,11.6,11.6,14.2,19.7,29.0,98.9,0.2,2.0,2.8,2.8,-1.0,-2.5999999999999996,0.5999999999999999,306.95,13.38,279.29,-0.9868839065636126,0.16143157982793477,23.139499999999998,1.24,18.5,189.996,671.0455,3.7,0
2026-09-04 12:00:00+00:00,2026-09-04,2026-09-04T11:30:00+00:00,2026-09-04T12:00:00+00:00,2026-09-04T12:00:00+00:00,Rangpo,27.177,88.533,0.0,3B-HHR-E.MS.MRG.3IMERG.20260904-S113000-E115959.0690.V07C.30min.tif,0.0,0.1,2.5,11.6,11.6,14.2,19.400000000000002,28.099999999999998,98.5,0.1,1.1,2.8,2.8,-0.30000000000000004,-6.6,1.3,306.95,13.38,279.29,-0.9868839065636126,0.16143157982793477,23.139499999999998,1.24,18.5,189.996,650.2199499999999,2.035,0
2026-09-04 12:30:00+00:00,2026-09-04,2026-09-04T12:00:00+00:00,2026-09-04T12:30:00+00:00,2026-09-04T12:30:00+00:00,Rangpo,27.177,88.533,0.0,3B-HHR-E.MS.MRG.3IMERG.20260904-S120000-E122959.0720.V07C.30min.tif,0.0,0.0,1.6,11.6,11.6,14.2,18.8,27.4,98.3,0.0,1.1,2.8,2.8,-0.30000000000000004,-8.4,0.7,306.95,13.38,279.29,-0.9868839065636126,0.16143157982793477,23.139499999999998,1.24,18.5,189.996,634.0223,2.035,0
2026-09-04 13:00:00+00:00,2026-09-04,2026-09-04T12:30:00+00:00,2026-09-04T13:00:00+00:00,2026-09-04T13:00:00+00:00,Rangpo,27.177,88.533,0.0,3B-HHR-E.MS.MRG.3IMERG.20260904-S123000-E125959.0750.V07C.30min.tif,0.0,0.0,0.5,11.4,11.6,14.1,18.400000000000002,26.9,98.10000000000001,0.0,0.2,2.8,2.8,-0.1,-10.4,0.20000000000000004,306.95,13.38,279.29,-0.9868839065636126,0.16143157982793477,23.139499999999998,1.24,18.5,188.65800000000002,622.45255,0.37000000000000005,0
2026-09-04 13:30:00+00:00,2026-09-04,2026-09-04T13:00:00+00:00,2026-09-04T13:30:00+00:00,2026-09-04T13:30:00+00:00,Rangpo,27.177,88.533,0.0,3B-HHR-E.MS.MRG.3IMERG.20260904-S130000-E132959.0780.V07C.30min.tif,0.0,0.0,0.30000000000000004,10.0,11.6,14.0,18.3,26.599999999999998,98.0,0.0,0.2,2.8,2.8,0.0,-9.399999999999999,0.30000000000000004,306.95,13.38,279.29,-0.9868839065636126,0.16143157982793477,23.139499999999998,1.24,18.5,187.32000000000002,615.5106999999999,0.37000000000000005,0
2026-09-04 14:00:00+00:00,2026-09-04,2026-09-04T13:30:00+00:00,2026-09-04T14:00:00+00:00,2026-09-04T14:00:00+00:00,Rangpo,27.177,88.533,0.0,3B-HHR-E.MS.MRG.3IMERG.20260904-S133000-E135959.0810.V07C.30min.tif,0.0,0.0,0.1,7.2,11.6,14.0,18.2,26.299999999999997,97.9,0.0,0.1,2.7,2.8,0.0,-7.000000000000001,0.1,306.95,13.38,279.29,-0.9868839065636126,0.16143157982793477,23.139499999999998,1.24,18.5,187.32000000000002,608.5688499999999,0.18500000000000003,0
2026-09-04 14:30:00+00:00,2026-09-04,2026-09-04T14:00:00+00:00,2026-09-04T14:30:00+00:00,2026-09-04T14:30:00+00:00,Rangpo,27.177,88.533,1.6,3B-HHR-E.MS.MRG.3IMERG.20260904-S140000-E142959.0840.V07C.30min.tif,1.6,1.6,1.6,6.1,13.2,15.600000000000001,19.799999999999997,27.8,99.5,1.6,1.6,2.0,2.8,1.6,-2.9,1.6,306.95,13.38,279.29,-0.9868839065636126,0.16143157982793477,23.139499999999998,1.24,18.5,208.72800000000004,643.2781,2.9600000000000004,0
2026-09-04 15:00:00+00:00,2026-09-04,2026-09-04T14:30:00+00:00,2026-09-04T15:00:00+00:00,2026-09-04T15:00:00+00:00,Rangpo,27.177,88.533,0.9,3B-HHR-E.MS.MRG.3IMERG.20260904-S143000-E145959.0870.V07C.30min.tif,0.9,2.5,2.5,5.0,14.1,16.4,20.7,28.599999999999998,100.4,1.6,1.6,1.6,2.8,2.5,0.0,2.5,306.95,13.38,279.29,-0.9868839065636126,0.16143157982793477,23.139499999999998,1.24,18.5,219.432,661.7896999999999,2.9600000000000004,0
2026-09-04 15:30:00+00:00,2026-09-04,2026-09-04T15:00:00+00:00,2026-09-04T15:30:00+00:00,2026-09-04T15:30:00+00:00,Rangpo,27.177,88.533,0.1,3B-HHR-E.MS.MRG.3IMERG.20260904-S150000-E152959.0900.V07C.30min.tif,0.1,1.0,2.6,4.2,14.2,16.3,20.799999999999997,28.6,99.89999999999999,0.9,1.6,1.6,2.8,-0.6000000000000001,1.0,-2.2,306.95,13.38,279.29,-0.9868839065636126,0.16143157982793477,23.139499999999998,1.24,18.5,218.09400000000002,661.7896999999999,2.9600000000000004,0
2026-09-04 16:00:00+00:00,2026-09-04,2026-09-04T15:30:00+00:00,2026-09-04T16:00:00+00:00,2026-09-04T16:00:00+00:00,Rangpo,27.177,88.533,0.0,3B-HHR-E.MS.MRG.3IMERG.20260904-S153000-E155959.0930.V07C.30min.tif,0.0,0.1,2.6,3.1,14.2,16.0,20.7,27.6,99.3,0.1,1.6,1.6,2.8,-2.4,2.1,-4.9,306.95,13.38,279.29,-0.9868839065636126,0.16143157982793477,23.139499999999998,1.24,18.5,214.08,638.6501999999999,2.9600000000000004,0
2026-09-04 16:30:00+00:00,2026-09-04,2026-09-04T16:00:00+00:00,2026-09-04T16:30:00+00:00,2026-09-04T16:30:00+00:00,Rangpo,27.177,88.533,0.0,3B-HHR-E.MS.MRG.3IMERG.20260904-S160000-E162959.0960.V07C.30min.tif,0.0,0.0,2.6,2.9,14.2,15.9,20.7,26.6,98.89999999999999,0.0,1.6,1.6,2.8,-1.0,2.3,-0.3999999999999999,306.95,13.38,279.29,-0.9868839065636126,0.16143157982793477,23.139499999999998,1.24,18.5,212.74200000000002,615.5106999999999,2.9600000000000004,0
2026-09-04 17:00:00+00:00,2026-09-04,2026-09-04T16:30:00+00:00,2026-09-04T17:00:00+00:00,2026-09-04T17:00:00+00:00,Rangpo,27.177,88.533,0.0,3B-HHR-E.MS.MRG.3IMERG.20260904-S163000-E165959.0990.V07C.30min.tif,0.0,0.0,2.6,2.7,14.2,15.8,20.7,25.9,98.7,0.0,1.6,1.6,2.8,-0.1,2.5,2.3,306.95,13.38,279.29,-0.9868839065636126,0.16143157982793477,23.139499999999998,1.24,18.5,211.40400000000002,599.31305,2.9600000000000004,0
2026-09-04 17:30:00+00:00,2026-09-04,2026-09-04T17:00:00+00:00,2026-09-04T17:30:00+00:00,2026-09-04T17:30:00+00:00,Rangpo,27.177,88.533,0.0,3B-HHR-E.MS.MRG.3IMERG.20260904-S170000-E172959.1020.V07C.30min.tif,0.0,0.0,1.0,2.6,14.2,15.8,20.7,25.5,98.7,0.0,0.9,1.6,2.8,0.0,-0.6000000000000001,1.0,306.95,13.38,279.29,-0.9868839065636126,0.16143157982793477,23.139499999999998,1.24,18.5,211.40400000000002,590.05725,1.665,0
2026-09-04 18:00:00+00:00,2026-09-04,2026-09-04T17:30:00+00:00,2026-09-04T18:00:00+00:00,2026-09-04T18:00:00+00:00,Rangpo,27.177,88.533,0.0,3B-HHR-E.MS.MRG.3IMERG.20260904-S173000-E175959.1050.V07C.30min.tif,0.0,0.0,0.1,2.6,14.2,15.8,20.7,25.4,98.7,0.0,0.1,1.6,2.8,0.0,-2.4,0.1,306.95,13.38,279.29,-0.9868839065636126,0.16143157982793477,23.139499999999998,1.24,18.5,211.40400000000002,587.7433,0.18500000000000003,0
2026-09-04 18:30:00+00:00,2026-09-04,2026-09-04T18:00:00+00:00,2026-09-04T18:30:00+00:00,2026-09-04T18:30:00+00:00,Rangpo,27.177,88.533,0.0,3B-HHR-E.MS.MRG.3IMERG.20260904-S180000-E182959.1080.V07C.30min.tif,0.0,0.0,0.0,2.6,14.2,15.700000000000001,20.4,25.3,98.7,0.0,0.0,1.6,2.8,0.0,-2.6,0.0,306.95,13.38,279.29,-0.9868839065636126,0.16143157982793477,23.139499999999998,1.24,18.5,210.06600000000003,585.42935,0.0,0
2026-09-04 19:00:00+00:00,2026-09-04,2026-09-04T18:30:00+00:00,2026-09-04T19:00:00+00:00,2026-09-04T19:00:00+00:00,Rangpo,27.177,88.533,0.0,3B-HHR-E.MS.MRG.3IMERG.20260904-S183000-E185959.1110.V07C.30min.tif,0.0,0.0,0.0,2.6,14.0,15.600000000000001,20.099999999999998,25.3,98.7,0.0,0.0,1.6,2.8,0.0,-2.6,0.0,306.95,13.38,279.29,-0.9868839065636126,0.16143157982793477,23.139499999999998,1.24,18.5,208.72800000000004,585.42935,0.0,0
2026-09-04 19:30:00+00:00,2026-09-04,2026-09-04T19:00:00+00:00,2026-09-04T19:30:00+00:00,2026-09-04T19:30:00+00:00,Rangpo,27.177,88.533,0.0,3B-HHR-E.MS.MRG.3IMERG.20260904-S190000-E192959.1140.V07C.30min.tif,0.0,0.0,0.0,2.6,12.6,14.4,20.099999999999998,25.3,98.6,0.0,0.0,1.6,2.8,0.0,-2.6,0.0,306.95,13.38,279.29,-0.9868839065636126,0.16143157982793477,23.139499999999998,1.24,18.5,192.67200000000003,585.42935,0.0,0
2026-09-04 20:00:00+00:00,2026-09-04,2026-09-04T19:30:00+00:00,2026-09-04T20:00:00+00:00,2026-09-04T20:00:00+00:00,Rangpo,27.177,88.533,0.6,3B-HHR-E.MS.MRG.3IMERG.20260904-S193000-E195959.1170.V07C.30min.tif,0.6,0.6,0.6,3.2,10.4,15.0,20.7,25.799999999999997,99.10000000000001,0.6,0.6,1.6,2.8,0.6,-2.0,0.6,306.95,13.38,279.29,-0.9868839065636126,0.16143157982793477,23.139499999999998,1.24,18.5,200.70000000000002,596.9990999999999,1.11,0
2026-09-04 20:30:00+00:00,2026-09-04,2026-09-04T20:00:00+00:00,2026-09-04T20:30:00+00:00,2026-09-04T20:30:00+00:00,Rangpo,27.177,88.533,0.6,3B-HHR-E.MS.MRG.3IMERG.20260904-S200000-E202959.1200.V07C.30min.tif,0.6,1.2,1.2,2.2,8.3,15.5,21.3,26.3,99.6,0.6,0.6,0.9,2.8,1.2,0.19999999999999996,1.2,306.95,13.38,279.29,-0.9868839065636126,0.16143157982793477,23.139499999999998,1.24,18.5,207.39000000000001,608.56885,1.11,0
2026-09-04 21:00:00+00:00,2026-09-04,2026-09-04T20:30:00+00:00,2026-09-04T21:00:00+00:00,2026-09-04T21:00:00+00:00,Rangpo,27.177,88.533,0.3,3B-HHR-E.MS.MRG.3IMERG.20260904-S203000-E205959.1230.V07C.30min.tif,0.3,0.8999999999999999,1.5,1.6,6.6,15.7,21.599999999999998,26.4,99.8,0.6,0.6,0.6,2.8,0.29999999999999993,1.4,-0.30000000000000004,306.95,13.38,279.29,-0.9868839065636126,0.16143157982793477,23.139499999999998,1.24,18.5,210.066,610.8828,1.11,0
2026-09-04 21:30:00+00:00,2026-09-04,2026-09-04T21:00:00+00:00,2026-09-04T21:30:00+00:00,2026-09-04T21:30:00+00:00,Rangpo,27.177,88.533,0.2,3B-HHR-E.MS.MRG.3IMERG.20260904-S210000-E212959.1260.V07C.30min.tif,0.2,0.5,1.7,1.7,5.8999999999999995,15.9,21.8,26.5,100.0,0.3,0.6,0.6,2.8,-0.7,1.7,-1.9,306.95,13.38,279.29,-0.9868839065636126,0.16143157982793477,23.139499999999998,1.24,18.5,212.74200000000002,613.19675,1.11,0
2026-09-04 22:00:00+00:00,2026-09-04,2026-09-04T21:30:00+00:00,2026-09-04T22:00:00+00:00,2026-09-04T22:00:00+00:00,Rangpo,27.177,88.533,0.1,3B-HHR-E.MS.MRG.3IMERG.20260904-S213000-E215959.1290.V07C.30min.tif,0.1,0.30000000000000004,1.8,1.8,4.9,16.0,21.9,26.6,100.1,0.2,0.6,0.6,2.8,-0.5999999999999999,1.8,-0.8999999999999998,306.95,13.38,279.29,-0.9868839065636126,0.16143157982793477,23.139499999999998,1.24,18.5,214.08,615.5106999999999,1.11,0
2026-09-04 22:30:00+00:00,2026-09-04,2026-09-04T22:00:00+00:00,2026-09-04T22:30:00+00:00,2026-09-04T22:30:00+00:00,Rangpo,27.177,88.533,0.0,3B-HHR-E.MS.MRG.3IMERG.20260904-S220000-E222959.1320.V07C.30min.tif,0.0,0.1,1.8,1.8,4.7,16.0,20.4,26.6,100.1,0.1,0.6,0.6,2.8,-0.4,1.8,0.29999999999999993,306.95,13.38,279.29,-0.9868839065636126,0.16143157982793477,23.139499999999998,1.24,18.5,214.08,615.5106999999999,1.11,0
2026-09-04 23:00:00+00:00,2026-09-04,2026-09-04T22:30:00+00:00,2026-09-04T23:00:00+00:00,2026-09-04T23:00:00+00:00,Rangpo,27.177,88.533,0.0,3B-HHR-E.MS.MRG.3IMERG.20260904-S223000-E225959.1350.V07C.30min.tif,0.0,0.0,1.2000000000000002,1.8,4.5,16.0,18.8,26.6,100.1,0.0,0.6,0.6,2.8,-0.30000000000000004,0.6000000000000002,0.2999999999999998,306.95,13.38,279.29,-0.9868839065636126,0.16143157982793477,23.139499999999998,1.24,18.5,214.08,615.5106999999999,1.11,0
2026-09-04 23:30:00+00:00,2026-09-04,2026-09-04T23:00:00+00:00,2026-09-04T23:30:00+00:00,2026-09-04T23:30:00+00:00,Rangpo,27.177,88.533,0.0,3B-HHR-E.MS.MRG.3IMERG.20260904-S230000-E232959.1380.V07C.30min.tif,0.0,0.0,0.6,1.8,4.4,16.0,18.8,26.1,100.1,0.0,0.3,0.6,2.8,-0.1,-0.6,0.30000000000000004,306.95,13.38,279.29,-0.9868839065636126,0.16143157982793477,23.139499999999998,1.24,18.5,214.08,603.9409499999999,0.555,0
2026-09-05 00:00:00+00:00,2026-09-04,2026-09-04T23:30:00+00:00,2026-09-05T00:00:00+00:00,2026-09-05T00:00:00+00:00,Rangpo,27.177,88.533,0.0,3B-HHR-E.MS.MRG.3IMERG.20260904-S233000-E235959.1410.V07C.30min.tif,0.0,0.0,0.30000000000000004,1.8,4.4,16.0,18.8,25.7,100.1,0.0,0.2,0.6,2.8,0.0,-1.2,0.30000000000000004,306.95,13.38,279.29,-0.9868839065636126,0.16143157982793477,23.139499999999998,1.24,18.5,214.08,594.6851499999999,0.37000000000000005,0
2026-09-05 00:30:00+00:00,2026-09-05,2026-09-05T00:00:00+00:00,2026-09-05T00:30:00+00:00,2026-09-05T00:30:00+00:00,Rangpo,27.177,88.533,0.0,3B-HHR-E.MS.MRG.3IMERG.20260905-S000000-E002959.0000.V07C.30min.tif,0.0,0.0,0.1,1.8,4.4,16.0,18.8,25.7,100.1,0.0,0.1,0.6,2.8,0.0,-1.5999999999999999,0.1,306.95,13.38,279.29,-0.9868839065636126,0.16143157982793477,23.139499999999998,1.24,18.5,214.08,594.6851499999999,0.18500000000000003,0
2026-09-05 01:00:00+00:00,2026-09-05,2026-09-05T00:30:00+00:00,2026-09-05T01:00:00+00:00,2026-09-05T01:00:00+00:00,Rangpo,27.177,88.533,0.0,3B-HHR-E.MS.MRG.3IMERG.20260905-S003000-E005959.0030.V07C.30min.tif,0.0,0.0,0.0,1.8,4.4,16.0,18.8,25.7,100.1,0.0,0.0,0.6,2.8,0.0,-1.8,0.0,306.95,13.38,279.29,-0.9868839065636126,0.16143157982793477,23.139499999999998,1.24,18.5,214.08,594.6851499999999,0.0,0
2026-09-05 01:30:00+00:00,2026-09-05,2026-09-05T01:00:00+00:00,2026-09-05T01:30:00+00:00,2026-09-05T01:30:00+00:00,Rangpo,27.177,88.533,0.0,3B-HHR-E.MS.MRG.3IMERG.20260905-S010000-E012959.0060.V07C.30min.tif,0.0,0.0,0.0,1.8,4.4,16.0,18.8,25.7,100.1,0.0,0.0,0.6,2.8,0.0,-1.8,0.0,306.95,13.38,279.29,-0.9868839065636126,0.16143157982793477,23.139499999999998,1.24,18.5,214.08,594.6851499999999,0.0,0
2026-09-05 02:00:00+00:00,2026-09-05,2026-09-05T01:30:00+00:00,2026-09-05T02:00:00+00:00,2026-09-05T02:00:00+00:00,Rangpo,27.177,88.533,0.0,3B-HHR-E.MS.MRG.3IMERG.20260905-S013000-E015959.0090.V07C.30min.tif,0.0,0.0,0.0,1.2000000000000002,4.4,16.0,18.8,25.7,100.1,0.0,0.0,0.6,2.8,0.0,-1.2000000000000002,0.0,306.95,13.38,279.29,-0.9868839065636126,0.16143157982793477,23.139499999999998,1.24,18.5,214.08,594.6851499999999,0.0,0
2026-09-05 02:30:00+00:00,2026-09-05,2026-09-05T02:00:00+00:00,2026-09-05T02:30:00+00:00,2026-09-05T02:30:00+00:00,Rangpo,27.177,88.533,0.0,3B-HHR-E.MS.MRG.3IMERG.20260905-S020000-E022959.0120.V07C.30min.tif,0.0,0.0,0.0,0.6,2.8,16.0,18.8,25.7,100.1,0.0,0.0,0.3,2.8,0.0,-0.6,0.0,306.95,13.38,279.29,-0.9868839065636126,0.16143157982793477,23.139499999999998,1.24,18.5,214.08,594.6851499999999,0.0,0
2026-09-05 03:00:00+00:00,2026-09-05,2026-09-05T02:30:00+00:00,2026-09-05T03:00:00+00:00,2026-09-05T03:00:00+00:00,Rangpo,27.177,88.533,0.0,3B-HHR-E.MS.MRG.3IMERG.20260905-S023000-E025959.0150.V07C.30min.tif,0.0,0.0,0.0,0.30000000000000004,1.9000000000000001,16.0,18.8,25.7,100.1,0.0,0.0,0.2,2.8,0.0,-0.30000000000000004,0.0,306.95,13.38,279.29,-0.9868839065636126,0.16143157982793477,23.139499999999998,1.24,18.5,214.08,594.6851499999999,0.0,0
2026-09-05 03:30:00+00:00,2026-09-05,2026-09-05T03:00:00+00:00,2026-09-05T03:30:00+00:00,2026-09-05T03:30:00+00:00,Rangpo,27.177,88.533,0.0,3B-HHR-E.MS.MRG.3IMERG.20260905-S030000-E032959.0180.V07C.30min.tif,0.0,0.0,0.0,0.1,1.8,16.0,18.7,25.7,100.1,0.0,0.0,0.1,2.8,0.0,-0.1,0.0,306.95,13.38,279.29,-0.9868839065636126,0.16143157982793477,23.139499999999998,1.24,18.5,214.08,594.6851499999999,0.0,0
2026-09-05 04:00:00+00:00,2026-09-05,2026-09-05T03:30:00+00:00,2026-09-05T04:00:00+00:00,2026-09-05T04:00:00+00:00,Rangpo,27.177,88.533,0.0,3B-HHR-E.MS.MRG.3IMERG.20260905-S033000-E035959.0210.V07C.30min.tif,0.0,0.0,0.0,0.0,1.8,16.0,18.599999999999998,25.6,100.1,0.0,0.0,0.0,2.8,0.0,0.0,0.0,306.95,13.38,279.29,-0.9868839065636126,0.16143157982793477,23.139499999999998,1.24,18.5,214.08,592.3711999999999,0.0,0
2026-09-05 04:30:00+00:00,2026-09-05,2026-09-05T04:00:00+00:00,2026-09-05T04:30:00+00:00,2026-09-05T04:30:00+00:00,Rangpo,27.177,88.533,0.0,3B-HHR-E.MS.MRG.3IMERG.20260905-S040000-E042959.0240.V07C.30min.tif,0.0,0.0,0.0,0.0,1.8,16.0,18.599999999999998,25.5,100.1,0.0,0.0,0.0,2.8,0.0,0.0,0.0,306.95,13.38,279.29,-0.9868839065636126,0.16143157982793477,23.139499999999998,1.24,18.5,214.08,590.05725,0.0,0
2026-09-05 05:00:00+00:00,2026-09-05,2026-09-05T04:30:00+00:00,2026-09-05T05:00:00+00:00,2026-09-05T05:00:00+00:00,Rangpo,27.177,88.533,0.0,3B-HHR-E.MS.MRG.3IMERG.20260905-S043000-E045959.0270.V07C.30min.tif,0.0,0.0,0.0,0.0,1.8,16.0,18.599999999999998,24.900000000000002,100.1,0.0,0.0,0.0,2.8,0.0,0.0,0.0,306.95,13.38,279.29,-0.9868839065636126,0.16143157982793477,23.139499999999998,1.24,18.5,214.08,576.17355,0.0,0
2026-09-05 05:30:00+00:00,2026-09-05,05:00:00,05:29:59,2026-09-05T05:30:00+00:00,Rangpo,27.177,88.533,0.2,3B-HHR-E.MS.MRG.3IMERG.20260905-S050000-E053000.V07C.30min.tif,0.2,0.2,0.2,0.2,2.0,16.2,18.799999999999997,24.7,100.3,0.2,0.2,0.2,2.8,0.2,0.2,0.2,306.95,13.38,279.29,-0.9868839065636126,0.16143157982793477,23.139499999999998,1.24,18.5,216.756,571.5456499999999,0.37000000000000005,0
2026-09-05 06:00:00+00:00,2026-09-05,05:30:00,05:59:59,2026-09-05T06:00:00+00:00,Rangpo,27.177,88.533,0.2,3B-HHR-E.MS.MRG.3IMERG.20260905-S053000-E060000.V07C.30min.tif,0.2,0.4,0.4,0.4,2.2,16.4,19.0,24.9,100.5,0.2,0.2,0.2,2.8,0.4,0.4,0.4,306.95,13.38,279.29,-0.9868839065636126,0.16143157982793477,23.139499999999998,1.24,18.5,219.432,576.17355,0.37000000000000005,0
2026-09-05 06:30:00+00:00,2026-09-05,06:00:00,06:29:59,2026-09-05T06:30:00+00:00,Rangpo,27.177,88.533,0.2,3B-HHR-E.MS.MRG.3IMERG.20260905-S060000-E063000.V07C.30min.tif,0.2,0.4,0.6000000000000001,0.6000000000000001,2.4,16.6,19.2,25.099999999999998,100.7,0.2,0.2,0.2,2.8,0.2,0.6000000000000001,0.0,306.95,13.38,279.29,-0.9868839065636126,0.16143157982793477,23.139499999999998,1.24,18.5,222.10800000000003,580.8014499999999,0.37000000000000005,0
2026-09-05 07:00:00+00:00,2026-09-05,06:30:00,06:59:59,2026-09-05T07:00:00+00:00,Rangpo,27.177,88.533,0.2,3B-HHR-E.MS.MRG.3IMERG.20260905-S063000-E070000.V07C.30min.tif,0.2,0.4,0.8,0.8,2.6,16.6,19.4,25.2,100.9,0.2,0.2,0.2,2.8,0.0,0.8,-0.4,306.95,13.38,279.29,-0.9868839065636126,0.16143157982793477,23.139499999999998,1.24,18.5,222.10800000000003,583.1153999999999,0.37000000000000005,0
2026-09-05 07:30:00+00:00,2026-09-05,07:00:00,07:29:59,2026-09-05T07:30:00+00:00,Rangpo,27.177,88.533,0.2,3B-HHR-E.MS.MRG.3IMERG.20260905-S070000-E073000.V07C.30min.tif,0.2,0.4,1.0,1.0,2.8,15.4,19.599999999999998,25.3,98.89999999999999,0.2,0.2,0.2,2.8,0.0,1.0,-0.2,306.95,13.38,279.29,-0.9868839065636126,0.16143157982793477,23.139499999999998,1.24,18.5,206.05200000000002,585.42935,0.37000000000000005,0
2026-09-05 08:00:00+00:00,2026-09-05,07:30:00,07:59:59,2026-09-05T08:00:00+00:00,Rangpo,27.177,88.533,0.2,3B-HHR-E.MS.MRG.3IMERG.20260905-S073000-E080000.V07C.30min.tif,0.2,0.4,1.2000000000000002,1.2000000000000002,2.4,12.8,19.799999999999997,25.5,96.8,0.2,0.2,0.2,2.7,0.0,1.2000000000000002,0.0,306.95,13.38,279.29,-0.9868839065636126,0.16143157982793477,23.139499999999998,1.24,18.5,171.264,590.05725,0.37000000000000005,0
2026-09-05 08:30:00+00:00,2026-09-05,08:00:00,08:29:59,2026-09-05T08:30:00+00:00,Rangpo,27.177,88.533,0.2,3B-HHR-E.MS.MRG.3IMERG.20260905-S080000-E083000.V07C.30min.tif,0.2,0.4,1.2000000000000002,1.4000000000000001,2.0,10.3,20.0,25.7,94.6,0.2,0.2,0.2,2.0,0.0,1.0000000000000002,0.0,306.95,13.38,279.29,-0.9868839065636126,0.16143157982793477,23.139499999999998,1.24,18.5,137.81400000000002,594.6851499999999,0.37000000000000005,0
2026-09-05 09:00:00+00:00,2026-09-05,08:30:00,08:59:59,2026-09-05T09:00:00+00:00,Rangpo,27.177,88.533,0.2,3B-HHR-E.MS.MRG.3IMERG.20260905-S083000-E090000.V07C.30min.tif,0.2,0.4,1.2000000000000002,1.6,1.9000000000000001,8.5,20.2,25.799999999999997,92.7,0.2,0.2,0.2,1.6,0.0,0.8000000000000002,0.0,306.95,13.38,279.29,-0.9868839065636126,0.16143157982793477,23.139499999999998,1.24,18.5,113.73,596.9990999999999,0.37000000000000005,0
2026-09-05 09:30:00+00:00,2026-09-05,09:00:00,09:29:59,2026-09-05T09:30:00+00:00,Rangpo,27.177,88.533,0.2,3B-HHR-E.MS.MRG.3IMERG.20260905-S090000-E093000.V07C.30min.tif,0.2,0.4,1.2000000000000002,1.8,1.9000000000000001,7.8,20.4,25.999999999999996,92.0,0.2,0.2,0.2,1.6,0.0,0.6000000000000001,0.0,306.95,13.38,279.29,-0.9868839065636126,0.16143157982793477,23.139499999999998,1.24,18.5,104.364,601.6269999999998,0.37000000000000005,0
2026-09-05 10:00:00+00:00,2026-09-05,09:30:00,09:59:59,2026-09-05T10:00:00+00:00,Rangpo,27.177,88.533,0.5,3B-HHR-E.MS.MRG.3IMERG.20260905-S093000-E100000.V07C.30min.tif,0.5,0.7,1.5,2.3,2.3,7.199999999999999,20.9,26.5,91.7,0.5,0.5,0.5,1.6,0.29999999999999993,0.7,0.29999999999999993,306.95,13.38,279.29,-0.9868839065636126,0.16143157982793477,23.139499999999998,1.24,18.5,96.336,613.19675,0.925,0
2026-09-05 10:30:00+00:00,2026-09-05,10:00:00,10:29:59,2026-09-05T10:30:00+00:00,Rangpo,27.177,88.533,0.5,3B-HHR-E.MS.MRG.3IMERG.20260905-S100000-E103000.V07C.30min.tif,0.5,1.0,1.8,2.8,2.8,7.5,21.4,27.0,92.0,0.5,0.5,0.5,1.6,0.6,0.8,0.6,306.95,13.38,279.29,-0.9868839065636126,0.16143157982793477,23.139499999999998,1.24,18.5,100.35000000000001,624.7665,0.925,0
2026-09-05 11:00:00+00:00,2026-09-05,10:30:00,10:59:59,2026-09-05T11:00:00+00:00,Rangpo,27.177,88.533,0.4,3B-HHR-E.MS.MRG.3IMERG.20260905-S103000-E110000.V07C.30min.tif,0.4,0.9,2.0,3.2,3.2,7.7,21.799999999999997,27.3,92.3,0.5,0.5,0.5,1.6,0.20000000000000007,0.7999999999999998,-0.09999999999999987,306.95,13.38,279.29,-0.9868839065636126,0.16143157982793477,23.139499999999998,1.24,18.5,103.02600000000001,631.70835,0.925,0
2026-09-05 11:30:00+00:00,2026-09-05,11:00:00,11:29:59,2026-09-05T11:30:00+00:00,Rangpo,27.177,88.533,0.4,3B-HHR-E.MS.MRG.3IMERG.20260905-S110000-E113000.V07C.30min.tif,0.4,0.8,2.2,3.4,3.6,8.0,22.2,27.7,92.7,0.4,0.5,0.5,1.6,-0.19999999999999996,1.0,-0.7999999999999999,306.95,13.38,279.29,-0.9868839065636126,0.16143157982793477,23.139499999999998,1.24,18.5,107.04,640.9641499999999,0.925,0
2026-09-05 12:00:00+00:00,2026-09-05,11:30:00,11:59:59,2026-09-05T12:00:00+00:00,Rangpo,27.177,88.533,0.4,3B-HHR-E.MS.MRG.3IMERG.20260905-S113000-E120000.V07C.30min.tif,0.4,0.8,2.4,3.6,4.0,8.4,22.599999999999998,27.8,93.1,0.4,0.5,0.5,1.6,-0.09999999999999998,1.1999999999999997,-0.30000000000000004,306.95,13.38,279.29,-0.9868839065636126,0.16143157982793477,23.139499999999998,1.24,18.5,112.39200000000001,643.2781,0.925,0
2026-09-05 12:30:00+00:00,2026-09-05,12:00:00,12:29:59,2026-09-05T12:30:00+00:00,Rangpo,27.177,88.533,0.4,3B-HHR-E.MS.MRG.3IMERG.20260905-S120000-E123000.V07C.30min.tif,0.4,0.8,2.6,3.8,4.4,8.8,23.0,27.6,93.3,0.4,0.5,0.5,1.6,0.0,1.4,0.19999999999999996,306.95,13.38,279.29,-0.9868839065636126,0.16143157982793477,23.139499999999998,1.24,18.5,117.74400000000001,638.6501999999999,0.925,0
2026-09-05 13:00:00+00:00,2026-09-05,12:30:00,12:59:59,2026-09-05T13:00:00+00:00,Rangpo,27.177,88.533,0.4,3B-HHR-E.MS.MRG.3IMERG.20260905-S123000-E130000.V07C.30min.tif,0.4,0.8,2.5,4.0,4.8,9.2,23.3,27.6,93.4,0.4,0.5,0.5,1.6,0.0,1.0,0.09999999999999998,306.95,13.38,279.29,-0.9868839065636126,0.16143157982793477,23.139499999999998,1.24,18.5,123.096,638.6501999999999,0.925,0
2026-09-05 13:30:00+00:00,2026-09-05,13:00:00,13:29:59,2026-09-05T13:30:00+00:00,Rangpo,27.177,88.533,0.4,3B-HHR-E.MS.MRG.3IMERG.20260905-S130000-E133000.V07C.30min.tif,0.4,0.8,2.4000000000000004,4.2,5.2,9.6,23.599999999999998,27.9,93.8,0.4,0.4,0.5,1.6,0.0,0.6000000000000003,0.0,306.95,13.38,279.29,-0.9868839065636126,0.16143157982793477,23.139499999999998,1.24,18.5,128.448,645.59205,0.7400000000000001,0
2026-09-05 14:00:00+00:00,2026-09-05,13:30:00,13:59:59,2026-09-05T14:00:00+00:00,Rangpo,27.177,88.533,0.4,3B-HHR-E.MS.MRG.3IMERG.20260905-S133000-E140000.V07C.30min.tif,0.4,0.8,2.4000000000000004,4.4,5.6000000000000005,10.0,24.0,28.2,94.2,0.4,0.4,0.5,1.6,0.0,0.40000000000000036,0.0,306.95,13.38,279.29,-0.9868839065636126,0.16143157982793477,23.139499999999998,1.24,18.5,133.8,652.5338999999999,0.7400000000000001,0
2026-09-05 14:30:00+00:00,2026-09-05,14:00:00,14:29:59,2026-09-05T14:30:00+00:00,Rangpo,27.177,88.533,0.4,3B-HHR-E.MS.MRG.3IMERG.20260905-S140000-E143000.V07C.30min.tif,0.4,0.8,2.4000000000000004,4.6,6.0,8.8,24.4,28.6,94.6,0.4,0.4,0.5,0.9,0.0,0.20000000000000018,0.0,306.95,13.38,279.29,-0.9868839065636126,0.16143157982793477,23.139499999999998,1.24,18.5,117.74400000000001,661.7896999999999,0.7400000000000001,0
2026-09-05 15:00:00+00:00,2026-09-05,14:30:00,14:59:59,2026-09-05T15:00:00+00:00,Rangpo,27.177,88.533,0.3,3B-HHR-E.MS.MRG.3IMERG.20260905-S143000-E150000.V07C.30min.tif,0.3,0.7,2.3,4.7,6.3,8.2,24.6,28.900000000000002,94.80000000000001,0.4,0.4,0.5,0.6,-0.10000000000000009,-0.10000000000000009,-0.10000000000000009,306.95,13.38,279.29,-0.9868839065636126,0.16143157982793477,23.139499999999998,1.24,18.5,109.716,668.73155,0.7400000000000001,0
2026-09-05 15:30:00+00:00,2026-09-05,15:00:00,15:29:59,2026-09-05T15:30:00+00:00,Rangpo,27.177,88.533,0.3,3B-HHR-E.MS.MRG.3IMERG.20260905-S150000-E153000.V07C.30min.tif,0.3,0.6,2.2,4.800000000000001,6.6000000000000005,8.4,24.7,29.2,95.0,0.3,0.4,0.5,0.6,-0.20000000000000007,-0.3999999999999999,-0.20000000000000007,306.95,13.38,279.29,-0.9868839065636126,0.16143157982793477,23.139499999999998,1.24,18.5,112.39200000000001,675.6733999999999,0.7400000000000001,0
2026-09-05 16:00:00+00:00,2026-09-05,15:30:00,15:59:59,2026-09-05T16:00:00+00:00,Rangpo,27.177,88.533,0.3,3B-HHR-E.MS.MRG.3IMERG.20260905-S153000-E160000.V07C.30min.tif,0.3,0.6,2.1,4.6000000000000005,6.9,8.700000000000001,24.700000000000003,29.4,95.1,0.3,0.4,0.5,0.6,-0.09999999999999998,-0.3999999999999999,1.1102230246251565e-16,306.95,13.38,279.29,-0.9868839065636126,0.16143157982793477,23.139499999999998,1.24,18.5,116.40600000000002,680.3013,0.7400000000000001,0
2026-09-05 16:30:00+00:00,2026-09-05,16:00:00,16:29:59,2026-09-05T16:30:00+00:00,Rangpo,27.177,88.533,0.3,3B-HHR-E.MS.MRG.3IMERG.20260905-S160000-E163000.V07C.30min.tif,0.3,0.6,2.0,4.4,7.2,9.0,24.9,29.7,95.3,0.3,0.4,0.4,0.6,0.0,-0.40000000000000036,0.20000000000000007,306.95,13.38,279.29,-0.9868839065636126,0.16143157982793477,23.139499999999998,1.24,18.5,120.42,687.2431499999999,0.7400000000000001,0
2026-09-05 17:00:00+00:00,2026-09-05,16:30:00,16:59:59,2026-09-05T17:00:00+00:00,Rangpo,27.177,88.533,0.3,3B-HHR-E.MS.MRG.3IMERG.20260905-S163000-E170000.V07C.30min.tif,0.3,0.6,1.9000000000000001,4.3,7.5,9.3,25.099999999999998,30.0,95.5,0.3,0.4,0.4,0.6,0.0,-0.5000000000000002,0.09999999999999998,306.95,13.38,279.29,-0.9868839065636126,0.16143157982793477,23.139499999999998,1.24,18.5,124.43400000000001,694.185,0.7400000000000001,1
2026-09-05 17:30:00+00:00,2026-09-05,17:00:00,17:29:59,2026-09-05T17:30:00+00:00,Rangpo,27.177,88.533,0.3,3B-HHR-E.MS.MRG.3IMERG.20260905-S170000-E173000.V07C.30min.tif,0.3,0.6,1.7999999999999998,4.2,7.6,9.6,25.4,30.3,95.80000000000001,0.3,0.3,0.4,0.6,0.0,-0.6000000000000005,0.0,306.95,13.38,279.29,-0.9868839065636126,0.16143157982793477,23.139499999999998,1.24,18.5,128.448,701.12685,0.555,1
2026-09-05 18:00:00+00:00,2026-09-05,17:30:00,17:59:59,2026-09-05T18:00:00+00:00,Rangpo,27.177,88.533,0.3,3B-HHR-E.MS.MRG.3IMERG.20260905-S173000-E180000.V07C.30min.tif,0.3,0.6,1.7999999999999998,4.1000000000000005,7.7,9.9,25.7,30.599999999999998,96.10000000000001,0.3,0.3,0.4,0.6,0.0,-0.5,0.0,306.95,13.38,279.29,-0.9868839065636126,0.16143157982793477,23.139499999999998,1.24,18.5,132.46200000000002,708.0686999999999,0.555,1
2026-09-05 18:30:00+00:00,2026-09-05,18:00:00,18:29:59,2026-09-05T18:30:00+00:00,Rangpo,27.177,88.533,0.3,3B-HHR-E.MS.MRG.3IMERG.20260905-S180000-E183000.V07C.30min.tif,0.3,0.6,1.7999999999999998,4.0,7.800000000000001,10.2,25.900000000000002,30.599999999999998,96.4,0.3,0.3,0.4,0.6,0.0,-0.40000000000000036,0.0,306.95,13.38,279.29,-0.9868839065636126,0.16143157982793477,23.139499999999998,1.24,18.5,136.476,708.0686999999999,0.555,1
2026-09-05 19:00:00+00:00,2026-09-05,18:30:00,18:59:59,2026-09-05T19:00:00+00:00,Rangpo,27.177,88.533,0.0,3B-HHR-E.MS.MRG.3IMERG.20260905-S183000-E190000.V07C.30min.tif,0.0,0.3,1.5,3.5999999999999996,7.6000000000000005,10.2,25.8,30.3,96.4,0.3,0.3,0.4,0.6,-0.3,-0.6000000000000001,-0.3,306.95,13.38,279.29,-0.9868839065636126,0.16143157982793477,23.139499999999998,1.24,18.5,136.476,701.12685,0.555,0
2026-09-05 19:30:00+00:00,2026-09-05,19:00:00,19:29:59,2026-09-05T19:30:00+00:00,Rangpo,27.177,88.533,0.0,3B-HHR-E.MS.MRG.3IMERG.20260905-S190000-E193000.V07C.30min.tif,0.0,0.0,1.2,3.2,7.4,10.2,24.6,30.3,96.4,0.0,0.3,0.4,0.6,-0.6,-0.8,-0.6,306.95,13.38,279.29,-0.9868839065636126,0.16143157982793477,23.139499999999998,1.24,18.5,136.476,701.12685,0.555,0
2026-09-05 20:00:00+00:00,2026-09-05,19:30:00,19:59:59,2026-09-05T20:00:00+00:00,Rangpo,27.177,88.533,0.0,3B-HHR-E.MS.MRG.3IMERG.20260905-S193000-E200000.V07C.30min.tif,0.0,0.0,0.8999999999999999,2.8,7.2,9.600000000000001,24.6,30.3,96.4,0.0,0.3,0.4,0.6,-0.3,-1.0000000000000002,0.0,306.95,13.38,279.29,-0.9868839065636126,0.16143157982793477,23.139499999999998,1.24,18.5,128.44800000000004,701.12685,0.555,0
2026-09-05 20:30:00+00:00,2026-09-05,20:00:00,20:29:59,2026-09-05T20:30:00+00:00,Rangpo,27.177,88.533,0.0,3B-HHR-E.MS.MRG.3IMERG.20260905-S200000-E203000.V07C.30min.tif,0.0,0.0,0.6,2.3999999999999995,7.0,9.0,24.5,30.3,96.4,0.0,0.3,0.3,0.5,0.0,-1.1999999999999997,0.6,306.95,13.38,279.29,-0.9868839065636126,0.16143157982793477,23.139499999999998,1.24,18.5,120.42,701.12685,0.555,0
2026-09-05 21:00:00+00:00,2026-09-05,20:30:00,20:59:59,2026-09-05T21:00:00+00:00,Rangpo,27.177,88.533,0.0,3B-HHR-E.MS.MRG.3IMERG.20260905-S203000-E210000.V07C.30min.tif,0.0,0.0,0.3,2.0999999999999996,6.800000000000001,8.7,24.400000000000002,30.3,96.4,0.0,0.3,0.3,0.5,0.0,-1.4999999999999998,0.3,306.95,13.38,279.29,-0.9868839065636126,0.16143157982793477,23.139499999999998,1.24,18.5,116.40599999999999,701.12685,0.555,0
2026-09-05 21:30:00+00:00,2026-09-05,21:00:00,21:29:59,2026-09-05T21:30:00+00:00,Rangpo,27.177,88.533,0.0,3B-HHR-E.MS.MRG.3IMERG.20260905-S210000-E213000.V07C.30min.tif,0.0,0.0,0.0,1.8,6.6000000000000005,8.5,24.400000000000002,30.3,96.4,0.0,0.0,0.3,0.5,0.0,-1.7999999999999998,0.0,306.95,13.38,279.29,-0.9868839065636126,0.16143157982793477,23.139499999999998,1.24,18.5,113.73,701.12685,0.0,0
2026-09-05 22:00:00+00:00,2026-09-05,21:30:00,21:59:59,2026-09-05T22:00:00+00:00,Rangpo,27.177,88.533,0.0,3B-HHR-E.MS.MRG.3IMERG.20260905-S213000-E220000.V07C.30min.tif,0.0,0.0,0.0,1.5,6.1000000000000005,8.399999999999999,24.400000000000002,30.3,96.4,0.0,0.0,0.3,0.5,0.0,-1.5,0.0,306.95,13.38,279.29,-0.9868839065636126,0.16143157982793477,23.139499999999998,1.24,18.5,112.39199999999998,701.12685,0.0,0
2026-09-05 22:30:00+00:00,2026-09-05,22:00:00,22:29:59,2026-09-05T22:30:00+00:00,Rangpo,27.177,88.533,0.0,3B-HHR-E.MS.MRG.3IMERG.20260905-S220000-E223000.V07C.30min.tif,0.0,0.0,0.0,1.2,5.6000000000000005,8.399999999999999,24.400000000000002,28.8,96.4,0.0,0.0,0.3,0.5,0.0,-1.2,0.0,306.95,13.38,279.29,-0.9868839065636126,0.16143157982793477,23.139499999999998,1.24,18.5,112.39199999999998,666.4176,0.0,0
2026-09-05 23:00:00+00:00,2026-09-05,22:30:00,22:59:59,2026-09-05T23:00:00+00:00,Rangpo,27.177,88.533,0.0,3B-HHR-E.MS.MRG.3IMERG.20260905-S223000-E230000.V07C.30min.tif,0.0,0.0,0.0,0.8999999999999999,5.2,8.399999999999999,24.400000000000002,27.2,96.4,0.0,0.0,0.3,0.5,0.0,-0.8999999999999999,0.0,306.95,13.38,279.29,-0.9868839065636126,0.16143157982793477,23.139499999999998,1.24,18.5,112.39199999999998,629.3943999999999,0.0,0
2026-09-05 23:30:00+00:00,2026-09-05,23:00:00,23:29:59,2026-09-05T23:30:00+00:00,Rangpo,27.177,88.533,0.1,3B-HHR-E.MS.MRG.3IMERG.20260905-S230000-E233000.V07C.30min.tif,0.1,0.1,0.1,0.7,4.9,8.5,24.5,27.3,96.39999999999999,0.1,0.1,0.3,0.5,0.1,-0.5,0.1,306.95,13.38,279.29,-0.9868839065636126,0.16143157982793477,23.139499999999998,1.24,18.5,113.73,631.70835,0.18500000000000003,0
2026-09-06 00:00:00+00:00,2026-09-06,23:30:00,23:59:59,2026-09-06T00:00:00+00:00,Rangpo,27.177,88.533,0.1,3B-HHR-E.MS.MRG.3IMERG.20260906-S233000-E000000.V07C.30min.tif,0.1,0.2,0.2,0.5,4.6000000000000005,8.6,24.6,27.4,96.4,0.1,0.1,0.3,0.5,0.2,-0.09999999999999998,0.2,306.95,13.38,279.29,-0.9868839065636126,0.16143157982793477,23.139499999999998,1.24,18.5,115.068,634.0223,0.18500000000000003,0
2026-09-06 00:30:00+00:00,2026-09-06,00:00:00,00:29:59,2026-09-06T00:30:00+00:00,Rangpo,27.177,88.533,0.1,3B-HHR-E.MS.MRG.3IMERG.20260906-S000000-E003000.V07C.30min.tif,0.1,0.2,0.30000000000000004,0.30000000000000004,4.3,8.7,24.7,27.5,96.5,0.1,0.1,0.1,0.5,0.1,0.30000000000000004,0.0,306.95,13.38,279.29,-0.9868839065636126,0.16143157982793477,23.139499999999998,1.24,18.5,116.40599999999999,636.33625,0.18500000000000003,0
2026-09-06 01:00:00+00:00,2026-09-06,00:30:00,00:59:59,2026-09-06T01:00:00+00:00,Rangpo,27.177,88.533,0.1,3B-HHR-E.MS.MRG.3IMERG.20260906-S003000-E010000.V07C.30min.tif,0.1,0.2,0.4,0.4,4.0,8.799999999999999,24.8,27.6,96.60000000000001,0.1,0.1,0.1,0.5,0.0,0.4,-0.2,306.95,13.38,279.29,-0.9868839065636126,0.16143157982793477,23.139499999999998,1.24,18.5,117.74399999999999,638.6501999999999,0.18500000000000003,0
2026-09-06 01:30:00+00:00,2026-09-06,01:00:00,01:29:59,2026-09-06T01:30:00+00:00,Rangpo,27.177,88.533,0.1,3B-HHR-E.MS.MRG.3IMERG.20260906-S010000-E013000.V07C.30min.tif,0.1,0.2,0.5,0.5,3.7,8.9,24.900000000000002,27.7,96.7,0.1,0.1,0.1,0.5,0.0,0.5,-0.1,306.95,13.38,279.29,-0.9868839065636126,0.16143157982793477,23.139499999999998,1.24,18.5,119.08200000000001,640.9641499999999,0.18500000000000003,0
2026-09-06 02:00:00+00:00,2026-09-06,01:30:00,01:59:59,2026-09-06T02:00:00+00:00,Rangpo,27.177,88.533,0.1,3B-HHR-E.MS.MRG.3IMERG.20260906-S013000-E020000.V07C.30min.tif,0.1,0.2,0.6000000000000001,0.6000000000000001,3.4,9.0,25.0,27.8,96.8,0.1,0.1,0.1,0.5,0.0,0.6000000000000001,0.0,306.95,13.38,279.29,-0.9868839065636126,0.16143157982793477,23.139499999999998,1.24,18.5,120.42,643.2781,0.18500000000000003,1
2026-09-06 02:30:00+00:00,2026-09-06,02:00:00,02:29:59,2026-09-06T02:30:00+00:00,Rangpo,27.177,88.533,0.1,3B-HHR-E.MS.MRG.3IMERG.20260906-S020000-E023000.V07C.30min.tif,0.1,0.2,0.6000000000000001,0.7000000000000001,3.1,9.1,25.1,27.9,96.9,0.1,0.1,0.1,0.5,0.0,0.5000000000000001,0.0,306.95,13.38,279.29,-0.9868839065636126,0.16143157982793477,23.139499999999998,1.24,18.5,121.758,645.59205,0.18500000000000003,1
2026-09-06 03:00:00+00:00,2026-09-06,02:30:00,02:59:59,2026-09-06T03:00:00+00:00,Rangpo,27.177,88.533,0.1,3B-HHR-E.MS.MRG.3IMERG.20260906-S023000-E030000.V07C.30min.tif,0.1,0.2,0.6000000000000001,0.8,2.9,9.2,25.2,28.0,97.0,0.1,0.1,0.1,0.5,0.0,0.4000000000000001,0.0,306.95,13.38,279.29,-0.9868839065636126,0.16143157982793477,23.139499999999998,1.24,18.5,123.096,647.906,0.18500000000000003,1
2026-09-06 03:30:00+00:00,2026-09-06,03:00:00,03:29:59,2026-09-06T03:30:00+00:00,Rangpo,27.177,88.533,0.2,3B-HHR-E.MS.MRG.3IMERG.20260906-S030000-E033000.V07C.30min.tif,0.2,0.30000000000000004,0.7,1.0,2.8000000000000003,9.4,25.400000000000002,28.099999999999998,97.2,0.2,0.2,0.2,0.5,0.10000000000000003,0.3999999999999999,0.10000000000000003,306.95,13.38,279.29,-0.9868839065636126,0.16143157982793477,23.139499999999998,1.24,18.5,125.772,650.2199499999999,0.37000000000000005,1
2026-09-06 04:00:00+00:00,2026-09-06,03:30:00,03:59:59,2026-09-06T04:00:00+00:00,Rangpo,27.177,88.533,0.2,3B-HHR-E.MS.MRG.3IMERG.20260906-S033000-E040000.V07C.30min.tif,0.2,0.4,0.8,1.2000000000000002,2.6999999999999997,9.6,25.6,28.2,97.4,0.2,0.2,0.2,0.5,0.2,0.4,0.2,306.95,13.38,279.29,-0.9868839065636126,0.16143157982793477,23.139499999999998,1.24,18.5,128.448,652.5338999999999,0.37000000000000005,1
2026-09-06 04:30:00+00:00,2026-09-06,04:00:00,04:29:59,2026-09-06T04:30:00+00:00,Rangpo,27.177,88.533,0.2,3B-HHR-E.MS.MRG.3IMERG.20260906-S040000-E043000.V07C.30min.tif,0.2,0.4,0.9000000000000001,1.4000000000000001,2.6,9.799999999999999,25.8,28.400000000000002,97.60000000000001,0.2,0.2,0.2,0.5,0.09999999999999998,0.40000000000000013,-5.551115123125783e-17,306.95,13.38,279.29,-0.9868839065636126,0.16143157982793477,23.139499999999998,1.24,18.5,131.124,657.1618,0.37000000000000005,0
2026-09-06 05:00:00+00:00,2026-09-06,04:30:00,04:59:59,2026-09-06T05:00:00+00:00,Rangpo,27.177,88.533,0.2,3B-HHR-E.MS.MRG.3IMERG.20260906-S043000-E050000.V07C.30min.tif,0.2,0.4,1.0,1.6,2.5,10.0,26.0,28.6,97.8,0.2,0.2,0.2,0.5,0.0,0.3999999999999999,-0.2,306.95,13.38,279.29,-0.9868839065636126,0.16143157982793477,23.139499999999998,1.24,18.5,133.8,661.7896999999999,0.37000000000000005,0
2026-09-06 05:30:00+00:00,2026-09-06,05:00:00,05:29:59,2026-09-06T05:30:00+00:00,Rangpo,27.177,88.533,0.2,3B-HHR-E.MS.MRG.3IMERG.20260906-S050000-E053000.V07C.30min.tif,0.2,0.4,1.1,1.7,2.4,10.0,26.2,28.8,98.0,0.2,0.2,0.2,0.5,0.0,0.5,-0.09999999999999998,306.95,13.38,279.29,-0.9868839065636126,0.16143157982793477,23.139499999999998,1.24,18.5,133.8,666.4176,0.37000000000000005,0
2026-09-06 06:00:00+00:00,2026-09-06,05:30:00,05:59:59,2026-09-06T06:00:00+00:00,Rangpo,27.177,88.533,0.2,3B-HHR-E.MS.MRG.3IMERG.20260906-S053000-E060000.V07C.30min.tif,0.2,0.4,1.2000000000000002,1.8000000000000003,2.3000000000000003,10.000000000000002,26.400000000000002,29.0,98.2,0.2,0.2,0.2,0.5,0.0,0.6000000000000001,0.0,306.95,13.38,279.29,-0.9868839065636126,0.16143157982793477,23.139499999999998,1.24,18.5,133.80000000000004,671.0455,0.37000000000000005,1
2026-09-06 06:30:00+00:00,2026-09-06,06:00:00,06:29:59,2026-09-06T06:30:00+00:00,Rangpo,27.177,88.533,0.2,3B-HHR-E.MS.MRG.3IMERG.20260906-S060000-E063000.V07C.30min.tif,0.2,0.4,1.2000000000000002,1.9000000000000001,2.1999999999999997,10.0,26.6,29.2,98.4,0.2,0.2,0.2,0.5,0.0,0.5000000000000002,0.0,306.95,13.38,279.29,-0.9868839065636126,0.16143157982793477,23.139499999999998,1.24,18.5,133.8,675.6733999999999,0.37000000000000005,1
2026-09-06 07:00:00+00:00,2026-09-06,06:30:00,06:59:59,2026-09-06T07:00:00+00:00,Rangpo,27.177,88.533,0.2,3B-HHR-E.MS.MRG.3IMERG.20260906-S063000-E070000.V07C.30min.tif,0.2,0.4,1.2000000000000002,2.0,2.4000000000000004,10.0,26.6,29.400000000000002,98.4,0.2,0.2,0.2,0.5,0.0,0.40000000000000013,0.0,306.95,13.38,279.29,-0.9868839065636126,0.16143157982793477,23.139499999999998,1.24,18.5,133.8,680.3013,0.37000000000000005,1
2026-09-06 07:30:00+00:00,2026-09-06,07:00:00,07:29:59,2026-09-06T07:30:00+00:00,Rangpo,27.177,88.533,0.2,3B-HHR-E.MS.MRG.3IMERG.20260906-S070000-E073000.V07C.30min.tif,0.2,0.4,1.2000000000000002,2.1,2.6000000000000005,10.0,25.4,29.6,98.3,0.2,0.2,0.2,0.5,0.0,0.30000000000000004,0.0,306.95,13.38,279.29,-0.9868839065636126,0.16143157982793477,23.139499999999998,1.24,18.5,133.8,684.9291999999999,0.37000000000000005,1
2026-09-06 08:00:00+00:00,2026-09-06,07:30:00,07:59:59,2026-09-06T08:00:00+00:00,Rangpo,27.177,88.533,0.2,3B-HHR-E.MS.MRG.3IMERG.20260906-S073000-E080000.V07C.30min.tif,0.2,0.4,1.2000000000000002,2.2,2.8000000000000003,10.0,22.8,29.8,98.2,0.2,0.2,0.2,0.5,0.0,0.20000000000000018,0.0,306.95,13.38,279.29,-0.9868839065636126,0.16143157982793477,23.139499999999998,1.24,18.5,133.8,689.5571,0.37000000000000005,0
2026-09-06 08:30:00+00:00,2026-09-06,08:00:00,08:29:59,2026-09-06T08:30:00+00:00,Rangpo,27.177,88.533,0.2,3B-HHR-E.MS.MRG.3IMERG.20260906-S080000-E083000.V07C.30min.tif,0.2,0.4,1.2000000000000002,2.3,3.0,10.000000000000002,20.3,30.0,98.2,0.2,0.2,0.2,0.5,0.0,0.10000000000000009,0.0,306.95,13.38,279.29,-0.9868839065636126,0.16143157982793477,23.139499999999998,1.24,18.5,133.80000000000004,694.185,0.37000000000000005,0
2026-09-06 09:00:00+00:00,2026-09-06,08:30:00,08:59:59,2026-09-06T09:00:00+00:00,Rangpo,27.177,88.533,0.2,3B-HHR-E.MS.MRG.3IMERG.20260906-S083000-E090000.V07C.30min.tif,0.2,0.4,1.2000000000000002,2.4000000000000004,3.2,10.0,18.5,30.2,98.3,0.2,0.2,0.2,0.5,0.0,0.0,0.0,306.95,13.38,279.29,-0.9868839065636126,0.16143157982793477,23.139499999999998,1.24,18.5,133.8,698.8128999999999,0.37000000000000005,0
2026-09-06 09:30:00+00:00,2026-09-06,09:00:00,09:29:59,2026-09-06T09:30:00+00:00,Rangpo,27.177,88.533,0.2,3B-HHR-E.MS.MRG.3IMERG.20260906-S090000-E093000.V07C.30min.tif,0.2,0.4,1.2000000000000002,2.4000000000000004,3.4,10.0,17.8,30.400000000000002,98.2,0.2,0.2,0.2,0.5,0.0,0.0,0.0,306.95,13.38,279.29,-0.9868839065636126,0.16143157982793477,23.139499999999998,1.24,18.5,133.8,703.4408,0.37000000000000005,0
2026-09-06 10:00:00+00:00,2026-09-06,09:30:00,09:59:59,2026-09-06T10:00:00+00:00,Rangpo,27.177,88.533,0.5,3B-HHR-E.MS.MRG.3IMERG.20260906-S093000-E100000.V07C.30min.tif,0.5,0.7,1.5,2.7,3.9000000000000004,10.0,17.2,30.900000000000002,96.10000000000001,0.5,0.5,0.5,0.5,0.29999999999999993,0.2999999999999998,0.29999999999999993,306.95,13.38,279.29,-0.9868839065636126,0.16143157982793477,23.139499999999998,1.24,18.5,133.8,715.01055,0.925,0
2026-09-06 10:30:00+00:00,2026-09-06,10:00:00,10:29:59,2026-09-06T10:30:00+00:00,Rangpo,27.177,88.533,0.5,3B-HHR-E.MS.MRG.3IMERG.20260906-S100000-E103000.V07C.30min.tif,0.5,1.0,1.8,3.0000000000000004,4.4,10.0,17.5,31.400000000000002,93.7,0.5,0.5,0.5,0.5,0.6,0.5999999999999999,0.6,306.95,13.38,279.29,-0.9868839065636126,0.16143157982793477,23.139499999999998,1.24,18.5,133.8,726.5803,0.925,0
2026-09-06 11:00:00+00:00,2026-09-06,10:30:00,10:59:59,2026-09-06T11:00:00+00:00,Rangpo,27.177,88.533,0.5,3B-HHR-E.MS.MRG.3IMERG.20260906-S103000-E110000.V07C.30min.tif,0.5,1.0,2.1,3.3000000000000003,4.9,10.1,17.8,31.900000000000002,92.2,0.5,0.5,0.5,0.5,0.30000000000000004,0.8999999999999999,1.1102230246251565e-16,306.95,13.38,279.29,-0.9868839065636126,0.16143157982793477,23.139499999999998,1.24,18.5,135.138,738.15005,0.925,0
2026-09-06 11:30:00+00:00,2026-09-06,11:00:00,11:29:59,2026-09-06T11:30:00+00:00,Rangpo,27.177,88.533,0.5,3B-HHR-E.MS.MRG.3IMERG.20260906-S110000-E113000.V07C.30min.tif,0.5,1.0,2.4,3.6,5.3,10.2,18.2,32.4,90.5,0.5,0.5,0.5,0.5,0.0,1.1999999999999997,-0.6,306.95,13.38,279.29,-0.9868839065636126,0.16143157982793477,23.139499999999998,1.24,18.5,136.476,749.7198,0.925,0
2026-09-06 12:00:00+00:00,2026-09-06,11:30:00,11:59:59,2026-09-06T12:00:00+00:00,Rangpo,27.177,88.533,0.4,3B-HHR-E.MS.MRG.3IMERG.20260906-S113000-E120000.V07C.30min.tif,0.4,0.9,2.6,3.8000000000000003,5.6000000000000005,10.2,18.599999999999998,32.8,90.7,0.5,0.5,0.5,0.5,-0.09999999999999998,1.4,-0.4,306.95,13.38,279.29,-0.9868839065636126,0.16143157982793477,23.139499999999998,1.24,18.5,136.476,758.9755999999999,0.925,0
2026-09-06 12:30:00+00:00,2026-09-06,12:00:00,12:29:59,2026-09-06T12:30:00+00:00,Rangpo,27.177,88.533,0.4,3B-HHR-E.MS.MRG.3IMERG.20260906-S120000-E123000.V07C.30min.tif,0.4,0.8,2.8000000000000003,4.0,5.9,10.200000000000001,19.0,33.2,91.10000000000001,0.4,0.5,0.5,0.5,-0.19999999999999996,1.6,-0.19999999999999996,306.95,13.38,279.29,-0.9868839065636126,0.16143157982793477,23.139499999999998,1.24,18.5,136.47600000000003,768.2314,0.925,0
2026-09-06 13:00:00+00:00,2026-09-06,12:30:00,12:59:59,2026-09-06T13:00:00+00:00,Rangpo,27.177,88.533,0.4,3B-HHR-E.MS.MRG.3IMERG.20260906-S123000-E130000.V07C.30min.tif,0.4,0.8,2.6999999999999997,4.2,6.2,10.200000000000001,19.4,33.5,91.5,0.4,0.5,0.5,0.5,-0.09999999999999998,1.1999999999999997,0.0,306.95,13.38,279.29,-0.9868839065636126,0.16143157982793477,23.139499999999998,1.24,18.5,136.47600000000003,775.1732499999999,0.925,0
2026-09-06 13:30:00+00:00,2026-09-06,13:00:00,13:29:59,2026-09-06T13:30:00+00:00,Rangpo,27.177,88.533,0.4,3B-HHR-E.MS.MRG.3IMERG.20260906-S130000-E133000.V07C.30min.tif,0.4,0.8,2.6,4.3999999999999995,6.5,10.200000000000001,19.8,33.8,91.9,0.4,0.5,0.5,0.5,0.0,0.8,0.19999999999999996,306.95,13.38,279.29,-0.9868839065636126,0.16143157982793477,23.139499999999998,1.24,18.5,136.47600000000003,782.1150999999999,0.925,0
2026-09-06 14:00:00+00:00,2026-09-06,13:30:00,13:59:59,2026-09-06T14:00:00+00:00,Rangpo,27.177,88.533,0.4,3B-HHR-E.MS.MRG.3IMERG.20260906-S133000-E140000.V07C.30min.tif,0.4,0.8,2.5,4.6000000000000005,6.8,10.2,20.2,34.199999999999996,92.30000000000001,0.4,0.5,0.5,0.5,0.0,0.3999999999999999,0.09999999999999998,306.95,13.38,279.29,-0.9868839065636126,0.16143157982793477,23.139499999999998,1.24,18.5,136.476,791.3708999999999,0.925,0
2026-09-06 14:30:00+00:00,2026-09-06,14:00:00,14:29:59,2026-09-06T14:30:00+00:00,Rangpo,27.177,88.533,0.4,3B-HHR-E.MS.MRG.3IMERG.20260906-S140000-E143000.V07C.30min.tif,0.4,0.8,2.4000000000000004,4.800000000000001,7.1000000000000005,10.2,19.0,34.6,92.7,0.4,0.4,0.5,0.5,0.0,4.440892098500626e-16,0.0,306.95,13.38,279.29,-0.9868839065636126,0.16143157982793477,23.139499999999998,1.24,18.5,136.476,800.6266999999999,0.7400000000000001,0
2026-09-06 15:00:00+00:00,2026-09-06,14:30:00,14:59:59,2026-09-06T15:00:00+00:00,Rangpo,27.177,88.533,0.4,3B-HHR-E.MS.MRG.3IMERG.20260906-S143000-E150000.V07C.30min.tif,0.4,0.8,2.4000000000000004,5.0,7.3999999999999995,10.3,18.5,34.900000000000006,93.10000000000001,0.4,0.4,0.5,0.5,0.0,-0.19999999999999973,0.0,306.95,13.38,279.29,-0.9868839065636126,0.16143157982793477,23.139499999999998,1.24,18.5,137.81400000000002,807.5685500000001,0.7400000000000001,0
2026-09-06 15:30:00+00:00,2026-09-06,15:00:00,15:29:59,2026-09-06T15:30:00+00:00,Rangpo,27.177,88.533,0.4,3B-HHR-E.MS.MRG.3IMERG.20260906-S150000-E153000.V07C.30min.tif,0.4,0.8,2.4000000000000004,5.2,7.6000000000000005,10.4,18.8,35.1,93.5,0.4,0.4,0.5,0.5,0.0,-0.3999999999999999,0.0,306.95,13.38,279.29,-0.9868839065636126,0.16143157982793477,23.139499999999998,1.24,18.5,139.15200000000002,812.1964499999999,0.7400000000000001,0
2026-09-06 16:00:00+00:00,2026-09-06,15:30:00,15:59:59,2026-09-06T16:00:00+00:00,Rangpo,27.177,88.533,0.3,3B-HHR-E.MS.MRG.3IMERG.20260906-S153000-E160000.V07C.30min.tif,0.3,0.7,2.3000000000000003,5.0,7.7,10.399999999999999,19.1,35.1,93.80000000000001,0.4,0.4,0.5,0.5,-0.10000000000000009,-0.39999999999999947,-0.10000000000000009,306.95,13.38,279.29,-0.9868839065636126,0.16143157982793477,23.139499999999998,1.24,18.5,139.152,812.1964499999999,0.7400000000000001,0
2026-09-06 16:30:00+00:00,2026-09-06,16:00:00,16:29:59,2026-09-06T16:30:00+00:00,Rangpo,27.177,88.533,0.3,3B-HHR-E.MS.MRG.3IMERG.20260906-S160000-E163000.V07C.30min.tif,0.3,0.6,2.2,4.8,7.8,10.4,19.400000000000002,35.300000000000004,94.10000000000001,0.3,0.4,0.5,0.5,-0.20000000000000007,-0.3999999999999999,-0.20000000000000007,306.95,13.38,279.29,-0.9868839065636126,0.16143157982793477,23.139499999999998,1.24,18.5,139.15200000000002,816.82435,0.7400000000000001,0
2026-09-06 17:00:00+00:00,2026-09-06,16:30:00,16:59:59,2026-09-06T17:00:00+00:00,Rangpo,27.177,88.533,0.3,3B-HHR-E.MS.MRG.3IMERG.20260906-S163000-E170000.V07C.30min.tif,0.3,0.6,2.1,4.6,7.9,10.4,19.700000000000003,35.5,94.3,0.3,0.4,0.5,0.5,-0.09999999999999998,-0.3999999999999999,1.1102230246251565e-16,306.95,13.38,279.29,-0.9868839065636126,0.16143157982793477,23.139499999999998,1.24,18.5,139.15200000000002,821.4522499999999,0.7400000000000001,0
2026-09-06 17:30:00+00:00,2026-09-06,17:00:00,17:29:59,2026-09-06T17:30:00+00:00,Rangpo,27.177,88.533,0.3,3B-HHR-E.MS.MRG.3IMERG.20260906-S170000-E173000.V07C.30min.tif,0.3,0.6,2.0,4.4,8.0,10.4,20.0,35.800000000000004,94.5,0.3,0.4,0.4,0.5,0.0,-0.40000000000000036,0.20000000000000007,306.95,13.38,279.29,-0.9868839065636126,0.16143157982793477,23.139499999999998,1.24,18.5,139.15200000000002,828.3941,0.7400000000000001,0
2026-09-06 18:00:00+00:00,2026-09-06,17:30:00,17:59:59,2026-09-06T18:00:00+00:00,Rangpo,27.177,88.533,0.3,3B-HHR-E.MS.MRG.3IMERG.20260906-S173000-E180000.V07C.30min.tif,0.3,0.6,1.9,4.300000000000001,8.1,10.4,20.3,36.1,94.69999999999999,0.3,0.4,0.4,0.5,0.0,-0.5000000000000004,0.09999999999999998,306.95,13.38,279.29,-0.9868839065636126,0.16143157982793477,23.139499999999998,1.24,18.5,139.15200000000002,835.3359499999999,0.7400000000000001,0
2026-09-06 18:30:00+00:00,2026-09-06,18:00:00,18:29:59,2026-09-06T18:30:00+00:00,Rangpo,27.177,88.533,0.3,3B-HHR-E.MS.MRG.3IMERG.20260906-S180000-E183000.V07C.30min.tif,0.3,0.6,1.7999999999999998,4.2,8.200000000000001,10.4,20.6,36.3,94.0,0.3,0.3,0.4,0.5,0.0,-0.6000000000000005,0.0,306.95,13.38,279.29,-0.9868839065636126,0.16143157982793477,23.139499999999998,1.24,18.5,139.15200000000002,839.9638499999999,0.555,0
2026-09-06 19:00:00+00:00,2026-09-06,18:30:00,18:59:59,2026-09-06T19:00:00+00:00,Rangpo,27.177,88.533,0.0,3B-HHR-E.MS.MRG.3IMERG.20260906-S183000-E190000.V07C.30min.tif,0.0,0.3,1.4999999999999998,3.8000000000000003,7.999999999999999,10.399999999999999,20.6,36.199999999999996,92.9,0.3,0.3,0.4,0.5,-0.3,-0.8000000000000005,-0.3,306.95,13.38,279.29,-0.9868839065636126,0.16143157982793477,23.139499999999998,1.24,18.5,139.152,837.6498999999999,0.555,0
2026-09-06 19:30:00+00:00,2026-09-06,19:00:00,19:29:59,2026-09-06T19:30:00+00:00,Rangpo,27.177,88.533,0.0,3B-HHR-E.MS.MRG.3IMERG.20260906-S190000-E193000.V07C.30min.tif,0.0,0.0,1.1999999999999997,3.4,7.8,10.399999999999999,20.6,35.0,87.4,0.0,0.3,0.4,0.5,-0.6,-1.0000000000000004,-0.6,306.95,13.38,279.29,-0.9868839065636126,0.16143157982793477,23.139499999999998,1.24,18.5,139.152,809.8824999999999,0.555,0
2026-09-06 20:00:00+00:00,2026-09-06,19:30:00,19:59:59,2026-09-06T20:00:00+00:00,Rangpo,27.177,88.533,0.0,3B-HHR-E.MS.MRG.3IMERG.20260906-S193000-E200000.V07C.30min.tif,0.0,0.0,0.8999999999999999,3.0,7.6,10.399999999999999,20.0,35.0,87.30000000000001,0.0,0.3,0.4,0.5,-0.3,-1.2000000000000002,0.0,306.95,13.38,279.29,-0.9868839065636126,0.16143157982793477,23.139499999999998,1.24,18.5,139.152,809.8824999999999,0.555,0
2026-09-06 20:30:00+00:00,2026-09-06,20:00:00,20:29:59,2026-09-06T20:30:00+00:00,Rangpo,27.177,88.533,0.0,3B-HHR-E.MS.MRG.3IMERG.20260906-S200000-E203000.V07C.30min.tif,0.0,0.0,0.5999999999999999,2.6,7.4,10.399999999999999,19.4,34.9,87.2,0.0,0.3,0.4,0.5,0.0,-1.4000000000000001,0.6,306.95,13.38,279.29,-0.9868839065636126,0.16143157982793477,23.139499999999998,1.24,18.5,139.152,807.56855,0.555,0
2026-09-06 21:00:00+00:00,2026-09-06,20:30:00,20:59:59,2026-09-06T21:00:00+00:00,Rangpo,27.177,88.533,0.0,3B-HHR-E.MS.MRG.3IMERG.20260906-S203000-E210000.V07C.30min.tif,0.0,0.0,0.29999999999999993,2.2,7.2,10.399999999999999,19.1,34.8,87.10000000000001,0.0,0.3,0.4,0.5,0.0,-1.6,0.3,306.95,13.38,279.29,-0.9868839065636126,0.16143157982793477,23.139499999999998,1.24,18.5,139.152,805.2545999999999,0.555,0
2026-09-06 21:30:00+00:00,2026-09-06,21:00:00,21:29:59,2026-09-06T21:30:00+00:00,Rangpo,27.177,88.533,0.0,3B-HHR-E.MS.MRG.3IMERG.20260906-S210000-E213000.V07C.30min.tif,0.0,0.0,0.0,1.8,7.0,10.399999999999999,18.9,34.8,86.60000000000001,0.0,0.0,0.3,0.5,0.0,-1.7999999999999998,0.0,306.95,13.38,279.29,-0.9868839065636126,0.16143157982793477,23.139499999999998,1.24,18.5,139.152,805.2545999999999,0.0,0
2026-09-06 22:00:00+00:00,2026-09-06,21:30:00,21:59:59,2026-09-06T22:00:00+00:00,Rangpo,27.177,88.533,0.0,3B-HHR-E.MS.MRG.3IMERG.20260906-S213000-E220000.V07C.30min.tif,0.0,0.0,0.0,1.5,6.5,10.399999999999999,18.8,34.8,86.10000000000001,0.0,0.0,0.3,0.5,0.0,-1.4999999999999998,0.0,306.95,13.38,279.29,-0.9868839065636126,0.16143157982793477,23.139499999999998,1.24,18.5,139.152,805.2545999999999,0.0,0
2026-09-06 22:30:00+00:00,2026-09-06,22:00:00,22:29:59,2026-09-06T22:30:00+00:00,Rangpo,27.177,88.533,0.0,3B-HHR-E.MS.MRG.3IMERG.20260906-S220000-E223000.V07C.30min.tif,0.0,0.0,0.0,1.2,6.0,10.399999999999999,18.8,34.8,86.0,0.0,0.0,0.3,0.5,0.0,-1.1999999999999997,0.0,306.95,13.38,279.29,-0.9868839065636126,0.16143157982793477,23.139499999999998,1.24,18.5,139.152,805.2545999999999,0.0,0
2026-09-06 23:00:00+00:00,2026-09-06,22:30:00,22:59:59,2026-09-06T23:00:00+00:00,Rangpo,27.177,88.533,0.0,3B-HHR-E.MS.MRG.3IMERG.20260906-S223000-E230000.V07C.30min.tif,0.0,0.0,0.0,0.8999999999999999,5.5,10.399999999999999,18.8,34.8,85.9,0.0,0.0,0.3,0.5,0.0,-0.8999999999999999,0.0,306.95,13.38,279.29,-0.9868839065636126,0.16143157982793477,23.139499999999998,1.24,18.5,139.152,805.2545999999999,0.0,0
2026-09-06 23:30:00+00:00,2026-09-06,23:00:00,23:29:59,2026-09-06T23:30:00+00:00,Rangpo,27.177,88.533,0.0,3B-HHR-E.MS.MRG.3IMERG.20260906-S230000-E233000.V07C.30min.tif,0.0,0.0,0.0,0.5999999999999999,5.0,10.299999999999999,18.8,34.8,85.9,0.0,0.0,0.3,0.5,0.0,-0.5999999999999999,0.0,306.95,13.38,279.29,-0.9868839065636126,0.16143157982793477,23.139499999999998,1.24,18.5,137.814,805.2545999999999,0.0,0
2026-09-07 00:00:00+00:00,2026-09-07,23:30:00,23:59:59,2026-09-07T00:00:00+00:00,Rangpo,27.177,88.533,0.0,3B-HHR-E.MS.MRG.3IMERG.20260907-S233000-E000000.V07C.30min.tif,0.0,0.0,0.0,0.3,4.6,10.2,18.8,34.8,85.9,0.0,0.0,0.3,0.5,0.0,-0.29999999999999993,0.0,306.95,13.38,279.29,-0.9868839065636126,0.16143157982793477,23.139499999999998,1.24,18.5,136.476,805.2545999999999,0.0,0
2026-09-07 00:30:00+00:00,2026-09-07,00:00:00,00:29:59,2026-09-07T00:30:00+00:00,Rangpo,27.177,88.533,0.1,3B-HHR-E.MS.MRG.3IMERG.20260907-S000000-E003000.V07C.30min.tif,0.1,0.1,0.09999999999999995,0.1,4.300000000000001,10.200000000000001,18.900000000000002,34.9,86.0,0.1,0.1,0.1,0.5,0.1,0.09999999999999995,0.1,306.95,13.38,279.29,-0.9868839065636126,0.16143157982793477,23.139499999999998,1.24,18.5,136.47600000000003,807.56855,0.18500000000000003,0
2026-09-07 01:00:00+00:00,2026-09-07,00:30:00,00:59:59,2026-09-07T01:00:00+00:00,Rangpo,27.177,88.533,0.1,3B-HHR-E.MS.MRG.3IMERG.20260907-S003000-E010000.V07C.30min.tif,0.1,0.2,0.19999999999999996,0.2,4.0,10.200000000000001,19.0,35.0,86.1,0.1,0.1,0.1,0.5,0.2,0.19999999999999996,0.2,306.95,13.38,279.29,-0.9868839065636126,0.16143157982793477,23.139499999999998,1.24,18.5,136.47600000000003,809.8824999999999,0.18500000000000003,0
2026-09-07 01:30:00+00:00,2026-09-07,01:00:00,01:29:59,2026-09-07T01:30:00+00:00,Rangpo,27.177,88.533,0.1,3B-HHR-E.MS.MRG.3IMERG.20260907-S010000-E013000.V07C.30min.tif,0.1,0.2,0.29999999999999993,0.30000000000000004,3.7,10.2,19.1,35.1,84.60000000000001,0.1,0.1,0.1,0.5,0.1,0.29999999999999993,0.0,306.95,13.38,279.29,-0.9868839065636126,0.16143157982793477,23.139499999999998,1.24,18.5,136.476,812.1964499999999,0.18500000000000003,0
2026-09-07 02:00:00+00:00,2026-09-07,01:30:00,01:59:59,2026-09-07T02:00:00+00:00,Rangpo,27.177,88.533,0.1,3B-HHR-E.MS.MRG.3IMERG.20260907-S013000-E020000.V07C.30min.tif,0.1,0.2,0.39999999999999997,0.4,3.4000000000000004,10.2,19.200000000000003,35.2,83.1,0.1,0.1,0.1,0.5,0.0,0.39999999999999997,-0.2,306.95,13.38,279.29,-0.9868839065636126,0.16143157982793477,23.139499999999998,1.24,18.5,136.476,814.5104,0.18500000000000003,0
2026-09-07 02:30:00+00:00,2026-09-07,02:00:00,02:29:59,2026-09-07T02:30:00+00:00,Rangpo,27.177,88.533,0.1,3B-HHR-E.MS.MRG.3IMERG.20260907-S020000-E023000.V07C.30min.tif,0.1,0.2,0.5,0.5,3.0999999999999996,10.2,19.3,35.3,82.2,0.1,0.1,0.1,0.5,0.0,0.5,-0.1,306.95,13.38,279.29,-0.9868839065636126,0.16143157982793477,23.139499999999998,1.24,18.5,136.476,816.8243499999999,0.18500000000000003,0
2026-09-07 03:00:00+00:00,2026-09-07,02:30:00,02:59:59,2026-09-07T03:00:00+00:00,Rangpo,27.177,88.533,0.1,3B-HHR-E.MS.MRG.3IMERG.20260907-S023000-E030000.V07C.30min.tif,0.1,0.2,0.6000000000000001,0.6000000000000001,2.8,10.200000000000001,19.400000000000002,35.4,82.2,0.1,0.1,0.1,0.5,0.0,0.6000000000000001,0.0,306.95,13.38,279.29,-0.9868839065636126,0.16143157982793477,23.139499999999998,1.24,18.5,136.47600000000003,819.1383,0.18500000000000003,0
2026-09-07 03:30:00+00:00,2026-09-07,03:00:00,03:29:59,2026-09-07T03:30:00+00:00,Rangpo,27.177,88.533,0.1,3B-HHR-E.MS.MRG.3IMERG.20260907-S030000-E033000.V07C.30min.tif,0.1,0.2,0.6000000000000001,0.7000000000000001,2.5,10.1,19.5,35.5,82.19999999999999,0.1,0.1,0.1,0.5,0.0,0.5000000000000001,0.0,306.95,13.38,279.29,-0.9868839065636126,0.16143157982793477,23.139499999999998,1.24,18.5,135.138,821.4522499999999,0.18500000000000003,0
2026-09-07 04:00:00+00:00,2026-09-07,03:30:00,03:59:59,2026-09-07T04:00:00+00:00,Rangpo,27.177,88.533,0.1,3B-HHR-E.MS.MRG.3IMERG.20260907-S033000-E040000.V07C.30min.tif,0.1,0.2,0.6000000000000001,0.8,2.3000000000000003,10.0,19.6,35.6,82.2,0.1,0.1,0.1,0.5,0.0,0.40000000000000013,0.0,306.95,13.38,279.29,-0.9868839065636126,0.16143157982793477,23.139499999999998,1.24,18.5,133.8,823.7661999999999,0.18500000000000003,0
2026-09-07 04:30:00+00:00,2026-09-07,04:00:00,04:29:59,2026-09-07T04:30:00+00:00,Rangpo,27.177,88.533,0.2,3B-HHR-E.MS.MRG.3IMERG.20260907-S040000-E043000.V07C.30min.tif,0.2,0.30000000000000004,0.7,1.0,2.1999999999999997,10.0,19.8,35.8,82.4,0.2,0.2,0.2,0.5,0.10000000000000003,0.4,0.10000000000000003,306.95,13.38,279.29,-0.9868839065636126,0.16143157982793477,23.139499999999998,1.24,18.5,133.8,828.3940999999999,0.37000000000000005,0
2026-09-07 05:00:00+00:00,2026-09-07,04:30:00,04:59:59,2026-09-07T05:00:00+00:00,Rangpo,27.177,88.533,0.2,3B-HHR-E.MS.MRG.3IMERG.20260907-S043000-E050000.V07C.30min.tif,0.2,0.4,0.7999999999999999,1.2000000000000002,2.1,10.0,20.0,36.0,82.6,0.2,0.2,0.2,0.5,0.2,0.39999999999999997,0.2,306.95,13.38,279.29,-0.9868839065636126,0.16143157982793477,23.139499999999998,1.24,18.5,133.8,833.0219999999999,0.37000000000000005,0
2026-09-07 05:30:00+00:00,2026-09-07,05:00:00,05:29:59,2026-09-07T05:30:00+00:00,Rangpo,27.177,88.533,0.2,3B-HHR-E.MS.MRG.3IMERG.20260907-S050000-E053000.V07C.30min.tif,0.2,0.4,0.8999999999999999,1.4000000000000001,2.0,10.0,20.000000000000004,36.2,82.8,0.2,0.2,0.2,0.5,0.09999999999999998,0.3999999999999999,-5.551115123125783e-17,306.95,13.38,279.29,-0.9868839065636126,0.16143157982793477,23.139499999999998,1.24,18.5,133.8,837.6499,0.37000000000000005,0
2026-09-07 06:00:00+00:00,2026-09-07,05:30:00,05:59:59,2026-09-07T06:00:00+00:00,Rangpo,27.177,88.533,0.2,3B-HHR-E.MS.MRG.3IMERG.20260907-S053000-E060000.V07C.30min.tif,0.2,0.4,1.0,1.6,1.9,10.0,20.0,36.4,83.0,0.2,0.2,0.2,0.5,0.0,0.3999999999999999,-0.2,306.95,13.38,279.29,-0.9868839065636126,0.16143157982793477,23.139499999999998,1.24,18.5,133.8,842.2778,0.37000000000000005,0
2026-09-07 06:30:00+00:00,2026-09-07,06:00:00,06:29:59,2026-09-07T06:30:00+00:00,Rangpo,27.177,88.533,0.2,3B-HHR-E.MS.MRG.3IMERG.20260907-S060000-E063000.V07C.30min.tif,0.2,0.4,1.1,1.7,1.8000000000000003,10.0,20.0,36.6,83.2,0.2,0.2,0.2,0.5,0.0,0.5,-0.09999999999999998,306.95,13.38,279.29,-0.9868839065636126,0.16143157982793477,23.139499999999998,1.24,18.5,133.8,846.9056999999999,0.37000000000000005,0
2026-09-07 07:00:00+00:00,2026-09-07,06:30:00,06:59:59,2026-09-07T07:00:00+00:00,Rangpo,27.177,88.533,0.2,3B-HHR-E.MS.MRG.3IMERG.20260907-S063000-E070000.V07C.30min.tif,0.2,0.4,1.2000000000000002,1.8000000000000003,2.0,10.0,20.0,36.6,83.4,0.2,0.2,0.2,0.5,0.0,0.6000000000000001,0.0,306.95,13.38,279.29,-0.9868839065636126,0.16143157982793477,23.139499999999998,1.24,18.5,133.8,846.9056999999999,0.37000000000000005,0
2026-09-07 07:30:00+00:00,2026-09-07,07:00:00,07:29:59,2026-09-07T07:30:00+00:00,Rangpo,27.177,88.533,0.2,3B-HHR-E.MS.MRG.3IMERG.20260907-S070000-E073000.V07C.30min.tif,0.2,0.4,1.2000000000000002,1.9000000000000001,2.2,10.0,20.0,35.4,83.6,0.2,0.2,0.2,0.5,0.0,0.5000000000000002,0.0,306.95,13.38,279.29,-0.9868839065636126,0.16143157982793477,23.139499999999998,1.24,18.5,133.8,819.1383,0.37000000000000005,0
2026-09-07 08:00:00+00:00,2026-09-07,07:30:00,07:59:59,2026-09-07T08:00:00+00:00,Rangpo,27.177,88.533,0.2,3B-HHR-E.MS.MRG.3IMERG.20260907-S073000-E080000.V07C.30min.tif,0.2,0.4,1.2000000000000002,2.0,2.4000000000000004,10.0,20.000000000000004,32.800000000000004,83.8,0.2,0.2,0.2,0.5,0.0,0.40000000000000024,0.0,306.95,13.38,279.29,-0.9868839065636126,0.16143157982793477,23.139499999999998,1.24,18.5,133.8,758.9756,0.37000000000000005,0
2026-09-07 08:30:00+00:00,2026-09-07,08:00:00,08:29:59,2026-09-07T08:30:00+00:00,Rangpo,27.177,88.533,0.2,3B-HHR-E.MS.MRG.3IMERG.20260907-S080000-E083000.V07C.30min.tif,0.2,0.4,1.2000000000000002,2.1,2.6,10.0,20.0,30.3,83.9,0.2,0.2,0.2,0.5,0.0,0.30000000000000027,0.0,306.95,13.38,279.29,-0.9868839065636126,0.16143157982793477,23.139499999999998,1.24,18.5,133.8,701.12685,0.37000000000000005,0
2026-09-07 09:00:00+00:00,2026-09-07,08:30:00,08:59:59,2026-09-07T09:00:00+00:00,Rangpo,27.177,88.533,0.2,3B-HHR-E.MS.MRG.3IMERG.20260907-S083000-E090000.V07C.30min.tif,0.2,0.4,1.2000000000000002,2.2,2.8000000000000003,10.0,20.0,28.5,84.10000000000001,0.2,0.2,0.2,0.5,0.0,0.20000000000000018,0.0,306.95,13.38,279.29,-0.9868839065636126,0.16143157982793477,23.139499999999998,1.24,18.5,133.8,659.47575,0.37000000000000005,0
2026-09-07 09:30:00+00:00,2026-09-07,09:00:00,09:29:59,2026-09-07T09:30:00+00:00,Rangpo,27.177,88.533,0.2,3B-HHR-E.MS.MRG.3IMERG.20260907-S090000-E093000.V07C.30min.tif,0.2,0.4,1.2000000000000002,2.3,3.0000000000000004,10.000000000000002,20.0,27.8,84.30000000000001,0.2,0.2,0.2,0.5,0.0,0.10000000000000009,0.0,306.95,13.38,279.29,-0.9868839065636126,0.16143157982793477,23.139499999999998,1.24,18.5,133.80000000000004,643.2781,0.37000000000000005,0
2026-09-07 10:00:00+00:00,2026-09-07,09:30:00,09:59:59,2026-09-07T10:00:00+00:00,Rangpo,27.177,88.533,0.5,3B-HHR-E.MS.MRG.3IMERG.20260907-S093000-E100000.V07C.30min.tif,0.5,0.7,1.5,2.7,3.5000000000000004,10.000000000000002,20.0,27.200000000000003,84.80000000000001,0.5,0.5,0.5,0.5,0.29999999999999993,0.2999999999999998,0.29999999999999993,306.95,13.38,279.29,-0.9868839065636126,0.16143157982793477,23.139499999999998,1.24,18.5,133.80000000000004,629.3944,0.925,0
2026-09-07 10:30:00+00:00,2026-09-07,10:00:00,10:29:59,2026-09-07T10:30:00+00:00,Rangpo,27.177,88.533,0.5,3B-HHR-E.MS.MRG.3IMERG.20260907-S100000-E103000.V07C.30min.tif,0.5,1.0,1.7999999999999998,3.0,4.0,10.000000000000002,20.0,27.500000000000004,85.30000000000001,0.5,0.5,0.5,0.5,0.6,0.5999999999999996,0.6,306.95,13.38,279.29,-0.9868839065636126,0.16143157982793477,23.139499999999998,1.24,18.5,133.80000000000004,636.3362500000001,0.925,0
2026-09-07 11:00:00+00:00,2026-09-07,10:30:00,10:59:59,2026-09-07T11:00:00+00:00,Rangpo,27.177,88.533,0.5,3B-HHR-E.MS.MRG.3IMERG.20260907-S103000-E110000.V07C.30min.tif,0.5,1.0,2.0999999999999996,3.3,4.5,10.000000000000002,20.1,27.8,85.80000000000001,0.5,0.5,0.5,0.5,0.30000000000000004,0.8999999999999995,1.1102230246251565e-16,306.95,13.38,279.29,-0.9868839065636126,0.16143157982793477,23.139499999999998,1.24,18.5,133.80000000000004,643.2781,0.925,0
2026-09-07 11:30:00+00:00,2026-09-07,11:00:00,11:29:59,2026-09-07T11:30:00+00:00,Rangpo,27.177,88.533,0.5,3B-HHR-E.MS.MRG.3IMERG.20260907-S110000-E113000.V07C.30min.tif,0.5,1.0,2.4,3.6000000000000005,5.0,10.000000000000002,20.2,28.200000000000003,86.30000000000001,0.5,0.5,0.5,0.5,0.0,1.1999999999999997,-0.6,306.95,13.38,279.29,-0.9868839065636126,0.16143157982793477,23.139499999999998,1.24,18.5,133.80000000000004,652.5339,0.925,0
2026-09-07 12:00:00+00:00,2026-09-07,11:30:00,11:59:59,2026-09-07T12:00:00+00:00,Rangpo,27.177,88.533,0.5,3B-HHR-E.MS.MRG.3IMERG.20260907-S113000-E120000.V07C.30min.tif,0.5,1.0,2.6999999999999997,3.9000000000000004,5.5,10.100000000000001,20.3,28.700000000000003,84.7,0.5,0.5,0.5,0.5,0.0,1.4999999999999996,-0.30000000000000004,306.95,13.38,279.29,-0.9868839065636126,0.16143157982793477,23.139499999999998,1.24,18.5,135.13800000000003,664.10365,0.925,0
2026-09-07 12:30:00+00:00,2026-09-07,12:00:00,12:29:59,2026-09-07T12:30:00+00:00,Rangpo,27.177,88.533,0.5,3B-HHR-E.MS.MRG.3IMERG.20260907-S120000-E123000.V07C.30min.tif,0.5,1.0,3.0,4.2,5.8999999999999995,10.200000000000001,20.4,29.200000000000003,83.10000000000001,0.5,0.5,0.5,0.5,0.0,1.7999999999999998,0.0,306.95,13.38,279.29,-0.9868839065636126,0.16143157982793477,23.139499999999998,1.24,18.5,136.47600000000003,675.6734,0.925,0
2026-09-07 13:00:00+00:00,2026-09-07,12:30:00,12:59:59,2026-09-07T13:00:00+00:00,Rangpo,27.177,88.533,0.4,3B-HHR-E.MS.MRG.3IMERG.20260907-S123000-E130000.V07C.30min.tif,0.4,0.9,2.9,4.3999999999999995,6.2,10.2,20.400000000000002,29.6,81.89999999999999,0.5,0.5,0.5,0.5,-0.09999999999999998,1.4,-0.09999999999999998,306.95,13.38,279.29,-0.9868839065636126,0.16143157982793477,23.139499999999998,1.24,18.5,136.476,684.9291999999999,0.925,0
2026-09-07 13:30:00+00:00,2026-09-07,13:00:00,13:29:59,2026-09-07T13:30:00+00:00,Rangpo,27.177,88.533,0.4,3B-HHR-E.MS.MRG.3IMERG.20260907-S130000-E133000.V07C.30min.tif,0.4,0.8,2.8,4.6000000000000005,6.5,10.2,20.400000000000002,30.0,81.3,0.4,0.5,0.5,0.5,-0.19999999999999996,1.0,-0.19999999999999996,306.95,13.38,279.29,-0.9868839065636126,0.16143157982793477,23.139499999999998,1.24,18.5,136.476,694.185,0.925,0
2026-09-07 14:00:00+00:00,2026-09-07,13:30:00,13:59:59,2026-09-07T14:00:00+00:00,Rangpo,27.177,88.533,0.4,3B-HHR-E.MS.MRG.3IMERG.20260907-S133000-E140000.V07C.30min.tif,0.4,0.8,2.7,4.800000000000001,6.8,10.200000000000001,20.4,30.400000000000002,81.3,0.4,0.5,0.5,0.5,-0.09999999999999998,0.6000000000000005,0.0,306.95,13.38,279.29,-0.9868839065636126,0.16143157982793477,23.139499999999998,1.24,18.5,136.47600000000003,703.4408,0.925,0
2026-09-07 14:30:00+00:00,2026-09-07,14:00:00,14:29:59,2026-09-07T14:30:00+00:00,Rangpo,27.177,88.533,0.4,3B-HHR-E.MS.MRG.3IMERG.20260907-S140000-E143000.V07C.30min.tif,0.4,0.8,2.6,5.0,7.1000000000000005,10.200000000000001,20.400000000000002,29.2,81.4,0.4,0.5,0.5,0.5,0.0,0.20000000000000018,0.19999999999999996,306.95,13.38,279.29,-0.9868839065636126,0.16143157982793477,23.139499999999998,1.24,18.5,136.47600000000003,675.6733999999999,0.925,0
2026-09-07 15:00:00+00:00,2026-09-07,14:30:00,14:59:59,2026-09-07T15:00:00+00:00,Rangpo,27.177,88.533,0.4,3B-HHR-E.MS.MRG.3IMERG.20260907-S143000-E150000.V07C.30min.tif,0.4,0.8,2.5,5.2,7.3999999999999995,10.200000000000001,20.5,28.700000000000003,81.60000000000001,0.4,0.5,0.5,0.5,0.0,-0.19999999999999973,0.09999999999999998,306.95,13.38,279.29,-0.9868839065636126,0.16143157982793477,23.139499999999998,1.24,18.5,136.47600000000003,664.10365,0.925,0
2026-09-07 15:30:00+00:00,2026-09-07,15:00:00,15:29:59,2026-09-07T15:30:00+00:00,Rangpo,27.177,88.533,0.4,3B-HHR-E.MS.MRG.3IMERG.20260907-S150000-E153000.V07C.30min.tif,0.4,0.8,2.4000000000000004,5.4,7.7,10.2,20.6,29.0,79.2,0.4,0.4,0.5,0.5,0.0,-0.5999999999999996,0.0,306.95,13.38,279.29,-0.9868839065636126,0.16143157982793477,23.139499999999998,1.24,18.5,136.476,671.0455,0.7400000000000001,0
2026-09-07 16:00:00+00:00,2026-09-07,15:30:00,15:59:59,2026-09-07T16:00:00+00:00,Rangpo,27.177,88.533,0.4,3B-HHR-E.MS.MRG.3IMERG.20260907-S153000-E160000.V07C.30min.tif,0.4,0.8,2.4000000000000004,5.3,8.0,10.3,20.7,29.4,76.8,0.4,0.4,0.5,0.5,0.0,-0.49999999999999956,0.0,306.95,13.38,279.29,-0.9868839065636126,0.16143157982793477,23.139499999999998,1.24,18.5,137.81400000000002,680.3013,0.7400000000000001,0
2026-09-07 16:30:00+00:00,2026-09-07,16:00:00,16:29:59,2026-09-07T16:30:00+00:00,Rangpo,27.177,88.533,0.4,3B-HHR-E.MS.MRG.3IMERG.20260907-S160000-E163000.V07C.30min.tif,0.4,0.8,2.4000000000000004,5.2,8.200000000000001,10.4,20.8,29.8,77.0,0.4,0.4,0.5,0.5,0.0,-0.39999999999999947,0.0,306.95,13.38,279.29,-0.9868839065636126,0.16143157982793477,23.139499999999998,1.24,18.5,139.15200000000002,689.5571,0.7400000000000001,0
2026-08-20 08:59:59+00:00,2026-08-20,08:30:00,08:59:59,2026-08-20T08:59:59+00:00,Singtam,27.234,88.501,0.0,3B-HHR-E.MS.MRG.3IMERG.20260820-S083000-E085959.0510.V07C.30min.tif,0.0,0.0,0.0,0.0,0.0,0.0,0.0,0.0,0.0,0.0,0.0,0.0,0.0,0.0,0.0,0.0,436.68,21.52,343.86,-0.2779853360529779,0.9605853178867106,36.6468,0.78,24.2,0.0,0.0,0.0,0
2026-08-20 09:29:59+00:00,2026-08-20,09:00:00,09:29:59,2026-08-20T09:29:59+00:00,Singtam,27.234,88.501,0.1,3B-HHR-E.MS.MRG.3IMERG.20260820-S090000-E092959.0540.V07C.30min.tif,0.1,0.1,0.1,0.1,0.1,0.1,0.1,0.1,0.1,0.1,0.1,0.1,0.1,0.1,0.1,0.1,436.68,21.52,343.86,-0.2779853360529779,0.9605853178867106,36.6468,0.78,24.2,2.152,3.66468,0.242,0
2026-08-20 09:59:59+00:00,2026-08-20,09:30:00,09:59:59,2026-08-20T09:59:59+00:00,Singtam,27.234,88.501,0.2,3B-HHR-E.MS.MRG.3IMERG.20260820-S093000-E095959.0570.V07C.30min.tif,0.2,0.30000000000000004,0.30000000000000004,0.30000000000000004,0.30000000000000004,0.30000000000000004,0.30000000000000004,0.30000000000000004,0.30000000000000004,0.2,0.2,0.2,0.2,0.30000000000000004,0.30000000000000004,0.30000000000000004,436.68,21.52,343.86,-0.2779853360529779,0.9605853178867106,36.6468,0.78,24.2,6.456,10.994040000000002,0.484,0
2026-08-20 10:29:59+00:00,2026-08-20,10:00:00,10:29:59,2026-08-20T10:29:59+00:00,Singtam,27.234,88.501,0.8,3B-HHR-E.MS.MRG.3IMERG.20260820-S100000-E102959.0600.V07C.30min.tif,0.8,1.0,1.1,1.1,1.1,1.1,1.1,1.1,1.1,0.8,0.8,0.8,0.8,0.9,1.1,0.8,436.68,21.52,343.86,-0.2779853360529779,0.9605853178867106,36.6468,0.78,24.2,23.672,40.31148,1.936,0
2026-08-20 10:59:59+00:00,2026-08-20,10:30:00,10:59:59,2026-08-20T10:59:59+00:00,Singtam,27.234,88.501,0.8,3B-HHR-E.MS.MRG.3IMERG.20260820-S103000-E105959.0630.V07C.30min.tif,0.8,1.6,1.9000000000000001,1.9000000000000001,1.9000000000000001,1.9000000000000001,1.9000000000000001,1.9000000000000001,1.9000000000000001,0.8,0.8,0.8,0.8,1.3,1.9000000000000001,1.0,436.68,21.52,343.86,-0.2779853360529779,0.9605853178867106,36.6468,0.78,24.2,40.888000000000005,69.62892000000001,1.936,0
2026-08-20 11:29:59+00:00,2026-08-20,11:00:00,11:29:59,2026-08-20T11:29:59+00:00,Singtam,27.234,88.501,0.5,3B-HHR-E.MS.MRG.3IMERG.20260820-S110000-E112959.0660.V07C.30min.tif,0.5,1.3000000000000003,2.4000000000000004,2.4000000000000004,2.4000000000000004,2.4000000000000004,2.4000000000000004,2.4000000000000004,2.4000000000000004,0.8,0.8,0.8,0.8,0.30000000000000027,2.4000000000000004,-0.5999999999999998,436.68,21.52,343.86,-0.2779853360529779,0.9605853178867106,36.6468,0.78,24.2,51.648,87.95232000000001,1.936,0
2026-08-20 11:59:59+00:00,2026-08-20,11:30:00,11:59:59,2026-08-20T11:59:59+00:00,Singtam,27.234,88.501,0.4,3B-HHR-E.MS.MRG.3IMERG.20260820-S113000-E115959.0690.V07C.30min.tif,0.4,0.9000000000000001,2.8000000000000003,2.8000000000000003,2.8000000000000003,2.8000000000000003,2.8000000000000003,2.8000000000000003,2.8000000000000003,0.5,0.8,0.8,0.8,-0.7,2.8000000000000003,-2.0,436.68,21.52,343.86,-0.2779853360529779,0.9605853178867106,36.6468,0.78,24.2,60.25600000000001,102.61104,1.936,0
2026-08-20 12:29:59+00:00,2026-08-20,12:00:00,12:29:59,2026-08-20T12:29:59+00:00,Singtam,27.234,88.501,0.1,3B-HHR-E.MS.MRG.3IMERG.20260820-S120000-E122959.0720.V07C.30min.tif,0.1,0.5000000000000001,2.8000000000000003,2.9000000000000004,2.9000000000000004,2.9000000000000004,2.9000000000000004,2.9000000000000004,2.9000000000000004,0.4,0.8,0.8,0.8,-0.8000000000000002,2.7,-1.1000000000000005,436.68,21.52,343.86,-0.2779853360529779,0.9605853178867106,36.6468,0.78,24.2,62.40800000000001,106.27572,1.936,0
2026-08-20 12:59:59+00:00,2026-08-20,12:30:00,12:59:59,2026-08-20T12:59:59+00:00,Singtam,27.234,88.501,0.1,3B-HHR-E.MS.MRG.3IMERG.20260820-S123000-E125959.0750.V07C.30min.tif,0.1,0.2,2.7,3.0,3.0,3.0,3.0,3.0,3.0,0.1,0.8,0.8,0.8,-0.7000000000000002,2.4000000000000004,-2.220446049250313e-16,436.68,21.52,343.86,-0.2779853360529779,0.9605853178867106,36.6468,0.78,24.2,64.56,109.9404,1.936,0
2026-08-20 13:29:59+00:00,2026-08-20,13:00:00,13:29:59,2026-08-20T13:29:59+00:00,Singtam,27.234,88.501,0.0,3B-HHR-E.MS.MRG.3IMERG.20260820-S130000-E132959.0780.V07C.30min.tif,0.0,0.10000000000000012,1.9000000000000001,3.0,3.0,3.0,3.0,3.0,3.0,0.1,0.8,0.8,0.8,-0.4,0.8,0.40000000000000013,436.68,21.52,343.86,-0.2779853360529779,0.9605853178867106,36.6468,0.78,24.2,64.56,109.9404,1.936,0
2026-08-20 13:59:59+00:00,2026-08-20,13:30:00,13:59:59,2026-08-20T13:59:59+00:00,Singtam,27.234,88.501,0.0,3B-HHR-E.MS.MRG.3IMERG.20260820-S133000-E135959.0810.V07C.30min.tif,0.0,0.0,1.1,3.0,3.0,3.0,3.0,3.0,3.0,0.0,0.5,0.8,0.8,-0.2,-0.8,0.5000000000000002,436.68,21.52,343.86,-0.2779853360529779,0.9605853178867106,36.6468,0.78,24.2,64.56,109.9404,1.21,0
2026-08-20 14:29:59+00:00,2026-08-20,14:00:00,14:29:59,2026-08-20T14:29:59+00:00,Singtam,27.234,88.501,0.1,3B-HHR-E.MS.MRG.3IMERG.20260820-S140000-E142959.0840.V07C.30min.tif,0.1,0.10000000000000012,0.7000000000000001,3.1,3.1,3.1,3.1,3.1,3.1,0.1,0.4,0.8,0.8,0.0,-1.7000000000000002,0.4,436.68,21.52,343.86,-0.2779853360529779,0.9605853178867106,36.6468,0.78,24.2,66.712,113.60508,0.968,0
2026-08-20 14:59:59+00:00,2026-08-20,14:30:00,14:59:59,2026-08-20T14:59:59+00:00,Singtam,27.234,88.501,0.2,3B-HHR-E.MS.MRG.3IMERG.20260820-S143000-E145959.0870.V07C.30min.tif,0.2,0.30000000000000016,0.5,3.3000000000000003,3.3000000000000003,3.3000000000000003,3.3000000000000003,3.3000000000000003,3.3000000000000003,0.2,0.2,0.8,0.8,0.30000000000000016,-2.3000000000000003,0.5000000000000002,436.68,21.52,343.86,-0.2779853360529779,0.9605853178867106,36.6468,0.78,24.2,71.016,120.93444000000001,0.484,0
2026-08-20 15:29:59+00:00,2026-08-20,15:00:00,15:29:59,2026-08-20T15:29:59+00:00,Singtam,27.234,88.501,0.3,3B-HHR-E.MS.MRG.3IMERG.20260820-S150000-E152959.0900.V07C.30min.tif,0.3,0.5000000000000001,0.7000000000000001,3.5,3.6,3.6,3.6,3.6,3.6,0.3,0.3,0.8,0.8,0.4,-2.1,0.4,436.68,21.52,343.86,-0.2779853360529779,0.9605853178867106,36.6468,0.78,24.2,77.472,131.92848,0.726,0
2026-08-20 15:59:59+00:00,2026-08-20,15:30:00,15:59:59,2026-08-20T15:59:59+00:00,Singtam,27.234,88.501,0.1,3B-HHR-E.MS.MRG.3IMERG.20260820-S153000-E155959.0930.V07C.30min.tif,0.1,0.40000000000000013,0.7000000000000001,3.4000000000000004,3.7,3.7,3.7,3.7,3.7,0.3,0.3,0.8,0.8,0.09999999999999998,-2.0,-0.20000000000000018,436.68,21.52,343.86,-0.2779853360529779,0.9605853178867106,36.6468,0.78,24.2,79.624,135.59316,0.726,0
2026-08-20 16:29:59+00:00,2026-08-20,16:00:00,16:29:59,2026-08-20T16:29:59+00:00,Singtam,27.234,88.501,0.1,3B-HHR-E.MS.MRG.3IMERG.20260820-S160000-E162959.0960.V07C.30min.tif,0.1,0.2,0.8,2.7,3.8000000000000003,3.8000000000000003,3.8000000000000003,3.8000000000000003,3.8000000000000003,0.1,0.3,0.8,0.8,-0.3000000000000001,-1.1,-0.7000000000000002,436.68,21.52,343.86,-0.2779853360529779,0.9605853178867106,36.6468,0.78,24.2,81.77600000000001,139.25784000000002,0.726,0
2026-08-20 16:59:59+00:00,2026-08-20,16:30:00,16:59:59,2026-08-20T16:59:59+00:00,Singtam,27.234,88.501,0.0,3B-HHR-E.MS.MRG.3IMERG.20260820-S163000-E165959.0990.V07C.30min.tif,0.0,0.10000000000000012,0.8,1.9000000000000001,3.8000000000000003,3.8000000000000003,3.8000000000000003,3.8000000000000003,3.8000000000000003,0.1,0.3,0.5,0.8,-0.30000000000000004,-0.30000000000000004,-0.4,436.68,21.52,343.86,-0.2779853360529779,0.9605853178867106,36.6468,0.78,24.2,81.77600000000001,139.25784000000002,0.726,0
2026-08-20 17:29:59+00:00,2026-08-20,17:00:00,17:29:59,2026-08-20T17:29:59+00:00,Singtam,27.234,88.501,0.5,3B-HHR-E.MS.MRG.3IMERG.20260820-S170000-E172959.1020.V07C.30min.tif,0.5,0.5000000000000001,1.2,1.9000000000000001,4.3,4.3,4.3,4.3,4.3,0.5,0.5,0.5,0.8,0.3000000000000001,0.4999999999999999,0.6000000000000002,436.68,21.52,343.86,-0.2779853360529779,0.9605853178867106,36.6468,0.78,24.2,92.536,157.58123999999998,1.21,0
2026-08-20 17:59:59+00:00,2026-08-20,17:30:00,17:59:59,2026-08-20T17:59:59+00:00,Singtam,27.234,88.501,0.6,3B-HHR-E.MS.MRG.3IMERG.20260820-S173000-E175959.1050.V07C.30min.tif,0.6,1.1,1.6,2.0999999999999996,4.9,4.9,4.9,4.9,4.9,0.6,0.6,0.6,0.8,1.0,1.1,1.3,436.68,21.52,343.86,-0.2779853360529779,0.9605853178867106,36.6468,0.78,24.2,105.44800000000001,179.56932,1.452,0
2026-08-20 18:29:59+00:00,2026-08-20,18:00:00,18:29:59,2026-08-20T18:29:59+00:00,Singtam,27.234,88.501,0.0,3B-HHR-E.MS.MRG.3IMERG.20260820-S180000-E182959.1080.V07C.30min.tif,0.0,0.6000000000000001,1.3,2.0,4.9,4.9,4.9,4.9,4.9,0.6,0.6,0.6,0.8,0.09999999999999998,0.6,-0.20000000000000012,436.68,21.52,343.86,-0.2779853360529779,0.9605853178867106,36.6468,0.78,24.2,105.44800000000001,179.56932,1.452,0
2026-08-20 18:59:59+00:00,2026-08-20,18:30:00,18:59:59,2026-08-20T18:59:59+00:00,Singtam,27.234,88.501,0.0,3B-HHR-E.MS.MRG.3IMERG.20260820-S183000-E185959.1110.V07C.30min.tif,0.0,0.0,1.2,1.9,4.9,4.9,4.9,4.9,4.9,0.0,0.6,0.6,0.8,-1.1,0.4999999999999999,-2.1,436.68,21.52,343.86,-0.2779853360529779,0.9605853178867106,36.6468,0.78,24.2,105.44800000000001,179.56932,1.452,0
2026-08-20 19:29:59+00:00,2026-08-20,19:00:00,19:29:59,2026-08-20T19:29:59+00:00,Singtam,27.234,88.501,1.0,3B-HHR-E.MS.MRG.3IMERG.20260820-S190000-E192959.1140.V07C.30min.tif,1.0,1.0,2.1,2.9,5.9,5.9,5.9,5.9,5.9,1.0,1.0,1.0,1.0,0.3999999999999999,1.3,0.29999999999999993,436.68,21.52,343.86,-0.2779853360529779,0.9605853178867106,36.6468,0.78,24.2,126.968,216.21612000000002,2.42,0
2026-08-20 19:59:59+00:00,2026-08-20,19:30:00,19:59:59,2026-08-20T19:59:59+00:00,Singtam,27.234,88.501,1.0,3B-HHR-E.MS.MRG.3IMERG.20260820-S193000-E195959.1170.V07C.30min.tif,1.0,2.0,3.1,3.9,6.9,6.9,6.9,6.9,6.9,1.0,1.0,1.0,1.0,2.0,2.3,3.1,436.68,21.52,343.86,-0.2779853360529779,0.9605853178867106,36.6468,0.78,24.2,148.488,252.86292,2.42,0
2026-08-20 20:29:59+00:00,2026-08-20,20:00:00,20:29:59,2026-08-20T20:29:59+00:00,Singtam,27.234,88.501,0.7,3B-HHR-E.MS.MRG.3IMERG.20260820-S200000-E202959.1200.V07C.30min.tif,0.7,1.7,3.3,4.5,7.6,7.6,7.6,7.6,7.6,1.0,1.0,1.0,1.0,0.7,2.0999999999999996,0.30000000000000004,436.68,21.52,343.86,-0.2779853360529779,0.9605853178867106,36.6468,0.78,24.2,163.552,278.51568,2.42,0
2026-08-20 20:59:59+00:00,2026-08-20,20:30:00,20:59:59,2026-08-20T20:59:59+00:00,Singtam,27.234,88.501,0.6,3B-HHR-E.MS.MRG.3IMERG.20260820-S203000-E205959.1230.V07C.30min.tif,0.6,1.2999999999999998,3.3,4.8999999999999995,8.2,8.2,8.2,8.2,8.2,0.7,1.0,1.0,1.0,-0.7000000000000002,1.6999999999999997,-2.7,436.68,21.52,343.86,-0.2779853360529779,0.9605853178867106,36.6468,0.78,24.2,176.46399999999997,300.50375999999994,2.42,0
2026-08-20 21:29:59+00:00,2026-08-20,21:00:00,21:29:59,2026-08-20T21:29:59+00:00,Singtam,27.234,88.501,0.2,3B-HHR-E.MS.MRG.3IMERG.20260820-S210000-E212959.1260.V07C.30min.tif,0.2,0.8,3.5,4.8,8.3,8.4,8.4,8.4,8.4,0.6,1.0,1.0,1.0,-0.8999999999999999,2.2,-1.5999999999999999,436.68,21.52,343.86,-0.2779853360529779,0.9605853178867106,36.6468,0.78,24.2,180.768,307.83312,2.42,0
2026-08-20 21:59:59+00:00,2026-08-20,21:30:00,21:59:59,2026-08-20T21:59:59+00:00,Singtam,27.234,88.501,0.1,3B-HHR-E.MS.MRG.3IMERG.20260820-S213000-E215959.1290.V07C.30min.tif,0.1,0.30000000000000004,3.6,4.8,8.2,8.5,8.5,8.5,8.5,0.2,1.0,1.0,1.0,-0.9999999999999998,2.4000000000000004,-0.2999999999999996,436.68,21.52,343.86,-0.2779853360529779,0.9605853178867106,36.6468,0.78,24.2,182.92,311.4978,2.42,0
2026-08-20 22:29:59+00:00,2026-08-20,22:00:00,22:29:59,2026-08-20T22:29:59+00:00,Singtam,27.234,88.501,0.0,3B-HHR-E.MS.MRG.3IMERG.20260820-S220000-E222959.1320.V07C.30min.tif,0.0,0.1,2.6,4.699999999999999,7.4,8.5,8.5,8.5,8.5,0.1,1.0,1.0,1.0,-0.7000000000000001,0.5,0.19999999999999984,436.68,21.52,343.86,-0.2779853360529779,0.9605853178867106,36.6468,0.78,24.2,182.92,311.4978,2.42,0
2026-08-20 22:59:59+00:00,2026-08-20,22:30:00,22:59:59,2026-08-20T22:59:59+00:00,Singtam,27.234,88.501,0.0,3B-HHR-E.MS.MRG.3IMERG.20260820-S223000-E225959.1350.V07C.30min.tif,0.0,0.0,1.5999999999999999,4.699999999999999,6.6,8.5,8.5,8.5,8.5,0.0,0.7,1.0,1.0,-0.30000000000000004,-1.5000000000000002,0.6999999999999997,436.68,21.52,343.86,-0.2779853360529779,0.9605853178867106,36.6468,0.78,24.2,182.92,311.4978,1.694,0
2026-08-20 23:29:59+00:00,2026-08-20,23:00:00,23:29:59,2026-08-20T23:29:59+00:00,Singtam,27.234,88.501,0.0,3B-HHR-E.MS.MRG.3IMERG.20260820-S230000-E232959.1380.V07C.30min.tif,0.0,0.0,0.9000000000000001,4.199999999999999,6.1,8.5,8.5,8.5,8.5,0.0,0.6,1.0,1.0,-0.1,-2.3999999999999995,0.6000000000000001,436.68,21.52,343.86,-0.2779853360529779,0.9605853178867106,36.6468,0.78,24.2,182.92,311.4978,1.452,0
2026-08-20 23:59:59+00:00,2026-08-20,23:30:00,23:59:59,2026-08-20T23:59:59+00:00,Singtam,27.234,88.501,0.0,3B-HHR-E.MS.MRG.3IMERG.20260820-S233000-E235959.1410.V07C.30min.tif,0.0,0.0,0.30000000000000016,3.6,5.7,8.5,8.5,8.5,8.5,0.0,0.2,1.0,1.0,0.0,-2.9999999999999996,0.30000000000000004,436.68,21.52,343.86,-0.2779853360529779,0.9605853178867106,36.6468,0.78,24.2,182.92,311.4978,0.484,0
2026-08-21 00:29:59+00:00,2026-08-21,00:00:00,00:29:59,2026-08-21T00:29:59+00:00,Singtam,27.234,88.501,0.0,3B-HHR-E.MS.MRG.3IMERG.20260821-S000000-E002959.0000.V07C.30min.tif,0.0,0.0,0.10000000000000012,3.6,5.6,8.5,8.5,8.5,8.5,0.0,0.1,1.0,1.0,0.0,-3.4,0.1,436.68,21.52,343.86,-0.2779853360529779,0.9605853178867106,36.6468,0.78,24.2,182.92,311.4978,0.242,0
2026-08-21 00:59:59+00:00,2026-08-21,00:30:00,00:59:59,2026-08-21T00:59:59+00:00,Singtam,27.234,88.501,0.0,3B-HHR-E.MS.MRG.3IMERG.20260821-S003000-E005959.0030.V07C.30min.tif,0.0,0.0,0.0,3.6,5.5,8.5,8.5,8.5,8.5,0.0,0.0,1.0,1.0,0.0,-3.6,0.0,436.68,21.52,343.86,-0.2779853360529779,0.9605853178867106,36.6468,0.78,24.2,182.92,311.4978,0.0,0
2026-08-21 01:29:59+00:00,2026-08-21,01:00:00,01:29:59,2026-08-21T01:29:59+00:00,Singtam,27.234,88.501,0.0,3B-HHR-E.MS.MRG.3IMERG.20260821-S010000-E012959.0060.V07C.30min.tif,0.0,0.0,0.0,2.6,5.5,8.5,8.5,8.5,8.5,0.0,0.0,1.0,1.0,0.0,-2.6,0.0,436.68,21.52,343.86,-0.2779853360529779,0.9605853178867106,36.6468,0.78,24.2,182.92,311.4978,0.0,0
2026-08-21 01:59:59+00:00,2026-08-21,01:30:00,01:59:59,2026-08-21T01:59:59+00:00,Singtam,27.234,88.501,0.0,3B-HHR-E.MS.MRG.3IMERG.20260821-S013000-E015959.0090.V07C.30min.tif,0.0,0.0,0.0,1.5999999999999999,5.5,8.5,8.5,8.5,8.5,0.0,0.0,0.7,1.0,0.0,-1.5999999999999999,0.0,436.68,21.52,343.86,-0.2779853360529779,0.9605853178867106,36.6468,0.78,24.2,182.92,311.4978,0.0,0
2026-08-21 02:29:59+00:00,2026-08-21,02:00:00,02:29:59,2026-08-21T02:29:59+00:00,Singtam,27.234,88.501,0.0,3B-HHR-E.MS.MRG.3IMERG.20260821-S020000-E022959.0120.V07C.30min.tif,0.0,0.0,0.0,0.9,5.3999999999999995,8.5,8.5,8.5,8.5,0.0,0.0,0.6,1.0,0.0,-0.9000000000000001,0.0,436.68,21.52,343.86,-0.2779853360529779,0.9605853178867106,36.6468,0.78,24.2,182.92,311.4978,0.0,0
2026-08-21 02:59:59+00:00,2026-08-21,02:30:00,02:59:59,2026-08-21T02:59:59+00:00,Singtam,27.234,88.501,0.0,3B-HHR-E.MS.MRG.3IMERG.20260821-S023000-E025959.0150.V07C.30min.tif,0.0,0.0,0.0,0.30000000000000004,5.2,8.5,8.5,8.5,8.5,0.0,0.0,0.2,1.0,0.0,-0.30000000000000016,0.0,436.68,21.52,343.86,-0.2779853360529779,0.9605853178867106,36.6468,0.78,24.2,182.92,311.4978,0.0,0
2026-08-21 03:29:59+00:00,2026-08-21,03:00:00,03:29:59,2026-08-21T03:29:59+00:00,Singtam,27.234,88.501,0.0,3B-HHR-E.MS.MRG.3IMERG.20260821-S030000-E032959.0180.V07C.30min.tif,0.0,0.0,0.0,0.1,4.8999999999999995,8.5,8.5,8.5,8.5,0.0,0.0,0.1,1.0,0.0,-0.10000000000000012,0.0,436.68,21.52,343.86,-0.2779853360529779,0.9605853178867106,36.6468,0.78,24.2,182.92,311.4978,0.0,0
2026-08-21 03:59:59+00:00,2026-08-21,03:30:00,03:59:59,2026-08-21T03:59:59+00:00,Singtam,27.234,88.501,0.0,3B-HHR-E.MS.MRG.3IMERG.20260821-S033000-E035959.0210.V07C.30min.tif,0.0,0.0,0.0,0.0,4.8,8.5,8.5,8.5,8.5,0.0,0.0,0.0,1.0,0.0,0.0,0.0,436.68,21.52,343.86,-0.2779853360529779,0.9605853178867106,36.6468,0.78,24.2,182.92,311.4978,0.0,0
2026-08-21 04:29:59+00:00,2026-08-21,04:00:00,04:29:59,2026-08-21T04:29:59+00:00,Singtam,27.234,88.501,0.0,3B-HHR-E.MS.MRG.3IMERG.20260821-S040000-E042959.0240.V07C.30min.tif,0.0,0.0,0.0,0.0,4.7,8.5,8.5,8.5,8.5,0.0,0.0,0.0,1.0,0.0,0.0,0.0,436.68,21.52,343.86,-0.2779853360529779,0.9605853178867106,36.6468,0.78,24.2,182.92,311.4978,0.0,0
2026-08-21 04:59:59+00:00,2026-08-21,04:30:00,04:59:59,2026-08-21T04:59:59+00:00,Singtam,27.234,88.501,0.0,3B-HHR-E.MS.MRG.3IMERG.20260821-S043000-E045959.0270.V07C.30min.tif,0.0,0.0,0.0,0.0,4.7,8.5,8.5,8.5,8.5,0.0,0.0,0.0,1.0,0.0,0.0,0.0,436.68,21.52,343.86,-0.2779853360529779,0.9605853178867106,36.6468,0.78,24.2,182.92,311.4978,0.0,0
2026-08-21 05:29:59+00:00,2026-08-21,05:00:00,05:29:59,2026-08-21T05:29:59+00:00,Singtam,27.234,88.501,0.0,3B-HHR-E.MS.MRG.3IMERG.20260821-S050000-E052959.0300.V07C.30min.tif,0.0,0.0,0.0,0.0,4.199999999999999,8.5,8.5,8.5,8.5,0.0,0.0,0.0,1.0,0.0,0.0,0.0,436.68,21.52,343.86,-0.2779853360529779,0.9605853178867106,36.6468,0.78,24.2,182.92,311.4978,0.0,0
2026-08-21 05:59:59+00:00,2026-08-21,05:30:00,05:59:59,2026-08-21T05:59:59+00:00,Singtam,27.234,88.501,0.0,3B-HHR-E.MS.MRG.3IMERG.20260821-S053000-E055959.0330.V07C.30min.tif,0.0,0.0,0.0,0.0,3.5999999999999996,8.5,8.5,8.5,8.5,0.0,0.0,0.0,1.0,0.0,0.0,0.0,436.68,21.52,343.86,-0.2779853360529779,0.9605853178867106,36.6468,0.78,24.2,182.92,311.4978,0.0,0
2026-08-21 06:29:59+00:00,2026-08-21,06:00:00,06:29:59,2026-08-21T06:29:59+00:00,Singtam,27.234,88.501,0.0,3B-HHR-E.MS.MRG.3IMERG.20260821-S060000-E062959.0360.V07C.30min.tif,0.0,0.0,0.0,0.0,3.5999999999999996,8.5,8.5,8.5,8.5,0.0,0.0,0.0,1.0,0.0,0.0,0.0,436.68,21.52,343.86,-0.2779853360529779,0.9605853178867106,36.6468,0.78,24.2,182.92,311.4978,0.0,0
2026-08-21 06:59:59+00:00,2026-08-21,06:30:00,06:59:59,2026-08-21T06:59:59+00:00,Singtam,27.234,88.501,0.0,3B-HHR-E.MS.MRG.3IMERG.20260821-S063000-E065959.0390.V07C.30min.tif,0.0,0.0,0.0,0.0,3.5999999999999996,8.5,8.5,8.5,8.5,0.0,0.0,0.0,1.0,0.0,0.0,0.0,436.68,21.52,343.86,-0.2779853360529779,0.9605853178867106,36.6468,0.78,24.2,182.92,311.4978,0.0,0
2026-08-21 07:29:59+00:00,2026-08-21,07:00:00,07:29:59,2026-08-21T07:29:59+00:00,Singtam,27.234,88.501,0.1,3B-HHR-E.MS.MRG.3IMERG.20260821-S070000-E072959.0420.V07C.30min.tif,0.1,0.1,0.10000000000000012,0.1,2.6999999999999997,8.6,8.6,8.6,8.6,0.1,0.1,0.1,1.0,0.1,0.10000000000000012,0.1,436.68,21.52,343.86,-0.2779853360529779,0.9605853178867106,36.6468,0.78,24.2,185.072,315.16247999999996,0.242,0
2026-08-21 07:59:59+00:00,2026-08-21,07:30:00,07:59:59,2026-08-21T07:59:59+00:00,Singtam,27.234,88.501,0.1,3B-HHR-E.MS.MRG.3IMERG.20260821-S073000-E075959.0450.V07C.30min.tif,0.1,0.2,0.20000000000000012,0.2,1.7999999999999998,8.7,8.7,8.7,8.7,0.1,0.1,0.1,1.0,0.2,0.20000000000000012,0.2,436.68,21.52,343.86,-0.2779853360529779,0.9605853178867106,36.6468,0.78,24.2,187.224,318.82716,0.242,0
2026-08-21 08:29:59+00:00,2026-08-21,08:00:00,08:29:59,2026-08-21T08:29:59+00:00,Singtam,27.234,88.501,0.1,3B-HHR-E.MS.MRG.3IMERG.20260821-S080000-E082959.0480.V07C.30min.tif,0.1,0.2,0.30000000000000016,0.30000000000000004,1.2,8.8,8.8,8.8,8.8,0.1,0.1,0.1,1.0,0.1,0.30000000000000016,0.0,436.68,21.52,343.86,-0.2779853360529779,0.9605853178867106,36.6468,0.78,24.2,189.376,322.49184,0.242,0
2026-08-21 08:59:59+00:00,2026-08-21,08:30:00,08:59:59,2026-08-21T08:59:59+00:00,Singtam,27.234,88.501,0.0,3B-HHR-E.MS.MRG.3IMERG.20260821-S083000-E085959.0510.V07C.30min.tif,0.0,0.1,0.30000000000000016,0.30000000000000004,0.5999999999999999,8.8,8.8,8.8,8.8,0.1,0.1,0.1,1.0,-0.1,0.30000000000000016,-0.30000000000000004,436.68,21.52,343.86,-0.2779853360529779,0.9605853178867106,36.6468,0.78,24.2,189.376,322.49184,0.242,0
2026-08-21 09:29:59+00:00,2026-08-21,09:00:00,09:29:59,2026-08-21T09:29:59+00:00,Singtam,27.234,88.501,0.0,3B-HHR-E.MS.MRG.3IMERG.20260821-S090000-E092959.0540.V07C.30min.tif,0.0,0.0,0.30000000000000016,0.30000000000000004,0.3999999999999999,8.700000000000001,8.8,8.8,8.8,0.0,0.1,0.1,1.0,-0.2,0.30000000000000016,-0.30000000000000004,436.68,21.52,343.86,-0.2779853360529779,0.9605853178867106,36.6468,0.78,24.2,187.22400000000002,322.49184,0.242,0
2026-08-21 09:59:59+00:00,2026-08-21,09:30:00,09:59:59,2026-08-21T09:59:59+00:00,Singtam,27.234,88.501,0.0,3B-HHR-E.MS.MRG.3IMERG.20260821-S093000-E095959.0570.V07C.30min.tif,0.0,0.0,0.30000000000000016,0.30000000000000004,0.29999999999999993,8.5,8.8,8.8,8.8,0.0,0.1,0.1,1.0,-0.1,0.30000000000000016,0.0,436.68,21.52,343.86,-0.2779853360529779,0.9605853178867106,36.6468,0.78,24.2,182.92,322.49184,0.242,0
2026-08-21 10:29:59+00:00,2026-08-21,10:00:00,10:29:59,2026-08-21T10:29:59+00:00,Singtam,27.234,88.501,0.1,3B-HHR-E.MS.MRG.3IMERG.20260821-S100000-E102959.0600.V07C.30min.tif,0.1,0.1,0.30000000000000016,0.4,0.3999999999999999,7.800000000000001,8.9,8.9,8.9,0.1,0.1,0.1,1.0,0.1,0.20000000000000004,0.30000000000000004,436.68,21.52,343.86,-0.2779853360529779,0.9605853178867106,36.6468,0.78,24.2,167.85600000000002,326.15652,0.242,0
2026-08-21 10:59:59+00:00,2026-08-21,10:30:00,10:59:59,2026-08-21T10:59:59+00:00,Singtam,27.234,88.501,0.1,3B-HHR-E.MS.MRG.3IMERG.20260821-S103000-E105959.0630.V07C.30min.tif,0.1,0.2,0.30000000000000016,0.5,0.49999999999999994,7.1,9.0,9.0,9.0,0.1,0.1,0.1,1.0,0.2,0.10000000000000003,0.30000000000000004,436.68,21.52,343.86,-0.2779853360529779,0.9605853178867106,36.6468,0.78,24.2,152.792,329.8212,0.242,0
2026-08-21 11:29:59+00:00,2026-08-21,11:00:00,11:29:59,2026-08-21T11:29:59+00:00,Singtam,27.234,88.501,0.0,3B-HHR-E.MS.MRG.3IMERG.20260821-S110000-E112959.0660.V07C.30min.tif,0.0,0.1,0.20000000000000012,0.5,0.4999999999999999,6.6,9.0,9.0,9.0,0.1,0.1,0.1,1.0,0.0,-0.10000000000000003,-0.1,436.68,21.52,343.86,-0.2779853360529779,0.9605853178867106,36.6468,0.78,24.2,142.03199999999998,329.8212,0.242,0
2026-08-21 11:59:59+00:00,2026-08-21,11:30:00,11:59:59,2026-08-21T11:59:59+00:00,Singtam,27.234,88.501,0.0,3B-HHR-E.MS.MRG.3IMERG.20260821-S113000-E115959.0690.V07C.30min.tif,0.0,0.0,0.20000000000000012,0.5,0.4999999999999999,6.2,9.0,9.0,9.0,0.0,0.1,0.1,1.0,-0.2,-0.10000000000000003,-0.4,436.68,21.52,343.86,-0.2779853360529779,0.9605853178867106,36.6468,0.78,24.2,133.424,329.8212,0.242,0
2026-08-21 12:29:59+00:00,2026-08-21,12:00:00,12:29:59,2026-08-21T12:29:59+00:00,Singtam,27.234,88.501,0.0,3B-HHR-E.MS.MRG.3IMERG.20260821-S120000-E122959.0720.V07C.30min.tif,0.0,0.0,0.20000000000000012,0.5,0.4999999999999999,6.1,9.0,9.0,9.0,0.0,0.1,0.1,1.0,-0.1,-0.10000000000000003,-0.1,436.68,21.52,343.86,-0.2779853360529779,0.9605853178867106,36.6468,0.78,24.2,131.272,329.8212,0.242,0
2026-08-21 12:59:59+00:00,2026-08-21,12:30:00,12:59:59,2026-08-21T12:59:59+00:00,Singtam,27.234,88.501,0.0,3B-HHR-E.MS.MRG.3IMERG.20260821-S123000-E125959.0750.V07C.30min.tif,0.0,0.0,0.20000000000000012,0.5,0.4999999999999999,6.0,9.0,9.0,9.0,0.0,0.1,0.1,1.0,0.0,-0.10000000000000003,0.2,436.68,21.52,343.86,-0.2779853360529779,0.9605853178867106,36.6468,0.78,24.2,129.12,329.8212,0.242,0
2026-08-21 13:29:59+00:00,2026-08-21,13:00:00,13:29:59,2026-08-21T13:29:59+00:00,Singtam,27.234,88.501,0.1,3B-HHR-E.MS.MRG.3IMERG.20260821-S130000-E132959.0780.V07C.30min.tif,0.1,0.1,0.20000000000000012,0.5,0.5999999999999999,6.1000000000000005,9.1,9.1,9.1,0.1,0.1,0.1,1.0,0.1,-0.10000000000000003,0.2,436.68,21.52,343.86,-0.2779853360529779,0.9605853178867106,36.6468,0.78,24.2,131.27200000000002,333.48587999999995,0.242,0
2026-08-21 13:59:59+00:00,2026-08-21,13:30:00,13:59:59,2026-08-21T13:59:59+00:00,Singtam,27.234,88.501,0.2,3B-HHR-E.MS.MRG.3IMERG.20260821-S133000-E135959.0810.V07C.30min.tif,0.2,0.30000000000000004,0.30000000000000016,0.6000000000000001,0.7999999999999999,6.3,9.3,9.3,9.3,0.2,0.2,0.2,1.0,0.30000000000000004,0.0,0.30000000000000004,436.68,21.52,343.86,-0.2779853360529779,0.9605853178867106,36.6468,0.78,24.2,135.576,340.81524,0.484,0
2026-08-21 14:29:59+00:00,2026-08-21,14:00:00,14:29:59,2026-08-21T14:29:59+00:00,Singtam,27.234,88.501,0.1,3B-HHR-E.MS.MRG.3IMERG.20260821-S140000-E142959.0840.V07C.30min.tif,0.1,0.30000000000000004,0.40000000000000013,0.6000000000000001,0.8999999999999999,6.3,9.4,9.4,9.4,0.2,0.2,0.2,1.0,0.20000000000000004,0.2,0.10000000000000003,436.68,21.52,343.86,-0.2779853360529779,0.9605853178867106,36.6468,0.78,24.2,135.576,344.47992,0.484,0
2026-08-21 14:59:59+00:00,2026-08-21,14:30:00,14:59:59,2026-08-21T14:59:59+00:00,Singtam,27.234,88.501,0.0,3B-HHR-E.MS.MRG.3IMERG.20260821-S143000-E145959.0870.V07C.30min.tif,0.0,0.1,0.40000000000000013,0.6000000000000001,0.8999999999999999,6.1000000000000005,9.4,9.4,9.4,0.1,0.2,0.2,1.0,-0.20000000000000004,0.2,-0.5000000000000001,436.68,21.52,343.86,-0.2779853360529779,0.9605853178867106,36.6468,0.78,24.2,131.27200000000002,344.47992,0.484,0
2026-08-21 15:29:59+00:00,2026-08-21,15:00:00,15:29:59,2026-08-21T15:29:59+00:00,Singtam,27.234,88.501,0.0,3B-HHR-E.MS.MRG.3IMERG.20260821-S150000-E152959.0900.V07C.30min.tif,0.0,0.0,0.40000000000000013,0.6000000000000001,0.8999999999999999,5.8,9.4,9.4,9.4,0.0,0.2,0.2,1.0,-0.30000000000000004,0.2,-0.5000000000000001,436.68,21.52,343.86,-0.2779853360529779,0.9605853178867106,36.6468,0.78,24.2,124.81599999999999,344.47992,0.484,0
2026-08-21 15:59:59+00:00,2026-08-21,15:30:00,15:59:59,2026-08-21T15:59:59+00:00,Singtam,27.234,88.501,0.0,3B-HHR-E.MS.MRG.3IMERG.20260821-S153000-E155959.0930.V07C.30min.tif,0.0,0.0,0.40000000000000013,0.6000000000000001,0.8999999999999999,5.7,9.4,9.4,9.4,0.0,0.2,0.2,1.0,-0.1,0.2,0.10000000000000003,436.68,21.52,343.86,-0.2779853360529779,0.9605853178867106,36.6468,0.78,24.2,122.664,344.47992,0.484,0
2026-08-21 16:29:59+00:00,2026-08-21,16:00:00,16:29:59,2026-08-21T16:29:59+00:00,Singtam,27.234,88.501,0.0,3B-HHR-E.MS.MRG.3IMERG.20260821-S160000-E162959.0960.V07C.30min.tif,0.0,0.0,0.30000000000000016,0.5,0.8999999999999999,5.6000000000000005,9.4,9.4,9.4,0.0,0.2,0.2,1.0,0.0,0.10000000000000003,0.30000000000000004,436.68,21.52,343.86,-0.2779853360529779,0.9605853178867106,36.6468,0.78,24.2,120.51200000000001,344.47992,0.484,0
2026-08-21 16:59:59+00:00,2026-08-21,16:30:00,16:59:59,2026-08-21T16:59:59+00:00,Singtam,27.234,88.501,0.0,3B-HHR-E.MS.MRG.3IMERG.20260821-S163000-E165959.0990.V07C.30min.tif,0.0,0.0,0.10000000000000012,0.4,0.8999999999999999,5.6000000000000005,9.4,9.4,9.4,0.0,0.1,0.2,1.0,0.0,-0.20000000000000004,0.1,436.68,21.52,343.86,-0.2779853360529779,0.9605853178867106,36.6468,0.78,24.2,120.51200000000001,344.47992,0.242,0
2026-08-21 17:29:59+00:00,2026-08-21,17:00:00,17:29:59,2026-08-21T17:29:59+00:00,Singtam,27.234,88.501,0.0,3B-HHR-E.MS.MRG.3IMERG.20260821-S170000-E172959.1020.V07C.30min.tif,0.0,0.0,0.0,0.4,0.8999999999999999,5.1,9.4,9.4,9.4,0.0,0.0,0.2,1.0,0.0,-0.40000000000000013,0.0,436.68,21.52,343.86,-0.2779853360529779,0.9605853178867106,36.6468,0.78,24.2,109.752,344.47992,0.0,0
2026-08-21 17:59:59+00:00,2026-08-21,17:30:00,17:59:59,2026-08-21T17:59:59+00:00,Singtam,27.234,88.501,0.0,3B-HHR-E.MS.MRG.3IMERG.20260821-S173000-E175959.1050.V07C.30min.tif,0.0,0.0,0.0,0.4,0.8999999999999999,4.5,9.4,9.4,9.4,0.0,0.0,0.2,1.0,0.0,-0.40000000000000013,0.0,436.68,21.52,343.86,-0.2779853360529779,0.9605853178867106,36.6468,0.78,24.2,96.84,344.47992,0.0,0
2026-08-21 18:29:59+00:00,2026-08-21,18:00:00,18:29:59,2026-08-21T18:29:59+00:00,Singtam,27.234,88.501,0.0,3B-HHR-E.MS.MRG.3IMERG.20260821-S180000-E182959.1080.V07C.30min.tif,0.0,0.0,0.0,0.4,0.8999999999999999,4.5,9.4,9.4,9.4,0.0,0.0,0.2,1.0,0.0,-0.40000000000000013,0.0,436.68,21.52,343.86,-0.2779853360529779,0.9605853178867106,36.6468,0.78,24.2,96.84,344.47992,0.0,0
2026-08-21 18:59:59+00:00,2026-08-21,18:30:00,18:59:59,2026-08-21T18:59:59+00:00,Singtam,27.234,88.501,0.0,3B-HHR-E.MS.MRG.3IMERG.20260821-S183000-E185959.1110.V07C.30min.tif,0.0,0.0,0.0,0.4,0.8999999999999999,4.5,9.4,9.4,9.4,0.0,0.0,0.2,1.0,0.0,-0.40000000000000013,0.0,436.68,21.52,343.86,-0.2779853360529779,0.9605853178867106,36.6468,0.78,24.2,96.84,344.47992,0.0,0
2026-08-21 19:29:59+00:00,2026-08-21,19:00:00,19:29:59,2026-08-21T19:29:59+00:00,Singtam,27.234,88.501,0.7,3B-HHR-E.MS.MRG.3IMERG.20260821-S190000-E192959.1140.V07C.30min.tif,0.7,0.7,0.7000000000000001,1.0,1.5,4.199999999999999,10.1,10.1,10.1,0.7,0.7,0.7,1.0,0.7,0.3999999999999999,0.7,436.68,21.52,343.86,-0.2779853360529779,0.9605853178867106,36.6468,0.78,24.2,90.38399999999999,370.13268,1.694,0
2026-08-21 19:59:59+00:00,2026-08-21,19:30:00,19:59:59,2026-08-21T19:59:59+00:00,Singtam,27.234,88.501,0.1,3B-HHR-E.MS.MRG.3IMERG.20260821-S193000-E195959.1170.V07C.30min.tif,0.1,0.7999999999999999,0.8,0.9,1.4999999999999998,3.3,10.2,10.2,10.2,0.7,0.7,0.7,0.7,0.7999999999999999,0.7,0.7999999999999999,436.68,21.52,343.86,-0.2779853360529779,0.9605853178867106,36.6468,0.78,24.2,71.01599999999999,373.79735999999997,1.694,0
2026-08-21 20:29:59+00:00,2026-08-21,20:00:00,20:29:59,2026-08-21T20:29:59+00:00,Singtam,27.234,88.501,0.1,3B-HHR-E.MS.MRG.3IMERG.20260821-S200000-E202959.1200.V07C.30min.tif,0.1,0.2,0.9000000000000001,0.8999999999999999,1.5,2.7,10.3,10.3,10.3,0.1,0.7,0.7,0.7,-0.49999999999999994,0.9000000000000001,-1.2,436.68,21.52,343.86,-0.2779853360529779,0.9605853178867106,36.6468,0.78,24.2,58.104,377.46204,1.694,0
2026-08-21 20:59:59+00:00,2026-08-21,20:30:00,20:59:59,2026-08-21T20:59:59+00:00,Singtam,27.234,88.501,0.0,3B-HHR-E.MS.MRG.3IMERG.20260821-S203000-E205959.1230.V07C.30min.tif,0.0,0.1,0.9000000000000001,0.8999999999999999,1.5,2.1,10.3,10.3,10.3,0.1,0.7,0.7,0.7,-0.7,0.9000000000000001,-1.5,436.68,21.52,343.86,-0.2779853360529779,0.9605853178867106,36.6468,0.78,24.2,45.192,377.46204,1.694,0
2026-08-21 21:29:59+00:00,2026-08-21,21:00:00,21:29:59,2026-08-21T21:29:59+00:00,Singtam,27.234,88.501,0.1,3B-HHR-E.MS.MRG.3IMERG.20260821-S210000-E212959.1260.V07C.30min.tif,0.1,0.1,1.0,1.0,1.5999999999999999,2.0,10.4,10.4,10.4,0.1,0.7,0.7,0.7,-0.1,1.0,0.3999999999999999,436.68,21.52,343.86,-0.2779853360529779,0.9605853178867106,36.6468,0.78,24.2,43.04,381.12672,1.694,0
2026-08-21 21:59:59+00:00,2026-08-21,21:30:00,21:59:59,2026-08-21T21:59:59+00:00,Singtam,27.234,88.501,0.1,3B-HHR-E.MS.MRG.3IMERG.20260821-S213000-E215959.1290.V07C.30min.tif,0.1,0.2,1.1,1.1,1.7,2.0,10.5,10.5,10.5,0.1,0.7,0.7,0.7,0.1,1.1,0.7999999999999999,436.68,21.52,343.86,-0.2779853360529779,0.9605853178867106,36.6468,0.78,24.2,43.04,384.7914,1.694,0
2026-08-21 22:29:59+00:00,2026-08-21,22:00:00,22:29:59,2026-08-21T22:29:59+00:00,Singtam,27.234,88.501,0.0,3B-HHR-E.MS.MRG.3IMERG.20260821-S220000-E222959.1320.V07C.30min.tif,0.0,0.1,0.40000000000000013,1.1,1.5999999999999999,2.0,10.5,10.5,10.5,0.1,0.1,0.7,0.7,0.0,-0.29999999999999993,0.1,436.68,21.52,343.86,-0.2779853360529779,0.9605853178867106,36.6468,0.78,24.2,43.04,384.7914,0.242,0
2026-08-21 22:59:59+00:00,2026-08-21,22:30:00,22:59:59,2026-08-21T22:59:59+00:00,Singtam,27.234,88.501,0.0,3B-HHR-E.MS.MRG.3IMERG.20260821-S223000-E225959.1350.V07C.30min.tif,0.0,0.0,0.30000000000000016,1.1,1.5,2.0,10.5,10.5,10.5,0.0,0.1,0.7,0.7,-0.2,-0.4999999999999999,-0.30000000000000004,436.68,21.52,343.86,-0.2779853360529779,0.9605853178867106,36.6468,0.78,24.2,43.04,384.7914,0.242,0
2026-08-21 23:29:59+00:00,2026-08-21,23:00:00,23:29:59,2026-08-21T23:29:59+00:00,Singtam,27.234,88.501,0.0,3B-HHR-E.MS.MRG.3IMERG.20260821-S230000-E232959.1380.V07C.30min.tif,0.0,0.0,0.20000000000000012,1.1,1.5,2.0,10.5,10.5,10.5,0.0,0.1,0.7,0.7,-0.1,-0.7,-0.1,436.68,21.52,343.86,-0.2779853360529779,0.9605853178867106,36.6468,0.78,24.2,43.04,384.7914,0.242,0
2026-08-21 23:59:59+00:00,2026-08-21,23:30:00,23:59:59,2026-08-21T23:59:59+00:00,Singtam,27.234,88.501,0.0,3B-HHR-E.MS.MRG.3IMERG.20260821-S233000-E235959.1410.V07C.30min.tif,0.0,0.0,0.20000000000000012,1.1,1.5,2.0,10.5,10.5,10.5,0.0,0.1,0.7,0.7,0.0,-0.7,0.2,436.68,21.52,343.86,-0.2779853360529779,0.9605853178867106,36.6468,0.78,24.2,43.04,384.7914,0.242,0
2026-08-22 00:29:59+00:00,2026-08-22,00:00:00,00:29:59,2026-08-22T00:29:59+00:00,Singtam,27.234,88.501,0.0,3B-HHR-E.MS.MRG.3IMERG.20260822-S000000-E002959.0000.V07C.30min.tif,0.0,0.0,0.10000000000000012,1.1,1.5,2.0,10.5,10.5,10.5,0.0,0.1,0.7,0.7,0.0,-0.8999999999999999,0.1,436.68,21.52,343.86,-0.2779853360529779,0.9605853178867106,36.6468,0.78,24.2,43.04,384.7914,0.242,0
2026-08-22 00:59:59+00:00,2026-08-22,00:30:00,00:59:59,2026-08-22T00:59:59+00:00,Singtam,27.234,88.501,0.0,3B-HHR-E.MS.MRG.3IMERG.20260822-S003000-E005959.0030.V07C.30min.tif,0.0,0.0,0.0,1.1,1.5,2.0,10.5,10.5,10.5,0.0,0.0,0.7,0.7,0.0,-1.1,0.0,436.68,21.52,343.86,-0.2779853360529779,0.9605853178867106,36.6468,0.78,24.2,43.04,384.7914,0.0,0
2026-08-22 01:29:59+00:00,2026-08-22,01:00:00,01:29:59,2026-08-22T01:29:59+00:00,Singtam,27.234,88.501,0.0,3B-HHR-E.MS.MRG.3IMERG.20260822-S010000-E012959.0060.V07C.30min.tif,0.0,0.0,0.0,0.4,1.4,2.0,10.5,10.5,10.5,0.0,0.0,0.1,0.7,0.0,-0.40000000000000013,0.0,436.68,21.52,343.86,-0.2779853360529779,0.9605853178867106,36.6468,0.78,24.2,43.04,384.7914,0.0,0
2026-08-22 01:59:59+00:00,2026-08-22,01:30:00,01:59:59,2026-08-22T01:59:59+00:00,Singtam,27.234,88.501,0.0,3B-HHR-E.MS.MRG.3IMERG.20260822-S013000-E015959.0090.V07C.30min.tif,0.0,0.0,0.0,0.30000000000000004,1.2,2.0,10.5,10.5,10.5,0.0,0.0,0.1,0.7,0.0,-0.30000000000000016,0.0,436.68,21.52,343.86,-0.2779853360529779,0.9605853178867106,36.6468,0.78,24.2,43.04,384.7914,0.0,0
2026-08-22 02:29:59+00:00,2026-08-22,02:00:00,02:29:59,2026-08-22T02:29:59+00:00,Singtam,27.234,88.501,0.0,3B-HHR-E.MS.MRG.3IMERG.20260822-S020000-E022959.0120.V07C.30min.tif,0.0,0.0,0.0,0.2,1.0999999999999999,2.0,10.5,10.5,10.5,0.0,0.0,0.1,0.7,0.0,-0.20000000000000012,0.0,436.68,21.52,343.86,-0.2779853360529779,0.9605853178867106,36.6468,0.78,24.2,43.04,384.7914,0.0,0
2026-08-22 02:59:59+00:00,2026-08-22,02:30:00,02:59:59,2026-08-22T02:59:59+00:00,Singtam,27.234,88.501,0.0,3B-HHR-E.MS.MRG.3IMERG.20260822-S023000-E025959.0150.V07C.30min.tif,0.0,0.0,0.0,0.2,1.0999999999999999,2.0,10.5,10.5,10.5,0.0,0.0,0.1,0.7,0.0,-0.20000000000000012,0.0,436.68,21.52,343.86,-0.2779853360529779,0.9605853178867106,36.6468,0.78,24.2,43.04,384.7914,0.0,0
2026-08-22 03:29:59+00:00,2026-08-22,03:00:00,03:29:59,2026-08-22T03:29:59+00:00,Singtam,27.234,88.501,0.0,3B-HHR-E.MS.MRG.3IMERG.20260822-S030000-E032959.0180.V07C.30min.tif,0.0,0.0,0.0,0.1,1.0999999999999999,2.0,10.5,10.5,10.5,0.0,0.0,0.1,0.7,0.0,-0.10000000000000012,0.0,436.68,21.52,343.86,-0.2779853360529779,0.9605853178867106,36.6468,0.78,24.2,43.04,384.7914,0.0,0
2026-08-22 03:59:59+00:00,2026-08-22,03:30:00,03:59:59,2026-08-22T03:59:59+00:00,Singtam,27.234,88.501,0.0,3B-HHR-E.MS.MRG.3IMERG.20260822-S033000-E035959.0210.V07C.30min.tif,0.0,0.0,0.0,0.0,1.0999999999999999,2.0,10.5,10.5,10.5,0.0,0.0,0.0,0.7,0.0,0.0,0.0,436.68,21.52,343.86,-0.2779853360529779,0.9605853178867106,36.6468,0.78,24.2,43.04,384.7914,0.0,0
2026-08-22 04:29:59+00:00,2026-08-22,04:00:00,04:29:59,2026-08-22T04:29:59+00:00,Singtam,27.234,88.501,0.0,3B-HHR-E.MS.MRG.3IMERG.20260822-S040000-E042959.0240.V07C.30min.tif,0.0,0.0,0.0,0.0,1.0999999999999999,2.0,10.5,10.5,10.5,0.0,0.0,0.0,0.7,0.0,0.0,0.0,436.68,21.52,343.86,-0.2779853360529779,0.9605853178867106,36.6468,0.78,24.2,43.04,384.7914,0.0,0
2026-08-22 04:59:59+00:00,2026-08-22,04:30:00,04:59:59,2026-08-22T04:59:59+00:00,Singtam,27.234,88.501,0.1,3B-HHR-E.MS.MRG.3IMERG.20260822-S043000-E045959.0270.V07C.30min.tif,0.1,0.1,0.10000000000000012,0.1,1.2,2.1,10.6,10.6,10.6,0.1,0.1,0.1,0.7,0.1,0.10000000000000012,0.1,436.68,21.52,343.86,-0.2779853360529779,0.9605853178867106,36.6468,0.78,24.2,45.192,388.45608,0.242,0
2026-08-22 05:29:59+00:00,2026-08-22,05:00:00,05:29:59,2026-08-22T05:29:59+00:00,Singtam,27.234,88.501,0.0,3B-HHR-E.MS.MRG.3IMERG.20260822-S050000-E052959.0300.V07C.30min.tif,0.0,0.1,0.10000000000000012,0.1,1.2,2.1,10.6,10.6,10.6,0.1,0.1,0.1,0.7,0.1,0.10000000000000012,0.1,436.68,21.52,343.86,-0.2779853360529779,0.9605853178867106,36.6468,0.78,24.2,45.192,388.45608,0.242,0
2026-08-22 05:59:59+00:00,2026-08-22,05:30:00,05:59:59,2026-08-22T05:59:59+00:00,Singtam,27.234,88.501,0.0,3B-HHR-E.MS.MRG.3IMERG.20260822-S053000-E055959.0330.V07C.30min.tif,0.0,0.0,0.10000000000000012,0.1,1.2,2.1,10.6,10.6,10.6,0.0,0.1,0.1,0.7,-0.1,0.10000000000000012,-0.2,436.68,21.52,343.86,-0.2779853360529779,0.9605853178867106,36.6468,0.78,24.2,45.192,388.45608,0.242,0
2026-08-22 06:29:59+00:00,2026-08-22,06:00:00,06:29:59,2026-08-22T06:29:59+00:00,Singtam,27.234,88.501,0.0,3B-HHR-E.MS.MRG.3IMERG.20260822-S060000-E062959.0360.V07C.30min.tif,0.0,0.0,0.10000000000000012,0.1,1.2,2.1,10.6,10.6,10.6,0.0,0.1,0.1,0.7,-0.1,0.10000000000000012,-0.2,436.68,21.52,343.86,-0.2779853360529779,0.9605853178867106,36.6468,0.78,24.2,45.192,388.45608,0.242,0
2026-08-22 06:59:59+00:00,2026-08-22,06:30:00,06:59:59,2026-08-22T06:59:59+00:00,Singtam,27.234,88.501,0.0,3B-HHR-E.MS.MRG.3IMERG.20260822-S063000-E065959.0390.V07C.30min.tif,0.0,0.0,0.10000000000000012,0.1,1.2,2.1,10.6,10.6,10.6,0.0,0.1,0.1,0.7,0.0,0.10000000000000012,0.1,436.68,21.52,343.86,-0.2779853360529779,0.9605853178867106,36.6468,0.78,24.2,45.192,388.45608,0.242,0
2026-08-22 07:29:59+00:00,2026-08-22,07:00:00,07:29:59,2026-08-22T07:29:59+00:00,Singtam,27.234,88.501,0.0,3B-HHR-E.MS.MRG.3IMERG.20260822-S070000-E072959.0420.V07C.30min.tif,0.0,0.0,0.10000000000000012,0.1,0.4999999999999999,1.9999999999999998,10.6,10.6,10.6,0.0,0.1,0.1,0.7,0.0,0.10000000000000012,0.1,436.68,21.52,343.86,-0.2779853360529779,0.9605853178867106,36.6468,0.78,24.2,43.03999999999999,388.45608,0.242,0
2026-08-22 07:59:59+00:00,2026-08-22,07:30:00,07:59:59,2026-08-22T07:59:59+00:00,Singtam,27.234,88.501,0.1,3B-HHR-E.MS.MRG.3IMERG.20260822-S073000-E075959.0450.V07C.30min.tif,0.1,0.1,0.10000000000000012,0.2,0.49999999999999994,2.0,10.7,10.7,10.7,0.1,0.1,0.1,0.7,0.1,0.0,0.1,436.68,21.52,343.86,-0.2779853360529779,0.9605853178867106,36.6468,0.78,24.2,43.04,392.12075999999996,0.242,0
2026-08-22 08:29:59+00:00,2026-08-22,08:00:00,08:29:59,2026-08-22T08:29:59+00:00,Singtam,27.234,88.501,0.1,3B-HHR-E.MS.MRG.3IMERG.20260822-S080000-E082959.0480.V07C.30min.tif,0.1,0.2,0.20000000000000012,0.30000000000000004,0.4999999999999999,1.9999999999999998,10.8,10.8,10.8,0.1,0.1,0.1,0.7,0.2,0.1,0.2,436.68,21.52,343.86,-0.2779853360529779,0.9605853178867106,36.6468,0.78,24.2,43.03999999999999,395.78544,0.242,0
2026-08-22 08:59:59+00:00,2026-08-22,08:30:00,08:59:59,2026-08-22T08:59:59+00:00,Singtam,27.234,88.501,0.1,3B-HHR-E.MS.MRG.3IMERG.20260822-S083000-E085959.0510.V07C.30min.tif,0.1,0.2,0.30000000000000016,0.4,0.5999999999999999,2.0999999999999996,10.9,10.9,10.9,0.1,0.1,0.1,0.7,0.1,0.20000000000000004,0.0,436.68,21.52,343.86,-0.2779853360529779,0.9605853178867106,36.6468,0.78,24.2,45.19199999999999,399.45012,0.242,0
2026-08-22 09:29:59+00:00,2026-08-22,09:00:00,09:29:59,2026-08-22T09:29:59+00:00,Singtam,27.234,88.501,0.0,3B-HHR-E.MS.MRG.3IMERG.20260822-S090000-E092959.0540.V07C.30min.tif,0.0,0.1,0.30000000000000016,0.4,0.49999999999999994,2.0999999999999996,10.8,10.9,10.9,0.1,0.1,0.1,0.7,-0.1,0.20000000000000004,-0.30000000000000004,436.68,21.52,343.86,-0.2779853360529779,0.9605853178867106,36.6468,0.78,24.2,45.19199999999999,399.45012,0.242,0
2026-08-22 09:59:59+00:00,2026-08-22,09:30:00,09:59:59,2026-08-22T09:59:59+00:00,Singtam,27.234,88.501,2.7,3B-HHR-E.MS.MRG.3IMERG.20260822-S093000-E095959.0570.V07C.30min.tif,2.7,2.7,3.0000000000000004,3.1,3.1,4.8,13.3,13.600000000000001,13.600000000000001,2.7,2.7,2.7,2.7,2.5,2.9000000000000004,2.4,436.68,21.52,343.86,-0.2779853360529779,0.9605853178867106,36.6468,0.78,24.2,103.29599999999999,498.39648000000005,6.534,0
2026-08-22 10:29:59+00:00,2026-08-22,10:00:00,10:29:59,2026-08-22T10:29:59+00:00,Singtam,27.234,88.501,2.8,3B-HHR-E.MS.MRG.3IMERG.20260822-S100000-E102959.0600.V07C.30min.tif,2.8,5.5,5.800000000000001,5.9,5.9,7.5,15.3,16.4,16.4,2.8,2.8,2.8,2.8,5.4,5.7,5.5,436.68,21.52,343.86,-0.2779853360529779,0.9605853178867106,36.6468,0.78,24.2,161.4,601.0075199999999,6.776,0
2026-08-22 10:59:59+00:00,2026-08-22,10:30:00,10:59:59,2026-08-22T10:59:59+00:00,Singtam,27.234,88.501,3.1,3B-HHR-E.MS.MRG.3IMERG.20260822-S103000-E105959.0630.V07C.30min.tif,3.1,5.9,8.8,8.9,9.0,10.5,17.6,19.5,19.5,3.1,3.1,3.1,3.1,3.2,8.700000000000001,0.7000000000000002,436.68,21.52,343.86,-0.2779853360529779,0.9605853178867106,36.6468,0.78,24.2,225.96,714.6125999999999,7.502,1
2026-08-22 11:29:59+00:00,2026-08-22,11:00:00,11:29:59,2026-08-22T11:29:59+00:00,Singtam,27.234,88.501,1.4,3B-HHR-E.MS.MRG.3IMERG.20260822-S110000-E112959.0660.V07C.30min.tif,1.4,4.5,10.100000000000001,10.3,10.4,11.899999999999999,18.5,20.9,20.9,3.1,3.1,3.1,3.1,-1.0,9.900000000000002,-6.4,436.68,21.52,343.86,-0.2779853360529779,0.9605853178867106,36.6468,0.78,24.2,256.08799999999997,765.9181199999999,7.502,1
2026-08-22 11:59:59+00:00,2026-08-22,11:30:00,11:59:59,2026-08-22T11:59:59+00:00,Singtam,27.234,88.501,0.3,3B-HHR-E.MS.MRG.3IMERG.20260822-S113000-E115959.0690.V07C.30min.tif,0.3,1.7,10.299999999999999,10.6,10.7,12.2,18.400000000000002,21.2,21.2,1.4,3.1,3.1,3.1,-4.2,9.999999999999998,-7.4,436.68,21.52,343.86,-0.2779853360529779,0.9605853178867106,36.6468,0.78,24.2,262.544,776.91216,7.502,0
2026-08-22 12:29:59+00:00,2026-08-22,12:00:00,12:29:59,2026-08-22T12:29:59+00:00,Singtam,27.234,88.501,0.1,3B-HHR-E.MS.MRG.3IMERG.20260822-S120000-E122959.0720.V07C.30min.tif,0.1,0.4,10.4,10.700000000000001,10.8,12.299999999999999,18.4,21.3,21.3,0.3,3.1,3.1,3.1,-4.1,10.1,-3.0999999999999996,436.68,21.52,343.86,-0.2779853360529779,0.9605853178867106,36.6468,0.78,24.2,264.69599999999997,780.57684,7.502,0
2026-08-22 12:59:59+00:00,2026-08-22,12:30:00,12:59:59,2026-08-22T12:59:59+00:00,Singtam,27.234,88.501,0.3,3B-HHR-E.MS.MRG.3IMERG.20260822-S123000-E125959.0750.V07C.30min.tif,0.3,0.39999999999999997,8.0,11.0,11.1,12.6,18.599999999999998,21.6,21.6,0.3,3.1,3.1,3.1,-1.3,5.0,2.9000000000000004,436.68,21.52,343.86,-0.2779853360529779,0.9605853178867106,36.6468,0.78,24.2,271.152,791.57088,7.502,0
2026-08-22 13:29:59+00:00,2026-08-22,13:00:00,13:29:59,2026-08-22T13:29:59+00:00,Singtam,27.234,88.501,0.4,3B-HHR-E.MS.MRG.3IMERG.20260822-S130000-E132959.0780.V07C.30min.tif,0.4,0.7,5.6000000000000005,11.4,11.5,12.9,19.0,22.0,22.0,0.4,3.1,3.1,3.1,0.29999999999999993,-0.20000000000000018,4.3999999999999995,436.68,21.52,343.86,-0.2779853360529779,0.9605853178867106,36.6468,0.78,24.2,277.608,806.2296,7.502,0
2026-08-22 13:59:59+00:00,2026-08-22,13:30:00,13:59:59,2026-08-22T13:59:59+00:00,Singtam,27.234,88.501,0.1,3B-HHR-E.MS.MRG.3IMERG.20260822-S133000-E135959.0810.V07C.30min.tif,0.1,0.5,2.6000000000000005,11.4,11.6,12.8,19.099999999999998,22.1,22.1,0.4,1.4,3.1,3.1,0.10000000000000003,-6.2,1.4000000000000001,436.68,21.52,343.86,-0.2779853360529779,0.9605853178867106,36.6468,0.78,24.2,275.456,809.89428,3.388,0
2026-08-22 14:29:59+00:00,2026-08-22,14:00:00,14:29:59,2026-08-22T14:29:59+00:00,Singtam,27.234,88.501,0.1,3B-HHR-E.MS.MRG.3IMERG.20260822-S140000-E142959.0840.V07C.30min.tif,0.1,0.2,1.3000000000000005,11.399999999999999,11.7,12.799999999999999,19.1,22.2,22.2,0.1,0.4,3.1,3.1,-0.49999999999999994,-8.8,-0.7999999999999998,436.68,21.52,343.86,-0.2779853360529779,0.9605853178867106,36.6468,0.78,24.2,275.45599999999996,813.55896,0.968,0
2026-08-22 14:59:59+00:00,2026-08-22,14:30:00,14:59:59,2026-08-22T14:59:59+00:00,Singtam,27.234,88.501,0.1,3B-HHR-E.MS.MRG.3IMERG.20260822-S143000-E145959.0870.V07C.30min.tif,0.1,0.2,1.1000000000000003,11.4,11.8,12.899999999999999,19.0,22.3,22.3,0.1,0.4,3.1,3.1,-0.3,-9.2,-0.4,436.68,21.52,343.86,-0.2779853360529779,0.9605853178867106,36.6468,0.78,24.2,277.60799999999995,817.22364,0.968,0
2026-08-22 15:29:59+00:00,2026-08-22,15:00:00,15:29:59,2026-08-22T15:29:59+00:00,Singtam,27.234,88.501,0.1,3B-HHR-E.MS.MRG.3IMERG.20260822-S150000-E152959.0900.V07C.30min.tif,0.1,0.2,1.1000000000000005,11.5,11.9,13.0,18.8,22.4,22.4,0.1,0.4,3.1,3.1,0.0,-9.3,0.49999999999999994,436.68,21.52,343.86,-0.2779853360529779,0.9605853178867106,36.6468,0.78,24.2,279.76,820.8883199999999,0.968,0
2026-08-22 15:59:59+00:00,2026-08-22,15:30:00,15:59:59,2026-08-22T15:59:59+00:00,Singtam,27.234,88.501,0.1,3B-HHR-E.MS.MRG.3IMERG.20260822-S153000-E155959.0930.V07C.30min.tif,0.1,0.2,0.9000000000000005,8.9,12.0,13.1,18.8,22.5,22.5,0.1,0.4,3.1,3.1,0.0,-7.1,0.3,436.68,21.52,343.86,-0.2779853360529779,0.9605853178867106,36.6468,0.78,24.2,281.912,824.553,0.968,0
2026-08-22 16:29:59+00:00,2026-08-22,16:00:00,16:29:59,2026-08-22T16:29:59+00:00,Singtam,27.234,88.501,0.1,3B-HHR-E.MS.MRG.3IMERG.20260822-S160000-E162959.0960.V07C.30min.tif,0.1,0.2,0.6000000000000001,6.199999999999999,12.1,13.2,18.8,22.6,22.6,0.1,0.1,3.1,3.1,0.0,-5.0,0.0,436.68,21.52,343.86,-0.2779853360529779,0.9605853178867106,36.6468,0.78,24.2,284.06399999999996,828.21768,0.242,0
2026-08-22 16:59:59+00:00,2026-08-22,16:30:00,16:59:59,2026-08-22T16:59:59+00:00,Singtam,27.234,88.501,0.0,3B-HHR-E.MS.MRG.3IMERG.20260822-S163000-E165959.0990.V07C.30min.tif,0.0,0.1,0.5000000000000004,3.1,12.0,13.2,18.8,22.6,22.6,0.1,0.1,1.4,3.1,-0.1,-2.1,-0.1,436.68,21.52,343.86,-0.2779853360529779,0.9605853178867106,36.6468,0.78,24.2,284.06399999999996,828.21768,0.242,0
2026-08-22 17:29:59+00:00,2026-08-22,17:00:00,17:29:59,2026-08-22T17:29:59+00:00,Singtam,27.234,88.501,0.0,3B-HHR-E.MS.MRG.3IMERG.20260822-S170000-E172959.1020.V07C.30min.tif,0.0,0.0,0.40000000000000047,1.7,12.0,13.2,18.3,22.6,22.6,0.0,0.1,0.4,3.1,-0.2,-0.9,-0.2,436.68,21.52,343.86,-0.2779853360529779,0.9605853178867106,36.6468,0.78,24.2,284.06399999999996,828.21768,0.242,0
2026-08-22 17:59:59+00:00,2026-08-22,17:30:00,17:59:59,2026-08-22T17:59:59+00:00,Singtam,27.234,88.501,0.0,3B-HHR-E.MS.MRG.3IMERG.20260822-S173000-E175959.1050.V07C.30min.tif,0.0,0.0,0.3000000000000005,1.4,12.0,13.2,17.7,22.6,22.6,0.0,0.1,0.4,3.1,-0.1,-0.7999999999999998,0.0,436.68,21.52,343.86,-0.2779853360529779,0.9605853178867106,36.6468,0.78,24.2,284.06399999999996,828.21768,0.242,0
2026-08-22 18:29:59+00:00,2026-08-22,18:00:00,18:29:59,2026-08-22T18:29:59+00:00,Singtam,27.234,88.501,0.0,3B-HHR-E.MS.MRG.3IMERG.20260822-S180000-E182959.1080.V07C.30min.tif,0.0,0.0,0.20000000000000046,1.3,12.0,13.2,17.7,22.6,22.6,0.0,0.1,0.4,3.1,0.0,-0.9000000000000001,0.2,436.68,21.52,343.86,-0.2779853360529779,0.9605853178867106,36.6468,0.78,24.2,284.06399999999996,828.21768,0.242,0
2026-08-22 18:59:59+00:00,2026-08-22,18:30:00,18:59:59,2026-08-22T18:59:59+00:00,Singtam,27.234,88.501,0.0,3B-HHR-E.MS.MRG.3IMERG.20260822-S183000-E185959.1110.V07C.30min.tif,0.0,0.0,0.10000000000000045,1.0,12.0,13.2,17.7,22.6,22.6,0.0,0.1,0.4,3.1,0.0,-0.8,0.1,436.68,21.52,343.86,-0.2779853360529779,0.9605853178867106,36.6468,0.78,24.2,284.06399999999996,828.21768,0.242,0
2026-08-22 19:29:59+00:00,2026-08-22,19:00:00,19:29:59,2026-08-22T19:29:59+00:00,Singtam,27.234,88.501,0.0,3B-HHR-E.MS.MRG.3IMERG.20260822-S190000-E192959.1140.V07C.30min.tif,0.0,0.0,0.0,0.6000000000000001,12.0,12.5,16.7,22.6,22.6,0.0,0.0,0.1,3.1,0.0,-0.6000000000000001,0.0,436.68,21.52,343.86,-0.2779853360529779,0.9605853178867106,36.6468,0.78,24.2,269.0,828.21768,0.0,0
2026-08-22 19:59:59+00:00,2026-08-22,19:30:00,19:59:59,2026-08-22T19:59:59+00:00,Singtam,27.234,88.501,1.5,3B-HHR-E.MS.MRG.3IMERG.20260822-S193000-E195959.1170.V07C.30min.tif,1.5,1.5,1.5000000000000004,2.0,13.4,13.9,17.2,24.1,24.1,1.5,1.5,1.5,3.1,1.5,1.0,1.5,436.68,21.52,343.86,-0.2779853360529779,0.9605853178867106,36.6468,0.78,24.2,299.128,883.1878800000001,3.63,0
2026-08-22 20:29:59+00:00,2026-08-22,20:00:00,20:29:59,2026-08-22T20:29:59+00:00,Singtam,27.234,88.501,1.4,3B-HHR-E.MS.MRG.3IMERG.20260822-S200000-E202959.1200.V07C.30min.tif,1.4,2.9,2.9000000000000004,3.3,14.7,15.200000000000001,17.900000000000002,25.5,25.5,1.5,1.5,1.5,3.1,2.9,2.5,2.9,436.68,21.52,343.86,-0.2779853360529779,0.9605853178867106,36.6468,0.78,24.2,327.10400000000004,934.4934,3.63,0
2026-08-22 20:59:59+00:00,2026-08-22,20:30:00,20:59:59,2026-08-22T20:59:59+00:00,Singtam,27.234,88.501,1.5,3B-HHR-E.MS.MRG.3IMERG.20260822-S203000-E205959.1230.V07C.30min.tif,1.5,2.9,4.4,4.699999999999999,16.099999999999998,16.7,18.8,27.0,27.0,1.5,1.5,1.5,3.1,1.4,4.1,-0.10000000000000009,436.68,21.52,343.86,-0.2779853360529779,0.9605853178867106,36.6468,0.78,24.2,359.38399999999996,989.4635999999999,3.63,0
2026-08-22 21:29:59+00:00,2026-08-22,21:00:00,21:29:59,2026-08-22T21:29:59+00:00,Singtam,27.234,88.501,1.2,3B-HHR-E.MS.MRG.3IMERG.20260822-S210000-E212959.1260.V07C.30min.tif,1.2,2.7,5.6000000000000005,5.8,17.3,17.799999999999997,19.8,28.2,28.2,1.5,1.5,1.5,3.1,-0.19999999999999973,5.4,-3.0999999999999996,436.68,21.52,343.86,-0.2779853360529779,0.9605853178867106,36.6468,0.78,24.2,383.0559999999999,1033.43976,3.63,0
2026-08-22 21:59:59+00:00,2026-08-22,21:30:00,21:59:59,2026-08-22T21:59:59+00:00,Singtam,27.234,88.501,0.9,3B-HHR-E.MS.MRG.3IMERG.20260822-S213000-E215959.1290.V07C.30min.tif,0.9,2.1,6.5,6.6,15.5,18.6,20.599999999999998,29.1,29.1,1.2,1.5,1.5,3.1,-0.7999999999999998,6.3999999999999995,-2.1999999999999997,436.68,21.52,343.86,-0.2779853360529779,0.9605853178867106,36.6468,0.78,24.2,400.27200000000005,1066.42188,3.63,0
2026-08-22 22:29:59+00:00,2026-08-22,22:00:00,22:29:59,2026-08-22T22:29:59+00:00,Singtam,27.234,88.501,0.5,3B-HHR-E.MS.MRG.3IMERG.20260822-S220000-E222959.1320.V07C.30min.tif,0.5,1.4,7.0,7.0,13.2,19.1,21.099999999999998,29.6,29.6,0.9,1.5,1.5,3.1,-1.3000000000000003,7.0,-1.1000000000000005,436.68,21.52,343.86,-0.2779853360529779,0.9605853178867106,36.6468,0.78,24.2,411.03200000000004,1084.74528,3.63,0
2026-08-22 22:59:59+00:00,2026-08-22,22:30:00,22:59:59,2026-08-22T22:59:59+00:00,Singtam,27.234,88.501,0.5,3B-HHR-E.MS.MRG.3IMERG.20260822-S223000-E225959.1350.V07C.30min.tif,0.5,1.0,6.0,7.5,10.6,19.6,21.599999999999998,30.1,30.1,0.5,1.5,1.5,3.1,-1.1,4.5,-0.30000000000000027,436.68,21.52,343.86,-0.2779853360529779,0.9605853178867106,36.6468,0.78,24.2,421.79200000000003,1103.06868,3.63,0
2026-08-22 23:29:59+00:00,2026-08-22,23:00:00,23:29:59,2026-08-22T23:29:59+00:00,Singtam,27.234,88.501,0.1,3B-HHR-E.MS.MRG.3IMERG.20260822-S230000-E232959.1380.V07C.30min.tif,0.1,0.6,4.7,7.6,9.299999999999999,19.700000000000003,21.7,30.2,30.2,0.5,1.5,1.5,3.1,-0.7999999999999999,1.7999999999999998,0.5000000000000003,436.68,21.52,343.86,-0.2779853360529779,0.9605853178867106,36.6468,0.78,24.2,423.9440000000001,1106.73336,3.63,0
2026-08-22 23:59:59+00:00,2026-08-22,23:30:00,23:59:59,2026-08-22T23:59:59+00:00,Singtam,27.234,88.501,0.1,3B-HHR-E.MS.MRG.3IMERG.20260822-S233000-E235959.1410.V07C.30min.tif,0.1,0.2,3.3000000000000003,7.7,9.1,19.8,21.799999999999997,30.3,30.3,0.1,1.2,1.5,3.1,-0.8,-1.1,0.30000000000000004,436.68,21.52,343.86,-0.2779853360529779,0.9605853178867106,36.6468,0.78,24.2,426.096,1110.39804,2.904,0
2026-08-23 00:29:59+00:00,2026-08-23,00:00:00,00:29:59,2026-08-23T00:29:59+00:00,Singtam,27.234,88.501,0.0,3B-HHR-E.MS.MRG.3IMERG.20260823-S000000-E002959.0000.V07C.30min.tif,0.0,0.1,2.1000000000000005,7.7,8.999999999999998,19.8,21.799999999999997,30.3,30.3,0.1,0.9,1.5,3.1,-0.5,-3.5,0.29999999999999993,436.68,21.52,343.86,-0.2779853360529779,0.9605853178867106,36.6468,0.78,24.2,426.096,1110.39804,2.178,0
2026-08-23 00:59:59+00:00,2026-08-23,00:30:00,00:59:59,2026-08-23T00:59:59+00:00,Singtam,27.234,88.501,0.0,3B-HHR-E.MS.MRG.3IMERG.20260823-S003000-E005959.0030.V07C.30min.tif,0.0,0.0,1.2000000000000004,7.7,8.7,19.8,21.799999999999997,30.3,30.3,0.0,0.5,1.5,3.1,-0.2,-5.3,0.6000000000000001,436.68,21.52,343.86,-0.2779853360529779,0.9605853178867106,36.6468,0.78,24.2,426.096,1110.39804,1.21,0
2026-08-23 01:29:59+00:00,2026-08-23,01:00:00,01:29:59,2026-08-23T01:29:59+00:00,Singtam,27.234,88.501,0.0,3B-HHR-E.MS.MRG.3IMERG.20260823-S010000-E012959.0060.V07C.30min.tif,0.0,0.0,0.7000000000000004,7.7,8.299999999999999,19.8,21.799999999999997,30.3,30.3,0.0,0.5,1.5,3.1,-0.1,-6.3,0.4,436.68,21.52,343.86,-0.2779853360529779,0.9605853178867106,36.6468,0.78,24.2,426.096,1110.39804,1.21,0
2026-08-23 01:59:59+00:00,2026-08-23,01:30:00,01:59:59,2026-08-23T01:59:59+00:00,Singtam,27.234,88.501,0.0,3B-HHR-E.MS.MRG.3IMERG.20260823-S013000-E015959.0090.V07C.30min.tif,0.0,0.0,0.20000000000000046,6.2,8.2,19.8,21.799999999999997,30.3,30.3,0.0,0.1,1.5,3.1,0.0,-5.8,0.2,436.68,21.52,343.86,-0.2779853360529779,0.9605853178867106,36.6468,0.78,24.2,426.096,1110.39804,0.242,0
2026-08-23 02:29:59+00:00,2026-08-23,02:00:00,02:29:59,2026-08-23T02:29:59+00:00,Singtam,27.234,88.501,0.0,3B-HHR-E.MS.MRG.3IMERG.20260823-S020000-E022959.0120.V07C.30min.tif,0.0,0.0,0.10000000000000045,4.800000000000001,8.1,19.8,21.799999999999997,30.3,30.3,0.0,0.1,1.5,3.1,0.0,-4.6,0.1,436.68,21.52,343.86,-0.2779853360529779,0.9605853178867106,36.6468,0.78,24.2,426.096,1110.39804,0.242,0
2026-08-23 02:59:59+00:00,2026-08-23,02:30:00,02:59:59,2026-08-23T02:59:59+00:00,Singtam,27.234,88.501,0.0,3B-HHR-E.MS.MRG.3IMERG.20260823-S023000-E025959.0150.V07C.30min.tif,0.0,0.0,0.0,3.3,8.0,19.8,21.799999999999997,30.3,30.3,0.0,0.0,1.2,3.1,0.0,-3.3000000000000003,0.0,436.68,21.52,343.86,-0.2779853360529779,0.9605853178867106,36.6468,0.78,24.2,426.096,1110.39804,0.0,0
2026-08-23 03:29:59+00:00,2026-08-23,03:00:00,03:29:59,2026-08-23T03:29:59+00:00,Singtam,27.234,88.501,0.0,3B-HHR-E.MS.MRG.3IMERG.20260823-S030000-E032959.0180.V07C.30min.tif,0.0,0.0,0.0,2.0999999999999996,7.9,19.8,21.799999999999997,30.3,30.3,0.0,0.0,0.9,3.1,0.0,-2.1000000000000005,0.0,436.68,21.52,343.86,-0.2779853360529779,0.9605853178867106,36.6468,0.78,24.2,426.096,1110.39804,0.0,0
2026-08-23 03:59:59+00:00,2026-08-23,03:30:00,03:59:59,2026-08-23T03:59:59+00:00,Singtam,27.234,88.501,0.0,3B-HHR-E.MS.MRG.3IMERG.20260823-S033000-E035959.0210.V07C.30min.tif,0.0,0.0,0.0,1.2,7.8,19.8,21.799999999999997,30.3,30.3,0.0,0.0,0.5,3.1,0.0,-1.2000000000000004,0.0,436.68,21.52,343.86,-0.2779853360529779,0.9605853178867106,36.6468,0.78,24.2,426.096,1110.39804,0.0,0
2026-08-23 04:29:59+00:00,2026-08-23,04:00:00,04:29:59,2026-08-23T04:29:59+00:00,Singtam,27.234,88.501,0.0,3B-HHR-E.MS.MRG.3IMERG.20260823-S040000-E042959.0240.V07C.30min.tif,0.0,0.0,0.0,0.7,7.7,19.8,21.799999999999997,30.3,30.3,0.0,0.0,0.5,3.1,0.0,-0.7000000000000004,0.0,436.68,21.52,343.86,-0.2779853360529779,0.9605853178867106,36.6468,0.78,24.2,426.096,1110.39804,0.0,0
2026-08-23 04:59:59+00:00,2026-08-23,04:30:00,04:59:59,2026-08-23T04:59:59+00:00,Singtam,27.234,88.501,0.0,3B-HHR-E.MS.MRG.3IMERG.20260823-S043000-E045959.0270.V07C.30min.tif,0.0,0.0,0.0,0.2,7.7,19.7,21.799999999999997,30.3,30.3,0.0,0.0,0.1,3.1,0.0,-0.20000000000000046,0.0,436.68,21.52,343.86,-0.2779853360529779,0.9605853178867106,36.6468,0.78,24.2,423.94399999999996,1110.39804,0.0,0
2026-08-23 05:29:59+00:00,2026-08-23,05:00:00,05:29:59,2026-08-23T05:29:59+00:00,Singtam,27.234,88.501,0.0,3B-HHR-E.MS.MRG.3IMERG.20260823-S050000-E052959.0300.V07C.30min.tif,0.0,0.0,0.0,0.1,7.7,19.7,21.799999999999997,30.3,30.3,0.0,0.0,0.1,3.1,0.0,-0.10000000000000045,0.0,436.68,21.52,343.86,-0.2779853360529779,0.9605853178867106,36.6468,0.78,24.2,423.94399999999996,1110.39804,0.0,0
2026-08-23 05:59:59+00:00,2026-08-23,05:30:00,05:59:59,2026-08-23T05:59:59+00:00,Singtam,27.234,88.501,0.0,3B-HHR-E.MS.MRG.3IMERG.20260823-S053000-E055959.0330.V07C.30min.tif,0.0,0.0,0.0,0.0,7.7,19.7,21.799999999999997,30.3,30.3,0.0,0.0,0.0,3.1,0.0,0.0,0.0,436.68,21.52,343.86,-0.2779853360529779,0.9605853178867106,36.6468,0.78,24.2,423.94399999999996,1110.39804,0.0,0
2026-08-23 06:29:59+00:00,2026-08-23,06:00:00,06:29:59,2026-08-23T06:29:59+00:00,Singtam,27.234,88.501,0.1,3B-HHR-E.MS.MRG.3IMERG.20260823-S060000-E062959.0360.V07C.30min.tif,0.1,0.1,0.10000000000000045,0.1,7.8,19.8,21.9,30.4,30.4,0.1,0.1,0.1,3.1,0.1,0.10000000000000045,0.1,436.68,21.52,343.86,-0.2779853360529779,0.9605853178867106,36.6468,0.78,24.2,426.096,1114.06272,0.242,0
2026-08-23 06:59:59+00:00,2026-08-23,06:30:00,06:59:59,2026-08-23T06:59:59+00:00,Singtam,27.234,88.501,1.6,3B-HHR-E.MS.MRG.3IMERG.20260823-S063000-E065959.0390.V07C.30min.tif,1.6,1.7000000000000002,1.7000000000000006,1.7000000000000002,9.4,21.4,23.5,32.0,32.0,1.6,1.6,1.6,3.1,1.7000000000000002,1.7000000000000006,1.7000000000000002,436.68,21.52,343.86,-0.2779853360529779,0.9605853178867106,36.6468,0.78,24.2,460.52799999999996,1172.6976,3.872,0
2026-08-23 07:29:59+00:00,2026-08-23,07:00:00,07:29:59,2026-08-23T07:29:59+00:00,Singtam,27.234,88.501,1.0,3B-HHR-E.MS.MRG.3IMERG.20260823-S070000-E072959.0420.V07C.30min.tif,1.0,2.6,2.7000000000000006,2.7,10.4,22.4,24.400000000000002,33.0,33.0,1.6,1.6,1.6,3.1,2.5,2.7000000000000006,2.4,436.68,21.52,343.86,-0.2779853360529779,0.9605853178867106,36.6468,0.78,24.2,482.04799999999994,1209.3444,3.872,0
2026-08-23 07:59:59+00:00,2026-08-23,07:30:00,07:59:59,2026-08-23T07:59:59+00:00,Singtam,27.234,88.501,0.3,3B-HHR-E.MS.MRG.3IMERG.20260823-S073000-E075959.0450.V07C.30min.tif,0.3,1.3,3.0000000000000004,3.0,9.2,22.599999999999998,24.599999999999998,33.3,33.3,1.0,1.6,1.6,3.1,-0.40000000000000013,3.0000000000000004,-2.1000000000000005,436.68,21.52,343.86,-0.2779853360529779,0.9605853178867106,36.6468,0.78,24.2,486.3519999999999,1220.3384399999998,3.872,0
2026-08-23 08:29:59+00:00,2026-08-23,08:00:00,08:29:59,2026-08-23T08:29:59+00:00,Singtam,27.234,88.501,0.3,3B-HHR-E.MS.MRG.3IMERG.20260823-S080000-E082959.0480.V07C.30min.tif,0.3,0.6,3.3000000000000007,3.3000000000000003,8.1,22.8,24.8,33.6,33.6,0.3,1.6,1.6,3.1,-2.0,3.3000000000000007,-4.5,436.68,21.52,343.86,-0.2779853360529779,0.9605853178867106,36.6468,0.78,24.2,490.656,1231.33248,3.872,0
2026-08-23 08:59:59+00:00,2026-08-23,08:30:00,08:59:59,2026-08-23T08:59:59+00:00,Singtam,27.234,88.501,1.2,3B-HHR-E.MS.MRG.3IMERG.20260823-S083000-E085959.0510.V07C.30min.tif,1.2,1.5,4.5,4.5,7.8,23.9,26.0,34.8,34.8,1.2,1.6,1.6,3.1,0.19999999999999996,4.5,0.6000000000000001,436.68,21.52,343.86,-0.2779853360529779,0.9605853178867106,36.6468,0.78,24.2,514.328,1275.30864,3.872,1
2026-08-23 09:29:59+00:00,2026-08-23,09:00:00,09:29:59,2026-08-23T09:29:59+00:00,Singtam,27.234,88.501,0.5,3B-HHR-E.MS.MRG.3IMERG.20260823-S090000-E092959.0540.V07C.30min.tif,0.5,1.7,4.9,5.0,7.1,24.4,26.5,35.199999999999996,35.3,1.2,1.6,1.6,3.1,1.1,4.8,3.1,436.68,21.52,343.86,-0.2779853360529779,0.9605853178867106,36.6468,0.78,24.2,525.088,1289.9673599999999,3.872,1
2026-08-23 09:59:59+00:00,2026-08-23,09:30:00,09:59:59,2026-08-23T09:59:59+00:00,Singtam,27.234,88.501,0.8,3B-HHR-E.MS.MRG.3IMERG.20260823-S093000-E095959.0570.V07C.30min.tif,0.8,1.3,4.1000000000000005,5.8,7.0,22.5,27.3,35.800000000000004,36.1,0.8,1.2,1.6,3.1,-0.19999999999999996,2.4,-0.3999999999999999,436.68,21.52,343.86,-0.2779853360529779,0.9605853178867106,36.6468,0.78,24.2,484.2,1311.9554400000002,2.904,1
2026-08-23 10:29:59+00:00,2026-08-23,10:00:00,10:29:59,2026-08-23T10:29:59+00:00,Singtam,27.234,88.501,0.1,3B-HHR-E.MS.MRG.3IMERG.20260823-S100000-E102959.0600.V07C.30min.tif,0.1,0.9,3.2,5.9,6.6000000000000005,19.8,27.3,35.1,36.2,0.8,1.2,1.6,3.1,-0.7999999999999999,0.49999999999999956,-1.9,436.68,21.52,343.86,-0.2779853360529779,0.9605853178867106,36.6468,0.78,24.2,426.096,1286.30268,2.904,1
2026-08-23 10:59:59+00:00,2026-08-23,10:30:00,10:59:59,2026-08-23T10:59:59+00:00,Singtam,27.234,88.501,0.1,3B-HHR-E.MS.MRG.3IMERG.20260823-S103000-E105959.0630.V07C.30min.tif,0.1,0.2,3.0000000000000004,6.0,6.2,16.8,27.299999999999997,34.4,36.3,0.1,1.2,1.6,1.6,-1.1,0.0,-0.9000000000000001,436.68,21.52,343.86,-0.2779853360529779,0.9605853178867106,36.6468,0.78,24.2,361.536,1260.6499199999998,2.904,0
2026-08-23 11:29:59+00:00,2026-08-23,11:00:00,11:29:59,2026-08-23T11:29:59+00:00,Singtam,27.234,88.501,0.0,3B-HHR-E.MS.MRG.3IMERG.20260823-S110000-E112959.0660.V07C.30min.tif,0.0,0.1,2.7,6.0,6.1,15.399999999999999,27.299999999999997,33.9,36.3,0.1,1.2,1.6,1.6,-0.8,-0.6000000000000005,-1.1102230246251565e-16,436.68,21.52,343.86,-0.2779853360529779,0.9605853178867106,36.6468,0.78,24.2,331.40799999999996,1242.3265199999998,2.904,0
2026-08-23 11:59:59+00:00,2026-08-23,11:30:00,11:59:59,2026-08-23T11:59:59+00:00,Singtam,27.234,88.501,0.1,3B-HHR-E.MS.MRG.3IMERG.20260823-S113000-E115959.0690.V07C.30min.tif,0.1,0.1,1.6000000000000005,6.1,6.1,15.2,27.4,33.6,36.4,0.1,0.8,1.6,1.6,-0.1,-2.8999999999999995,1.0,436.68,21.52,343.86,-0.2779853360529779,0.9605853178867106,36.6468,0.78,24.2,327.104,1231.33248,1.936,1
2026-08-23 12:29:59+00:00,2026-08-23,12:00:00,12:29:59,2026-08-23T12:29:59+00:00,Singtam,27.234,88.501,0.1,3B-HHR-E.MS.MRG.3IMERG.20260823-S120000-E122959.0720.V07C.30min.tif,0.1,0.2,1.2000000000000006,6.1000000000000005,6.2,15.2,27.5,33.6,36.5,0.1,0.8,1.6,1.6,0.1,-3.6999999999999997,0.9,436.68,21.52,343.86,-0.2779853360529779,0.9605853178867106,36.6468,0.78,24.2,327.104,1231.33248,1.936,1
2026-08-23 12:59:59+00:00,2026-08-23,12:30:00,12:59:59,2026-08-23T12:59:59+00:00,Singtam,27.234,88.501,0.0,3B-HHR-E.MS.MRG.3IMERG.20260823-S123000-E125959.0750.V07C.30min.tif,0.0,0.1,0.40000000000000047,4.5,6.2,14.9,27.5,33.5,36.5,0.1,0.1,1.2,1.6,0.0,-3.7,0.1,436.68,21.52,343.86,-0.2779853360529779,0.9605853178867106,36.6468,0.78,24.2,320.648,1227.6678,0.242,1
2026-08-23 13:29:59+00:00,2026-08-23,13:00:00,13:29:59,2026-08-23T13:29:59+00:00,Singtam,27.234,88.501,0.0,3B-HHR-E.MS.MRG.3IMERG.20260823-S130000-E132959.0780.V07C.30min.tif,0.0,0.0,0.3000000000000005,3.5,6.2,14.5,27.400000000000002,33.5,36.5,0.0,0.1,1.2,1.6,-0.2,-2.8999999999999995,-0.30000000000000004,436.68,21.52,343.86,-0.2779853360529779,0.9605853178867106,36.6468,0.78,24.2,312.04,1227.6678,0.242,0
2026-08-23 13:59:59+00:00,2026-08-23,13:30:00,13:59:59,2026-08-23T13:59:59+00:00,Singtam,27.234,88.501,0.0,3B-HHR-E.MS.MRG.3IMERG.20260823-S133000-E135959.0810.V07C.30min.tif,0.0,0.0,0.20000000000000046,3.2,6.2,14.4,27.200000000000003,33.5,36.5,0.0,0.1,1.2,1.6,-0.1,-2.8,-0.1,436.68,21.52,343.86,-0.2779853360529779,0.9605853178867106,36.6468,0.78,24.2,309.888,1227.6678,0.242,0
2026-08-23 14:29:59+00:00,2026-08-23,14:00:00,14:29:59,2026-08-23T14:29:59+00:00,Singtam,27.234,88.501,0.0,3B-HHR-E.MS.MRG.3IMERG.20260823-S140000-E142959.0840.V07C.30min.tif,0.0,0.0,0.20000000000000046,2.9,6.2,14.3,27.1,33.4,36.5,0.0,0.1,1.2,1.6,0.0,-2.4999999999999996,0.2,436.68,21.52,343.86,-0.2779853360529779,0.9605853178867106,36.6468,0.78,24.2,307.736,1224.0031199999999,0.242,1
2026-08-23 14:59:59+00:00,2026-08-23,14:30:00,14:59:59,2026-08-23T14:59:59+00:00,Singtam,27.234,88.501,0.0,3B-HHR-E.MS.MRG.3IMERG.20260823-S143000-E145959.0870.V07C.30min.tif,0.0,0.0,0.10000000000000045,1.7000000000000002,6.2,14.2,27.1,33.2,36.5,0.0,0.1,0.8,1.6,0.0,-1.5,0.1,436.68,21.52,343.86,-0.2779853360529779,0.9605853178867106,36.6468,0.78,24.2,305.584,1216.6737600000001,0.242,1
2026-08-23 15:29:59+00:00,2026-08-23,15:00:00,15:29:59,2026-08-23T15:29:59+00:00,Singtam,27.234,88.501,0.0,3B-HHR-E.MS.MRG.3IMERG.20260823-S150000-E152959.0900.V07C.30min.tif,0.0,0.0,0.0,1.2000000000000002,6.2,14.1,27.1,32.9,36.5,0.0,0.0,0.8,1.6,0.0,-1.2000000000000006,0.0,436.68,21.52,343.86,-0.2779853360529779,0.9605853178867106,36.6468,0.78,24.2,303.43199999999996,1205.6797199999999,0.0,1
2026-08-23 15:59:59+00:00,2026-08-23,15:30:00,15:59:59,2026-08-23T15:59:59+00:00,Singtam,27.234,88.501,0.0,3B-HHR-E.MS.MRG.3IMERG.20260823-S153000-E155959.0930.V07C.30min.tif,0.0,0.0,0.0,0.4,6.2,14.0,27.1,32.8,36.5,0.0,0.0,0.1,1.6,0.0,-0.40000000000000047,0.0,436.68,21.52,343.86,-0.2779853360529779,0.9605853178867106,36.6468,0.78,24.2,301.28,1202.0150399999998,0.0,1
2026-08-23 16:29:59+00:00,2026-08-23,16:00:00,16:29:59,2026-08-23T16:29:59+00:00,Singtam,27.234,88.501,0.0,3B-HHR-E.MS.MRG.3IMERG.20260823-S160000-E162959.0960.V07C.30min.tif,0.0,0.0,0.0,0.30000000000000004,6.2,13.9,27.1,32.7,36.5,0.0,0.0,0.1,1.6,0.0,-0.3000000000000005,0.0,436.68,21.52,343.86,-0.2779853360529779,0.9605853178867106,36.6468,0.78,24.2,299.128,1198.3503600000001,0.0,1
2026-08-23 16:59:59+00:00,2026-08-23,16:30:00,16:59:59,2026-08-23T16:59:59+00:00,Singtam,27.234,88.501,0.0,3B-HHR-E.MS.MRG.3IMERG.20260823-S163000-E165959.0990.V07C.30min.tif,0.0,0.0,0.0,0.2,6.2,13.9,27.1,32.7,36.5,0.0,0.0,0.1,1.6,0.0,-0.20000000000000046,0.0,436.68,21.52,343.86,-0.2779853360529779,0.9605853178867106,36.6468,0.78,24.2,299.128,1198.3503600000001,0.0,1
2026-08-23 17:29:59+00:00,2026-08-23,17:00:00,17:29:59,2026-08-23T17:29:59+00:00,Singtam,27.234,88.501,0.0,3B-HHR-E.MS.MRG.3IMERG.20260823-S170000-E172959.1020.V07C.30min.tif,0.0,0.0,0.0,0.2,6.2,13.9,27.1,32.2,36.5,0.0,0.0,0.1,1.6,0.0,-0.20000000000000046,0.0,436.68,21.52,343.86,-0.2779853360529779,0.9605853178867106,36.6468,0.78,24.2,299.128,1180.0269600000001,0.0,1
2026-08-23 17:59:59+00:00,2026-08-23,17:30:00,17:59:59,2026-08-23T17:59:59+00:00,Singtam,27.234,88.501,0.0,3B-HHR-E.MS.MRG.3IMERG.20260823-S173000-E175959.1050.V07C.30min.tif,0.0,0.0,0.0,0.1,6.2,13.9,27.1,31.6,36.5,0.0,0.0,0.1,1.6,0.0,-0.10000000000000045,0.0,436.68,21.52,343.86,-0.2779853360529779,0.9605853178867106,36.6468,0.78,24.2,299.128,1158.03888,0.0,1
2026-08-23 18:29:59+00:00,2026-08-23,18:00:00,18:29:59,2026-08-23T18:29:59+00:00,Singtam,27.234,88.501,0.0,3B-HHR-E.MS.MRG.3IMERG.20260823-S180000-E182959.1080.V07C.30min.tif,0.0,0.0,0.0,0.0,6.1000000000000005,13.9,27.1,31.6,36.5,0.0,0.0,0.0,1.6,0.0,0.0,0.0,436.68,21.52,343.86,-0.2779853360529779,0.9605853178867106,36.6468,0.78,24.2,299.128,1158.03888,0.0,1
2026-08-23 18:59:59+00:00,2026-08-23,18:30:00,18:59:59,2026-08-23T18:59:59+00:00,Singtam,27.234,88.501,0.0,3B-HHR-E.MS.MRG.3IMERG.20260823-S183000-E185959.1110.V07C.30min.tif,0.0,0.0,0.0,0.0,4.5,13.9,27.1,31.6,36.5,0.0,0.0,0.0,1.6,0.0,0.0,0.0,436.68,21.52,343.86,-0.2779853360529779,0.9605853178867106,36.6468,0.78,24.2,299.128,1158.03888,0.0,1
2026-08-23 19:29:59+00:00,2026-08-23,19:00:00,19:29:59,2026-08-23T19:29:59+00:00,Singtam,27.234,88.501,0.0,3B-HHR-E.MS.MRG.3IMERG.20260823-S190000-E192959.1140.V07C.30min.tif,0.0,0.0,0.0,0.0,3.5,13.9,26.400000000000002,30.6,36.5,0.0,0.0,0.0,1.6,0.0,0.0,0.0,436.68,21.52,343.86,-0.2779853360529779,0.9605853178867106,36.6468,0.78,24.2,299.128,1121.39208,0.0,1
2026-08-23 19:59:59+00:00,2026-08-23,19:30:00,19:59:59,2026-08-23T19:59:59+00:00,Singtam,27.234,88.501,0.1,3B-HHR-E.MS.MRG.3IMERG.20260823-S193000-E195959.1170.V07C.30min.tif,0.1,0.1,0.10000000000000045,0.1,3.3000000000000003,12.5,26.4,29.700000000000003,36.6,0.1,0.1,0.1,1.6,0.1,0.10000000000000045,0.1,436.68,21.52,343.86,-0.2779853360529779,0.9605853178867106,36.6468,0.78,24.2,269.0,1088.4099600000002,0.242,1
2026-08-23 20:29:59+00:00,2026-08-23,20:00:00,20:29:59,2026-08-23T20:29:59+00:00,Singtam,27.234,88.501,0.2,3B-HHR-E.MS.MRG.3IMERG.20260823-S200000-E202959.1200.V07C.30min.tif,0.2,0.30000000000000004,0.3000000000000005,0.30000000000000004,3.2,11.299999999999999,26.5,29.2,36.8,0.2,0.2,0.2,1.6,0.30000000000000004,0.3000000000000005,0.30000000000000004,436.68,21.52,343.86,-0.2779853360529779,0.9605853178867106,36.6468,0.78,24.2,243.17599999999996,1070.08656,0.484,1
2026-08-23 20:59:59+00:00,2026-08-23,20:30:00,20:59:59,2026-08-23T20:59:59+00:00,Singtam,27.234,88.501,0.3,3B-HHR-E.MS.MRG.3IMERG.20260823-S203000-E205959.1230.V07C.30min.tif,0.3,0.5,0.6000000000000004,0.6,2.3,10.1,26.8,28.900000000000002,37.1,0.3,0.3,0.3,1.6,0.4,0.6000000000000004,0.30000000000000004,436.68,21.52,343.86,-0.2779853360529779,0.9605853178867106,36.6468,0.78,24.2,217.35199999999998,1059.0925200000001,0.726,1
2026-08-23 21:29:59+00:00,2026-08-23,21:00:00,21:29:59,2026-08-23T21:29:59+00:00,Singtam,27.234,88.501,0.1,3B-HHR-E.MS.MRG.3IMERG.20260823-S210000-E212959.1260.V07C.30min.tif,0.1,0.4,0.7000000000000004,0.7,1.9000000000000001,9.0,26.8,28.8,37.2,0.3,0.3,0.3,1.6,0.09999999999999998,0.7000000000000004,-0.20000000000000007,436.68,21.52,343.86,-0.2779853360529779,0.9605853178867106,36.6468,0.78,24.2,193.68,1055.42784,0.726,0
2026-08-23 21:59:59+00:00,2026-08-23,21:30:00,21:59:59,2026-08-23T21:59:59+00:00,Singtam,27.234,88.501,0.1,3B-HHR-E.MS.MRG.3IMERG.20260823-S213000-E215959.1290.V07C.30min.tif,0.1,0.2,0.8000000000000005,0.8,1.2,8.2,26.799999999999997,28.8,37.3,0.1,0.3,0.3,1.6,-0.3,0.8000000000000005,-0.7,436.68,21.52,343.86,-0.2779853360529779,0.9605853178867106,36.6468,0.78,24.2,176.46399999999997,1055.42784,0.726,0
2026-08-23 22:29:59+00:00,2026-08-23,22:00:00,22:29:59,2026-08-23T22:29:59+00:00,Singtam,27.234,88.501,0.0,3B-HHR-E.MS.MRG.3IMERG.20260823-S220000-E222959.1320.V07C.30min.tif,0.0,0.1,0.8000000000000005,0.8,1.0999999999999999,7.7,26.799999999999997,28.8,37.3,0.1,0.3,0.3,1.6,-0.30000000000000004,0.8000000000000005,-0.4,436.68,21.52,343.86,-0.2779853360529779,0.9605853178867106,36.6468,0.78,24.2,165.704,1055.42784,0.726,0
2026-08-23 22:59:59+00:00,2026-08-23,22:30:00,22:59:59,2026-08-23T22:59:59+00:00,Singtam,27.234,88.501,0.0,3B-HHR-E.MS.MRG.3IMERG.20260823-S223000-E225959.1350.V07C.30min.tif,0.0,0.0,0.7000000000000004,0.8,1.0,7.2,26.799999999999997,28.8,37.3,0.0,0.3,0.3,1.6,-0.2,0.6,0.09999999999999998,436.68,21.52,343.86,-0.2779853360529779,0.9605853178867106,36.6468,0.78,24.2,154.944,1055.42784,0.726,1
2026-08-23 23:29:59+00:00,2026-08-23,23:00:00,23:29:59,2026-08-23T23:29:59+00:00,Singtam,27.234,88.501,0.0,3B-HHR-E.MS.MRG.3IMERG.20260823-S230000-E232959.1380.V07C.30min.tif,0.0,0.0,0.5000000000000004,0.8,1.0,7.1,26.799999999999997,28.8,37.3,0.0,0.3,0.3,1.6,-0.1,0.19999999999999996,0.20000000000000004,436.68,21.52,343.86,-0.2779853360529779,0.9605853178867106,36.6468,0.78,24.2,152.792,1055.42784,0.726,1
2026-08-23 23:59:59+00:00,2026-08-23,23:30:00,23:59:59,2026-08-23T23:59:59+00:00,Singtam,27.234,88.501,0.0,3B-HHR-E.MS.MRG.3IMERG.20260823-S233000-E235959.1410.V07C.30min.tif,0.0,0.0,0.20000000000000046,0.8,0.8999999999999999,7.0,26.799999999999997,28.8,37.3,0.0,0.1,0.3,1.6,0.0,-0.39999999999999997,0.2,436.68,21.52,343.86,-0.2779853360529779,0.9605853178867106,36.6468,0.78,24.2,150.64,1055.42784,0.242,1
2026-08-24 00:29:59+00:00,2026-08-24,00:00:00,00:29:59,2026-08-24T00:29:59+00:00,Singtam,27.234,88.501,0.0,3B-HHR-E.MS.MRG.3IMERG.20260824-S000000-E002959.0000.V07C.30min.tif,0.0,0.0,0.10000000000000045,0.8,0.8,7.0,26.799999999999997,28.8,37.3,0.0,0.1,0.3,1.6,0.0,-0.6,0.1,436.68,21.52,343.86,-0.2779853360529779,0.9605853178867106,36.6468,0.78,24.2,150.64,1055.42784,0.242,1
2026-08-24 00:59:59+00:00,2026-08-24,00:30:00,00:59:59,2026-08-24T00:59:59+00:00,Singtam,27.234,88.501,0.0,3B-HHR-E.MS.MRG.3IMERG.20260824-S003000-E005959.0030.V07C.30min.tif,0.0,0.0,0.0,0.8,0.8,7.0,26.799999999999997,28.8,37.3,0.0,0.0,0.3,1.6,0.0,-0.8000000000000005,0.0,436.68,21.52,343.86,-0.2779853360529779,0.9605853178867106,36.6468,0.78,24.2,150.64,1055.42784,0.0,1
2026-08-24 01:29:59+00:00,2026-08-24,01:00:00,01:29:59,2026-08-24T01:29:59+00:00,Singtam,27.234,88.501,0.0,3B-HHR-E.MS.MRG.3IMERG.20260824-S010000-E012959.0060.V07C.30min.tif,0.0,0.0,0.0,0.8,0.8,7.0,26.799999999999997,28.8,37.3,0.0,0.0,0.3,1.6,0.0,-0.8000000000000005,0.0,436.68,21.52,343.86,-0.2779853360529779,0.9605853178867106,36.6468,0.78,24.2,150.64,1055.42784,0.0,1
2026-08-24 01:59:59+00:00,2026-08-24,01:30:00,01:59:59,2026-08-24T01:59:59+00:00,Singtam,27.234,88.501,0.0,3B-HHR-E.MS.MRG.3IMERG.20260824-S013000-E015959.0090.V07C.30min.tif,0.0,0.0,0.0,0.7,0.8,7.0,26.799999999999997,28.8,37.3,0.0,0.0,0.3,1.6,0.0,-0.7000000000000004,0.0,436.68,21.52,343.86,-0.2779853360529779,0.9605853178867106,36.6468,0.78,24.2,150.64,1055.42784,0.0,1
2026-08-24 02:29:59+00:00,2026-08-24,02:00:00,02:29:59,2026-08-24T02:29:59+00:00,Singtam,27.234,88.501,0.0,3B-HHR-E.MS.MRG.3IMERG.20260824-S020000-E022959.0120.V07C.30min.tif,0.0,0.0,0.0,0.49999999999999994,0.8,7.0,26.799999999999997,28.8,37.3,0.0,0.0,0.3,1.6,0.0,-0.5000000000000004,0.0,436.68,21.52,343.86,-0.2779853360529779,0.9605853178867106,36.6468,0.78,24.2,150.64,1055.42784,0.0,1
2026-08-24 02:59:59+00:00,2026-08-24,02:30:00,02:59:59,2026-08-24T02:59:59+00:00,Singtam,27.234,88.501,0.0,3B-HHR-E.MS.MRG.3IMERG.20260824-S023000-E025959.0150.V07C.30min.tif,0.0,0.0,0.0,0.2,0.8,7.0,26.799999999999997,28.8,37.3,0.0,0.0,0.1,1.6,0.0,-0.20000000000000046,0.0,436.68,21.52,343.86,-0.2779853360529779,0.9605853178867106,36.6468,0.78,24.2,150.64,1055.42784,0.0,1
2026-08-24 03:29:59+00:00,2026-08-24,03:00:00,03:29:59,2026-08-24T03:29:59+00:00,Singtam,27.234,88.501,0.0,3B-HHR-E.MS.MRG.3IMERG.20260824-S030000-E032959.0180.V07C.30min.tif,0.0,0.0,0.0,0.1,0.8,7.0,26.799999999999997,28.8,37.3,0.0,0.0,0.1,1.6,0.0,-0.10000000000000045,0.0,436.68,21.52,343.86,-0.2779853360529779,0.9605853178867106,36.6468,0.78,24.2,150.64,1055.42784,0.0,1
2026-08-24 03:59:59+00:00,2026-08-24,03:30:00,03:59:59,2026-08-24T03:59:59+00:00,Singtam,27.234,88.501,0.0,3B-HHR-E.MS.MRG.3IMERG.20260824-S033000-E035959.0210.V07C.30min.tif,0.0,0.0,0.0,0.0,0.8,7.0,26.799999999999997,28.8,37.3,0.0,0.0,0.0,1.6,0.0,0.0,0.0,436.68,21.52,343.86,-0.2779853360529779,0.9605853178867106,36.6468,0.78,24.2,150.64,1055.42784,0.0,1
2026-08-24 04:29:59+00:00,2026-08-24,04:00:00,04:29:59,2026-08-24T04:29:59+00:00,Singtam,27.234,88.501,0.0,3B-HHR-E.MS.MRG.3IMERG.20260824-S040000-E042959.0240.V07C.30min.tif,0.0,0.0,0.0,0.0,0.8,7.0,26.799999999999997,28.8,37.3,0.0,0.0,0.0,1.6,0.0,0.0,0.0,436.68,21.52,343.86,-0.2779853360529779,0.9605853178867106,36.6468,0.78,24.2,150.64,1055.42784,0.0,1
2026-08-24 04:59:59+00:00,2026-08-24,04:30:00,04:59:59,2026-08-24T04:59:59+00:00,Singtam,27.234,88.501,0.0,3B-HHR-E.MS.MRG.3IMERG.20260824-S043000-E045959.0270.V07C.30min.tif,0.0,0.0,0.0,0.0,0.8,7.0,26.7,28.8,37.3,0.0,0.0,0.0,1.6,0.0,0.0,0.0,436.68,21.52,343.86,-0.2779853360529779,0.9605853178867106,36.6468,0.78,24.2,150.64,1055.42784,0.0,1
2026-08-24 05:29:59+00:00,2026-08-24,05:00:00,05:29:59,2026-08-24T05:29:59+00:00,Singtam,27.234,88.501,0.0,3B-HHR-E.MS.MRG.3IMERG.20260824-S050000-E052959.0300.V07C.30min.tif,0.0,0.0,0.0,0.0,0.8,7.0,26.7,28.8,37.3,0.0,0.0,0.0,1.6,0.0,0.0,0.0,436.68,21.52,343.86,-0.2779853360529779,0.9605853178867106,36.6468,0.78,24.2,150.64,1055.42784,0.0,1
2026-08-24 05:59:59+00:00,2026-08-24,05:30:00,05:59:59,2026-08-24T05:59:59+00:00,Singtam,27.234,88.501,0.0,3B-HHR-E.MS.MRG.3IMERG.20260824-S053000-E055959.0330.V07C.30min.tif,0.0,0.0,0.0,0.0,0.8,7.0,26.7,28.8,37.3,0.0,0.0,0.0,1.6,0.0,0.0,0.0,436.68,21.52,343.86,-0.2779853360529779,0.9605853178867106,36.6468,0.78,24.2,150.64,1055.42784,0.0,1
2026-08-24 06:29:59+00:00,2026-08-24,06:00:00,06:29:59,2026-08-24T06:29:59+00:00,Singtam,27.234,88.501,0.0,3B-HHR-E.MS.MRG.3IMERG.20260824-S060000-E062959.0360.V07C.30min.tif,0.0,0.0,0.0,0.0,0.8,6.9,26.7,28.8,37.3,0.0,0.0,0.0,1.6,0.0,0.0,0.0,436.68,21.52,343.86,-0.2779853360529779,0.9605853178867106,36.6468,0.78,24.2,148.488,1055.42784,0.0,1
2026-08-24 06:59:59+00:00,2026-08-24,06:30:00,06:59:59,2026-08-24T06:59:59+00:00,Singtam,27.234,88.501,0.1,3B-HHR-E.MS.MRG.3IMERG.20260824-S063000-E065959.0390.V07C.30min.tif,0.1,0.1,0.10000000000000045,0.1,0.9,5.3999999999999995,26.8,28.9,37.4,0.1,0.1,0.1,1.2,0.1,0.10000000000000045,0.1,436.68,21.52,343.86,-0.2779853360529779,0.9605853178867106,36.6468,0.78,24.2,116.20799999999998,1059.09252,0.242,1
2026-08-24 07:29:59+00:00,2026-08-24,07:00:00,07:29:59,2026-08-24T07:29:59+00:00,Singtam,27.234,88.501,0.0,3B-HHR-E.MS.MRG.3IMERG.20260824-S070000-E072959.0420.V07C.30min.tif,0.0,0.1,0.10000000000000045,0.1,0.9,4.3999999999999995,26.8,28.799999999999997,37.4,0.1,0.1,0.1,1.2,0.1,0.10000000000000045,0.1,436.68,21.52,343.86,-0.2779853360529779,0.9605853178867106,36.6468,0.78,24.2,94.68799999999999,1055.4278399999998,0.242,1
2026-08-24 07:59:59+00:00,2026-08-24,07:30:00,07:59:59,2026-08-24T07:59:59+00:00,Singtam,27.234,88.501,0.2,3B-HHR-E.MS.MRG.3IMERG.20260824-S073000-E075959.0450.V07C.30min.tif,0.2,0.2,0.3000000000000005,0.30000000000000004,1.0,4.3,26.9,28.900000000000002,37.6,0.2,0.2,0.2,1.2,0.1,0.3000000000000005,0.0,436.68,21.52,343.86,-0.2779853360529779,0.9605853178867106,36.6468,0.78,24.2,92.536,1059.0925200000001,0.484,1
2026-08-24 08:29:59+00:00,2026-08-24,08:00:00,08:29:59,2026-08-24T08:29:59+00:00,Singtam,27.234,88.501,0.1,3B-HHR-E.MS.MRG.3IMERG.20260824-S080000-E082959.0480.V07C.30min.tif,0.1,0.30000000000000004,0.40000000000000047,0.4,0.8999999999999999,4.1,26.900000000000002,28.9,37.7,0.2,0.2,0.2,1.2,0.20000000000000004,0.40000000000000047,0.10000000000000003,436.68,21.52,343.86,-0.2779853360529779,0.9605853178867106,36.6468,0.78,24.2,88.23199999999999,1059.09252,0.484,1
2026-08-24 08:59:59+00:00,2026-08-24,08:30:00,08:59:59,2026-08-24T08:59:59+00:00,Singtam,27.234,88.501,0.1,3B-HHR-E.MS.MRG.3IMERG.20260824-S083000-E085959.0510.V07C.30min.tif,0.1,0.2,0.5000000000000004,0.5,0.7000000000000001,2.9999999999999996,26.9,29.0,37.8,0.1,0.2,0.2,0.8,0.0,0.5000000000000004,-0.1,436.68,21.52,343.86,-0.2779853360529779,0.9605853178867106,36.6468,0.78,24.2,64.55999999999999,1062.7572,0.484,0
2026-08-24 09:29:59+00:00,2026-08-24,09:00:00,09:29:59,2026-08-24T09:29:59+00:00,Singtam,27.234,88.501,0.0,3B-HHR-E.MS.MRG.3IMERG.20260824-S090000-E092959.0540.V07C.30min.tif,0.0,0.1,0.5000000000000004,0.5,0.6000000000000001,2.4999999999999996,26.9,29.0,37.8,0.1,0.2,0.2,0.8,-0.20000000000000004,0.5000000000000004,-0.4000000000000001,436.68,21.52,343.86,-0.2779853360529779,0.9605853178867106,36.6468,0.78,24.2,53.79999999999999,1062.7572,0.484,0
2026-08-24 09:59:59+00:00,2026-08-24,09:30:00,09:59:59,2026-08-24T09:59:59+00:00,Singtam,27.234,88.501,0.0,3B-HHR-E.MS.MRG.3IMERG.20260824-S093000-E095959.0570.V07C.30min.tif,0.0,0.0,0.40000000000000047,0.5,0.5,1.6999999999999995,24.2,29.0,37.8,0.0,0.2,0.2,0.3,-0.2,0.30000000000000004,-0.2,436.68,21.52,343.86,-0.2779853360529779,0.9605853178867106,36.6468,0.78,24.2,36.58399999999999,1062.7572,0.484,0
2026-08-24 10:29:59+00:00,2026-08-24,10:00:00,10:29:59,2026-08-24T10:29:59+00:00,Singtam,27.234,88.501,0.0,3B-HHR-E.MS.MRG.3IMERG.20260824-S100000-E102959.0600.V07C.30min.tif,0.0,0.0,0.40000000000000047,0.5,0.5,1.5999999999999994,21.4,28.900000000000002,37.8,0.0,0.2,0.2,0.3,-0.1,0.30000000000000004,0.10000000000000003,436.68,21.52,343.86,-0.2779853360529779,0.9605853178867106,36.6468,0.78,24.2,34.43199999999999,1059.0925200000001,0.484,0
2026-08-24 10:59:59+00:00,2026-08-24,10:30:00,10:59:59,2026-08-24T10:59:59+00:00,Singtam,27.234,88.501,0.0,3B-HHR-E.MS.MRG.3IMERG.20260824-S103000-E105959.0630.V07C.30min.tif,0.0,0.0,0.20000000000000046,0.5,0.5,1.4999999999999996,18.299999999999997,28.8,37.8,0.0,0.1,0.2,0.3,0.0,-0.10000000000000003,0.2,436.68,21.52,343.86,-0.2779853360529779,0.9605853178867106,36.6468,0.78,24.2,32.27999999999999,1055.42784,0.242,0
2026-08-24 11:29:59+00:00,2026-08-24,11:00:00,11:29:59,2026-08-24T11:29:59+00:00,Singtam,27.234,88.501,0.1,3B-HHR-E.MS.MRG.3IMERG.20260824-S110000-E112959.0660.V07C.30min.tif,0.1,0.1,0.20000000000000046,0.6000000000000001,0.6,1.5999999999999996,17.0,28.9,37.9,0.1,0.1,0.2,0.3,0.1,-0.2,0.2,436.68,21.52,343.86,-0.2779853360529779,0.9605853178867106,36.6468,0.78,24.2,34.431999999999995,1059.09252,0.242,0
2026-08-24 11:59:59+00:00,2026-08-24,11:30:00,11:59:59,2026-08-24T11:59:59+00:00,Singtam,27.234,88.501,0.1,3B-HHR-E.MS.MRG.3IMERG.20260824-S113000-E115959.0690.V07C.30min.tif,0.1,0.2,0.20000000000000046,0.7000000000000001,0.7000000000000001,1.5999999999999996,16.8,29.0,38.0,0.1,0.1,0.2,0.3,0.2,-0.3,0.2,436.68,21.52,343.86,-0.2779853360529779,0.9605853178867106,36.6468,0.78,24.2,34.431999999999995,1062.7572,0.242,0
2026-08-24 12:29:59+00:00,2026-08-24,12:00:00,12:29:59,2026-08-24T12:29:59+00:00,Singtam,27.234,88.501,0.0,3B-HHR-E.MS.MRG.3IMERG.20260824-S120000-E122959.0720.V07C.30min.tif,0.0,0.1,0.20000000000000046,0.7000000000000001,0.7,1.4999999999999996,16.700000000000003,29.0,38.0,0.1,0.1,0.2,0.3,0.0,-0.3,-0.1,436.68,21.52,343.86,-0.2779853360529779,0.9605853178867106,36.6468,0.78,24.2,32.27999999999999,1062.7572,0.242,0
2026-08-24 12:59:59+00:00,2026-08-24,12:30:00,12:59:59,2026-08-24T12:59:59+00:00,Singtam,27.234,88.501,0.0,3B-HHR-E.MS.MRG.3IMERG.20260824-S123000-E125959.0750.V07C.30min.tif,0.0,0.0,0.20000000000000046,0.6000000000000001,0.7,1.4999999999999996,16.400000000000002,29.0,38.0,0.0,0.1,0.2,0.3,-0.2,-0.2,-0.4,436.68,21.52,343.86,-0.2779853360529779,0.9605853178867106,36.6468,0.78,24.2,32.27999999999999,1062.7572,0.242,0
2026-08-24 13:29:59+00:00,2026-08-24,13:00:00,13:29:59,2026-08-24T13:29:59+00:00,Singtam,27.234,88.501,0.0,3B-HHR-E.MS.MRG.3IMERG.20260824-S130000-E132959.0780.V07C.30min.tif,0.0,0.0,0.20000000000000046,0.6000000000000001,0.7,1.4999999999999996,15.999999999999998,28.9,38.0,0.0,0.1,0.2,0.3,-0.1,-0.2,-0.1,436.68,21.52,343.86,-0.2779853360529779,0.9605853178867106,36.6468,0.78,24.2,32.27999999999999,1059.09252,0.242,0
2026-08-24 13:59:59+00:00,2026-08-24,13:30:00,13:59:59,2026-08-24T13:59:59+00:00,Singtam,27.234,88.501,0.0,3B-HHR-E.MS.MRG.3IMERG.20260824-S133000-E135959.0810.V07C.30min.tif,0.0,0.0,0.20000000000000046,0.4,0.7,1.4999999999999996,15.9,28.7,38.0,0.0,0.1,0.1,0.3,0.0,0.0,0.2,436.68,21.52,343.86,-0.2779853360529779,0.9605853178867106,36.6468,0.78,24.2,32.27999999999999,1051.76316,0.242,0
2026-08-24 14:29:59+00:00,2026-08-24,14:00:00,14:29:59,2026-08-24T14:29:59+00:00,Singtam,27.234,88.501,0.0,3B-HHR-E.MS.MRG.3IMERG.20260824-S140000-E142959.0840.V07C.30min.tif,0.0,0.0,0.10000000000000045,0.30000000000000004,0.7,1.4999999999999996,15.799999999999999,28.6,38.0,0.0,0.1,0.1,0.3,0.0,-0.1,0.1,436.68,21.52,343.86,-0.2779853360529779,0.9605853178867106,36.6468,0.78,24.2,32.27999999999999,1048.09848,0.242,0
2026-08-24 14:59:59+00:00,2026-08-24,14:30:00,14:59:59,2026-08-24T14:59:59+00:00,Singtam,27.234,88.501,0.0,3B-HHR-E.MS.MRG.3IMERG.20260824-S143000-E145959.0870.V07C.30min.tif,0.0,0.0,0.0,0.2,0.7,1.4999999999999996,15.7,28.6,38.0,0.0,0.0,0.1,0.3,0.0,-0.20000000000000046,0.0,436.68,21.52,343.86,-0.2779853360529779,0.9605853178867106,36.6468,0.78,24.2,32.27999999999999,1048.09848,0.0,0
2026-08-24 15:29:59+00:00,2026-08-24,15:00:00,15:29:59,2026-08-24T15:29:59+00:00,Singtam,27.234,88.501,0.0,3B-HHR-E.MS.MRG.3IMERG.20260824-S150000-E152959.0900.V07C.30min.tif,0.0,0.0,0.0,0.2,0.7,1.4999999999999996,15.6,28.6,38.0,0.0,0.0,0.1,0.3,0.0,-0.20000000000000046,0.0,436.68,21.52,343.86,-0.2779853360529779,0.9605853178867106,36.6468,0.78,24.2,32.27999999999999,1048.09848,0.0,0
2026-08-24 15:59:59+00:00,2026-08-24,15:30:00,15:59:59,2026-08-24T15:59:59+00:00,Singtam,27.234,88.501,0.0,3B-HHR-E.MS.MRG.3IMERG.20260824-S153000-E155959.0930.V07C.30min.tif,0.0,0.0,0.0,0.2,0.7,1.4999999999999996,15.5,28.6,38.0,0.0,0.0,0.1,0.3,0.0,-0.20000000000000046,0.0,436.68,21.52,343.86,-0.2779853360529779,0.9605853178867106,36.6468,0.78,24.2,32.27999999999999,1048.09848,0.0,0
2026-08-24 16:29:59+00:00,2026-08-24,16:00:00,16:29:59,2026-08-24T16:29:59+00:00,Singtam,27.234,88.501,0.0,3B-HHR-E.MS.MRG.3IMERG.20260824-S160000-E162959.0960.V07C.30min.tif,0.0,0.0,0.0,0.2,0.7,1.4999999999999996,15.4,28.6,38.0,0.0,0.0,0.1,0.3,0.0,-0.20000000000000046,0.0,436.68,21.52,343.86,-0.2779853360529779,0.9605853178867106,36.6468,0.78,24.2,32.27999999999999,1048.09848,0.0,0
2026-08-24 16:59:59+00:00,2026-08-24,16:30:00,16:59:59,2026-08-24T16:59:59+00:00,Singtam,27.234,88.501,0.0,3B-HHR-E.MS.MRG.3IMERG.20260824-S163000-E165959.0990.V07C.30min.tif,0.0,0.0,0.0,0.2,0.7,1.4999999999999996,15.4,28.6,38.0,0.0,0.0,0.1,0.3,0.0,-0.20000000000000046,0.0,436.68,21.52,343.86,-0.2779853360529779,0.9605853178867106,36.6468,0.78,24.2,32.27999999999999,1048.09848,0.0,0
2026-08-24 17:29:59+00:00,2026-08-24,17:00:00,17:29:59,2026-08-24T17:29:59+00:00,Singtam,27.234,88.501,0.0,3B-HHR-E.MS.MRG.3IMERG.20260824-S170000-E172959.1020.V07C.30min.tif,0.0,0.0,0.0,0.1,0.7,1.4999999999999996,15.4,28.6,38.0,0.0,0.0,0.1,0.3,0.0,-0.10000000000000045,0.0,436.68,21.52,343.86,-0.2779853360529779,0.9605853178867106,36.6468,0.78,24.2,32.27999999999999,1048.09848,0.0,0
2026-08-24 17:59:59+00:00,2026-08-24,17:30:00,17:59:59,2026-08-24T17:59:59+00:00,Singtam,27.234,88.501,0.0,3B-HHR-E.MS.MRG.3IMERG.20260824-S173000-E175959.1050.V07C.30min.tif,0.0,0.0,0.0,0.0,0.7,1.4999999999999996,15.4,28.6,38.0,0.0,0.0,0.0,0.3,0.0,0.0,0.0,436.68,21.52,343.86,-0.2779853360529779,0.9605853178867106,36.6468,0.78,24.2,32.27999999999999,1048.09848,0.0,0
2026-08-24 18:29:59+00:00,2026-08-24,18:00:00,18:29:59,2026-08-24T18:29:59+00:00,Singtam,27.234,88.501,0.0,3B-HHR-E.MS.MRG.3IMERG.20260824-S180000-E182959.1080.V07C.30min.tif,0.0,0.0,0.0,0.0,0.7,1.4999999999999996,15.4,28.6,38.0,0.0,0.0,0.0,0.3,0.0,0.0,0.0,436.68,21.52,343.86,-0.2779853360529779,0.9605853178867106,36.6468,0.78,24.2,32.27999999999999,1048.09848,0.0,0
2026-08-24 18:59:59+00:00,2026-08-24,18:30:00,18:59:59,2026-08-24T18:59:59+00:00,Singtam,27.234,88.501,0.0,3B-HHR-E.MS.MRG.3IMERG.20260824-S183000-E185959.1110.V07C.30min.tif,0.0,0.0,0.0,0.0,0.6,1.4999999999999996,15.4,28.6,38.0,0.0,0.0,0.0,0.3,0.0,0.0,0.0,436.68,21.52,343.86,-0.2779853360529779,0.9605853178867106,36.6468,0.78,24.2,32.27999999999999,1048.09848,0.0,0
2026-08-24 19:29:59+00:00,2026-08-24,19:00:00,19:29:59,2026-08-24T19:29:59+00:00,Singtam,27.234,88.501,0.0,3B-HHR-E.MS.MRG.3IMERG.20260824-S190000-E192959.1140.V07C.30min.tif,0.0,0.0,0.0,0.0,0.6,1.4999999999999996,15.4,27.9,38.0,0.0,0.0,0.0,0.3,0.0,0.0,0.0,436.68,21.52,343.86,-0.2779853360529779,0.9605853178867106,36.6468,0.78,24.2,32.27999999999999,1022.4457199999999,0.0,0
2026-08-24 19:59:59+00:00,2026-08-24,19:30:00,19:59:59,2026-08-24T19:59:59+00:00,Singtam,27.234,88.501,0.0,3B-HHR-E.MS.MRG.3IMERG.20260824-S193000-E195959.1170.V07C.30min.tif,0.0,0.0,0.0,0.0,0.4,1.3999999999999997,13.9,27.8,38.0,0.0,0.0,0.0,0.3,0.0,0.0,0.0,436.68,21.52,343.86,-0.2779853360529779,0.9605853178867106,36.6468,0.78,24.2,30.127999999999993,1018.78104,0.0,0
2026-08-24 20:29:59+00:00,2026-08-24,20:00:00,20:29:59,2026-08-24T20:29:59+00:00,Singtam,27.234,88.501,0.0,3B-HHR-E.MS.MRG.3IMERG.20260824-S200000-E202959.1200.V07C.30min.tif,0.0,0.0,0.0,0.0,0.30000000000000004,1.1999999999999997,12.5,27.7,38.0,0.0,0.0,0.0,0.3,0.0,0.0,0.0,436.68,21.52,343.86,-0.2779853360529779,0.9605853178867106,36.6468,0.78,24.2,25.823999999999995,1015.11636,0.0,0
2026-08-24 20:59:59+00:00,2026-08-24,20:30:00,20:59:59,2026-08-24T20:59:59+00:00,Singtam,27.234,88.501,0.0,3B-HHR-E.MS.MRG.3IMERG.20260824-S203000-E205959.1230.V07C.30min.tif,0.0,0.0,0.0,0.0,0.2,0.8999999999999996,11.0,27.7,38.0,0.0,0.0,0.0,0.2,0.0,0.0,0.0,436.68,21.52,343.86,-0.2779853360529779,0.9605853178867106,36.6468,0.78,24.2,19.36799999999999,1015.11636,0.0,0
2026-08-24 21:29:59+00:00,2026-08-24,21:00:00,21:29:59,2026-08-24T21:29:59+00:00,Singtam,27.234,88.501,0.0,3B-HHR-E.MS.MRG.3IMERG.20260824-S210000-E212959.1260.V07C.30min.tif,0.0,0.0,0.0,0.0,0.2,0.7999999999999996,9.8,27.6,38.0,0.0,0.0,0.0,0.2,0.0,0.0,0.0,436.68,21.52,343.86,-0.2779853360529779,0.9605853178867106,36.6468,0.78,24.2,17.21599999999999,1011.45168,0.0,0
2026-08-24 21:59:59+00:00,2026-08-24,21:30:00,21:59:59,2026-08-24T21:59:59+00:00,Singtam,27.234,88.501,0.0,3B-HHR-E.MS.MRG.3IMERG.20260824-S213000-E215959.1290.V07C.30min.tif,0.0,0.0,0.0,0.0,0.2,0.6999999999999995,8.9,27.5,38.0,0.0,0.0,0.0,0.2,0.0,0.0,0.0,436.68,21.52,343.86,-0.2779853360529779,0.9605853178867106,36.6468,0.78,24.2,15.06399999999999,1007.7869999999999,0.0,0
2026-08-24 22:29:59+00:00,2026-08-24,22:00:00,22:29:59,2026-08-24T22:29:59+00:00,Singtam,27.234,88.501,0.0,3B-HHR-E.MS.MRG.3IMERG.20260824-S220000-E222959.1320.V07C.30min.tif,0.0,0.0,0.0,0.0,0.2,0.6999999999999995,8.4,27.5,38.0,0.0,0.0,0.0,0.2,0.0,0.0,0.0,436.68,21.52,343.86,-0.2779853360529779,0.9605853178867106,36.6468,0.78,24.2,15.06399999999999,1007.7869999999999,0.0,0
2026-08-24 22:59:59+00:00,2026-08-24,22:30:00,22:59:59,2026-08-24T22:59:59+00:00,Singtam,27.234,88.501,0.0,3B-HHR-E.MS.MRG.3IMERG.20260824-S223000-E225959.1350.V07C.30min.tif,0.0,0.0,0.0,0.0,0.2,0.6999999999999995,7.8999999999999995,27.5,38.0,0.0,0.0,0.0,0.2,0.0,0.0,0.0,436.68,21.52,343.86,-0.2779853360529779,0.9605853178867106,36.6468,0.78,24.2,15.06399999999999,1007.7869999999999,0.0,0
2026-08-24 23:29:59+00:00,2026-08-24,23:00:00,23:29:59,2026-08-24T23:29:59+00:00,Singtam,27.234,88.501,0.0,3B-HHR-E.MS.MRG.3IMERG.20260824-S230000-E232959.1380.V07C.30min.tif,0.0,0.0,0.0,0.0,0.1,0.6999999999999995,7.8,27.5,38.0,0.0,0.0,0.0,0.2,0.0,0.0,0.0,436.68,21.52,343.86,-0.2779853360529779,0.9605853178867106,36.6468,0.78,24.2,15.06399999999999,1007.7869999999999,0.0,0
2026-08-24 23:59:59+00:00,2026-08-24,23:30:00,23:59:59,2026-08-24T23:59:59+00:00,Singtam,27.234,88.501,0.0,3B-HHR-E.MS.MRG.3IMERG.20260824-S233000-E235959.1410.V07C.30min.tif,0.0,0.0,0.0,0.0,0.0,0.6999999999999995,7.7,27.5,38.0,0.0,0.0,0.0,0.2,0.0,0.0,0.0,436.68,21.52,343.86,-0.2779853360529779,0.9605853178867106,36.6468,0.78,24.2,15.06399999999999,1007.7869999999999,0.0,0
2026-08-25 00:29:59+00:00,2026-08-25,00:00:00,00:29:59,2026-08-25T00:29:59+00:00,Singtam,27.234,88.501,0.0,3B-HHR-E.MS.MRG.3IMERG.20260825-S000000-E002959.0000.V07C.30min.tif,0.0,0.0,0.0,0.0,0.0,0.6999999999999995,7.7,27.5,38.0,0.0,0.0,0.0,0.2,0.0,0.0,0.0,436.68,21.52,343.86,-0.2779853360529779,0.9605853178867106,36.6468,0.78,24.2,15.06399999999999,1007.7869999999999,0.0,0
2026-08-25 00:59:59+00:00,2026-08-25,00:30:00,00:59:59,2026-08-25T00:59:59+00:00,Singtam,27.234,88.501,0.0,3B-HHR-E.MS.MRG.3IMERG.20260825-S003000-E005959.0030.V07C.30min.tif,0.0,0.0,0.0,0.0,0.0,0.6999999999999995,7.7,27.5,38.0,0.0,0.0,0.0,0.2,0.0,0.0,0.0,436.68,21.52,343.86,-0.2779853360529779,0.9605853178867106,36.6468,0.78,24.2,15.06399999999999,1007.7869999999999,0.0,0
2026-08-25 01:29:59+00:00,2026-08-25,01:00:00,01:29:59,2026-08-25T01:29:59+00:00,Singtam,27.234,88.501,0.0,3B-HHR-E.MS.MRG.3IMERG.20260825-S010000-E012959.0060.V07C.30min.tif,0.0,0.0,0.0,0.0,0.0,0.6999999999999995,7.7,27.5,38.0,0.0,0.0,0.0,0.2,0.0,0.0,0.0,436.68,21.52,343.86,-0.2779853360529779,0.9605853178867106,36.6468,0.78,24.2,15.06399999999999,1007.7869999999999,0.0,0
2026-08-25 01:59:59+00:00,2026-08-25,01:30:00,01:59:59,2026-08-25T01:59:59+00:00,Singtam,27.234,88.501,0.0,3B-HHR-E.MS.MRG.3IMERG.20260825-S013000-E015959.0090.V07C.30min.tif,0.0,0.0,0.0,0.0,0.0,0.6999999999999995,7.7,27.5,38.0,0.0,0.0,0.0,0.2,0.0,0.0,0.0,436.68,21.52,343.86,-0.2779853360529779,0.9605853178867106,36.6468,0.78,24.2,15.06399999999999,1007.7869999999999,0.0,0
2026-08-25 02:29:59+00:00,2026-08-25,02:00:00,02:29:59,2026-08-25T02:29:59+00:00,Singtam,27.234,88.501,0.0,3B-HHR-E.MS.MRG.3IMERG.20260825-S020000-E022959.0120.V07C.30min.tif,0.0,0.0,0.0,0.0,0.0,0.6999999999999995,7.7,27.5,38.0,0.0,0.0,0.0,0.2,0.0,0.0,0.0,436.68,21.52,343.86,-0.2779853360529779,0.9605853178867106,36.6468,0.78,24.2,15.06399999999999,1007.7869999999999,0.0,0
2026-08-25 02:59:59+00:00,2026-08-25,02:30:00,02:59:59,2026-08-25T02:59:59+00:00,Singtam,27.234,88.501,0.0,3B-HHR-E.MS.MRG.3IMERG.20260825-S023000-E025959.0150.V07C.30min.tif,0.0,0.0,0.0,0.0,0.0,0.6999999999999995,7.7,27.5,38.0,0.0,0.0,0.0,0.2,0.0,0.0,0.0,436.68,21.52,343.86,-0.2779853360529779,0.9605853178867106,36.6468,0.78,24.2,15.06399999999999,1007.7869999999999,0.0,0
2026-08-25 03:29:59+00:00,2026-08-25,03:00:00,03:29:59,2026-08-25T03:29:59+00:00,Singtam,27.234,88.501,0.0,3B-HHR-E.MS.MRG.3IMERG.20260825-S030000-E032959.0180.V07C.30min.tif,0.0,0.0,0.0,0.0,0.0,0.6999999999999995,7.7,27.5,38.0,0.0,0.0,0.0,0.2,0.0,0.0,0.0,436.68,21.52,343.86,-0.2779853360529779,0.9605853178867106,36.6468,0.78,24.2,15.06399999999999,1007.7869999999999,0.0,0
2026-08-25 03:59:59+00:00,2026-08-25,03:30:00,03:59:59,2026-08-25T03:59:59+00:00,Singtam,27.234,88.501,0.0,3B-HHR-E.MS.MRG.3IMERG.20260825-S033000-E035959.0210.V07C.30min.tif,0.0,0.0,0.0,0.0,0.0,0.6999999999999995,7.7,27.5,38.0,0.0,0.0,0.0,0.2,0.0,0.0,0.0,436.68,21.52,343.86,-0.2779853360529779,0.9605853178867106,36.6468,0.78,24.2,15.06399999999999,1007.7869999999999,0.0,0
2026-08-25 04:29:59+00:00,2026-08-25,04:00:00,04:29:59,2026-08-25T04:29:59+00:00,Singtam,27.234,88.501,0.0,3B-HHR-E.MS.MRG.3IMERG.20260825-S040000-E042959.0240.V07C.30min.tif,0.0,0.0,0.0,0.0,0.0,0.6999999999999995,7.7,27.5,38.0,0.0,0.0,0.0,0.2,0.0,0.0,0.0,436.68,21.52,343.86,-0.2779853360529779,0.9605853178867106,36.6468,0.78,24.2,15.06399999999999,1007.7869999999999,0.0,0
2026-08-25 04:59:59+00:00,2026-08-25,04:30:00,04:59:59,2026-08-25T04:59:59+00:00,Singtam,27.234,88.501,0.0,3B-HHR-E.MS.MRG.3IMERG.20260825-S043000-E045959.0270.V07C.30min.tif,0.0,0.0,0.0,0.0,0.0,0.6999999999999995,7.7,27.4,38.0,0.0,0.0,0.0,0.2,0.0,0.0,0.0,436.68,21.52,343.86,-0.2779853360529779,0.9605853178867106,36.6468,0.78,24.2,15.06399999999999,1004.12232,0.0,0
2026-08-25 05:29:59+00:00,2026-08-25,05:00:00,05:29:59,2026-08-25T05:29:59+00:00,Singtam,27.234,88.501,0.0,3B-HHR-E.MS.MRG.3IMERG.20260825-S050000-E052959.0300.V07C.30min.tif,0.0,0.0,0.0,0.0,0.0,0.6999999999999995,7.7,27.4,38.0,0.0,0.0,0.0,0.2,0.0,0.0,0.0,436.68,21.52,343.86,-0.2779853360529779,0.9605853178867106,36.6468,0.78,24.2,15.06399999999999,1004.12232,0.0,0
2026-08-25 05:59:59+00:00,2026-08-25,05:30:00,05:59:59,2026-08-25T05:59:59+00:00,Singtam,27.234,88.501,0.0,3B-HHR-E.MS.MRG.3IMERG.20260825-S053000-E055959.0330.V07C.30min.tif,0.0,0.0,0.0,0.0,0.0,0.6999999999999995,7.7,27.4,38.0,0.0,0.0,0.0,0.2,0.0,0.0,0.0,436.68,21.52,343.86,-0.2779853360529779,0.9605853178867106,36.6468,0.78,24.2,15.06399999999999,1004.12232,0.0,0
2026-08-25 06:29:59+00:00,2026-08-25,06:00:00,06:29:59,2026-08-25T06:29:59+00:00,Singtam,27.234,88.501,0.0,3B-HHR-E.MS.MRG.3IMERG.20260825-S060000-E062959.0360.V07C.30min.tif,0.0,0.0,0.0,0.0,0.0,0.6999999999999995,7.6,27.4,38.0,0.0,0.0,0.0,0.2,0.0,0.0,0.0,436.68,21.52,343.86,-0.2779853360529779,0.9605853178867106,36.6468,0.78,24.2,15.06399999999999,1004.12232,0.0,0
2026-08-25 06:59:59+00:00,2026-08-25,06:30:00,06:59:59,2026-08-25T06:59:59+00:00,Singtam,27.234,88.501,0.0,3B-HHR-E.MS.MRG.3IMERG.20260825-S063000-E065959.0390.V07C.30min.tif,0.0,0.0,0.0,0.0,0.0,0.5999999999999995,6.0,27.4,38.0,0.0,0.0,0.0,0.2,0.0,0.0,0.0,436.68,21.52,343.86,-0.2779853360529779,0.9605853178867106,36.6468,0.78,24.2,12.91199999999999,1004.12232,0.0,0
2026-08-25 07:29:59+00:00,2026-08-25,07:00:00,07:29:59,2026-08-25T07:29:59+00:00,Singtam,27.234,88.501,0.1,3B-HHR-E.MS.MRG.3IMERG.20260825-S070000-E072959.0420.V07C.30min.tif,0.1,0.1,0.10000000000000045,0.1,0.1,0.6999999999999995,5.1000000000000005,27.5,38.1,0.1,0.1,0.1,0.2,0.1,0.10000000000000045,0.1,436.68,21.52,343.86,-0.2779853360529779,0.9605853178867106,36.6468,0.78,24.2,15.06399999999999,1007.7869999999999,0.242,0
2026-08-25 07:59:59+00:00,2026-08-25,07:30:00,07:59:59,2026-08-25T07:59:59+00:00,Singtam,27.234,88.501,0.0,3B-HHR-E.MS.MRG.3IMERG.20260825-S073000-E075959.0450.V07C.30min.tif,0.0,0.1,0.10000000000000045,0.1,0.1,0.4999999999999996,4.800000000000001,27.400000000000002,38.1,0.1,0.1,0.1,0.1,0.1,0.10000000000000045,0.1,436.68,21.52,343.86,-0.2779853360529779,0.9605853178867106,36.6468,0.78,24.2,10.759999999999991,1004.1223200000001,0.242,0
2026-08-25 08:29:59+00:00,2026-08-25,08:00:00,08:29:59,2026-08-25T08:29:59+00:00,Singtam,27.234,88.501,0.0,3B-HHR-E.MS.MRG.3IMERG.20260825-S080000-E082959.0480.V07C.30min.tif,0.0,0.0,0.10000000000000045,0.1,0.1,0.3999999999999996,4.5,27.3,38.1,0.0,0.1,0.1,0.1,-0.1,0.10000000000000045,-0.2,436.68,21.52,343.86,-0.2779853360529779,0.9605853178867106,36.6468,0.78,24.2,8.60799999999999,1000.45764,0.242,0
2026-08-25 08:59:59+00:00,2026-08-25,08:30:00,08:59:59,2026-08-25T08:59:59+00:00,Singtam,27.234,88.501,0.0,3B-HHR-E.MS.MRG.3IMERG.20260825-S083000-E085959.0510.V07C.30min.tif,0.0,0.0,0.10000000000000045,0.1,0.1,0.2999999999999996,3.3000000000000003,27.200000000000003,38.1,0.0,0.1,0.1,0.1,-0.1,0.10000000000000045,-0.2,436.68,21.52,343.86,-0.2779853360529779,0.9605853178867106,36.6468,0.78,24.2,6.4559999999999915,996.7929600000001,0.242,0
2026-08-25 09:29:59+00:00,2026-08-25,09:00:00,09:29:59,2026-08-25T09:29:59+00:00,Singtam,27.234,88.501,0.0,3B-HHR-E.MS.MRG.3IMERG.20260825-S090000-E092959.0540.V07C.30min.tif,0.0,0.0,0.10000000000000045,0.1,0.1,0.2999999999999996,2.8000000000000003,27.200000000000003,38.1,0.0,0.1,0.1,0.1,0.0,0.10000000000000045,0.1,436.68,21.52,343.86,-0.2779853360529779,0.9605853178867106,36.6468,0.78,24.2,6.4559999999999915,996.7929600000001,0.242,0
2026-08-25 09:59:59+00:00,2026-08-25,09:30:00,09:59:59,2026-08-25T09:59:59+00:00,Singtam,27.234,88.501,0.0,3B-HHR-E.MS.MRG.3IMERG.20260825-S093000-E095959.0570.V07C.30min.tif,0.0,0.0,0.10000000000000045,0.1,0.1,0.2999999999999996,1.9999999999999998,24.5,38.1,0.0,0.1,0.1,0.1,0.0,0.10000000000000045,0.1,436.68,21.52,343.86,-0.2779853360529779,0.9605853178867106,36.6468,0.78,24.2,6.4559999999999915,897.8466,0.242,0
2026-08-25 10:29:59+00:00,2026-08-25,10:00:00,10:29:59,2026-08-25T10:29:59+00:00,Singtam,27.234,88.501,0.0,3B-HHR-E.MS.MRG.3IMERG.20260825-S100000-E102959.0600.V07C.30min.tif,0.0,0.0,0.0,0.1,0.1,0.2999999999999996,1.9,21.700000000000003,38.1,0.0,0.0,0.1,0.1,0.0,-0.10000000000000045,0.0,436.68,21.52,343.86,-0.2779853360529779,0.9605853178867106,36.6468,0.78,24.2,6.4559999999999915,795.2355600000001,0.0,0
2026-08-25 10:59:59+00:00,2026-08-25,10:30:00,10:59:59,2026-08-25T10:59:59+00:00,Singtam,27.234,88.501,0.1,3B-HHR-E.MS.MRG.3IMERG.20260825-S103000-E105959.0630.V07C.30min.tif,0.1,0.1,0.10000000000000045,0.2,0.2,0.3999999999999996,1.9000000000000001,18.7,38.2,0.1,0.1,0.1,0.1,0.1,0.0,0.1,436.68,21.52,343.86,-0.2779853360529779,0.9605853178867106,36.6468,0.78,24.2,8.60799999999999,685.29516,0.242,0
2026-08-25 11:29:59+00:00,2026-08-25,11:00:00,11:29:59,2026-08-25T11:29:59+00:00,Singtam,27.234,88.501,0.1,3B-HHR-E.MS.MRG.3IMERG.20260825-S110000-E112959.0660.V07C.30min.tif,0.1,0.2,0.20000000000000046,0.30000000000000004,0.30000000000000004,0.3999999999999996,2.0,17.4,38.3,0.1,0.1,0.1,0.1,0.2,0.1,0.2,436.68,21.52,343.86,-0.2779853360529779,0.9605853178867106,36.6468,0.78,24.2,8.60799999999999,637.65432,0.242,0
2026-08-25 11:59:59+00:00,2026-08-25,11:30:00,11:59:59,2026-08-25T11:59:59+00:00,Singtam,27.234,88.501,0.0,3B-HHR-E.MS.MRG.3IMERG.20260825-S113000-E115959.0690.V07C.30min.tif,0.0,0.1,0.20000000000000046,0.30000000000000004,0.30000000000000004,0.2999999999999996,1.9,17.1,38.3,0.1,0.1,0.1,0.1,0.0,0.1,-0.1,436.68,21.52,343.86,-0.2779853360529779,0.9605853178867106,36.6468,0.78,24.2,6.4559999999999915,626.6602800000001,0.242,0
2026-08-25 12:29:59+00:00,2026-08-25,12:00:00,12:29:59,2026-08-25T12:29:59+00:00,Singtam,27.234,88.501,0.0,3B-HHR-E.MS.MRG.3IMERG.20260825-S120000-E122959.0720.V07C.30min.tif,0.0,0.0,0.20000000000000046,0.30000000000000004,0.30000000000000004,0.2999999999999996,1.7999999999999998,17.0,38.3,0.0,0.1,0.1,0.1,-0.2,0.1,-0.4,436.68,21.52,343.86,-0.2779853360529779,0.9605853178867106,36.6468,0.78,24.2,6.4559999999999915,622.9956,0.242,0
2026-08-25 12:59:59+00:00,2026-08-25,12:30:00,12:59:59,2026-08-25T12:59:59+00:00,Singtam,27.234,88.501,0.0,3B-HHR-E.MS.MRG.3IMERG.20260825-S123000-E125959.0750.V07C.30min.tif,0.0,0.0,0.20000000000000046,0.30000000000000004,0.30000000000000004,0.2999999999999996,1.7999999999999998,16.7,38.3,0.0,0.1,0.1,0.1,-0.1,0.1,-0.1,436.68,21.52,343.86,-0.2779853360529779,0.9605853178867106,36.6468,0.78,24.2,6.4559999999999915,612.0015599999999,0.242,0
2026-08-25 13:29:59+00:00,2026-08-25,13:00:00,13:29:59,2026-08-25T13:29:59+00:00,Singtam,27.234,88.501,0.0,3B-HHR-E.MS.MRG.3IMERG.20260825-S130000-E132959.0780.V07C.30min.tif,0.0,0.0,0.20000000000000046,0.2,0.30000000000000004,0.2999999999999996,1.7999999999999998,16.3,38.3,0.0,0.1,0.1,0.1,0.0,0.20000000000000046,0.2,436.68,21.52,343.86,-0.2779853360529779,0.9605853178867106,36.6468,0.78,24.2,6.4559999999999915,597.34284,0.242,0
2026-08-25 13:59:59+00:00,2026-08-25,13:30:00,13:59:59,2026-08-25T13:59:59+00:00,Singtam,27.234,88.501,0.0,3B-HHR-E.MS.MRG.3IMERG.20260825-S133000-E135959.0810.V07C.30min.tif,0.0,0.0,0.10000000000000045,0.2,0.30000000000000004,0.2999999999999996,1.7999999999999998,16.2,38.3,0.0,0.1,0.1,0.1,0.0,0.0,0.1,436.68,21.52,343.86,-0.2779853360529779,0.9605853178867106,36.6468,0.78,24.2,6.4559999999999915,593.6781599999999,0.242,0
2026-08-25 14:29:59+00:00,2026-08-25,14:00:00,14:29:59,2026-08-25T14:29:59+00:00,Singtam,27.234,88.501,0.5,3B-HHR-E.MS.MRG.3IMERG.20260825-S140000-E142959.0840.V07C.30min.tif,0.5,0.5,0.5000000000000004,0.7,0.8,0.7999999999999996,2.3,16.6,38.8,0.5,0.5,0.5,0.5,0.5,0.3,0.5,436.68,21.52,343.86,-0.2779853360529779,0.9605853178867106,36.6468,0.78,24.2,17.21599999999999,608.3368800000001,1.21,0
2026-08-25 14:59:59+00:00,2026-08-25,14:30:00,14:59:59,2026-08-25T14:59:59+00:00,Singtam,27.234,88.501,0.5,3B-HHR-E.MS.MRG.3IMERG.20260825-S143000-E145959.0870.V07C.30min.tif,0.5,1.0,1.0000000000000004,1.2,1.3,1.2999999999999996,2.8,17.0,39.3,0.5,0.5,0.5,0.5,1.0,0.8,1.0,436.68,21.52,343.86,-0.2779853360529779,0.9605853178867106,36.6468,0.78,24.2,27.975999999999992,622.9956,1.21,0
2026-08-25 15:29:59+00:00,2026-08-25,15:00:00,15:29:59,2026-08-25T15:29:59+00:00,Singtam,27.234,88.501,0.1,3B-HHR-E.MS.MRG.3IMERG.20260825-S150000-E152959.0900.V07C.30min.tif,0.1,0.6,1.1000000000000005,1.3,1.4000000000000001,1.3999999999999997,2.9,17.0,39.4,0.5,0.5,0.5,0.5,0.09999999999999998,0.9000000000000001,-0.4,436.68,21.52,343.86,-0.2779853360529779,0.9605853178867106,36.6468,0.78,24.2,30.127999999999993,622.9956,1.21,0
2026-08-25 15:59:59+00:00,2026-08-25,15:30:00,15:59:59,2026-08-25T15:59:59+00:00,Singtam,27.234,88.501,0.0,3B-HHR-E.MS.MRG.3IMERG.20260825-S153000-E155959.0930.V07C.30min.tif,0.0,0.1,1.1000000000000005,1.3,1.4000000000000001,1.3999999999999997,2.9,16.900000000000002,39.4,0.1,0.5,0.5,0.5,-0.9,0.9000000000000001,-1.9,436.68,21.52,343.86,-0.2779853360529779,0.9605853178867106,36.6468,0.78,24.2,30.127999999999993,619.3309200000001,1.21,0
2026-08-25 16:29:59+00:00,2026-08-25,16:00:00,16:29:59,2026-08-25T16:29:59+00:00,Singtam,27.234,88.501,0.0,3B-HHR-E.MS.MRG.3IMERG.20260825-S160000-E162959.0960.V07C.30min.tif,0.0,0.0,1.1000000000000005,1.3,1.4000000000000001,1.3999999999999997,2.9,16.8,39.4,0.0,0.5,0.5,0.5,-0.6,0.9000000000000001,-0.7,436.68,21.52,343.86,-0.2779853360529779,0.9605853178867106,36.6468,0.78,24.2,30.127999999999993,615.66624,1.21,0
2026-08-25 16:59:59+00:00,2026-08-25,16:30:00,16:59:59,2026-08-25T16:59:59+00:00,Singtam,27.234,88.501,0.0,3B-HHR-E.MS.MRG.3IMERG.20260825-S163000-E165959.0990.V07C.30min.tif,0.0,0.0,1.1000000000000005,1.2,1.4000000000000001,1.3999999999999997,2.9,16.8,39.4,0.0,0.5,0.5,0.5,-0.1,1.0,0.8,436.68,21.52,343.86,-0.2779853360529779,0.9605853178867106,36.6468,0.78,24.2,30.127999999999993,615.66624,1.21,0
2026-08-25 17:29:59+00:00,2026-08-25,17:00:00,17:29:59,2026-08-25T17:29:59+00:00,Singtam,27.234,88.501,0.8,3B-HHR-E.MS.MRG.3IMERG.20260825-S170000-E172959.1020.V07C.30min.tif,0.8,0.8,1.4000000000000004,1.9,2.2,2.1999999999999997,3.7,17.599999999999998,40.2,0.8,0.8,0.8,0.8,0.8,0.8999999999999999,1.4,436.68,21.52,343.86,-0.2779853360529779,0.9605853178867106,36.6468,0.78,24.2,47.343999999999994,644.9836799999999,1.936,0
2026-08-25 17:59:59+00:00,2026-08-25,17:30:00,17:59:59,2026-08-25T17:59:59+00:00,Singtam,27.234,88.501,0.8,3B-HHR-E.MS.MRG.3IMERG.20260825-S173000-E175959.1050.V07C.30min.tif,0.8,1.6,1.7000000000000006,2.7,3.0,2.9999999999999996,4.5,18.4,41.0,0.8,0.8,0.8,0.8,1.6,0.7000000000000002,1.7000000000000002,436.68,21.52,343.86,-0.2779853360529779,0.9605853178867106,36.6468,0.78,24.2,64.55999999999999,674.30112,1.936,0
2026-08-25 18:29:59+00:00,2026-08-25,18:00:00,18:29:59,2026-08-25T18:29:59+00:00,Singtam,27.234,88.501,0.5,3B-HHR-E.MS.MRG.3IMERG.20260825-S180000-E182959.1080.V07C.30min.tif,0.5,1.3,2.1000000000000005,3.2,3.5,3.4999999999999996,5.0,18.9,41.5,0.8,0.8,0.8,0.8,0.5,1.0,-0.30000000000000004,436.68,21.52,343.86,-0.2779853360529779,0.9605853178867106,36.6468,0.78,24.2,75.32,692.62452,1.936,0
2026-08-25 18:59:59+00:00,2026-08-25,18:30:00,18:59:59,2026-08-25T18:59:59+00:00,Singtam,27.234,88.501,0.5,3B-HHR-E.MS.MRG.3IMERG.20260825-S183000-E185959.1110.V07C.30min.tif,0.5,1.0,2.6000000000000005,3.7,4.0,3.9999999999999996,5.5,19.4,42.0,0.5,0.8,0.8,0.8,-0.6000000000000001,1.5,-2.2,436.68,21.52,343.86,-0.2779853360529779,0.9605853178867106,36.6468,0.78,24.2,86.07999999999998,710.94792,1.936,0
2026-08-25 19:29:59+00:00,2026-08-25,19:00:00,19:29:59,2026-08-25T19:29:59+00:00,Singtam,27.234,88.501,0.9,3B-HHR-E.MS.MRG.3IMERG.20260825-S190000-E192959.1140.V07C.30min.tif,0.9,1.4,3.5000000000000004,4.6,4.8,4.8999999999999995,6.4,20.3,42.9,0.9,0.9,0.9,0.9,0.09999999999999987,2.4,-0.40000000000000013,436.68,21.52,343.86,-0.2779853360529779,0.9605853178867106,36.6468,0.78,24.2,105.448,743.93004,2.178,0
2026-08-25 19:59:59+00:00,2026-08-25,19:30:00,19:59:59,2026-08-25T19:59:59+00:00,Singtam,27.234,88.501,0.1,3B-HHR-E.MS.MRG.3IMERG.20260825-S193000-E195959.1170.V07C.30min.tif,0.1,1.0,3.6000000000000005,4.7,4.9,5.0,6.4,18.9,43.0,0.9,0.9,0.9,0.9,0.0,2.5,0.6000000000000001,436.68,21.52,343.86,-0.2779853360529779,0.9605853178867106,36.6468,0.78,24.2,107.6,692.62452,2.178,0
2026-08-25 20:29:59+00:00,2026-08-25,20:00:00,20:29:59,2026-08-25T20:29:59+00:00,Singtam,27.234,88.501,0.1,3B-HHR-E.MS.MRG.3IMERG.20260825-S200000-E202959.1200.V07C.30min.tif,0.1,0.2,2.900000000000001,4.3,5.0,5.1,6.3,17.6,43.1,0.1,0.9,0.9,0.9,-1.2,1.5000000000000004,-1.2999999999999998,436.68,21.52,343.86,-0.2779853360529779,0.9605853178867106,36.6468,0.78,24.2,109.752,644.98368,2.178,0
2026-08-25 20:59:59+00:00,2026-08-25,20:30:00,20:59:59,2026-08-25T20:59:59+00:00,Singtam,27.234,88.501,0.2,3B-HHR-E.MS.MRG.3IMERG.20260825-S203000-E205959.1230.V07C.30min.tif,0.2,0.30000000000000004,2.3000000000000003,4.0,5.2,5.3,6.2,16.3,43.3,0.2,0.9,0.9,0.9,-0.7,0.5999999999999996,-0.7,436.68,21.52,343.86,-0.2779853360529779,0.9605853178867106,36.6468,0.78,24.2,114.056,597.34284,2.178,0
2026-08-25 21:29:59+00:00,2026-08-25,21:00:00,21:29:59,2026-08-25T21:29:59+00:00,Singtam,27.234,88.501,0.3,3B-HHR-E.MS.MRG.3IMERG.20260825-S210000-E212959.1260.V07C.30min.tif,0.3,0.5,2.1000000000000005,4.2,5.5,5.6,6.3999999999999995,15.4,43.6,0.3,0.9,0.9,0.9,0.3,0.0,1.5,436.68,21.52,343.86,-0.2779853360529779,0.9605853178867106,36.6468,0.78,24.2,120.51199999999999,564.36072,2.178,0
2026-08-25 21:59:59+00:00,2026-08-25,21:30:00,21:59:59,2026-08-25T21:59:59+00:00,Singtam,27.234,88.501,0.4,3B-HHR-E.MS.MRG.3IMERG.20260825-S213000-E215959.1290.V07C.30min.tif,0.4,0.7,2.0000000000000004,4.6,5.9,6.0,6.7,14.9,44.0,0.4,0.9,0.9,0.9,0.3999999999999999,-0.6000000000000001,1.0999999999999999,436.68,21.52,343.86,-0.2779853360529779,0.9605853178867106,36.6468,0.78,24.2,129.12,546.03732,2.178,0
2026-08-25 22:29:59+00:00,2026-08-25,22:00:00,22:29:59,2026-08-25T22:29:59+00:00,Singtam,27.234,88.501,1.2,3B-HHR-E.MS.MRG.3IMERG.20260825-S220000-E222959.1320.V07C.30min.tif,1.2,1.5999999999999999,2.3000000000000007,5.8,7.1,7.199999999999999,7.9,15.600000000000001,45.2,1.2,1.2,1.2,1.2,1.0999999999999999,-1.1999999999999997,0.7999999999999998,436.68,21.52,343.86,-0.2779853360529779,0.9605853178867106,36.6468,0.78,24.2,154.944,571.6900800000001,2.904,0
2026-08-25 22:59:59+00:00,2026-08-25,22:30:00,22:59:59,2026-08-25T22:59:59+00:00,Singtam,27.234,88.501,1.2,3B-HHR-E.MS.MRG.3IMERG.20260825-S223000-E225959.1350.V07C.30min.tif,1.2,2.4,3.4000000000000004,7.0,8.200000000000001,8.4,9.1,16.3,46.4,1.2,1.2,1.2,1.2,1.7,-0.20000000000000018,1.3,436.68,21.52,343.86,-0.2779853360529779,0.9605853178867106,36.6468,0.78,24.2,180.768,597.34284,2.904,0
2026-08-25 23:29:59+00:00,2026-08-25,23:00:00,23:29:59,2026-08-25T23:29:59+00:00,Singtam,27.234,88.501,0.9,3B-HHR-E.MS.MRG.3IMERG.20260825-S230000-E232959.1380.V07C.30min.tif,0.9,2.1,4.2,7.1000000000000005,9.0,9.299999999999999,10.0,17.099999999999998,47.3,1.2,1.2,1.2,1.2,0.5000000000000002,1.2999999999999994,-0.5999999999999996,436.68,21.52,343.86,-0.2779853360529779,0.9605853178867106,36.6468,0.78,24.2,200.13599999999997,626.66028,2.904,0
2026-08-25 23:59:59+00:00,2026-08-25,23:30:00,23:59:59,2026-08-25T23:59:59+00:00,Singtam,27.234,88.501,2.0,3B-HHR-E.MS.MRG.3IMERG.20260825-S233000-E235959.1410.V07C.30min.tif,2.0,2.9000000000000004,6.0,8.3,11.0,11.3,12.0,19.0,49.3,2.0,2.0,2.0,2.0,0.5000000000000004,3.6999999999999997,-1.1999999999999995,436.68,21.52,343.86,-0.2779853360529779,0.9605853178867106,36.6468,0.78,24.2,243.17600000000002,696.2891999999999,4.84,0
2026-08-26 00:29:59+00:00,2026-08-26,00:00:00,00:29:59,2026-08-26T00:29:59+00:00,Singtam,27.234,88.501,1.9,3B-HHR-E.MS.MRG.3IMERG.20260826-S000000-E002959.0000.V07C.30min.tif,1.9,3.9000000000000004,7.6,9.7,12.9,13.2,13.9,20.900000000000002,51.2,2.0,2.0,2.0,2.0,1.8000000000000003,5.499999999999999,1.3,436.68,21.52,343.86,-0.2779853360529779,0.9605853178867106,36.6468,0.78,24.2,284.06399999999996,765.91812,4.84,1
2026-08-26 00:59:59+00:00,2026-08-26,00:30:00,00:59:59,2026-08-26T00:59:59+00:00,Singtam,27.234,88.501,1.8,3B-HHR-E.MS.MRG.3IMERG.20260826-S003000-E005959.0030.V07C.30min.tif,1.8,3.7,9.0,11.0,14.700000000000001,15.0,15.7,22.700000000000003,53.0,1.9,2.0,2.0,2.0,0.7999999999999998,7.0,0.2999999999999994,436.68,21.52,343.86,-0.2779853360529779,0.9605853178867106,36.6468,0.78,24.2,322.8,831.8823600000001,4.84,1
2026-08-26 01:29:59+00:00,2026-08-26,01:00:00,01:29:59,2026-08-26T01:29:59+00:00,Singtam,27.234,88.501,1.5,3B-HHR-E.MS.MRG.3IMERG.20260826-S010000-E012959.0060.V07C.30min.tif,1.5,3.3000000000000007,9.3,11.6,16.2,16.5,17.2,24.200000000000003,54.5,1.8,2.0,2.0,2.0,-0.5999999999999996,7.0,-2.4,436.68,21.52,343.86,-0.2779853360529779,0.9605853178867106,36.6468,0.78,24.2,355.08,886.85256,4.84,1
2026-08-26 01:59:59+00:00,2026-08-26,01:30:00,01:59:59,2026-08-26T01:59:59+00:00,Singtam,27.234,88.501,1.1,3B-HHR-E.MS.MRG.3IMERG.20260826-S013000-E015959.0090.V07C.30min.tif,1.1,2.6000000000000005,9.200000000000001,12.6,17.3,17.6,18.3,25.3,55.6,1.5,2.0,2.0,2.0,-1.0999999999999996,5.800000000000001,-1.8999999999999995,436.68,21.52,343.86,-0.2779853360529779,0.9605853178867106,36.6468,0.78,24.2,378.752,927.16404,4.84,0
2026-08-26 02:29:59+00:00,2026-08-26,02:00:00,02:29:59,2026-08-26T02:29:59+00:00,Singtam,27.234,88.501,0.7,3B-HHR-E.MS.MRG.3IMERG.20260826-S020000-E022959.0120.V07C.30min.tif,0.7,1.8000000000000005,9.0,13.200000000000001,17.5,18.3,19.0,26.0,56.3,1.1,2.0,2.0,2.0,-1.5000000000000002,4.8,-0.9000000000000006,436.68,21.52,343.86,-0.2779853360529779,0.9605853178867106,36.6468,0.78,24.2,393.81600000000003,952.8168,4.84,0
2026-08-26 02:59:59+00:00,2026-08-26,02:30:00,02:59:59,2026-08-26T02:59:59+00:00,Singtam,27.234,88.501,1.7,3B-HHR-E.MS.MRG.3IMERG.20260826-S023000-E025959.0150.V07C.30min.tif,1.7,2.4000000000000004,8.700000000000001,14.7,18.7,20.0,20.7,27.700000000000003,58.0,1.7,1.9,2.0,2.0,-0.20000000000000018,2.700000000000001,0.8999999999999995,436.68,21.52,343.86,-0.2779853360529779,0.9605853178867106,36.6468,0.78,24.2,430.4,1015.1163600000001,4.598,0
2026-08-26 03:29:59+00:00,2026-08-26,03:00:00,03:29:59,2026-08-26T03:29:59+00:00,Singtam,27.234,88.501,2.0,3B-HHR-E.MS.MRG.3IMERG.20260826-S030000-E032959.0180.V07C.30min.tif,2.0,3.7,8.8,16.4,20.6,22.0,22.7,29.700000000000003,60.0,2.0,2.0,2.0,2.0,1.8999999999999997,1.200000000000001,3.4,436.68,21.52,343.86,-0.2779853360529779,0.9605853178867106,36.6468,0.78,24.2,473.44,1088.4099600000002,4.84,1
2026-08-26 03:59:59+00:00,2026-08-26,03:30:00,03:59:59,2026-08-26T03:59:59+00:00,Singtam,27.234,88.501,1.9,3B-HHR-E.MS.MRG.3IMERG.20260826-S033000-E035959.0210.V07C.30min.tif,1.9,3.9000000000000004,8.9,17.9,22.5,23.9,24.6,31.6,61.9,2.0,2.0,2.0,2.0,1.5,-0.09999999999999964,1.7000000000000002,436.68,21.52,343.86,-0.2779853360529779,0.9605853178867106,36.6468,0.78,24.2,514.328,1158.03888,4.84,1
2026-08-26 04:29:59+00:00,2026-08-26,04:00:00,04:29:59,2026-08-26T04:29:59+00:00,Singtam,27.234,88.501,1.0,3B-HHR-E.MS.MRG.3IMERG.20260826-S040000-E042959.0240.V07C.30min.tif,1.0,2.9000000000000004,8.4,17.7,23.5,24.9,25.6,32.6,62.9,1.9,2.0,2.0,2.0,-0.7999999999999998,-0.9000000000000004,-2.6999999999999993,436.68,21.52,343.86,-0.2779853360529779,0.9605853178867106,36.6468,0.78,24.2,535.848,1194.68568,4.84,0
2026-08-26 04:59:59+00:00,2026-08-26,04:30:00,04:59:59,2026-08-26T04:59:59+00:00,Singtam,27.234,88.501,0.5,3B-HHR-E.MS.MRG.3IMERG.20260826-S043000-E045959.0270.V07C.30min.tif,0.5,1.5000000000000004,7.8,17.0,24.0,25.4,26.1,33.1,63.4,1.0,2.0,2.0,2.0,-2.4,-1.4000000000000012,-3.9,436.68,21.52,343.86,-0.2779853360529779,0.9605853178867106,36.6468,0.78,24.2,546.608,1213.00908,4.84,0
2026-08-26 05:29:59+00:00,2026-08-26,05:00:00,05:29:59,2026-08-26T05:29:59+00:00,Singtam,27.234,88.501,3.8,3B-HHR-E.MS.MRG.3IMERG.20260826-S050000-E052959.0300.V07C.30min.tif,3.8,4.300000000000001,10.899999999999999,19.9,27.0,29.2,29.9,36.9,67.2,3.8,3.8,3.8,3.8,1.4000000000000004,1.8999999999999986,2.2,436.68,21.52,343.86,-0.2779853360529779,0.9605853178867106,36.6468,0.78,24.2,628.384,1352.2669199999998,9.196,1
2026-08-26 05:59:59+00:00,2026-08-26,05:30:00,05:59:59,2026-08-26T05:59:59+00:00,Singtam,27.234,88.501,3.5,3B-HHR-E.MS.MRG.3IMERG.20260826-S053000-E055959.0330.V07C.30min.tif,3.5,7.300000000000001,12.7,21.4,29.700000000000003,32.7,33.4,40.4,70.7,3.8,3.8,3.8,3.8,5.800000000000001,3.9999999999999982,8.200000000000001,436.68,21.52,343.86,-0.2779853360529779,0.9605853178867106,36.6468,0.78,24.2,703.7040000000001,1480.53072,9.196,1
2026-08-26 06:29:59+00:00,2026-08-26,06:00:00,06:29:59,2026-08-26T06:29:59+00:00,Singtam,27.234,88.501,0.1,3B-HHR-E.MS.MRG.3IMERG.20260826-S060000-E062959.0360.V07C.30min.tif,0.1,3.6000000000000005,10.8,19.6,29.3,32.8,33.5,40.4,70.8,3.5,3.8,3.8,3.8,-0.7000000000000002,2.0,-2.1000000000000005,436.68,21.52,343.86,-0.2779853360529779,0.9605853178867106,36.6468,0.78,24.2,705.8559999999999,1480.53072,9.196,1
2026-08-26 06:59:59+00:00,2026-08-26,06:30:00,06:59:59,2026-08-26T06:59:59+00:00,Singtam,27.234,88.501,0.2,3B-HHR-E.MS.MRG.3IMERG.20260826-S063000-E065959.0390.V07C.30min.tif,0.2,0.3000000000000005,9.1,18.0,29.0,33.0,33.6,39.0,71.0,0.2,3.8,3.8,3.8,-7.0,0.1999999999999993,-12.8,436.68,21.52,343.86,-0.2779853360529779,0.9605853178867106,36.6468,0.78,24.2,710.16,1429.2251999999999,9.196,1
2026-08-26 07:29:59+00:00,2026-08-26,07:00:00,07:29:59,2026-08-26T07:29:59+00:00,Singtam,27.234,88.501,0.5,3B-HHR-E.MS.MRG.3IMERG.20260826-S070000-E072959.0420.V07C.30min.tif,0.5,0.7000000000000005,8.6,17.0,28.599999999999998,33.4,34.1,38.5,71.5,0.5,3.8,3.8,3.8,-2.9,0.1999999999999993,-2.1999999999999997,436.68,21.52,343.86,-0.2779853360529779,0.9605853178867106,36.6468,0.78,24.2,718.7679999999999,1410.9017999999999,9.196,1
2026-08-26 07:59:59+00:00,2026-08-26,07:30:00,07:59:59,2026-08-26T07:59:59+00:00,Singtam,27.234,88.501,0.2,3B-HHR-E.MS.MRG.3IMERG.20260826-S073000-E075959.0450.V07C.30min.tif,0.2,0.7000000000000004,8.3,16.1,28.700000000000003,33.6,34.1,38.4,71.7,0.5,3.8,3.8,3.8,0.3999999999999999,0.5000000000000009,7.4,436.68,21.52,343.86,-0.2779853360529779,0.9605853178867106,36.6468,0.78,24.2,723.072,1407.23712,9.196,1
2026-08-26 08:29:59+00:00,2026-08-26,08:00:00,08:29:59,2026-08-26T08:29:59+00:00,Singtam,27.234,88.501,0.1,3B-HHR-E.MS.MRG.3IMERG.20260826-S080000-E082959.0480.V07C.30min.tif,0.1,0.3000000000000005,4.6000000000000005,15.499999999999998,28.7,33.699999999999996,34.1,38.199999999999996,71.8,0.2,3.5,3.8,3.8,-0.4,-6.299999999999998,2.5,436.68,21.52,343.86,-0.2779853360529779,0.9605853178867106,36.6468,0.78,24.2,725.2239999999999,1399.9077599999998,8.469999999999999,1
2026-08-26 08:59:59+00:00,2026-08-26,08:30:00,08:59:59,2026-08-26T08:59:59+00:00,Singtam,27.234,88.501,0.0,3B-HHR-E.MS.MRG.3IMERG.20260826-S083000-E085959.0510.V07C.30min.tif,0.0,0.1000000000000005,1.1000000000000005,13.799999999999999,28.5,33.699999999999996,34.0,37.0,71.8,0.1,0.5,3.8,3.8,-0.5999999999999999,-11.599999999999998,-0.9999999999999998,436.68,21.52,343.86,-0.2779853360529779,0.9605853178867106,36.6468,0.78,24.2,725.2239999999999,1355.9316,1.21,1
2026-08-26 09:29:59+00:00,2026-08-26,09:00:00,09:29:59,2026-08-26T09:29:59+00:00,Singtam,27.234,88.501,0.0,3B-HHR-E.MS.MRG.3IMERG.20260826-S090000-E092959.0540.V07C.30min.tif,0.0,0.0,1.0000000000000004,11.799999999999999,28.2,33.699999999999996,34.0,36.5,71.8,0.0,0.5,3.8,3.8,-0.3000000000000005,-9.8,0.09999999999999953,436.68,21.52,343.86,-0.2779853360529779,0.9605853178867106,36.6468,0.78,24.2,725.2239999999999,1337.6082,1.21,1
2026-08-26 09:59:59+00:00,2026-08-26,09:30:00,09:59:59,2026-08-26T09:59:59+00:00,Singtam,27.234,88.501,0.0,3B-HHR-E.MS.MRG.3IMERG.20260826-S093000-E095959.0570.V07C.30min.tif,0.0,0.0,0.8000000000000005,9.899999999999999,27.8,33.699999999999996,34.0,35.699999999999996,71.8,0.0,0.5,3.8,3.8,-0.1000000000000005,-8.299999999999999,0.49999999999999933,436.68,21.52,343.86,-0.2779853360529779,0.9605853178867106,36.6468,0.78,24.2,725.2239999999999,1308.2907599999999,1.21,1
2026-08-26 10:29:59+00:00,2026-08-26,10:00:00,10:29:59,2026-08-26T10:29:59+00:00,Singtam,27.234,88.501,0.0,3B-HHR-E.MS.MRG.3IMERG.20260826-S100000-E102959.0600.V07C.30min.tif,0.0,0.0,0.3000000000000005,8.899999999999999,26.599999999999998,33.699999999999996,34.0,35.6,71.8,0.0,0.2,3.8,3.8,0.0,-8.299999999999999,0.3000000000000005,436.68,21.52,343.86,-0.2779853360529779,0.9605853178867106,36.6468,0.78,24.2,725.2239999999999,1304.62608,0.484,1
2026-08-26 10:59:59+00:00,2026-08-26,10:30:00,10:59:59,2026-08-26T10:59:59+00:00,Singtam,27.234,88.501,0.0,3B-HHR-E.MS.MRG.3IMERG.20260826-S103000-E105959.0630.V07C.30min.tif,0.0,0.0,0.10000000000000045,8.399999999999999,25.4,33.599999999999994,34.0,35.5,71.8,0.0,0.1,3.8,3.8,0.0,-8.200000000000001,0.1000000000000005,436.68,21.52,343.86,-0.2779853360529779,0.9605853178867106,36.6468,0.78,24.2,723.0719999999999,1300.9614,0.242,1
2026-08-26 11:29:59+00:00,2026-08-26,11:00:00,11:29:59,2026-08-26T11:29:59+00:00,Singtam,27.234,88.501,0.0,3B-HHR-E.MS.MRG.3IMERG.20260826-S110000-E112959.0660.V07C.30min.tif,0.0,0.0,0.0,4.6000000000000005,24.5,33.5,33.9,35.5,71.8,0.0,0.0,3.5,3.8,0.0,-4.6000000000000005,0.0,436.68,21.52,343.86,-0.2779853360529779,0.9605853178867106,36.6468,0.78,24.2,720.92,1300.9614,0.0,1
2026-08-26 11:59:59+00:00,2026-08-26,11:30:00,11:59:59,2026-08-26T11:59:59+00:00,Singtam,27.234,88.501,0.0,3B-HHR-E.MS.MRG.3IMERG.20260826-S113000-E115959.0690.V07C.30min.tif,0.0,0.0,0.0,1.1,22.5,33.5,33.8,35.4,71.8,0.0,0.0,0.5,3.8,0.0,-1.1000000000000005,0.0,436.68,21.52,343.86,-0.2779853360529779,0.9605853178867106,36.6468,0.78,24.2,720.92,1297.2967199999998,0.0,1
2026-08-26 12:29:59+00:00,2026-08-26,12:00:00,12:29:59,2026-08-26T12:29:59+00:00,Singtam,27.234,88.501,0.0,3B-HHR-E.MS.MRG.3IMERG.20260826-S120000-E122959.0720.V07C.30min.tif,0.0,0.0,0.0,1.0,20.599999999999998,33.5,33.8,35.3,71.8,0.0,0.0,0.5,3.8,0.0,-1.0000000000000004,0.0,436.68,21.52,343.86,-0.2779853360529779,0.9605853178867106,36.6468,0.78,24.2,720.92,1293.63204,0.0,1
2026-08-26 12:59:59+00:00,2026-08-26,12:30:00,12:59:59,2026-08-26T12:59:59+00:00,Singtam,27.234,88.501,0.0,3B-HHR-E.MS.MRG.3IMERG.20260826-S123000-E125959.0750.V07C.30min.tif,0.0,0.0,0.0,0.8,18.8,33.5,33.8,35.3,71.8,0.0,0.0,0.5,3.8,0.0,-0.8000000000000005,0.0,436.68,21.52,343.86,-0.2779853360529779,0.9605853178867106,36.6468,0.78,24.2,720.92,1293.63204,0.0,1
2026-08-26 13:29:59+00:00,2026-08-26,13:00:00,13:29:59,2026-08-26T13:29:59+00:00,Singtam,27.234,88.501,0.0,3B-HHR-E.MS.MRG.3IMERG.20260826-S130000-E132959.0780.V07C.30min.tif,0.0,0.0,0.0,0.30000000000000004,17.3,33.5,33.8,35.3,71.8,0.0,0.0,0.2,3.8,0.0,-0.3000000000000005,0.0,436.68,21.52,343.86,-0.2779853360529779,0.9605853178867106,36.6468,0.78,24.2,720.92,1293.63204,0.0,1
2026-08-26 13:59:59+00:00,2026-08-26,13:30:00,13:59:59,2026-08-26T13:59:59+00:00,Singtam,27.234,88.501,0.0,3B-HHR-E.MS.MRG.3IMERG.20260826-S133000-E135959.0810.V07C.30min.tif,0.0,0.0,0.0,0.1,16.2,33.5,33.8,35.3,71.8,0.0,0.0,0.1,3.8,0.0,-0.10000000000000045,0.0,436.68,21.52,343.86,-0.2779853360529779,0.9605853178867106,36.6468,0.78,24.2,720.92,1293.63204,0.0,1
2026-08-26 14:29:59+00:00,2026-08-26,14:00:00,14:29:59,2026-08-26T14:29:59+00:00,Singtam,27.234,88.501,0.0,3B-HHR-E.MS.MRG.3IMERG.20260826-S140000-E142959.0840.V07C.30min.tif,0.0,0.0,0.0,0.0,15.5,33.0,33.8,35.3,71.8,0.0,0.0,0.0,3.8,0.0,0.0,0.0,436.68,21.52,343.86,-0.2779853360529779,0.9605853178867106,36.6468,0.78,24.2,710.16,1293.63204,0.0,1
2026-08-26 14:59:59+00:00,2026-08-26,14:30:00,14:59:59,2026-08-26T14:59:59+00:00,Singtam,27.234,88.501,0.0,3B-HHR-E.MS.MRG.3IMERG.20260826-S143000-E145959.0870.V07C.30min.tif,0.0,0.0,0.0,0.0,13.799999999999999,32.5,33.8,35.3,71.8,0.0,0.0,0.0,3.8,0.0,0.0,0.0,436.68,21.52,343.86,-0.2779853360529779,0.9605853178867106,36.6468,0.78,24.2,699.4,1293.63204,0.0,1
2026-08-26 15:29:59+00:00,2026-08-26,15:00:00,15:29:59,2026-08-26T15:29:59+00:00,Singtam,27.234,88.501,0.0,3B-HHR-E.MS.MRG.3IMERG.20260826-S150000-E152959.0900.V07C.30min.tif,0.0,0.0,0.0,0.0,11.799999999999999,32.4,33.8,35.3,71.8,0.0,0.0,0.0,3.8,0.0,0.0,0.0,436.68,21.52,343.86,-0.2779853360529779,0.9605853178867106,36.6468,0.78,24.2,697.2479999999999,1293.63204,0.0,1
2026-08-26 15:59:59+00:00,2026-08-26,15:30:00,15:59:59,2026-08-26T15:59:59+00:00,Singtam,27.234,88.501,0.0,3B-HHR-E.MS.MRG.3IMERG.20260826-S153000-E155959.0930.V07C.30min.tif,0.0,0.0,0.0,0.0,9.899999999999999,32.4,33.8,35.3,71.8,0.0,0.0,0.0,3.8,0.0,0.0,0.0,436.68,21.52,343.86,-0.2779853360529779,0.9605853178867106,36.6468,0.78,24.2,697.2479999999999,1293.63204,0.0,1
2026-08-26 16:29:59+00:00,2026-08-26,16:00:00,16:29:59,2026-08-26T16:29:59+00:00,Singtam,27.234,88.501,0.0,3B-HHR-E.MS.MRG.3IMERG.20260826-S160000-E162959.0960.V07C.30min.tif,0.0,0.0,0.0,0.0,8.899999999999999,32.4,33.8,35.3,71.8,0.0,0.0,0.0,3.8,0.0,0.0,0.0,436.68,21.52,343.86,-0.2779853360529779,0.9605853178867106,36.6468,0.78,24.2,697.2479999999999,1293.63204,0.0,1
2026-08-26 16:59:59+00:00,2026-08-26,16:30:00,16:59:59,2026-08-26T16:59:59+00:00,Singtam,27.234,88.501,0.0,3B-HHR-E.MS.MRG.3IMERG.20260826-S163000-E165959.0990.V07C.30min.tif,0.0,0.0,0.0,0.0,8.399999999999999,32.4,33.8,35.3,71.8,0.0,0.0,0.0,3.8,0.0,0.0,0.0,436.68,21.52,343.86,-0.2779853360529779,0.9605853178867106,36.6468,0.78,24.2,697.2479999999999,1293.63204,0.0,1
2026-08-26 17:29:59+00:00,2026-08-26,17:00:00,17:29:59,2026-08-26T17:29:59+00:00,Singtam,27.234,88.501,0.0,3B-HHR-E.MS.MRG.3IMERG.20260826-S170000-E172959.1020.V07C.30min.tif,0.0,0.0,0.0,0.0,4.6000000000000005,31.6,33.8,35.3,71.8,0.0,0.0,0.0,3.8,0.0,0.0,0.0,436.68,21.52,343.86,-0.2779853360529779,0.9605853178867106,36.6468,0.78,24.2,680.032,1293.63204,0.0,1
2026-08-26 17:59:59+00:00,2026-08-26,17:30:00,17:59:59,2026-08-26T17:59:59+00:00,Singtam,27.234,88.501,0.0,3B-HHR-E.MS.MRG.3IMERG.20260826-S173000-E175959.1050.V07C.30min.tif,0.0,0.0,0.0,0.0,1.1000000000000005,30.8,33.8,35.3,71.8,0.0,0.0,0.0,3.8,0.0,0.0,0.0,436.68,21.52,343.86,-0.2779853360529779,0.9605853178867106,36.6468,0.78,24.2,662.816,1293.63204,0.0,1
2026-08-26 18:29:59+00:00,2026-08-26,18:00:00,18:29:59,2026-08-26T18:29:59+00:00,Singtam,27.234,88.501,0.0,3B-HHR-E.MS.MRG.3IMERG.20260826-S180000-E182959.1080.V07C.30min.tif,0.0,0.0,0.0,0.0,1.0000000000000004,30.3,33.8,35.3,71.8,0.0,0.0,0.0,3.8,0.0,0.0,0.0,436.68,21.52,343.86,-0.2779853360529779,0.9605853178867106,36.6468,0.78,24.2,652.056,1293.63204,0.0,1
2026-08-26 18:59:59+00:00,2026-08-26,18:30:00,18:59:59,2026-08-26T18:59:59+00:00,Singtam,27.234,88.501,0.0,3B-HHR-E.MS.MRG.3IMERG.20260826-S183000-E185959.1110.V07C.30min.tif,0.0,0.0,0.0,0.0,0.8000000000000005,29.8,33.8,35.3,71.8,0.0,0.0,0.0,3.8,0.0,0.0,0.0,436.68,21.52,343.86,-0.2779853360529779,0.9605853178867106,36.6468,0.78,24.2,641.296,1293.63204,0.0,1
2026-08-26 19:29:59+00:00,2026-08-26,19:00:00,19:29:59,2026-08-26T19:29:59+00:00,Singtam,27.234,88.501,0.0,3B-HHR-E.MS.MRG.3IMERG.20260826-S190000-E192959.1140.V07C.30min.tif,0.0,0.0,0.0,0.0,0.3000000000000005,28.900000000000002,33.8,35.3,71.8,0.0,0.0,0.0,3.8,0.0,0.0,0.0,436.68,21.52,343.86,-0.2779853360529779,0.9605853178867106,36.6468,0.78,24.2,621.928,1293.63204,0.0,1
2026-08-26 19:59:59+00:00,2026-08-26,19:30:00,19:59:59,2026-08-26T19:59:59+00:00,Singtam,27.234,88.501,0.0,3B-HHR-E.MS.MRG.3IMERG.20260826-S193000-E195959.1170.V07C.30min.tif,0.0,0.0,0.0,0.0,0.10000000000000045,28.8,33.8,35.199999999999996,71.8,0.0,0.0,0.0,3.8,0.0,0.0,0.0,436.68,21.52,343.86,-0.2779853360529779,0.9605853178867106,36.6468,0.78,24.2,619.776,1289.9673599999999,0.0,1
2026-08-26 20:29:59+00:00,2026-08-26,20:00:00,20:29:59,2026-08-26T20:29:59+00:00,Singtam,27.234,88.501,0.0,3B-HHR-E.MS.MRG.3IMERG.20260826-S200000-E202959.1200.V07C.30min.tif,0.0,0.0,0.0,0.0,0.0,28.7,33.8,35.0,71.8,0.0,0.0,0.0,3.8,0.0,0.0,0.0,436.68,21.52,343.86,-0.2779853360529779,0.9605853178867106,36.6468,0.78,24.2,617.624,1282.638,0.0,1
2026-08-26 20:59:59+00:00,2026-08-26,20:30:00,20:59:59,2026-08-26T20:59:59+00:00,Singtam,27.234,88.501,0.0,3B-HHR-E.MS.MRG.3IMERG.20260826-S203000-E205959.1230.V07C.30min.tif,0.0,0.0,0.0,0.0,0.0,28.5,33.8,34.699999999999996,71.8,0.0,0.0,0.0,3.8,0.0,0.0,0.0,436.68,21.52,343.86,-0.2779853360529779,0.9605853178867106,36.6468,0.78,24.2,613.3199999999999,1271.6439599999999,0.0,1
2026-08-26 21:29:59+00:00,2026-08-26,21:00:00,21:29:59,2026-08-26T21:29:59+00:00,Singtam,27.234,88.501,0.0,3B-HHR-E.MS.MRG.3IMERG.20260826-S210000-E212959.1260.V07C.30min.tif,0.0,0.0,0.0,0.0,0.0,28.2,33.8,34.6,71.8,0.0,0.0,0.0,3.8,0.0,0.0,0.0,436.68,21.52,343.86,-0.2779853360529779,0.9605853178867106,36.6468,0.78,24.2,606.8639999999999,1267.97928,0.0,1
2026-08-26 21:59:59+00:00,2026-08-26,21:30:00,21:59:59,2026-08-26T21:59:59+00:00,Singtam,27.234,88.501,0.0,3B-HHR-E.MS.MRG.3IMERG.20260826-S213000-E215959.1290.V07C.30min.tif,0.0,0.0,0.0,0.0,0.0,27.8,33.8,34.5,71.8,0.0,0.0,0.0,3.8,0.0,0.0,0.0,436.68,21.52,343.86,-0.2779853360529779,0.9605853178867106,36.6468,0.78,24.2,598.256,1264.3146,0.0,1
2026-08-26 22:29:59+00:00,2026-08-26,22:00:00,22:29:59,2026-08-26T22:29:59+00:00,Singtam,27.234,88.501,0.0,3B-HHR-E.MS.MRG.3IMERG.20260826-S220000-E222959.1320.V07C.30min.tif,0.0,0.0,0.0,0.0,0.0,26.6,33.8,34.5,71.8,0.0,0.0,0.0,3.8,0.0,0.0,0.0,436.68,21.52,343.86,-0.2779853360529779,0.9605853178867106,36.6468,0.78,24.2,572.432,1264.3146,0.0,1
2026-08-26 22:59:59+00:00,2026-08-26,22:30:00,22:59:59,2026-08-26T22:59:59+00:00,Singtam,27.234,88.501,0.0,3B-HHR-E.MS.MRG.3IMERG.20260826-S223000-E225959.1350.V07C.30min.tif,0.0,0.0,0.0,0.0,0.0,25.400000000000002,33.8,34.5,71.8,0.0,0.0,0.0,3.8,0.0,0.0,0.0,436.68,21.52,343.86,-0.2779853360529779,0.9605853178867106,36.6468,0.78,24.2,546.6080000000001,1264.3146,0.0,1
2026-08-26 23:29:59+00:00,2026-08-26,23:00:00,23:29:59,2026-08-26T23:29:59+00:00,Singtam,27.234,88.501,0.0,3B-HHR-E.MS.MRG.3IMERG.20260826-S230000-E232959.1380.V07C.30min.tif,0.0,0.0,0.0,0.0,0.0,24.5,33.8,34.5,71.8,0.0,0.0,0.0,3.8,0.0,0.0,0.0,436.68,21.52,343.86,-0.2779853360529779,0.9605853178867106,36.6468,0.78,24.2,527.24,1264.3146,0.0,1
2026-08-26 23:59:59+00:00,2026-08-26,23:30:00,23:59:59,2026-08-26T23:59:59+00:00,Singtam,27.234,88.501,0.0,3B-HHR-E.MS.MRG.3IMERG.20260826-S233000-E235959.1410.V07C.30min.tif,0.0,0.0,0.0,0.0,0.0,22.5,33.8,34.5,71.8,0.0,0.0,0.0,3.8,0.0,0.0,0.0,436.68,21.52,343.86,-0.2779853360529779,0.9605853178867106,36.6468,0.78,24.2,484.2,1264.3146,0.0,1
2026-08-27 00:29:59+00:00,2026-08-27,00:00:00,00:29:59,2026-08-27T00:29:59+00:00,Singtam,27.234,88.501,0.0,3B-HHR-E.MS.MRG.3IMERG.20260827-S000000-E002959.0000.V07C.30min.tif,0.0,0.0,0.0,0.0,0.0,20.6,33.8,34.5,71.8,0.0,0.0,0.0,3.8,0.0,0.0,0.0,436.68,21.52,343.86,-0.2779853360529779,0.9605853178867106,36.6468,0.78,24.2,443.312,1264.3146,0.0,1
2026-08-27 00:59:59+00:00,2026-08-27,00:30:00,00:59:59,2026-08-27T00:59:59+00:00,Singtam,27.234,88.501,0.0,3B-HHR-E.MS.MRG.3IMERG.20260827-S003000-E005959.0030.V07C.30min.tif,0.0,0.0,0.0,0.0,0.0,18.8,33.8,34.5,71.8,0.0,0.0,0.0,3.8,0.0,0.0,0.0,436.68,21.52,343.86,-0.2779853360529779,0.9605853178867106,36.6468,0.78,24.2,404.576,1264.3146,0.0,1
2026-08-27 01:29:59+00:00,2026-08-27,01:00:00,01:29:59,2026-08-27T01:29:59+00:00,Singtam,27.234,88.501,0.0,3B-HHR-E.MS.MRG.3IMERG.20260827-S010000-E012959.0060.V07C.30min.tif,0.0,0.0,0.0,0.0,0.0,17.3,33.8,34.5,71.8,0.0,0.0,0.0,3.8,0.0,0.0,0.0,436.68,21.52,343.86,-0.2779853360529779,0.9605853178867106,36.6468,0.78,24.2,372.296,1264.3146,0.0,1
2026-08-27 01:59:59+00:00,2026-08-27,01:30:00,01:59:59,2026-08-27T01:59:59+00:00,Singtam,27.234,88.501,0.0,3B-HHR-E.MS.MRG.3IMERG.20260827-S013000-E015959.0090.V07C.30min.tif,0.0,0.0,0.0,0.0,0.0,16.2,33.8,34.5,71.8,0.0,0.0,0.0,3.8,0.0,0.0,0.0,436.68,21.52,343.86,-0.2779853360529779,0.9605853178867106,36.6468,0.78,24.2,348.62399999999997,1264.3146,0.0,1
2026-08-27 02:29:59+00:00,2026-08-27,02:00:00,02:29:59,2026-08-27T02:29:59+00:00,Singtam,27.234,88.501,0.0,3B-HHR-E.MS.MRG.3IMERG.20260827-S020000-E022959.0120.V07C.30min.tif,0.0,0.0,0.0,0.0,0.0,15.499999999999998,33.8,34.5,71.8,0.0,0.0,0.0,3.8,0.0,0.0,0.0,436.68,21.52,343.86,-0.2779853360529779,0.9605853178867106,36.6468,0.78,24.2,333.55999999999995,1264.3146,0.0,1
2026-08-27 02:59:59+00:00,2026-08-27,02:30:00,02:59:59,2026-08-27T02:59:59+00:00,Singtam,27.234,88.501,0.0,3B-HHR-E.MS.MRG.3IMERG.20260827-S023000-E025959.0150.V07C.30min.tif,0.0,0.0,0.0,0.0,0.0,13.799999999999999,33.8,34.5,71.8,0.0,0.0,0.0,3.8,0.0,0.0,0.0,436.68,21.52,343.86,-0.2779853360529779,0.9605853178867106,36.6468,0.78,24.2,296.976,1264.3146,0.0,1
2026-08-27 03:29:59+00:00,2026-08-27,03:00:00,03:29:59,2026-08-27T03:29:59+00:00,Singtam,27.234,88.501,0.0,3B-HHR-E.MS.MRG.3IMERG.20260827-S030000-E032959.0180.V07C.30min.tif,0.0,0.0,0.0,0.0,0.0,11.799999999999999,33.8,34.5,71.8,0.0,0.0,0.0,3.8,0.0,0.0,0.0,436.68,21.52,343.86,-0.2779853360529779,0.9605853178867106,36.6468,0.78,24.2,253.93599999999998,1264.3146,0.0,1
2026-08-27 03:59:59+00:00,2026-08-27,03:30:00,03:59:59,2026-08-27T03:59:59+00:00,Singtam,27.234,88.501,0.0,3B-HHR-E.MS.MRG.3IMERG.20260827-S033000-E035959.0210.V07C.30min.tif,0.0,0.0,0.0,0.0,0.0,9.899999999999999,33.8,34.5,71.8,0.0,0.0,0.0,3.8,0.0,0.0,0.0,436.68,21.52,343.86,-0.2779853360529779,0.9605853178867106,36.6468,0.78,24.2,213.04799999999997,1264.3146,0.0,1
2026-08-27 04:30:00+00:00,2026-08-27,2026-08-27T04:00:00+00:00,2026-08-27T04:30:00+00:00,2026-08-27T04:30:00+00:00,Singtam,27.234,88.501,0.0,3B-HHR-E.MS.MRG.3IMERG.20260827-S040000-E042959.0240.V07C.30min.tif,0.0,0.0,0.0,0.0,0.0,8.899999999999999,33.8,34.5,71.8,0.0,0.0,0.0,3.8,0.0,0.0,0.0,436.68,21.52,343.86,-0.2779853360529779,0.9605853178867106,36.6468,0.78,24.2,191.52799999999996,1264.3146,0.0,1
2026-08-27 05:00:00+00:00,2026-08-27,2026-08-27T04:30:00+00:00,2026-08-27T05:00:00+00:00,2026-08-27T05:00:00+00:00,Singtam,27.234,88.501,0.0,3B-HHR-E.MS.MRG.3IMERG.20260827-S043000-E045959.0270.V07C.30min.tif,0.0,0.0,0.0,0.0,0.0,8.399999999999999,33.8,34.5,71.8,0.0,0.0,0.0,3.8,0.0,0.0,0.0,436.68,21.52,343.86,-0.2779853360529779,0.9605853178867106,36.6468,0.78,24.2,180.76799999999997,1264.3146,0.0,1
2026-08-27 05:30:00+00:00,2026-08-27,2026-08-27T05:00:00+00:00,2026-08-27T05:30:00+00:00,2026-08-27T05:30:00+00:00,Singtam,27.234,88.501,0.0,3B-HHR-E.MS.MRG.3IMERG.20260827-S050000-E052959.0300.V07C.30min.tif,0.0,0.0,0.0,0.0,0.0,4.6,33.8,34.5,71.8,0.0,0.0,0.0,3.5,0.0,0.0,0.0,436.68,21.52,343.86,-0.2779853360529779,0.9605853178867106,36.6468,0.78,24.2,98.99199999999999,1264.3146,0.0,1
2026-08-27 06:00:00+00:00,2026-08-27,2026-08-27T05:30:00+00:00,2026-08-27T06:00:00+00:00,2026-08-27T06:00:00+00:00,Singtam,27.234,88.501,0.0,3B-HHR-E.MS.MRG.3IMERG.20260827-S053000-E055959.0330.V07C.30min.tif,0.0,0.0,0.0,0.0,0.0,1.0999999999999996,33.8,34.5,71.8,0.0,0.0,0.0,0.5,0.0,0.0,0.0,436.68,21.52,343.86,-0.2779853360529779,0.9605853178867106,36.6468,0.78,24.2,23.671999999999993,1264.3146,0.0,1
2026-08-27 06:30:00+00:00,2026-08-27,2026-08-27T06:00:00+00:00,2026-08-27T06:30:00+00:00,2026-08-27T06:30:00+00:00,Singtam,27.234,88.501,0.0,3B-HHR-E.MS.MRG.3IMERG.20260827-S060000-E062959.0360.V07C.30min.tif,0.0,0.0,0.0,0.0,0.0,0.9999999999999997,33.8,34.5,71.8,0.0,0.0,0.0,0.5,0.0,0.0,0.0,436.68,21.52,343.86,-0.2779853360529779,0.9605853178867106,36.6468,0.78,24.2,21.519999999999992,1264.3146,0.0,1
2026-08-27 07:00:00+00:00,2026-08-27,2026-08-27T06:30:00+00:00,2026-08-27T07:00:00+00:00,2026-08-27T07:00:00+00:00,Singtam,27.234,88.501,0.0,3B-HHR-E.MS.MRG.3IMERG.20260827-S063000-E065959.0390.V07C.30min.tif,0.0,0.0,0.0,0.0,0.0,0.7999999999999996,33.8,34.4,71.8,0.0,0.0,0.0,0.5,0.0,0.0,0.0,436.68,21.52,343.86,-0.2779853360529779,0.9605853178867106,36.6468,0.78,24.2,17.21599999999999,1260.6499199999998,0.0,1
2026-08-27 07:30:00+00:00,2026-08-27,2026-08-27T07:00:00+00:00,2026-08-27T07:30:00+00:00,2026-08-27T07:30:00+00:00,Singtam,27.234,88.501,0.1,3B-HHR-E.MS.MRG.3IMERG.20260827-S070000-E072959.0420.V07C.30min.tif,0.1,0.1000000000000005,0.10000000000000045,0.1,0.10000000000000045,0.3999999999999996,33.800000000000004,34.5,71.9,0.1,0.1,0.1,0.2,0.1000000000000005,0.10000000000000045,0.1000000000000005,436.68,21.52,343.86,-0.2779853360529779,0.9605853178867106,36.6468,0.78,24.2,8.60799999999999,1264.3146,0.242,1
2026-08-27 08:00:00+00:00,2026-08-27,2026-08-27T07:30:00+00:00,2026-08-27T08:00:00+00:00,2026-08-27T08:00:00+00:00,Singtam,27.234,88.501,0.1,3B-HHR-E.MS.MRG.3IMERG.20260827-S073000-E075959.0450.V07C.30min.tif,0.1,0.2,0.20000000000000046,0.2,0.20000000000000046,0.2999999999999996,33.900000000000006,34.4,72.0,0.1,0.1,0.1,0.1,0.2,0.20000000000000046,0.2,436.68,21.52,343.86,-0.2779853360529779,0.9605853178867106,36.6468,0.78,24.2,6.4559999999999915,1260.6499199999998,0.242,1
2026-08-27 08:29:59+00:00,2026-08-27,08:00:00,08:29:59,2026-08-27T08:29:59+00:00,Singtam,27.234,88.501,0.0,3B-HHR-E.MS.MRG.3IMERG.20260827-S080000-E082959.0480.V07C.30min.tif,0.0,0.2000000000000005,0.20000000000000046,0.2,0.20000000000000046,0.19999999999999957,33.900000000000006,34.300000000000004,72.0,0.1,0.1,0.1,0.1,0.1,0.20000000000000046,-4.996003610813204e-16,436.68,21.52,343.86,-0.2779853360529779,0.9605853178867106,36.6468,0.78,24.2,4.3039999999999905,1256.9852400000002,0.242,0
2026-08-27 08:59:59+00:00,2026-08-27,08:30:00,08:59:59,2026-08-27T08:59:59+00:00,Singtam,27.234,88.501,0.0,3B-HHR-E.MS.MRG.3IMERG.20260827-S083000-E085959.0510.V07C.30min.tif,0.0,0.1000000000000005,0.20000000000000046,0.2,0.20000000000000046,0.19999999999999957,33.900000000000006,34.2,72.0,0.1,0.1,0.1,0.1,-0.0999999999999995,0.20000000000000046,-0.2999999999999995,436.68,21.52,343.86,-0.2779853360529779,0.9605853178867106,36.6468,0.78,24.2,4.3039999999999905,1253.3205600000001,0.242,0
2026-08-27 09:29:59+00:00,2026-08-27,09:00:00,09:29:59,2026-08-27T09:29:59+00:00,Singtam,27.234,88.501,0.1,3B-HHR-E.MS.MRG.3IMERG.20260827-S090000-E092959.0540.V07C.30min.tif,0.1,0.1000000000000005,0.3000000000000005,0.30000000000000004,0.3000000000000005,0.2999999999999996,34.0,34.300000000000004,72.0,0.1,0.1,0.1,0.1,-0.1,0.3000000000000005,-0.2,436.68,21.52,343.86,-0.2779853360529779,0.9605853178867106,36.6468,0.78,24.2,6.4559999999999915,1256.9852400000002,0.242,0
2026-08-27 09:59:59+00:00,2026-08-27,09:30:00,09:59:59,2026-08-27T09:59:59+00:00,Singtam,27.234,88.501,0.1,3B-HHR-E.MS.MRG.3IMERG.20260827-S093000-E095959.0570.V07C.30min.tif,0.1,0.2,0.40000000000000047,0.4,0.40000000000000047,0.3999999999999996,34.1,34.4,71.9,0.1,0.1,0.1,0.1,0.0999999999999995,0.40000000000000047,0.199999999999999,436.68,21.52,343.86,-0.2779853360529779,0.9605853178867106,36.6468,0.78,24.2,8.60799999999999,1260.6499199999998,0.242,1
2026-08-27 10:29:59+00:00,2026-08-27,10:00:00,10:29:59,2026-08-27T10:29:59+00:00,Singtam,27.234,88.501,0.1,3B-HHR-E.MS.MRG.3IMERG.20260827-S100000-E102959.0600.V07C.30min.tif,0.1,0.2,0.5000000000000004,0.5,0.5000000000000004,0.49999999999999956,34.2,34.5,71.2,0.1,0.1,0.1,0.1,0.0999999999999995,0.4,0.1999999999999995,436.68,21.52,343.86,-0.2779853360529779,0.9605853178867106,36.6468,0.78,24.2,10.759999999999991,1264.3146,0.242,1
2026-08-27 10:59:59+00:00,2026-08-27,10:30:00,10:59:59,2026-08-27T10:59:59+00:00,Singtam,27.234,88.501,0.1,3B-HHR-E.MS.MRG.3IMERG.20260827-S103000-E105959.0630.V07C.30min.tif,0.1,0.2,0.5000000000000004,0.6000000000000001,0.6000000000000005,0.5999999999999996,34.2,34.6,70.5,0.1,0.1,0.1,0.1,0.0,0.3,-0.0999999999999995,436.68,21.52,343.86,-0.2779853360529779,0.9605853178867106,36.6468,0.78,24.2,12.911999999999992,1267.97928,0.242,0
2026-08-27 11:29:59+00:00,2026-08-27,11:00:00,11:29:59,2026-08-27T11:29:59+00:00,Singtam,27.234,88.501,0.1,3B-HHR-E.MS.MRG.3IMERG.20260827-S110000-E112959.0660.V07C.30min.tif,0.1,0.2,0.5000000000000004,0.7000000000000001,0.7000000000000005,0.6999999999999996,34.2,34.6,70.1,0.1,0.1,0.1,0.1,0.0,0.3,-0.0999999999999995,436.68,21.52,343.86,-0.2779853360529779,0.9605853178867106,36.6468,0.78,24.2,15.063999999999991,1267.97928,0.242,0
2026-08-27 11:59:59+00:00,2026-08-27,11:30:00,11:59:59,2026-08-27T11:59:59+00:00,Singtam,27.234,88.501,0.0,3B-HHR-E.MS.MRG.3IMERG.20260827-S113000-E115959.0690.V07C.30min.tif,0.0,0.1000000000000005,0.5000000000000004,0.7000000000000001,0.7000000000000005,0.6999999999999996,34.2,34.5,69.7,0.1,0.1,0.1,0.1,-0.0999999999999995,0.3,-0.0999999999999995,436.68,21.52,343.86,-0.2779853360529779,0.9605853178867106,36.6468,0.78,24.2,15.063999999999991,1264.3146,0.242,0
2026-08-27 12:29:59+00:00,2026-08-27,12:00:00,12:29:59,2026-08-27T12:29:59+00:00,Singtam,27.234,88.501,0.0,3B-HHR-E.MS.MRG.3IMERG.20260827-S120000-E122959.0720.V07C.30min.tif,0.0,0.0,0.40000000000000047,0.7000000000000001,0.7000000000000005,0.6999999999999996,34.2,34.5,69.6,0.0,0.1,0.1,0.1,-0.2,0.09999999999999998,-0.2,436.68,21.52,343.86,-0.2779853360529779,0.9605853178867106,36.6468,0.78,24.2,15.063999999999991,1264.3146,0.242,0
2026-08-27 12:59:59+00:00,2026-08-27,12:30:00,12:59:59,2026-08-27T12:59:59+00:00,Singtam,27.234,88.501,0.0,3B-HHR-E.MS.MRG.3IMERG.20260827-S123000-E125959.0750.V07C.30min.tif,0.0,0.0,0.3000000000000005,0.7000000000000001,0.7000000000000005,0.6999999999999996,34.2,34.5,69.5,0.0,0.1,0.1,0.1,-0.1000000000000005,-0.09999999999999998,-9.992007221626409e-16,436.68,21.52,343.86,-0.2779853360529779,0.9605853178867106,36.6468,0.78,24.2,15.063999999999991,1264.3146,0.242,0
2026-08-27 13:29:59+00:00,2026-08-27,13:00:00,13:29:59,2026-08-27T13:29:59+00:00,Singtam,27.234,88.501,0.0,3B-HHR-E.MS.MRG.3IMERG.20260827-S130000-E132959.0780.V07C.30min.tif,0.0,0.0,0.20000000000000046,0.7000000000000001,0.7000000000000005,0.6999999999999996,34.2,34.5,69.5,0.0,0.1,0.1,0.1,0.0,-0.3,0.2,436.68,21.52,343.86,-0.2779853360529779,0.9605853178867106,36.6468,0.78,24.2,15.063999999999991,1264.3146,0.242,1
2026-08-27 13:59:59+00:00,2026-08-27,13:30:00,13:59:59,2026-08-27T13:59:59+00:00,Singtam,27.234,88.501,0.0,3B-HHR-E.MS.MRG.3IMERG.20260827-S133000-E135959.0810.V07C.30min.tif,0.0,0.0,0.10000000000000045,0.6000000000000001,0.7000000000000005,0.6999999999999996,34.2,34.5,69.5,0.0,0.1,0.1,0.1,0.0,-0.4,0.1000000000000005,436.68,21.52,343.86,-0.2779853360529779,0.9605853178867106,36.6468,0.78,24.2,15.063999999999991,1264.3146,0.242,1
2026-08-27 14:29:59+00:00,2026-08-27,14:00:00,14:29:59,2026-08-27T14:29:59+00:00,Singtam,27.234,88.501,0.0,3B-HHR-E.MS.MRG.3IMERG.20260827-S140000-E142959.0840.V07C.30min.tif,0.0,0.0,0.0,0.5,0.7000000000000005,0.6999999999999996,33.7,34.5,69.4,0.0,0.0,0.1,0.1,0.0,-0.5000000000000004,0.0,436.68,21.52,343.86,-0.2779853360529779,0.9605853178867106,36.6468,0.78,24.2,15.063999999999991,1264.3146,0.0,1
2026-08-27 15:00:00+00:00,2026-08-27,2026-08-27T14:30:00+00:00,2026-08-27T15:00:00+00:00,2026-08-27T15:00:00+00:00,Singtam,27.234,88.501,0.0,3B-HHR-E.MS.MRG.3IMERG.20260827-S143000-E145959.0870.V07C.30min.tif,0.0,0.0,0.0,0.5,0.7000000000000005,0.6999999999999996,33.2,34.5,69.2,0.0,0.0,0.1,0.1,0.0,-0.5000000000000004,0.0,436.68,21.52,343.86,-0.2779853360529779,0.9605853178867106,36.6468,0.78,24.2,15.063999999999991,1264.3146,0.0,1
2026-08-27 15:30:00+00:00,2026-08-27,2026-08-27T15:00:00+00:00,2026-08-27T15:30:00+00:00,2026-08-27T15:30:00+00:00,Singtam,27.234,88.501,0.0,3B-HHR-E.MS.MRG.3IMERG.20260827-S150000-E152959.0900.V07C.30min.tif,0.0,0.0,0.0,0.4,0.7000000000000005,0.6999999999999996,33.1,34.5,68.9,0.0,0.0,0.1,0.1,0.0,-0.40000000000000047,0.0,436.68,21.52,343.86,-0.2779853360529779,0.9605853178867106,36.6468,0.78,24.2,15.063999999999991,1264.3146,0.0,1
2026-08-27 16:00:00+00:00,2026-08-27,2026-08-27T15:30:00+00:00,2026-08-27T16:00:00+00:00,2026-08-27T16:00:00+00:00,Singtam,27.234,88.501,0.1,3B-HHR-E.MS.MRG.3IMERG.20260827-S153000-E155959.0930.V07C.30min.tif,0.1,0.1000000000000005,0.10000000000000045,0.4,0.8000000000000005,0.7999999999999996,33.199999999999996,34.6,68.89999999999999,0.1,0.1,0.1,0.1,0.1000000000000005,-0.20000000000000004,0.1000000000000005,436.68,21.52,343.86,-0.2779853360529779,0.9605853178867106,36.6468,0.78,24.2,17.21599999999999,1267.97928,0.242,1
2026-08-27 16:30:00+00:00,2026-08-27,2026-08-27T16:00:00+00:00,2026-08-27T16:30:00+00:00,2026-08-27T16:30:00+00:00,Singtam,27.234,88.501,0.1,3B-HHR-E.MS.MRG.3IMERG.20260827-S160000-E162959.0960.V07C.30min.tif,0.1,0.2,0.20000000000000046,0.4,0.9000000000000005,0.8999999999999996,33.3,34.699999999999996,68.9,0.1,0.1,0.1,0.1,0.2,0.0,0.2,436.68,21.52,343.86,-0.2779853360529779,0.9605853178867106,36.6468,0.78,24.2,19.36799999999999,1271.6439599999999,0.242,1
2026-08-27 17:00:00+00:00,2026-08-27,2026-08-27T16:30:00+00:00,2026-08-27T17:00:00+00:00,2026-08-27T17:00:00+00:00,Singtam,27.234,88.501,0.0,3B-HHR-E.MS.MRG.3IMERG.20260827-S163000-E165959.0990.V07C.30min.tif,0.0,0.1000000000000005,0.20000000000000046,0.30000000000000004,0.9000000000000005,0.8999999999999996,33.3,34.699999999999996,68.9,0.1,0.1,0.1,0.1,0.0,0.1,-0.1000000000000005,436.68,21.52,343.86,-0.2779853360529779,0.9605853178867106,36.6468,0.78,24.2,19.36799999999999,1271.6439599999999,0.242,0
2026-08-27 17:30:00+00:00,2026-08-27,2026-08-27T17:00:00+00:00,2026-08-27T17:30:00+00:00,2026-08-27T17:30:00+00:00,Singtam,27.234,88.501,0.0,3B-HHR-E.MS.MRG.3IMERG.20260827-S170000-E172959.1020.V07C.30min.tif,0.0,0.0,0.20000000000000046,0.2,0.9000000000000005,0.8999999999999996,32.5,34.699999999999996,68.4,0.0,0.1,0.1,0.1,-0.2,0.20000000000000046,-0.4,436.68,21.52,343.86,-0.2779853360529779,0.9605853178867106,36.6468,0.78,24.2,19.36799999999999,1271.6439599999999,0.242,0
2026-08-27 18:00:00+00:00,2026-08-27,2026-08-27T17:30:00+00:00,2026-08-27T18:00:00+00:00,2026-08-27T18:00:00+00:00,Singtam,27.234,88.501,0.0,3B-HHR-E.MS.MRG.3IMERG.20260827-S173000-E175959.1050.V07C.30min.tif,0.0,0.0,0.20000000000000046,0.2,0.9000000000000005,0.8999999999999996,31.7,34.699999999999996,67.8,0.0,0.1,0.1,0.1,-0.1000000000000005,0.20000000000000046,-0.1000000000000005,436.68,21.52,343.86,-0.2779853360529779,0.9605853178867106,36.6468,0.78,24.2,19.36799999999999,1271.6439599999999,0.242,0
2026-08-27 18:30:00+00:00,2026-08-27,2026-08-27T18:00:00+00:00,2026-08-27T18:30:00+00:00,2026-08-27T18:30:00+00:00,Singtam,27.234,88.501,0.0,3B-HHR-E.MS.MRG.3IMERG.20260827-S180000-E182959.1080.V07C.30min.tif,0.0,0.0,0.20000000000000046,0.2,0.9000000000000005,0.8999999999999996,31.2,34.699999999999996,67.8,0.0,0.1,0.1,0.1,0.0,0.20000000000000046,0.2,436.68,21.52,343.86,-0.2779853360529779,0.9605853178867106,36.6468,0.78,24.2,19.36799999999999,1271.6439599999999,0.242,1
2026-08-27 19:00:00+00:00,2026-08-27,2026-08-27T18:30:00+00:00,2026-08-27T19:00:00+00:00,2026-08-27T19:00:00+00:00,Singtam,27.234,88.501,0.0,3B-HHR-E.MS.MRG.3IMERG.20260827-S183000-E185959.1110.V07C.30min.tif,0.0,0.0,0.10000000000000045,0.2,0.9000000000000005,0.8999999999999996,30.7,34.699999999999996,67.8,0.0,0.1,0.1,0.1,0.0,0.0,0.1000000000000005,436.68,21.52,343.86,-0.2779853360529779,0.9605853178867106,36.6468,0.78,24.2,19.36799999999999,1271.6439599999999,0.242,1
2026-08-27 19:30:00+00:00,2026-08-27,2026-08-27T19:00:00+00:00,2026-08-27T19:30:00+00:00,2026-08-27T19:30:00+00:00,Singtam,27.234,88.501,0.1,3B-HHR-E.MS.MRG.3IMERG.20260827-S190000-E192959.1140.V07C.30min.tif,0.1,0.1000000000000005,0.10000000000000045,0.30000000000000004,0.9000000000000006,0.9999999999999996,29.9,34.8,66.89999999999999,0.1,0.1,0.1,0.1,0.1000000000000005,-0.1,0.1000000000000005,436.68,21.52,343.86,-0.2779853360529779,0.9605853178867106,36.6468,0.78,24.2,21.51999999999999,1275.30864,0.242,1
2026-08-27 20:00:00+00:00,2026-08-27,2026-08-27T19:30:00+00:00,2026-08-27T20:00:00+00:00,2026-08-27T20:00:00+00:00,Singtam,27.234,88.501,0.2,3B-HHR-E.MS.MRG.3IMERG.20260827-S193000-E195959.1170.V07C.30min.tif,0.2,0.3000000000000005,0.3000000000000005,0.5,1.0000000000000004,1.1999999999999997,30.0,35.0,66.1,0.2,0.2,0.2,0.2,0.3000000000000005,0.10000000000000003,0.3000000000000005,436.68,21.52,343.86,-0.2779853360529779,0.9605853178867106,36.6468,0.78,24.2,25.823999999999995,1282.638,0.484,1
2026-08-27 20:30:00+00:00,2026-08-27,2026-08-27T20:00:00+00:00,2026-08-27T20:30:00+00:00,2026-08-27T20:30:00+00:00,Singtam,27.234,88.501,0.2,3B-HHR-E.MS.MRG.3IMERG.20260827-S200000-E202959.1200.V07C.30min.tif,0.2,0.4,0.5000000000000004,0.7000000000000001,1.2000000000000004,1.3999999999999997,30.099999999999998,35.199999999999996,65.60000000000001,0.2,0.2,0.2,0.2,0.2999999999999995,0.3,0.19999999999999898,436.68,21.52,343.86,-0.2779853360529779,0.9605853178867106,36.6468,0.78,24.2,30.127999999999993,1289.9673599999999,0.484,1
2026-08-27 21:00:00+00:00,2026-08-27,2026-08-27T20:30:00+00:00,2026-08-27T21:00:00+00:00,2026-08-27T21:00:00+00:00,Singtam,27.234,88.501,0.2,3B-HHR-E.MS.MRG.3IMERG.20260827-S203000-E205959.1230.V07C.30min.tif,0.2,0.4,0.7000000000000005,0.9,1.4000000000000004,1.5999999999999996,30.1,35.4,65.2,0.2,0.2,0.2,0.2,0.09999999999999953,0.5,-0.20000000000000095,436.68,21.52,343.86,-0.2779853360529779,0.9605853178867106,36.6468,0.78,24.2,34.431999999999995,1297.2967199999998,0.484,0
2026-08-27 21:30:00+00:00,2026-08-27,2026-08-27T21:00:00+00:00,2026-08-27T21:30:00+00:00,2026-08-27T21:30:00+00:00,Singtam,27.234,88.501,0.1,3B-HHR-E.MS.MRG.3IMERG.20260827-S210000-E212959.1260.V07C.30min.tif,0.1,0.3000000000000005,0.8000000000000005,1.0,1.4000000000000006,1.6999999999999997,29.9,35.5,65.1,0.2,0.2,0.2,0.2,-0.09999999999999953,0.6000000000000001,-0.399999999999999,436.68,21.52,343.86,-0.2779853360529779,0.9605853178867106,36.6468,0.78,24.2,36.583999999999996,1300.9614,0.484,0
2026-08-27 22:00:00+00:00,2026-08-27,2026-08-27T21:30:00+00:00,2026-08-27T22:00:00+00:00,2026-08-27T22:00:00+00:00,Singtam,27.234,88.501,0.1,3B-HHR-E.MS.MRG.3IMERG.20260827-S213000-E215959.1290.V07C.30min.tif,0.1,0.2,0.9000000000000005,1.0,1.4000000000000006,1.7999999999999996,29.6,35.6,65.1,0.1,0.2,0.2,0.2,-0.2,0.8,-0.29999999999999954,436.68,21.52,343.86,-0.2779853360529779,0.9605853178867106,36.6468,0.78,24.2,38.73599999999999,1304.62608,0.484,0
2026-08-27 22:30:00+00:00,2026-08-27,2026-08-27T22:00:00+00:00,2026-08-27T22:30:00+00:00,2026-08-27T22:30:00+00:00,Singtam,27.234,88.501,0.0,3B-HHR-E.MS.MRG.3IMERG.20260827-S220000-E222959.1320.V07C.30min.tif,0.0,0.1000000000000005,0.8000000000000005,0.9,1.3000000000000005,1.7999999999999996,28.400000000000002,35.6,65.1,0.1,0.2,0.2,0.2,-0.19999999999999998,0.7000000000000001,-0.10000000000000045,436.68,21.52,343.86,-0.2779853360529779,0.9605853178867106,36.6468,0.78,24.2,38.73599999999999,1304.62608,0.484,0
2026-08-27 23:00:00+00:00,2026-08-27,2026-08-27T22:30:00+00:00,2026-08-27T23:00:00+00:00,2026-08-27T23:00:00+00:00,Singtam,27.234,88.501,0.0,3B-HHR-E.MS.MRG.3IMERG.20260827-S223000-E225959.1350.V07C.30min.tif,0.0,0.0,0.6000000000000004,0.9000000000000001,1.2000000000000006,1.7999999999999996,27.2,35.6,65.1,0.0,0.2,0.2,0.2,-0.2,0.29999999999999993,0.0,436.68,21.52,343.86,-0.2779853360529779,0.9605853178867106,36.6468,0.78,24.2,38.73599999999999,1304.62608,0.484,1
2026-08-27 23:30:00+00:00,2026-08-27,2026-08-27T23:00:00+00:00,2026-08-27T23:30:00+00:00,2026-08-27T23:30:00+00:00,Singtam,27.234,88.501,0.0,3B-HHR-E.MS.MRG.3IMERG.20260827-S230000-E232959.1380.V07C.30min.tif,0.0,0.0,0.40000000000000047,0.9000000000000001,1.1000000000000005,1.7999999999999996,26.3,35.6,65.1,0.0,0.2,0.2,0.2,-0.1000000000000005,-0.09999999999999998,0.09999999999999948,436.68,21.52,343.86,-0.2779853360529779,0.9605853178867106,36.6468,0.78,24.2,38.73599999999999,1304.62608,0.484,1
2026-08-28 00:00:00+00:00,2026-08-27,2026-08-27T23:30:00+00:00,2026-08-28T00:00:00+00:00,2026-08-28T00:00:00+00:00,Singtam,27.234,88.501,0.0,3B-HHR-E.MS.MRG.3IMERG.20260827-S233000-E235959.1410.V07C.30min.tif,0.0,0.0,0.20000000000000046,0.9000000000000001,1.1000000000000005,1.7999999999999996,24.3,35.6,65.1,0.0,0.1,0.2,0.2,0.0,-0.5,0.2,436.68,21.52,343.86,-0.2779853360529779,0.9605853178867106,36.6468,0.78,24.2,38.73599999999999,1304.62608,0.242,0
2026-08-28 00:30:00+00:00,2026-08-28,2026-08-28T00:00:00+00:00,2026-08-28T00:30:00+00:00,2026-08-28T00:30:00+00:00,Singtam,27.234,88.501,0.0,3B-HHR-E.MS.MRG.3IMERG.20260828-S000000-E002959.0000.V07C.30min.tif,0.0,0.0,0.10000000000000045,0.9000000000000001,1.1000000000000005,1.7999999999999996,22.400000000000002,35.6,65.1,0.0,0.1,0.2,0.2,0.0,-0.7000000000000001,0.1000000000000005,436.68,21.52,343.86,-0.2779853360529779,0.9605853178867106,36.6468,0.78,24.2,38.73599999999999,1304.62608,0.242,0
2026-08-28 01:00:00+00:00,2026-08-28,2026-08-28T00:30:00+00:00,2026-08-28T01:00:00+00:00,2026-08-28T01:00:00+00:00,Singtam,27.234,88.501,0.0,3B-HHR-E.MS.MRG.3IMERG.20260828-S003000-E005959.0030.V07C.30min.tif,0.0,0.0,0.0,0.9000000000000001,1.1000000000000005,1.7999999999999996,20.6,35.6,65.1,0.0,0.0,0.2,0.2,0.0,-0.9000000000000005,0.0,436.68,21.52,343.86,-0.2779853360529779,0.9605853178867106,36.6468,0.78,24.2,38.73599999999999,1304.62608,0.0,0
2026-08-28 01:30:00+00:00,2026-08-28,2026-08-28T01:00:00+00:00,2026-08-28T01:30:00+00:00,2026-08-28T01:30:00+00:00,Singtam,27.234,88.501,0.0,3B-HHR-E.MS.MRG.3IMERG.20260828-S010000-E012959.0060.V07C.30min.tif,0.0,0.0,0.0,0.8,1.1000000000000005,1.7999999999999996,19.1,35.6,65.1,0.0,0.0,0.2,0.2,0.0,-0.8000000000000005,0.0,436.68,21.52,343.86,-0.2779853360529779,0.9605853178867106,36.6468,0.78,24.2,38.73599999999999,1304.62608,0.0,0
2026-08-28 02:00:00+00:00,2026-08-28,2026-08-28T01:30:00+00:00,2026-08-28T02:00:00+00:00,2026-08-28T02:00:00+00:00,Singtam,27.234,88.501,0.0,3B-HHR-E.MS.MRG.3IMERG.20260828-S013000-E015959.0090.V07C.30min.tif,0.0,0.0,0.0,0.6000000000000001,1.1000000000000005,1.7999999999999996,18.0,35.6,65.1,0.0,0.0,0.2,0.2,0.0,-0.6000000000000004,0.0,436.68,21.52,343.86,-0.2779853360529779,0.9605853178867106,36.6468,0.78,24.2,38.73599999999999,1304.62608,0.0,0
2026-08-28 02:30:00+00:00,2026-08-28,2026-08-28T02:00:00+00:00,2026-08-28T02:30:00+00:00,2026-08-28T02:30:00+00:00,Singtam,27.234,88.501,0.0,3B-HHR-E.MS.MRG.3IMERG.20260828-S020000-E022959.0120.V07C.30min.tif,0.0,0.0,0.0,0.4,1.1000000000000005,1.7999999999999996,17.3,35.6,65.1,0.0,0.0,0.2,0.2,0.0,-0.40000000000000047,0.0,436.68,21.52,343.86,-0.2779853360529779,0.9605853178867106,36.6468,0.78,24.2,38.73599999999999,1304.62608,0.0,0
2026-08-28 03:00:00+00:00,2026-08-28,2026-08-28T02:30:00+00:00,2026-08-28T03:00:00+00:00,2026-08-28T03:00:00+00:00,Singtam,27.234,88.501,0.0,3B-HHR-E.MS.MRG.3IMERG.20260828-S023000-E025959.0150.V07C.30min.tif,0.0,0.0,0.0,0.2,1.1000000000000005,1.7999999999999996,15.600000000000001,35.6,65.1,0.0,0.0,0.1,0.2,0.0,-0.20000000000000046,0.0,436.68,21.52,343.86,-0.2779853360529779,0.9605853178867106,36.6468,0.78,24.2,38.73599999999999,1304.62608,0.0,0
2026-08-28 03:30:00+00:00,2026-08-28,2026-08-28T03:00:00+00:00,2026-08-28T03:30:00+00:00,2026-08-28T03:30:00+00:00,Singtam,27.234,88.501,0.0,3B-HHR-E.MS.MRG.3IMERG.20260828-S030000-E032959.0180.V07C.30min.tif,0.0,0.0,0.0,0.1,1.1000000000000005,1.7999999999999996,13.600000000000001,35.6,65.1,0.0,0.0,0.1,0.2,0.0,-0.10000000000000045,0.0,436.68,21.52,343.86,-0.2779853360529779,0.9605853178867106,36.6468,0.78,24.2,38.73599999999999,1304.62608,0.0,0
2026-08-28 04:00:00+00:00,2026-08-28,2026-08-28T03:30:00+00:00,2026-08-28T04:00:00+00:00,2026-08-28T04:00:00+00:00,Singtam,27.234,88.501,0.0,3B-HHR-E.MS.MRG.3IMERG.20260828-S033000-E035959.0210.V07C.30min.tif,0.0,0.0,0.0,0.0,1.0000000000000004,1.7999999999999996,11.700000000000001,35.6,65.1,0.0,0.0,0.0,0.2,0.0,0.0,0.0,436.68,21.52,343.86,-0.2779853360529779,0.9605853178867106,36.6468,0.78,24.2,38.73599999999999,1304.62608,0.0,0
2026-08-28 04:30:00+00:00,2026-08-28,2026-08-28T04:00:00+00:00,2026-08-28T04:30:00+00:00,2026-08-28T04:30:00+00:00,Singtam,27.234,88.501,0.0,3B-HHR-E.MS.MRG.3IMERG.20260828-S040000-E042959.0240.V07C.30min.tif,0.0,0.0,0.0,0.0,0.9000000000000006,1.7999999999999996,10.700000000000001,35.6,65.1,0.0,0.0,0.0,0.2,0.0,0.0,0.0,436.68,21.52,343.86,-0.2779853360529779,0.9605853178867106,36.6468,0.78,24.2,38.73599999999999,1304.62608,0.0,0
2026-08-28 05:00:00+00:00,2026-08-28,2026-08-28T04:30:00+00:00,2026-08-28T05:00:00+00:00,2026-08-28T05:00:00+00:00,Singtam,27.234,88.501,0.0,3B-HHR-E.MS.MRG.3IMERG.20260828-S043000-E045959.0270.V07C.30min.tif,0.0,0.0,0.0,0.0,0.9000000000000006,1.7999999999999996,10.200000000000001,35.6,65.1,0.0,0.0,0.0,0.2,0.0,0.0,0.0,436.68,21.52,343.86,-0.2779853360529779,0.9605853178867106,36.6468,0.78,24.2,38.73599999999999,1304.62608,0.0,0
2026-08-28 05:30:00+00:00,2026-08-28,2026-08-28T05:00:00+00:00,2026-08-28T05:30:00+00:00,2026-08-28T05:30:00+00:00,Singtam,27.234,88.501,0.0,3B-HHR-E.MS.MRG.3IMERG.20260828-S050000-E052959.0300.V07C.30min.tif,0.0,0.0,0.0,0.0,0.9000000000000006,1.7999999999999996,6.3999999999999995,35.6,65.1,0.0,0.0,0.0,0.2,0.0,0.0,0.0,436.68,21.52,343.86,-0.2779853360529779,0.9605853178867106,36.6468,0.78,24.2,38.73599999999999,1304.62608,0.0,0
2026-08-28 06:00:00+00:00,2026-08-28,2026-08-28T05:30:00+00:00,2026-08-28T06:00:00+00:00,2026-08-28T06:00:00+00:00,Singtam,27.234,88.501,0.0,3B-HHR-E.MS.MRG.3IMERG.20260828-S053000-E055959.0330.V07C.30min.tif,0.0,0.0,0.0,0.0,0.9000000000000006,1.7999999999999996,2.9000000000000004,35.6,65.1,0.0,0.0,0.0,0.2,0.0,0.0,0.0,436.68,21.52,343.86,-0.2779853360529779,0.9605853178867106,36.6468,0.78,24.2,38.73599999999999,1304.62608,0.0,0
2026-08-28 06:30:00+00:00,2026-08-28,2026-08-28T06:00:00+00:00,2026-08-28T06:30:00+00:00,2026-08-28T06:30:00+00:00,Singtam,27.234,88.501,0.0,3B-HHR-E.MS.MRG.3IMERG.20260828-S060000-E062959.0360.V07C.30min.tif,0.0,0.0,0.0,0.0,0.9000000000000006,1.7999999999999996,2.8000000000000003,35.6,65.1,0.0,0.0,0.0,0.2,0.0,0.0,0.0,436.68,21.52,343.86,-0.2779853360529779,0.9605853178867106,36.6468,0.78,24.2,38.73599999999999,1304.62608,0.0,0
2026-08-28 07:00:00+00:00,2026-08-28,2026-08-28T06:30:00+00:00,2026-08-28T07:00:00+00:00,2026-08-28T07:00:00+00:00,Singtam,27.234,88.501,0.1,3B-HHR-E.MS.MRG.3IMERG.20260828-S063000-E065959.0390.V07C.30min.tif,0.1,0.1000000000000005,0.10000000000000045,0.1,1.0000000000000004,1.8999999999999997,2.7,35.699999999999996,65.2,0.1,0.1,0.1,0.2,0.1000000000000005,0.10000000000000045,0.1000000000000005,436.68,21.52,343.86,-0.2779853360529779,0.9605853178867106,36.6468,0.78,24.2,40.88799999999999,1308.2907599999999,0.242,0
2026-08-28 07:30:00+00:00,2026-08-28,2026-08-28T07:00:00+00:00,2026-08-28T07:30:00+00:00,2026-08-28T07:30:00+00:00,Singtam,27.234,88.501,0.1,3B-HHR-E.MS.MRG.3IMERG.20260828-S070000-E072959.0420.V07C.30min.tif,0.1,0.2,0.20000000000000046,0.2,1.0000000000000004,1.8999999999999995,2.3000000000000003,35.699999999999996,65.2,0.1,0.1,0.1,0.2,0.2,0.20000000000000046,0.2,436.68,21.52,343.86,-0.2779853360529779,0.9605853178867106,36.6468,0.78,24.2,40.88799999999999,1308.2907599999999,0.242,0
2026-08-28 08:00:00+00:00,2026-08-28,2026-08-28T07:30:00+00:00,2026-08-28T08:00:00+00:00,2026-08-28T08:00:00+00:00,Singtam,27.234,88.501,0.1,3B-HHR-E.MS.MRG.3IMERG.20260828-S073000-E075959.0450.V07C.30min.tif,0.1,0.2,0.3000000000000005,0.30000000000000004,0.9000000000000005,1.8999999999999997,2.2,35.8,65.2,0.1,0.1,0.1,0.2,0.0999999999999995,0.3000000000000005,-9.992007221626409e-16,436.68,21.52,343.86,-0.2779853360529779,0.9605853178867106,36.6468,0.78,24.2,40.88799999999999,1311.95544,0.242,0
2026-08-28 08:30:00+00:00,2026-08-28,2026-08-28T08:00:00+00:00,2026-08-28T08:30:00+00:00,2026-08-28T08:30:00+00:00,Singtam,27.234,88.501,0.1,3B-HHR-E.MS.MRG.3IMERG.20260828-S080000-E082959.0480.V07C.30min.tif,0.1,0.2,0.40000000000000047,0.4,0.8000000000000005,1.9999999999999998,2.2,35.9,65.2,0.1,0.1,0.1,0.2,0.0,0.40000000000000047,-0.2,436.68,21.52,343.86,-0.2779853360529779,0.9605853178867106,36.6468,0.78,24.2,43.03999999999999,1315.6201199999998,0.242,0
2026-08-28 09:00:00+00:00,2026-08-28,2026-08-28T08:30:00+00:00,2026-08-28T09:00:00+00:00,2026-08-28T09:00:00+00:00,Singtam,27.234,88.501,0.1,3B-HHR-E.MS.MRG.3IMERG.20260828-S083000-E085959.0510.V07C.30min.tif,0.1,0.2,0.5000000000000004,0.5,0.7000000000000005,2.0999999999999996,2.3000000000000003,36.0,65.3,0.1,0.1,0.1,0.2,0.0,0.5000000000000004,-0.0999999999999995,436.68,21.52,343.86,-0.2779853360529779,0.9605853178867106,36.6468,0.78,24.2,45.19199999999999,1319.2848,0.242,0
2026-08-28 09:30:00+00:00,2026-08-28,2026-08-28T09:00:00+00:00,2026-08-28T09:30:00+00:00,2026-08-28T09:30:00+00:00,Singtam,27.234,88.501,0.1,3B-HHR-E.MS.MRG.3IMERG.20260828-S090000-E092959.0540.V07C.30min.tif,0.1,0.2,0.6000000000000001,0.6000000000000001,0.7000000000000005,2.0999999999999996,2.4,36.099999999999994,65.4,0.1,0.1,0.1,0.2,0.0,0.6000000000000001,0.0,436.68,21.52,343.86,-0.2779853360529779,0.9605853178867106,36.6468,0.78,24.2,45.19199999999999,1322.9494799999998,0.242,0
2026-08-28 10:00:00+00:00,2026-08-28,2026-08-28T09:30:00+00:00,2026-08-28T10:00:00+00:00,2026-08-28T10:00:00+00:00,Singtam,27.234,88.501,0.0,3B-HHR-E.MS.MRG.3IMERG.20260828-S093000-E095959.0570.V07C.30min.tif,0.0,0.1000000000000005,0.5000000000000004,0.6000000000000001,0.6000000000000005,1.9999999999999996,2.4,36.099999999999994,65.4,0.1,0.1,0.1,0.2,-0.0999999999999995,0.4,-0.0999999999999995,436.68,21.52,343.86,-0.2779853360529779,0.9605853178867106,36.6468,0.78,24.2,43.03999999999999,1322.9494799999998,0.242,0
2026-08-28 10:30:00+00:00,2026-08-28,2026-08-28T10:00:00+00:00,2026-08-28T10:30:00+00:00,2026-08-28T10:30:00+00:00,Singtam,27.234,88.501,0.0,3B-HHR-E.MS.MRG.3IMERG.20260828-S100000-E102959.0600.V07C.30min.tif,0.0,0.0,0.40000000000000047,0.6000000000000001,0.6000000000000005,1.8999999999999997,2.4,36.099999999999994,65.3,0.0,0.1,0.1,0.2,-0.2,0.2,-0.2,436.68,21.52,343.86,-0.2779853360529779,0.9605853178867106,36.6468,0.78,24.2,40.88799999999999,1322.9494799999998,0.242,0
2026-08-28 11:00:00+00:00,2026-08-28,2026-08-28T10:30:00+00:00,2026-08-28T11:00:00+00:00,2026-08-28T11:00:00+00:00,Singtam,27.234,88.501,0.0,3B-HHR-E.MS.MRG.3IMERG.20260828-S103000-E105959.0630.V07C.30min.tif,0.0,0.0,0.3000000000000005,0.6000000000000001,0.6000000000000005,1.7999999999999996,2.4,36.0,65.2,0.0,0.1,0.1,0.2,-0.1000000000000005,0.0,-9.992007221626409e-16,436.68,21.52,343.86,-0.2779853360529779,0.9605853178867106,36.6468,0.78,24.2,38.73599999999999,1319.2848,0.242,0
2026-08-28 11:30:00+00:00,2026-08-28,2026-08-28T11:00:00+00:00,2026-08-28T11:30:00+00:00,2026-08-28T11:30:00+00:00,Singtam,27.234,88.501,1.9,3B-HHR-E.MS.MRG.3IMERG.20260828-S110000-E112959.0660.V07C.30min.tif,1.9,1.9000000000000004,2.1000000000000005,2.5,2.5000000000000004,3.5999999999999996,4.3,37.800000000000004,67.1,1.9,1.9,1.9,1.9,1.9000000000000004,1.7000000000000002,2.1000000000000005,436.68,21.52,343.86,-0.2779853360529779,0.9605853178867106,36.6468,0.78,24.2,77.472,1385.2490400000002,4.598,0
2026-08-28 12:00:00+00:00,2026-08-28,2026-08-28T11:30:00+00:00,2026-08-28T12:00:00+00:00,2026-08-28T12:00:00+00:00,Singtam,27.234,88.501,1.8,3B-HHR-E.MS.MRG.3IMERG.20260828-S113000-E115959.0690.V07C.30min.tif,1.8,3.7,3.8000000000000003,4.3,4.300000000000001,5.3999999999999995,6.1,39.6,68.9,1.9,1.9,1.9,1.9,3.7,3.3,3.8000000000000007,436.68,21.52,343.86,-0.2779853360529779,0.9605853178867106,36.6468,0.78,24.2,116.20799999999998,1451.21328,4.598,0
2026-08-28 12:30:00+00:00,2026-08-28,2026-08-28T12:00:00+00:00,2026-08-28T12:30:00+00:00,2026-08-28T12:30:00+00:00,Singtam,27.234,88.501,0.9,3B-HHR-E.MS.MRG.3IMERG.20260828-S120000-E122959.0720.V07C.30min.tif,0.9,2.7000000000000006,4.6000000000000005,5.2,5.2,6.3,7.0,40.5,69.8,1.8,1.9,1.9,1.9,0.8000000000000003,4.0,-1.1,436.68,21.52,343.86,-0.2779853360529779,0.9605853178867106,36.6468,0.78,24.2,135.576,1484.1954,4.598,0
2026-08-28 13:00:00+00:00,2026-08-28,2026-08-28T12:30:00+00:00,2026-08-28T13:00:00+00:00,2026-08-28T13:00:00+00:00,Singtam,27.234,88.501,0.3,3B-HHR-E.MS.MRG.3IMERG.20260828-S123000-E125959.0750.V07C.30min.tif,0.3,1.2000000000000004,4.9,5.4,5.500000000000001,6.6,7.3,40.800000000000004,70.1,0.9,1.9,1.9,1.9,-2.5,4.4,-6.2,436.68,21.52,343.86,-0.2779853360529779,0.9605853178867106,36.6468,0.78,24.2,142.03199999999998,1495.18944,4.598,0
2026-08-28 13:30:00+00:00,2026-08-28,2026-08-28T13:00:00+00:00,2026-08-28T13:30:00+00:00,2026-08-28T13:30:00+00:00,Singtam,27.234,88.501,0.1,3B-HHR-E.MS.MRG.3IMERG.20260828-S130000-E132959.0780.V07C.30min.tif,0.1,0.40000000000000047,5.0,5.3999999999999995,5.6000000000000005,6.699999999999999,7.4,40.9,70.10000000000001,0.3,1.9,1.9,1.9,-2.3000000000000003,4.6,-3.1000000000000005,436.68,21.52,343.86,-0.2779853360529779,0.9605853178867106,36.6468,0.78,24.2,144.18399999999997,1498.85412,4.598,0
2026-08-28 14:00:00+00:00,2026-08-28,2026-08-28T13:30:00+00:00,2026-08-28T14:00:00+00:00,2026-08-28T14:00:00+00:00,Singtam,27.234,88.501,0.1,3B-HHR-E.MS.MRG.3IMERG.20260828-S133000-E135959.0810.V07C.30min.tif,0.1,0.2,5.1000000000000005,5.4,5.7,6.8,7.5,41.0,70.0,0.1,1.9,1.9,1.9,-1.0000000000000004,4.8,1.4999999999999996,436.68,21.52,343.86,-0.2779853360529779,0.9605853178867106,36.6468,0.78,24.2,146.33599999999998,1502.5188,4.598,0
2026-08-28 14:30:00+00:00,2026-08-28,2026-08-28T14:00:00+00:00,2026-08-28T14:30:00+00:00,2026-08-28T14:30:00+00:00,Singtam,27.234,88.501,0.0,3B-HHR-E.MS.MRG.3IMERG.20260828-S140000-E142959.0840.V07C.30min.tif,0.0,0.10000000000000045,3.2000000000000006,5.3,5.7,6.8,7.5,40.5,69.89999999999999,0.1,1.8,1.9,1.9,-0.30000000000000004,1.1,2.0,436.68,21.52,343.86,-0.2779853360529779,0.9605853178867106,36.6468,0.78,24.2,146.33599999999998,1484.1954,4.356,0
2026-08-28 15:00:00+00:00,2026-08-28,2026-08-28T14:30:00+00:00,2026-08-28T15:00:00+00:00,2026-08-28T15:00:00+00:00,Singtam,27.234,88.501,0.0,3B-HHR-E.MS.MRG.3IMERG.20260828-S143000-E145959.0870.V07C.30min.tif,0.0,0.0,1.4000000000000004,5.2,5.7,6.8,7.5,40.0,69.89999999999999,0.0,0.9,1.9,1.9,-0.2,-2.4,0.8000000000000005,436.68,21.52,343.86,-0.2779853360529779,0.9605853178867106,36.6468,0.78,24.2,146.33599999999998,1465.8719999999998,2.178,0
2026-08-28 15:30:00+00:00,2026-08-28,2026-08-28T15:00:00+00:00,2026-08-28T15:30:00+00:00,2026-08-28T15:30:00+00:00,Singtam,27.234,88.501,0.7,3B-HHR-E.MS.MRG.3IMERG.20260828-S150000-E152959.0900.V07C.30min.tif,0.7,0.7000000000000004,1.2000000000000004,5.800000000000001,6.4,7.5,8.2,40.6,70.6,0.7,0.7,1.9,1.9,0.6,-3.4000000000000004,0.9,436.68,21.52,343.86,-0.2779853360529779,0.9605853178867106,36.6468,0.78,24.2,161.4,1487.86008,1.694,0
2026-08-28 16:00:00+00:00,2026-08-28,2026-08-28T15:30:00+00:00,2026-08-28T16:00:00+00:00,2026-08-28T16:00:00+00:00,Singtam,27.234,88.501,0.7,3B-HHR-E.MS.MRG.3IMERG.20260828-S153000-E155959.0930.V07C.30min.tif,0.7,1.4,1.6000000000000003,6.5,7.1000000000000005,8.1,8.9,41.3,71.3,0.7,0.7,1.9,1.9,1.4,-3.3,1.5999999999999999,436.68,21.52,343.86,-0.2779853360529779,0.9605853178867106,36.6468,0.78,24.2,174.31199999999998,1513.5128399999999,1.694,0
2026-08-28 16:30:00+00:00,2026-08-28,2026-08-28T16:00:00+00:00,2026-08-28T16:30:00+00:00,2026-08-28T16:30:00+00:00,Singtam,27.234,88.501,0.4,3B-HHR-E.MS.MRG.3IMERG.20260828-S160000-E162959.0960.V07C.30min.tif,0.4,1.1000000000000005,1.9000000000000004,6.9,7.5,8.399999999999999,9.3,41.7,71.69999999999999,0.7,0.7,1.9,1.9,0.40000000000000013,-3.0999999999999996,-0.19999999999999984,436.68,21.52,343.86,-0.2779853360529779,0.9605853178867106,36.6468,0.78,24.2,180.76799999999997,1528.17156,1.694,0
2026-08-28 17:00:00+00:00,2026-08-28,2026-08-28T16:30:00+00:00,2026-08-28T17:00:00+00:00,2026-08-28T17:00:00+00:00,Singtam,27.234,88.501,0.2,3B-HHR-E.MS.MRG.3IMERG.20260828-S163000-E165959.0990.V07C.30min.tif,0.2,0.6000000000000005,2.0000000000000004,7.1000000000000005,7.7,8.6,9.5,41.9,71.89999999999999,0.4,0.7,1.9,1.9,-0.7999999999999994,-3.1,-2.1999999999999993,436.68,21.52,343.86,-0.2779853360529779,0.9605853178867106,36.6468,0.78,24.2,185.072,1535.50092,1.694,0
2026-08-28 17:30:00+00:00,2026-08-28,2026-08-28T17:00:00+00:00,2026-08-28T17:30:00+00:00,2026-08-28T17:30:00+00:00,Singtam,27.234,88.501,0.0,3B-HHR-E.MS.MRG.3IMERG.20260828-S170000-E172959.1020.V07C.30min.tif,0.0,0.20000000000000046,2.0000000000000004,5.2,7.7,8.6,9.5,41.1,71.89999999999999,0.2,0.7,1.8,1.9,-0.9000000000000001,-1.2000000000000002,-1.3000000000000003,436.68,21.52,343.86,-0.2779853360529779,0.9605853178867106,36.6468,0.78,24.2,185.072,1506.18348,1.694,0
2026-08-28 18:00:00+00:00,2026-08-28,2026-08-28T17:30:00+00:00,2026-08-28T18:00:00+00:00,2026-08-28T18:00:00+00:00,Singtam,27.234,88.501,0.1,3B-HHR-E.MS.MRG.3IMERG.20260828-S173000-E175959.1050.V07C.30min.tif,0.1,0.10000000000000045,2.1000000000000005,3.5,7.800000000000001,8.7,9.6,40.4,72.0,0.1,0.7,0.9,1.9,-0.5000000000000001,0.7000000000000002,0.29999999999999927,436.68,21.52,343.86,-0.2779853360529779,0.9605853178867106,36.6468,0.78,24.2,187.224,1480.53072,1.694,0
2026-08-28 18:30:00+00:00,2026-08-28,2026-08-28T18:00:00+00:00,2026-08-28T18:30:00+00:00,2026-08-28T18:30:00+00:00,Singtam,27.234,88.501,0.0,3B-HHR-E.MS.MRG.3IMERG.20260828-S180000-E182959.1080.V07C.30min.tif,0.0,0.10000000000000045,1.4000000000000004,2.5999999999999996,7.800000000000001,8.7,9.6,39.9,72.0,0.1,0.7,0.7,1.9,-0.1,0.19999999999999996,0.8000000000000002,436.68,21.52,343.86,-0.2779853360529779,0.9605853178867106,36.6468,0.78,24.2,187.224,1462.20732,1.694,0
2026-08-28 19:00:00+00:00,2026-08-28,2026-08-28T18:30:00+00:00,2026-08-28T19:00:00+00:00,2026-08-28T19:00:00+00:00,Singtam,27.234,88.501,0.0,3B-HHR-E.MS.MRG.3IMERG.20260828-S183000-E185959.1110.V07C.30min.tif,0.0,0.0,0.7000000000000005,2.3,7.700000000000001,8.7,9.6,39.4,72.0,0.0,0.4,0.7,1.9,-0.10000000000000045,-0.8999999999999998,0.3999999999999997,436.68,21.52,343.86,-0.2779853360529779,0.9605853178867106,36.6468,0.78,24.2,187.224,1443.88392,0.968,0
2026-08-28 19:30:00+00:00,2026-08-28,2026-08-28T19:00:00+00:00,2026-08-28T19:30:00+00:00,2026-08-28T19:30:00+00:00,Singtam,27.234,88.501,0.1,3B-HHR-E.MS.MRG.3IMERG.20260828-S190000-E192959.1140.V07C.30min.tif,0.1,0.10000000000000045,0.40000000000000047,2.3,7.7,8.7,9.7,38.6,71.4,0.1,0.2,0.7,1.9,0.0,-1.5,0.1,436.68,21.52,343.86,-0.2779853360529779,0.9605853178867106,36.6468,0.78,24.2,187.224,1414.56648,0.484,0
2026-08-28 20:00:00+00:00,2026-08-28,2026-08-28T19:30:00+00:00,2026-08-28T20:00:00+00:00,2026-08-28T20:00:00+00:00,Singtam,27.234,88.501,0.1,3B-HHR-E.MS.MRG.3IMERG.20260828-S193000-E195959.1170.V07C.30min.tif,0.1,0.2,0.3000000000000005,2.3,7.700000000000001,8.6,9.8,38.6,71.39999999999999,0.1,0.1,0.7,1.9,0.2,-1.7,0.3000000000000005,436.68,21.52,343.86,-0.2779853360529779,0.9605853178867106,36.6468,0.78,24.2,185.072,1414.56648,0.242,0
2026-08-28 20:30:00+00:00,2026-08-28,2026-08-28T20:00:00+00:00,2026-08-28T20:30:00+00:00,2026-08-28T20:30:00+00:00,Singtam,27.234,88.501,0.1,3B-HHR-E.MS.MRG.3IMERG.20260828-S200000-E202959.1200.V07C.30min.tif,0.1,0.2,0.40000000000000047,2.4,7.7,8.5,9.9,38.599999999999994,71.4,0.1,0.1,0.7,1.9,0.09999999999999956,-1.6,0.09999999999999956,436.68,21.52,343.86,-0.2779853360529779,0.9605853178867106,36.6468,0.78,24.2,182.92,1414.5664799999997,0.242,0
2026-08-28 21:00:00+00:00,2026-08-28,2026-08-28T20:30:00+00:00,2026-08-28T21:00:00+00:00,2026-08-28T21:00:00+00:00,Singtam,27.234,88.501,0.1,3B-HHR-E.MS.MRG.3IMERG.20260828-S203000-E205959.1230.V07C.30min.tif,0.1,0.2,0.40000000000000047,2.5,7.7,8.4,10.0,38.5,71.5,0.1,0.1,0.7,1.9,0.0,-1.7000000000000002,-0.2,436.68,21.52,343.86,-0.2779853360529779,0.9605853178867106,36.6468,0.78,24.2,180.768,1410.9017999999999,0.242,0
2026-08-28 21:30:00+00:00,2026-08-28,2026-08-28T21:00:00+00:00,2026-08-28T21:30:00+00:00,2026-08-28T21:30:00+00:00,Singtam,27.234,88.501,0.0,3B-HHR-E.MS.MRG.3IMERG.20260828-S210000-E212959.1260.V07C.30min.tif,0.0,0.10000000000000045,0.40000000000000047,1.8,7.6,8.299999999999999,10.0,38.199999999999996,71.39999999999999,0.1,0.1,0.7,1.9,-0.09999999999999956,-0.9999999999999999,-0.19999999999999912,436.68,21.52,343.86,-0.2779853360529779,0.9605853178867106,36.6468,0.78,24.2,178.61599999999999,1399.9077599999998,0.242,0
2026-08-28 22:00:00+00:00,2026-08-28,2026-08-28T21:30:00+00:00,2026-08-28T22:00:00+00:00,2026-08-28T22:00:00+00:00,Singtam,27.234,88.501,0.0,3B-HHR-E.MS.MRG.3IMERG.20260828-S213000-E215959.1290.V07C.30min.tif,0.0,0.0,0.40000000000000047,1.1,7.6,8.2,10.0,37.8,71.3,0.0,0.1,0.4,1.9,-0.2,-0.30000000000000004,-0.2,436.68,21.52,343.86,-0.2779853360529779,0.9605853178867106,36.6468,0.78,24.2,176.46399999999997,1385.24904,0.242,0
2026-08-28 22:30:00+00:00,2026-08-28,2026-08-28T22:00:00+00:00,2026-08-28T22:30:00+00:00,2026-08-28T22:30:00+00:00,Singtam,27.234,88.501,0.0,3B-HHR-E.MS.MRG.3IMERG.20260828-S220000-E222959.1320.V07C.30min.tif,0.0,0.0,0.3000000000000005,0.7000000000000001,7.6,8.2,10.0,36.6,71.3,0.0,0.1,0.2,1.9,-0.10000000000000045,-0.09999999999999998,-8.881784197001252e-16,436.68,21.52,343.86,-0.2779853360529779,0.9605853178867106,36.6468,0.78,24.2,176.46399999999997,1341.27288,0.242,0
2026-08-28 23:00:00+00:00,2026-08-28,2026-08-28T22:30:00+00:00,2026-08-28T23:00:00+00:00,2026-08-28T23:00:00+00:00,Singtam,27.234,88.501,0.0,3B-HHR-E.MS.MRG.3IMERG.20260828-S223000-E225959.1350.V07C.30min.tif,0.0,0.0,0.20000000000000046,0.5,7.6,8.2,10.0,35.4,71.3,0.0,0.1,0.1,1.9,0.0,-0.10000000000000003,0.2,436.68,21.52,343.86,-0.2779853360529779,0.9605853178867106,36.6468,0.78,24.2,176.46399999999997,1297.2967199999998,0.242,0
2026-08-28 23:30:00+00:00,2026-08-28,2026-08-28T23:00:00+00:00,2026-08-28T23:30:00+00:00,2026-08-28T23:30:00+00:00,Singtam,27.234,88.501,0.0,3B-HHR-E.MS.MRG.3IMERG.20260828-S230000-E232959.1380.V07C.30min.tif,0.0,0.0,0.10000000000000045,0.5,5.7,8.2,10.0,34.5,71.3,0.0,0.1,0.1,1.9,0.0,-0.30000000000000004,0.10000000000000045,436.68,21.52,343.86,-0.2779853360529779,0.9605853178867106,36.6468,0.78,24.2,176.46399999999997,1264.3146,0.242,0
2026-08-29 00:00:00+00:00,2026-08-28,2026-08-28T23:30:00+00:00,2026-08-29T00:00:00+00:00,2026-08-29T00:00:00+00:00,Singtam,27.234,88.501,0.0,3B-HHR-E.MS.MRG.3IMERG.20260828-S233000-E235959.1410.V07C.30min.tif,0.0,0.0,0.0,0.4,3.900000000000001,8.2,10.0,32.5,71.3,0.0,0.0,0.1,1.9,0.0,-0.40000000000000047,0.0,436.68,21.52,343.86,-0.2779853360529779,0.9605853178867106,36.6468,0.78,24.2,176.46399999999997,1191.021,0.0,0
2026-08-29 00:30:00+00:00,2026-08-29,2026-08-29T00:00:00+00:00,2026-08-29T00:30:00+00:00,2026-08-29T00:30:00+00:00,Singtam,27.234,88.501,0.1,3B-HHR-E.MS.MRG.3IMERG.20260829-S000000-E002959.0000.V07C.30min.tif,0.1,0.10000000000000045,0.10000000000000045,0.5,3.1000000000000005,8.299999999999999,10.1,30.7,71.4,0.1,0.1,0.1,1.9,0.10000000000000045,-0.30000000000000004,0.10000000000000045,436.68,21.52,343.86,-0.2779853360529779,0.9605853178867106,36.6468,0.78,24.2,178.61599999999999,1125.05676,0.242,0
2026-08-29 01:00:00+00:00,2026-08-29,2026-08-29T00:30:00+00:00,2026-08-29T01:00:00+00:00,2026-08-29T01:00:00+00:00,Singtam,27.234,88.501,0.0,3B-HHR-E.MS.MRG.3IMERG.20260829-S003000-E005959.0030.V07C.30min.tif,0.0,0.10000000000000045,0.10000000000000045,0.5,2.8000000000000007,8.299999999999999,10.1,28.9,71.4,0.1,0.1,0.1,1.9,0.10000000000000045,-0.30000000000000004,0.10000000000000045,436.68,21.52,343.86,-0.2779853360529779,0.9605853178867106,36.6468,0.78,24.2,178.61599999999999,1059.09252,0.242,0
2026-08-29 01:30:00+00:00,2026-08-29,2026-08-29T01:00:00+00:00,2026-08-29T01:30:00+00:00,2026-08-29T01:30:00+00:00,Singtam,27.234,88.501,0.0,3B-HHR-E.MS.MRG.3IMERG.20260829-S010000-E012959.0060.V07C.30min.tif,0.0,0.0,0.10000000000000045,0.4,2.7,8.299999999999999,10.1,27.4,71.4,0.0,0.1,0.1,1.9,-0.10000000000000045,-0.20000000000000004,-0.2000000000000009,436.68,21.52,343.86,-0.2779853360529779,0.9605853178867106,36.6468,0.78,24.2,178.61599999999999,1004.12232,0.242,0
2026-08-29 02:00:00+00:00,2026-08-29,2026-08-29T01:30:00+00:00,2026-08-29T02:00:00+00:00,2026-08-29T02:00:00+00:00,Singtam,27.234,88.501,0.0,3B-HHR-E.MS.MRG.3IMERG.20260829-S013000-E015959.0090.V07C.30min.tif,0.0,0.0,0.10000000000000045,0.30000000000000004,2.6000000000000005,8.299999999999999,10.1,26.3,71.4,0.0,0.1,0.1,1.9,-0.10000000000000045,-0.1,-0.2000000000000009,436.68,21.52,343.86,-0.2779853360529779,0.9605853178867106,36.6468,0.78,24.2,178.61599999999999,963.81084,0.242,0
2026-08-29 02:30:00+00:00,2026-08-29,2026-08-29T02:00:00+00:00,2026-08-29T02:30:00+00:00,2026-08-29T02:30:00+00:00,Singtam,27.234,88.501,0.0,3B-HHR-E.MS.MRG.3IMERG.20260829-S020000-E022959.0120.V07C.30min.tif,0.0,0.0,0.10000000000000045,0.2,2.6000000000000005,8.299999999999999,10.1,25.6,71.4,0.0,0.1,0.1,1.9,0.0,0.0,0.10000000000000045,436.68,21.52,343.86,-0.2779853360529779,0.9605853178867106,36.6468,0.78,24.2,178.61599999999999,938.15808,0.242,0
2026-08-29 03:00:00+00:00,2026-08-29,2026-08-29T02:30:00+00:00,2026-08-29T03:00:00+00:00,2026-08-29T03:00:00+00:00,Singtam,27.234,88.501,0.0,3B-HHR-E.MS.MRG.3IMERG.20260829-S023000-E025959.0150.V07C.30min.tif,0.0,0.0,0.10000000000000045,0.1,2.6000000000000005,8.299999999999999,10.1,23.9,71.4,0.0,0.1,0.1,1.9,0.0,0.10000000000000045,0.10000000000000045,436.68,21.52,343.86,-0.2779853360529779,0.9605853178867106,36.6468,0.78,24.2,178.61599999999999,875.8585199999999,0.242,0
2026-08-29 03:30:00+00:00,2026-08-29,2026-08-29T03:00:00+00:00,2026-08-29T03:30:00+00:00,2026-08-29T03:30:00+00:00,Singtam,27.234,88.501,0.0,3B-HHR-E.MS.MRG.3IMERG.20260829-S030000-E032959.0180.V07C.30min.tif,0.0,0.0,0.0,0.1,1.9000000000000006,8.299999999999999,10.1,21.9,71.4,0.0,0.0,0.1,1.9,0.0,-0.10000000000000045,0.0,436.68,21.52,343.86,-0.2779853360529779,0.9605853178867106,36.6468,0.78,24.2,178.61599999999999,802.5649199999999,0.0,0
2026-08-29 04:00:00+00:00,2026-08-29,2026-08-29T03:30:00+00:00,2026-08-29T04:00:00+00:00,2026-08-29T04:00:00+00:00,Singtam,27.234,88.501,0.0,3B-HHR-E.MS.MRG.3IMERG.20260829-S033000-E035959.0210.V07C.30min.tif,0.0,0.0,0.0,0.1,1.2000000000000006,8.299999999999999,10.1,20.0,71.4,0.0,0.0,0.1,1.9,0.0,-0.10000000000000045,0.0,436.68,21.52,343.86,-0.2779853360529779,0.9605853178867106,36.6468,0.78,24.2,178.61599999999999,732.9359999999999,0.0,0
2026-08-29 04:30:00+00:00,2026-08-29,2026-08-29T04:00:00+00:00,2026-08-29T04:30:00+00:00,2026-08-29T04:30:00+00:00,Singtam,27.234,88.501,0.0,3B-HHR-E.MS.MRG.3IMERG.20260829-S040000-E042959.0240.V07C.30min.tif,0.0,0.0,0.0,0.1,0.8000000000000005,8.299999999999999,10.1,19.0,71.4,0.0,0.0,0.1,1.9,0.0,-0.10000000000000045,0.0,436.68,21.52,343.86,-0.2779853360529779,0.9605853178867106,36.6468,0.78,24.2,178.61599999999999,696.2891999999999,0.0,0
2026-08-29 05:00:00+00:00,2026-08-29,2026-08-29T04:30:00+00:00,2026-08-29T05:00:00+00:00,2026-08-29T05:00:00+00:00,Singtam,27.234,88.501,0.0,3B-HHR-E.MS.MRG.3IMERG.20260829-S043000-E045959.0270.V07C.30min.tif,0.0,0.0,0.0,0.1,0.6000000000000005,8.299999999999999,10.1,18.5,71.30000000000001,0.0,0.0,0.1,1.9,0.0,-0.10000000000000045,0.0,436.68,21.52,343.86,-0.2779853360529779,0.9605853178867106,36.6468,0.78,24.2,178.61599999999999,677.9658,0.0,0
2026-08-29 05:30:00+00:00,2026-08-29,2026-08-29T05:00:00+00:00,2026-08-29T05:30:00+00:00,2026-08-29T05:30:00+00:00,Singtam,27.234,88.501,0.0,3B-HHR-E.MS.MRG.3IMERG.20260829-S050000-E052959.0300.V07C.30min.tif,0.0,0.0,0.0,0.1,0.6000000000000005,8.299999999999999,10.1,14.7,71.30000000000001,0.0,0.0,0.1,1.9,0.0,-0.10000000000000045,0.0,436.68,21.52,343.86,-0.2779853360529779,0.9605853178867106,36.6468,0.78,24.2,178.61599999999999,538.70796,0.0,0
2026-08-29 06:00:00+00:00,2026-08-29,2026-08-29T05:30:00+00:00,2026-08-29T06:00:00+00:00,2026-08-29T06:00:00+00:00,Singtam,27.234,88.501,0.0,3B-HHR-E.MS.MRG.3IMERG.20260829-S053000-E055959.0330.V07C.30min.tif,0.0,0.0,0.0,0.1,0.5000000000000004,8.299999999999999,10.1,11.2,71.30000000000001,0.0,0.0,0.1,1.9,0.0,-0.10000000000000045,0.0,436.68,21.52,343.86,-0.2779853360529779,0.9605853178867106,36.6468,0.78,24.2,178.61599999999999,410.44415999999995,0.0,0
2026-08-29 06:30:00+00:00,2026-08-29,2026-08-29T06:00:00+00:00,2026-08-29T06:30:00+00:00,2026-08-29T06:30:00+00:00,Singtam,27.234,88.501,0.0,3B-HHR-E.MS.MRG.3IMERG.20260829-S060000-E062959.0360.V07C.30min.tif,0.0,0.0,0.0,0.0,0.5000000000000004,8.299999999999999,10.1,11.1,71.30000000000001,0.0,0.0,0.0,1.9,0.0,0.0,0.0,436.68,21.52,343.86,-0.2779853360529779,0.9605853178867106,36.6468,0.78,24.2,178.61599999999999,406.77948,0.0,0
2026-08-29 07:00:00+00:00,2026-08-29,2026-08-29T06:30:00+00:00,2026-08-29T07:00:00+00:00,2026-08-29T07:00:00+00:00,Singtam,27.234,88.501,0.0,3B-HHR-E.MS.MRG.3IMERG.20260829-S063000-E065959.0390.V07C.30min.tif,0.0,0.0,0.0,0.0,0.5000000000000004,8.2,10.1,10.9,71.30000000000001,0.0,0.0,0.0,1.9,0.0,0.0,0.0,436.68,21.52,343.86,-0.2779853360529779,0.9605853178867106,36.6468,0.78,24.2,176.46399999999997,399.45012,0.0,0
2026-08-29 07:30:00+00:00,2026-08-29,2026-08-29T07:00:00+00:00,2026-08-29T07:30:00+00:00,2026-08-29T07:30:00+00:00,Singtam,27.234,88.501,0.9,3B-HHR-E.MS.MRG.3IMERG.20260829-S070000-E072959.0420.V07C.30min.tif,0.9,0.9000000000000005,0.9000000000000005,0.9,1.3000000000000005,9.0,10.9,11.3,72.2,0.9,0.9,0.9,1.9,0.9000000000000005,0.9000000000000005,0.9000000000000005,436.68,21.52,343.86,-0.2779853360529779,0.9605853178867106,36.6468,0.78,24.2,193.68,414.10884,2.178,0
2026-08-29 08:00:00+00:00,2026-08-29,2026-08-29T07:30:00+00:00,2026-08-29T08:00:00+00:00,2026-08-29T08:00:00+00:00,Singtam,27.234,88.501,1.0,3B-HHR-E.MS.MRG.3IMERG.20260829-S073000-E075959.0450.V07C.30min.tif,1.0,1.9000000000000004,1.9000000000000004,1.9,2.2,9.9,11.8,12.1,73.1,1.0,1.0,1.0,1.9,1.9000000000000004,1.9000000000000004,1.9000000000000004,436.68,21.52,343.86,-0.2779853360529779,0.9605853178867106,36.6468,0.78,24.2,213.048,443.42627999999996,2.42,0
2026-08-29 08:30:00+00:00,2026-08-29,2026-08-29T08:00:00+00:00,2026-08-29T08:30:00+00:00,2026-08-29T08:30:00+00:00,Singtam,27.234,88.501,0.6,3B-HHR-E.MS.MRG.3IMERG.20260829-S080000-E082959.0480.V07C.30min.tif,0.6,1.6000000000000005,2.5000000000000004,2.5,2.7,10.399999999999999,12.4,12.6,73.60000000000001,1.0,1.0,1.0,1.9,0.7000000000000001,2.5000000000000004,-0.2000000000000004,436.68,21.52,343.86,-0.2779853360529779,0.9605853178867106,36.6468,0.78,24.2,223.80799999999996,461.74967999999996,2.42,0
2026-08-29 09:00:00+00:00,2026-08-29,2026-08-29T08:30:00+00:00,2026-08-29T09:00:00+00:00,2026-08-29T09:00:00+00:00,Singtam,27.234,88.501,0.5,3B-HHR-E.MS.MRG.3IMERG.20260829-S083000-E085959.0510.V07C.30min.tif,0.5,1.1000000000000005,3.0000000000000004,3.0,3.1000000000000005,10.799999999999999,12.9,13.1,74.0,0.6,1.0,1.0,1.9,-0.7999999999999998,3.0000000000000004,-2.7,436.68,21.52,343.86,-0.2779853360529779,0.9605853178867106,36.6468,0.78,24.2,232.41599999999997,480.07307999999995,2.42,0
2026-08-29 09:30:00+00:00,2026-08-29,2026-08-29T09:00:00+00:00,2026-08-29T09:30:00+00:00,2026-08-29T09:30:00+00:00,Singtam,27.234,88.501,0.7,3B-HHR-E.MS.MRG.3IMERG.20260829-S090000-E092959.0540.V07C.30min.tif,0.7,1.2000000000000006,3.7,3.7,3.8000000000000007,11.399999999999999,13.5,13.799999999999999,74.69999999999999,0.7,1.0,1.0,1.9,-0.3999999999999999,3.7,-1.1,436.68,21.52,343.86,-0.2779853360529779,0.9605853178867106,36.6468,0.78,24.2,245.32799999999997,505.72583999999995,2.42,0
2026-08-29 10:00:00+00:00,2026-08-29,2026-08-29T09:30:00+00:00,2026-08-29T10:00:00+00:00,2026-08-29T10:00:00+00:00,Singtam,27.234,88.501,0.7,3B-HHR-E.MS.MRG.3IMERG.20260829-S093000-E095959.0570.V07C.30min.tif,0.7,1.4,4.4,4.4,4.500000000000001,12.1,14.1,14.5,72.7,0.7,1.0,1.0,1.9,0.2999999999999994,4.4,1.0999999999999992,436.68,21.52,343.86,-0.2779853360529779,0.9605853178867106,36.6468,0.78,24.2,260.392,531.3786,2.42,0
2026-08-29 10:30:00+00:00,2026-08-29,2026-08-29T10:00:00+00:00,2026-08-29T10:30:00+00:00,2026-08-29T10:30:00+00:00,Singtam,27.234,88.501,0.2,3B-HHR-E.MS.MRG.3IMERG.20260829-S100000-E102959.0600.V07C.30min.tif,0.2,0.9000000000000006,3.7000000000000006,4.6,4.7,12.299999999999999,14.2,14.7,70.1,0.7,1.0,1.0,1.9,-0.30000000000000004,2.8000000000000003,0.09999999999999987,436.68,21.52,343.86,-0.2779853360529779,0.9605853178867106,36.6468,0.78,24.2,264.69599999999997,538.70796,2.42,0
2026-08-29 11:00:00+00:00,2026-08-29,2026-08-29T10:30:00+00:00,2026-08-29T11:00:00+00:00,2026-08-29T11:00:00+00:00,Singtam,27.234,88.501,0.3,3B-HHR-E.MS.MRG.3IMERG.20260829-S103000-E105959.0630.V07C.30min.tif,0.3,0.5000000000000006,3.0000000000000004,4.9,5.000000000000001,12.6,14.4,15.0,67.3,0.3,0.7,1.0,1.9,-0.8999999999999994,1.1,-1.1999999999999988,436.68,21.52,343.86,-0.2779853360529779,0.9605853178867106,36.6468,0.78,24.2,271.152,549.702,1.694,0
2026-08-29 11:30:00+00:00,2026-08-29,2026-08-29T11:00:00+00:00,2026-08-29T11:30:00+00:00,2026-08-29T11:30:00+00:00,Singtam,27.234,88.501,0.1,3B-HHR-E.MS.MRG.3IMERG.20260829-S110000-E112959.0660.V07C.30min.tif,0.1,0.4000000000000006,2.5000000000000004,5.0,5.1000000000000005,10.799999999999999,14.4,15.1,66.0,0.3,0.7,1.0,1.8,-0.5,0.0,-0.19999999999999996,436.68,21.52,343.86,-0.2779853360529779,0.9605853178867106,36.6468,0.78,24.2,232.41599999999997,553.36668,1.694,0
2026-08-29 12:00:00+00:00,2026-08-29,2026-08-29T11:30:00+00:00,2026-08-29T12:00:00+00:00,2026-08-29T12:00:00+00:00,Singtam,27.234,88.501,0.0,3B-HHR-E.MS.MRG.3IMERG.20260829-S113000-E115959.0690.V07C.30min.tif,0.0,0.10000000000000056,2.0000000000000004,5.0,5.1000000000000005,9.0,14.4,15.1,65.7,0.1,0.7,1.0,1.0,-0.4,-1.0,0.49999999999999933,436.68,21.52,343.86,-0.2779853360529779,0.9605853178867106,36.6468,0.78,24.2,193.68,553.36668,1.694,0
2026-08-29 12:30:00+00:00,2026-08-29,2026-08-29T12:00:00+00:00,2026-08-29T12:30:00+00:00,2026-08-29T12:30:00+00:00,Singtam,27.234,88.501,0.1,3B-HHR-E.MS.MRG.3IMERG.20260829-S120000-E122959.0720.V07C.30min.tif,0.1,0.10000000000000056,1.4000000000000006,5.1,5.1,8.2,14.5,15.2,65.7,0.1,0.7,1.0,1.0,-0.30000000000000004,-2.3,0.19999999999999996,436.68,21.52,343.86,-0.2779853360529779,0.9605853178867106,36.6468,0.78,24.2,176.46399999999997,557.03136,1.694,0
2026-08-29 13:00:00+00:00,2026-08-29,2026-08-29T12:30:00+00:00,2026-08-29T13:00:00+00:00,2026-08-29T13:00:00+00:00,Singtam,27.234,88.501,0.3,3B-HHR-E.MS.MRG.3IMERG.20260829-S123000-E125959.0750.V07C.30min.tif,0.3,0.4000000000000006,1.0000000000000004,5.4,5.4,8.2,14.8,15.5,65.7,0.3,0.3,1.0,1.0,0.30000000000000004,-3.4,0.7000000000000001,436.68,21.52,343.86,-0.2779853360529779,0.9605853178867106,36.6468,0.78,24.2,176.46399999999997,568.0254,0.726,0
2026-08-29 13:30:00+00:00,2026-08-29,2026-08-29T13:00:00+00:00,2026-08-29T13:30:00+00:00,2026-08-29T13:30:00+00:00,Singtam,27.234,88.501,0.0,3B-HHR-E.MS.MRG.3IMERG.20260829-S130000-E132959.0780.V07C.30min.tif,0.0,0.30000000000000054,0.8000000000000006,4.5,5.4,8.1,14.8,15.5,65.3,0.3,0.3,1.0,1.0,0.19999999999999998,-2.9,0.5,436.68,21.52,343.86,-0.2779853360529779,0.9605853178867106,36.6468,0.78,24.2,174.31199999999998,568.0254,0.726,0
2026-08-29 14:00:00+00:00,2026-08-29,2026-08-29T13:30:00+00:00,2026-08-29T14:00:00+00:00,2026-08-29T14:00:00+00:00,Singtam,27.234,88.501,0.0,3B-HHR-E.MS.MRG.3IMERG.20260829-S133000-E135959.0810.V07C.30min.tif,0.0,0.0,0.5000000000000006,3.5,5.4,8.0,14.8,15.5,65.2,0.0,0.3,0.7,1.0,-0.4000000000000006,-2.5,-0.7000000000000006,436.68,21.52,343.86,-0.2779853360529779,0.9605853178867106,36.6468,0.78,24.2,172.16,568.0254,0.726,0
2026-08-29 14:30:00+00:00,2026-08-29,2026-08-29T14:00:00+00:00,2026-08-29T14:30:00+00:00,2026-08-29T14:30:00+00:00,Singtam,27.234,88.501,0.0,3B-HHR-E.MS.MRG.3IMERG.20260829-S140000-E142959.0840.V07C.30min.tif,0.0,0.0,0.4000000000000006,2.9,5.4,8.0,14.8,15.5,65.1,0.0,0.3,0.7,1.0,-0.30000000000000054,-2.0999999999999996,-0.5000000000000006,436.68,21.52,343.86,-0.2779853360529779,0.9605853178867106,36.6468,0.78,24.2,172.16,568.0254,0.726,0
2026-08-29 15:00:00+00:00,2026-08-29,2026-08-29T14:30:00+00:00,2026-08-29T15:00:00+00:00,2026-08-29T15:00:00+00:00,Singtam,27.234,88.501,0.1,3B-HHR-E.MS.MRG.3IMERG.20260829-S143000-E145959.0870.V07C.30min.tif,0.1,0.1000000000000005,0.5000000000000006,2.5,5.5,8.1,14.9,15.6,65.10000000000001,0.1,0.3,0.7,1.0,0.1000000000000005,-1.5,0.5000000000000011,436.68,21.52,343.86,-0.2779853360529779,0.9605853178867106,36.6468,0.78,24.2,174.31199999999998,571.69008,0.726,0
2026-08-29 15:30:00+00:00,2026-08-29,2026-08-29T15:00:00+00:00,2026-08-29T15:30:00+00:00,2026-08-29T15:30:00+00:00,Singtam,27.234,88.501,0.5,3B-HHR-E.MS.MRG.3IMERG.20260829-S150000-E152959.0900.V07C.30min.tif,0.5,0.6000000000000005,0.9000000000000006,2.3,6.0,7.8999999999999995,15.4,16.099999999999998,65.5,0.5,0.5,0.7,1.0,0.6000000000000005,-0.5,0.900000000000001,436.68,21.52,343.86,-0.2779853360529779,0.9605853178867106,36.6468,0.78,24.2,170.00799999999998,590.01348,1.21,0
2026-08-29 16:00:00+00:00,2026-08-29,2026-08-29T15:30:00+00:00,2026-08-29T16:00:00+00:00,2026-08-29T16:00:00+00:00,Singtam,27.234,88.501,1.0,3B-HHR-E.MS.MRG.3IMERG.20260829-S153000-E155959.0930.V07C.30min.tif,1.0,1.5000000000000004,1.6000000000000005,2.5999999999999996,7.0,8.2,16.3,17.1,66.4,1.0,1.0,1.0,1.0,1.4,0.6000000000000001,1.2999999999999994,436.68,21.52,343.86,-0.2779853360529779,0.9605853178867106,36.6468,0.78,24.2,176.46399999999997,626.6602800000001,2.42,0
2026-08-29 16:30:00+00:00,2026-08-29,2026-08-29T16:00:00+00:00,2026-08-29T16:30:00+00:00,2026-08-29T16:30:00+00:00,Singtam,27.234,88.501,0.6,3B-HHR-E.MS.MRG.3IMERG.20260829-S160000-E162959.0960.V07C.30min.tif,0.6,1.6000000000000005,2.2000000000000006,2.9999999999999996,7.6,8.399999999999999,16.8,17.7,66.9,1.0,1.0,1.0,1.0,1.0,1.4,0.39999999999999947,436.68,21.52,343.86,-0.2779853360529779,0.9605853178867106,36.6468,0.78,24.2,180.76799999999997,648.6483599999999,2.42,0
2026-08-29 17:00:00+00:00,2026-08-29,2026-08-29T16:30:00+00:00,2026-08-29T17:00:00+00:00,2026-08-29T17:00:00+00:00,Singtam,27.234,88.501,0.4,3B-HHR-E.MS.MRG.3IMERG.20260829-S163000-E165959.0990.V07C.30min.tif,0.4,1.0000000000000004,2.6000000000000005,3.0999999999999996,8.0,8.6,17.200000000000003,18.1,67.30000000000001,0.6,1.0,1.0,1.0,-0.5,2.1,-1.9,436.68,21.52,343.86,-0.2779853360529779,0.9605853178867106,36.6468,0.78,24.2,185.072,663.30708,2.42,0
2026-08-29 17:30:00+00:00,2026-08-29,2026-08-29T17:00:00+00:00,2026-08-29T17:30:00+00:00,2026-08-29T17:30:00+00:00,Singtam,27.234,88.501,0.1,3B-HHR-E.MS.MRG.3IMERG.20260829-S170000-E172959.1020.V07C.30min.tif,0.1,0.5000000000000006,2.7000000000000006,3.0999999999999996,8.1,8.7,17.3,18.2,67.4,0.4,1.0,1.0,1.0,-1.1,2.3,-2.1,436.68,21.52,343.86,-0.2779853360529779,0.9605853178867106,36.6468,0.78,24.2,187.224,666.9717599999999,2.42,0
2026-08-29 18:00:00+00:00,2026-08-29,2026-08-29T17:30:00+00:00,2026-08-29T18:00:00+00:00,2026-08-29T18:00:00+00:00,Singtam,27.234,88.501,0.1,3B-HHR-E.MS.MRG.3IMERG.20260829-S173000-E175959.1050.V07C.30min.tif,0.1,0.2,2.7000000000000006,3.1999999999999997,8.2,8.7,17.400000000000002,18.3,67.5,0.1,1.0,1.0,1.0,-0.8000000000000005,2.2,-0.3000000000000005,436.68,21.52,343.86,-0.2779853360529779,0.9605853178867106,36.6468,0.78,24.2,187.224,670.63644,2.42,0
2026-08-29 18:30:00+00:00,2026-08-29,2026-08-29T18:00:00+00:00,2026-08-29T18:30:00+00:00,2026-08-29T18:30:00+00:00,Singtam,27.234,88.501,0.0,3B-HHR-E.MS.MRG.3IMERG.20260829-S180000-E182959.1080.V07C.30min.tif,0.0,0.10000000000000056,2.2000000000000006,3.0999999999999996,8.2,8.7,17.400000000000002,18.3,67.5,0.1,1.0,1.0,1.0,-0.4,1.3,0.7000000000000001,436.68,21.52,343.86,-0.2779853360529779,0.9605853178867106,36.6468,0.78,24.2,187.224,670.63644,2.42,0
2026-08-29 19:00:00+00:00,2026-08-29,2026-08-29T18:30:00+00:00,2026-08-29T19:00:00+00:00,2026-08-29T19:00:00+00:00,Singtam,27.234,88.501,0.0,3B-HHR-E.MS.MRG.3IMERG.20260829-S183000-E185959.1110.V07C.30min.tif,0.0,0.0,1.2000000000000004,2.8,8.2,8.7,17.400000000000002,18.3,67.5,0.0,0.6,1.0,1.0,-0.2,-0.40000000000000013,0.6000000000000005,436.68,21.52,343.86,-0.2779853360529779,0.9605853178867106,36.6468,0.78,24.2,187.224,670.63644,1.452,0
2026-08-29 19:30:00+00:00,2026-08-29,2026-08-29T19:00:00+00:00,2026-08-29T19:30:00+00:00,2026-08-29T19:30:00+00:00,Singtam,27.234,88.501,0.0,3B-HHR-E.MS.MRG.3IMERG.20260829-S190000-E192959.1140.V07C.30min.tif,0.0,0.0,0.6000000000000005,2.8,7.300000000000001,8.599999999999998,17.3,18.3,67.5,0.0,0.4,1.0,1.0,-0.10000000000000056,-1.6,0.2999999999999995,436.68,21.52,343.86,-0.2779853360529779,0.9605853178867106,36.6468,0.78,24.2,185.07199999999995,670.63644,0.968,0
2026-08-29 20:00:00+00:00,2026-08-29,2026-08-29T19:30:00+00:00,2026-08-29T20:00:00+00:00,2026-08-29T20:00:00+00:00,Singtam,27.234,88.501,0.0,3B-HHR-E.MS.MRG.3IMERG.20260829-S193000-E195959.1170.V07C.30min.tif,0.0,0.0,0.20000000000000057,2.8,6.300000000000001,8.499999999999998,17.1,18.3,66.0,0.0,0.1,1.0,1.0,0.0,-2.4,0.2,436.68,21.52,343.86,-0.2779853360529779,0.9605853178867106,36.6468,0.78,24.2,182.91999999999996,670.63644,0.242,0
2026-08-29 20:30:00+00:00,2026-08-29,2026-08-29T20:00:00+00:00,2026-08-29T20:30:00+00:00,2026-08-29T20:30:00+00:00,Singtam,27.234,88.501,0.0,3B-HHR-E.MS.MRG.3IMERG.20260829-S200000-E202959.1200.V07C.30min.tif,0.0,0.0,0.10000000000000056,2.8,5.7,8.399999999999999,16.900000000000002,18.3,64.6,0.0,0.1,1.0,1.0,0.0,-2.6,0.10000000000000056,436.68,21.52,343.86,-0.2779853360529779,0.9605853178867106,36.6468,0.78,24.2,180.76799999999997,670.63644,0.242,0
2026-08-29 21:00:00+00:00,2026-08-29,2026-08-29T20:30:00+00:00,2026-08-29T21:00:00+00:00,2026-08-29T21:00:00+00:00,Singtam,27.234,88.501,0.0,3B-HHR-E.MS.MRG.3IMERG.20260829-S203000-E205959.1230.V07C.30min.tif,0.0,0.0,0.0,2.6999999999999997,5.2,8.299999999999999,16.7,18.3,63.1,0.0,0.0,1.0,1.0,0.0,-2.7000000000000006,0.0,436.68,21.52,343.86,-0.2779853360529779,0.9605853178867106,36.6468,0.78,24.2,178.61599999999999,670.63644,0.0,0
2026-08-29 21:30:00+00:00,2026-08-29,2026-08-29T21:00:00+00:00,2026-08-29T21:30:00+00:00,2026-08-29T21:30:00+00:00,Singtam,27.234,88.501,0.0,3B-HHR-E.MS.MRG.3IMERG.20260829-S210000-E212959.1260.V07C.30min.tif,0.0,0.0,0.0,2.1999999999999997,4.500000000000001,8.299999999999999,16.6,18.3,61.9,0.0,0.0,1.0,1.0,0.0,-2.2000000000000006,0.0,436.68,21.52,343.86,-0.2779853360529779,0.9605853178867106,36.6468,0.78,24.2,178.61599999999999,670.63644,0.0,0
2026-08-29 22:00:00+00:00,2026-08-29,2026-08-29T21:30:00+00:00,2026-08-29T22:00:00+00:00,2026-08-29T22:00:00+00:00,Singtam,27.234,88.501,0.0,3B-HHR-E.MS.MRG.3IMERG.20260829-S213000-E215959.1290.V07C.30min.tif,0.0,0.0,0.0,1.1999999999999997,3.8000000000000007,8.299999999999999,16.5,18.3,61.0,0.0,0.0,0.6,1.0,0.0,-1.2000000000000004,0.0,436.68,21.52,343.86,-0.2779853360529779,0.9605853178867106,36.6468,0.78,24.2,178.61599999999999,670.63644,0.0,0
2026-08-29 22:30:00+00:00,2026-08-29,2026-08-29T22:00:00+00:00,2026-08-29T22:30:00+00:00,2026-08-29T22:30:00+00:00,Singtam,27.234,88.501,0.0,3B-HHR-E.MS.MRG.3IMERG.20260829-S220000-E222959.1320.V07C.30min.tif,0.0,0.0,0.0,0.5999999999999999,3.6000000000000005,8.299999999999999,16.5,18.3,60.5,0.0,0.0,0.4,1.0,0.0,-0.6000000000000005,0.0,436.68,21.52,343.86,-0.2779853360529779,0.9605853178867106,36.6468,0.78,24.2,178.61599999999999,670.63644,0.0,0
2026-08-29 23:00:00+00:00,2026-08-29,2026-08-29T22:30:00+00:00,2026-08-29T23:00:00+00:00,2026-08-29T23:00:00+00:00,Singtam,27.234,88.501,0.0,3B-HHR-E.MS.MRG.3IMERG.20260829-S223000-E225959.1350.V07C.30min.tif,0.0,0.0,0.0,0.1999999999999999,3.3000000000000007,8.299999999999999,16.5,18.3,60.0,0.0,0.0,0.1,1.0,0.0,-0.20000000000000057,0.0,436.68,21.52,343.86,-0.2779853360529779,0.9605853178867106,36.6468,0.78,24.2,178.61599999999999,670.63644,0.0,0
2026-08-29 23:30:00+00:00,2026-08-29,2026-08-29T23:00:00+00:00,2026-08-29T23:30:00+00:00,2026-08-29T23:30:00+00:00,Singtam,27.234,88.501,0.6,3B-HHR-E.MS.MRG.3IMERG.20260829-S230000-E232959.1380.V07C.30min.tif,0.6,0.6000000000000005,0.6000000000000005,0.6999999999999998,3.8000000000000007,8.9,17.099999999999998,18.9,60.5,0.6,0.6,0.6,1.0,0.6000000000000005,0.5,0.6000000000000005,436.68,21.52,343.86,-0.2779853360529779,0.9605853178867106,36.6468,0.78,24.2,191.528,692.62452,1.452,0
2026-08-30 00:00:00+00:00,2026-08-29,2026-08-29T23:30:00+00:00,2026-08-30T00:00:00+00:00,2026-08-30T00:00:00+00:00,Singtam,27.234,88.501,0.6,3B-HHR-E.MS.MRG.3IMERG.20260829-S233000-E235959.1410.V07C.30min.tif,0.6,1.2,1.2000000000000006,1.1999999999999997,4.4,9.5,17.7,19.5,61.0,0.6,0.6,0.6,1.0,1.2,1.2000000000000006,1.2,436.68,21.52,343.86,-0.2779853360529779,0.9605853178867106,36.6468,0.78,24.2,204.44,714.6125999999999,1.452,0
2026-08-30 00:30:00+00:00,2026-08-30,2026-08-30T00:00:00+00:00,2026-08-30T00:30:00+00:00,2026-08-30T00:30:00+00:00,Singtam,27.234,88.501,0.0,3B-HHR-E.MS.MRG.3IMERG.20260830-S000000-E002959.0000.V07C.30min.tif,0.0,0.6000000000000005,1.2000000000000006,1.1999999999999997,4.300000000000001,9.4,17.7,19.5,61.0,0.6,0.6,0.6,1.0,0.0,1.2000000000000006,-0.6000000000000005,436.68,21.52,343.86,-0.2779853360529779,0.9605853178867106,36.6468,0.78,24.2,202.288,714.6125999999999,1.452,0
2026-08-30 01:00:00+00:00,2026-08-30,2026-08-30T00:30:00+00:00,2026-08-30T01:00:00+00:00,2026-08-30T01:00:00+00:00,Singtam,27.234,88.501,0.0,3B-HHR-E.MS.MRG.3IMERG.20260830-S003000-E005959.0030.V07C.30min.tif,0.0,0.0,1.2000000000000006,1.1999999999999997,4.0,9.4,17.7,19.5,61.0,0.0,0.6,0.6,1.0,-1.2,1.2000000000000006,-2.4,436.68,21.52,343.86,-0.2779853360529779,0.9605853178867106,36.6468,0.78,24.2,202.288,714.6125999999999,1.452,0
2026-08-30 01:30:00+00:00,2026-08-30,2026-08-30T01:00:00+00:00,2026-08-30T01:30:00+00:00,2026-08-30T01:30:00+00:00,Singtam,27.234,88.501,0.0,3B-HHR-E.MS.MRG.3IMERG.20260830-S010000-E012959.0060.V07C.30min.tif,0.0,0.0,1.2000000000000006,1.1999999999999997,4.0,9.4,17.7,19.5,61.0,0.0,0.6,0.6,1.0,-0.6000000000000005,1.2000000000000006,-0.6000000000000005,436.68,21.52,343.86,-0.2779853360529779,0.9605853178867106,36.6468,0.78,24.2,202.288,714.6125999999999,1.452,0
2026-08-30 02:00:00+00:00,2026-08-30,2026-08-30T01:30:00+00:00,2026-08-30T02:00:00+00:00,2026-08-30T02:00:00+00:00,Singtam,27.234,88.501,0.0,3B-HHR-E.MS.MRG.3IMERG.20260830-S013000-E015959.0090.V07C.30min.tif,0.0,0.0,1.2000000000000006,1.1999999999999997,4.0,9.4,17.7,19.5,61.0,0.0,0.6,0.6,1.0,0.0,1.2000000000000006,1.2,436.68,21.52,343.86,-0.2779853360529779,0.9605853178867106,36.6468,0.78,24.2,202.288,714.6125999999999,1.452,0
2026-08-30 02:30:00+00:00,2026-08-30,2026-08-30T02:00:00+00:00,2026-08-30T02:30:00+00:00,2026-08-30T02:30:00+00:00,Singtam,27.234,88.501,0.0,3B-HHR-E.MS.MRG.3IMERG.20260830-S020000-E022959.0120.V07C.30min.tif,0.0,0.0,0.6000000000000005,1.1999999999999997,4.0,9.4,17.7,19.5,61.0,0.0,0.6,0.6,1.0,0.0,0.0,0.6000000000000005,436.68,21.52,343.86,-0.2779853360529779,0.9605853178867106,36.6468,0.78,24.2,202.288,714.6125999999999,1.452,0
2026-08-30 03:00:00+00:00,2026-08-30,2026-08-30T02:30:00+00:00,2026-08-30T03:00:00+00:00,2026-08-30T03:00:00+00:00,Singtam,27.234,88.501,0.0,3B-HHR-E.MS.MRG.3IMERG.20260830-S023000-E025959.0150.V07C.30min.tif,0.0,0.0,0.0,1.1999999999999997,3.9000000000000004,9.4,17.7,19.5,61.0,0.0,0.0,0.6,1.0,0.0,-1.2000000000000006,0.0,436.68,21.52,343.86,-0.2779853360529779,0.9605853178867106,36.6468,0.78,24.2,202.288,714.6125999999999,0.0,0
2026-08-30 03:30:00+00:00,2026-08-30,2026-08-30T03:00:00+00:00,2026-08-30T03:30:00+00:00,2026-08-30T03:30:00+00:00,Singtam,27.234,88.501,0.0,3B-HHR-E.MS.MRG.3IMERG.20260830-S030000-E032959.0180.V07C.30min.tif,0.0,0.0,0.0,1.1999999999999997,3.4000000000000004,9.4,17.7,19.5,61.0,0.0,0.0,0.6,1.0,0.0,-1.2000000000000006,0.0,436.68,21.52,343.86,-0.2779853360529779,0.9605853178867106,36.6468,0.78,24.2,202.288,714.6125999999999,0.0,0
2026-08-30 04:00:00+00:00,2026-08-30,2026-08-30T03:30:00+00:00,2026-08-30T04:00:00+00:00,2026-08-30T04:00:00+00:00,Singtam,27.234,88.501,0.0,3B-HHR-E.MS.MRG.3IMERG.20260830-S033000-E035959.0210.V07C.30min.tif,0.0,0.0,0.0,1.1999999999999997,2.4000000000000004,9.4,17.7,19.5,61.0,0.0,0.0,0.6,1.0,0.0,-1.2000000000000006,0.0,436.68,21.52,343.86,-0.2779853360529779,0.9605853178867106,36.6468,0.78,24.2,202.288,714.6125999999999,0.0,0
2026-08-30 04:30:00+00:00,2026-08-30,2026-08-30T04:00:00+00:00,2026-08-30T04:30:00+00:00,2026-08-30T04:30:00+00:00,Singtam,27.234,88.501,0.0,3B-HHR-E.MS.MRG.3IMERG.20260830-S040000-E042959.0240.V07C.30min.tif,0.0,0.0,0.0,1.1999999999999997,1.8000000000000003,9.4,17.7,19.5,61.0,0.0,0.0,0.6,1.0,0.0,-1.2000000000000006,0.0,436.68,21.52,343.86,-0.2779853360529779,0.9605853178867106,36.6468,0.78,24.2,202.288,714.6125999999999,0.0,0
2026-08-30 05:00:00+00:00,2026-08-30,2026-08-30T04:30:00+00:00,2026-08-30T05:00:00+00:00,2026-08-30T05:00:00+00:00,Singtam,27.234,88.501,0.0,3B-HHR-E.MS.MRG.3IMERG.20260830-S043000-E045959.0270.V07C.30min.tif,0.0,0.0,0.0,1.1999999999999997,1.4000000000000004,9.4,17.7,19.5,61.0,0.0,0.0,0.6,1.0,0.0,-1.2000000000000006,0.0,436.68,21.52,343.86,-0.2779853360529779,0.9605853178867106,36.6468,0.78,24.2,202.288,714.6125999999999,0.0,0
2026-08-30 05:30:00+00:00,2026-08-30,2026-08-30T05:00:00+00:00,2026-08-30T05:30:00+00:00,2026-08-30T05:30:00+00:00,Singtam,27.234,88.501,0.0,3B-HHR-E.MS.MRG.3IMERG.20260830-S050000-E052959.0300.V07C.30min.tif,0.0,0.0,0.0,0.5999999999999999,1.3000000000000003,9.4,17.7,19.5,61.0,0.0,0.0,0.6,1.0,0.0,-0.6000000000000005,0.0,436.68,21.52,343.86,-0.2779853360529779,0.9605853178867106,36.6468,0.78,24.2,202.288,714.6125999999999,0.0,0
2026-08-30 06:00:00+00:00,2026-08-30,2026-08-30T05:30:00+00:00,2026-08-30T06:00:00+00:00,2026-08-30T06:00:00+00:00,Singtam,27.234,88.501,0.0,3B-HHR-E.MS.MRG.3IMERG.20260830-S053000-E055959.0330.V07C.30min.tif,0.0,0.0,0.0,0.0,1.2000000000000006,9.4,17.7,19.5,61.0,0.0,0.0,0.0,1.0,0.0,0.0,0.0,436.68,21.52,343.86,-0.2779853360529779,0.9605853178867106,36.6468,0.78,24.2,202.288,714.6125999999999,0.0,0
2026-08-30 06:30:00+00:00,2026-08-30,2026-08-30T06:00:00+00:00,2026-08-30T06:30:00+00:00,2026-08-30T06:30:00+00:00,Singtam,27.234,88.501,0.0,3B-HHR-E.MS.MRG.3IMERG.20260830-S060000-E062959.0360.V07C.30min.tif,0.0,0.0,0.0,0.0,1.2000000000000006,9.4,17.7,19.5,60.9,0.0,0.0,0.0,1.0,0.0,0.0,0.0,436.68,21.52,343.86,-0.2779853360529779,0.9605853178867106,36.6468,0.78,24.2,202.288,714.6125999999999,0.0,0
2026-08-30 07:00:00+00:00,2026-08-30,2026-08-30T06:30:00+00:00,2026-08-30T07:00:00+00:00,2026-08-30T07:00:00+00:00,Singtam,27.234,88.501,0.1,3B-HHR-E.MS.MRG.3IMERG.20260830-S063000-E065959.0390.V07C.30min.tif,0.1,0.10000000000000056,0.10000000000000056,0.0999999999999999,1.3000000000000005,9.5,17.700000000000003,19.6,59.4,0.1,0.1,0.1,1.0,0.10000000000000056,0.10000000000000056,0.10000000000000056,436.68,21.52,343.86,-0.2779853360529779,0.9605853178867106,36.6468,0.78,24.2,204.44,718.27728,0.242,0
2026-08-30 07:30:00+00:00,2026-08-30,2026-08-30T07:00:00+00:00,2026-08-30T07:30:00+00:00,2026-08-30T07:30:00+00:00,Singtam,27.234,88.501,0.1,3B-HHR-E.MS.MRG.3IMERG.20260830-S070000-E072959.0420.V07C.30min.tif,0.1,0.2,0.20000000000000057,0.1999999999999999,1.4000000000000006,8.7,17.7,19.6,58.5,0.1,0.1,0.1,1.0,0.2,0.20000000000000057,0.2,436.68,21.52,343.86,-0.2779853360529779,0.9605853178867106,36.6468,0.78,24.2,187.224,718.27728,0.242,0
2026-08-30 08:00:00+00:00,2026-08-30,2026-08-30T07:30:00+00:00,2026-08-30T08:00:00+00:00,2026-08-30T08:00:00+00:00,Singtam,27.234,88.501,0.4,3B-HHR-E.MS.MRG.3IMERG.20260830-S073000-E075959.0450.V07C.30min.tif,0.4,0.5000000000000006,0.6000000000000005,0.5999999999999999,1.8000000000000005,8.1,18.0,19.900000000000002,58.6,0.4,0.4,0.4,1.0,0.4,0.6000000000000005,0.2999999999999995,436.68,21.52,343.86,-0.2779853360529779,0.9605853178867106,36.6468,0.78,24.2,174.31199999999998,729.2713200000001,0.968,0
2026-08-30 08:30:00+00:00,2026-08-30,2026-08-30T08:00:00+00:00,2026-08-30T08:30:00+00:00,2026-08-30T08:30:00+00:00,Singtam,27.234,88.501,0.6,3B-HHR-E.MS.MRG.3IMERG.20260830-S080000-E082959.0480.V07C.30min.tif,0.6,1.0000000000000004,1.2000000000000006,1.2,2.4000000000000004,8.1,18.5,20.5,58.9,0.6,0.6,0.6,1.0,0.8000000000000005,1.2000000000000006,0.6000000000000005,436.68,21.52,343.86,-0.2779853360529779,0.9605853178867106,36.6468,0.78,24.2,174.31199999999998,751.2594,1.452,0
2026-08-30 09:00:00+00:00,2026-08-30,2026-08-30T08:30:00+00:00,2026-08-30T09:00:00+00:00,2026-08-30T09:00:00+00:00,Singtam,27.234,88.501,0.3,3B-HHR-E.MS.MRG.3IMERG.20260830-S083000-E085959.0510.V07C.30min.tif,0.3,0.9000000000000006,1.5000000000000007,1.5,2.7000000000000006,7.8999999999999995,18.7,20.8,58.0,0.6,0.6,0.6,1.0,0.4,1.5000000000000007,0.0,436.68,21.52,343.86,-0.2779853360529779,0.9605853178867106,36.6468,0.78,24.2,170.00799999999998,762.25344,1.452,0
2026-08-30 09:30:00+00:00,2026-08-30,2026-08-30T09:00:00+00:00,2026-08-30T09:30:00+00:00,2026-08-30T09:30:00+00:00,Singtam,27.234,88.501,0.2,3B-HHR-E.MS.MRG.3IMERG.20260830-S090000-E092959.0540.V07C.30min.tif,0.2,0.5000000000000006,1.7000000000000006,1.7,2.9000000000000004,7.399999999999999,18.8,20.9,57.7,0.3,0.6,0.6,1.0,-0.4999999999999999,1.7000000000000006,-1.3000000000000003,436.68,21.52,343.86,-0.2779853360529779,0.9605853178867106,36.6468,0.78,24.2,159.24799999999996,765.9181199999999,1.452,0
2026-08-30 10:00:00+00:00,2026-08-30,2026-08-30T09:30:00+00:00,2026-08-30T10:00:00+00:00,2026-08-30T10:00:00+00:00,Singtam,27.234,88.501,1.6,3B-HHR-E.MS.MRG.3IMERG.20260830-S093000-E095959.0570.V07C.30min.tif,1.6,1.8000000000000007,3.2000000000000006,3.3,4.500000000000001,8.3,20.400000000000002,22.400000000000002,58.5,1.6,1.6,1.6,1.6,0.9000000000000001,3.1,0.5000000000000001,436.68,21.52,343.86,-0.2779853360529779,0.9605853178867106,36.6468,0.78,24.2,178.616,820.88832,3.872,0
2026-08-30 10:30:00+00:00,2026-08-30,2026-08-30T10:00:00+00:00,2026-08-30T10:30:00+00:00,2026-08-30T10:30:00+00:00,Singtam,27.234,88.501,2.0,3B-HHR-E.MS.MRG.3IMERG.20260830-S100000-E102959.0600.V07C.30min.tif,2.0,3.6000000000000005,5.1000000000000005,5.3,6.500000000000001,10.099999999999998,22.400000000000002,24.3,60.4,2.0,2.0,2.0,2.0,3.1,4.9,3.6,436.68,21.52,343.86,-0.2779853360529779,0.9605853178867106,36.6468,0.78,24.2,217.35199999999995,890.51724,4.84,1
2026-08-30 11:00:00+00:00,2026-08-30,2026-08-30T10:30:00+00:00,2026-08-30T11:00:00+00:00,2026-08-30T11:00:00+00:00,Singtam,27.234,88.501,1.7,3B-HHR-E.MS.MRG.3IMERG.20260830-S103000-E105959.0630.V07C.30min.tif,1.7,3.7000000000000006,6.400000000000001,7.0,8.200000000000001,11.5,24.1,25.900000000000002,62.0,2.0,2.0,2.0,2.0,1.9,5.800000000000001,0.9999999999999998,436.68,21.52,343.86,-0.2779853360529779,0.9605853178867106,36.6468,0.78,24.2,247.48,949.1521200000001,4.84,1
2026-08-30 11:30:00+00:00,2026-08-30,2026-08-30T11:00:00+00:00,2026-08-30T11:30:00+00:00,2026-08-30T11:30:00+00:00,Singtam,27.234,88.501,1.3,3B-HHR-E.MS.MRG.3IMERG.20260830-S110000-E112959.0660.V07C.30min.tif,1.3,3.000000000000001,7.1000000000000005,8.3,8.9,12.7,23.5,27.1,63.300000000000004,1.7,2.0,2.0,2.0,-0.5999999999999996,5.9,-3.6999999999999997,436.68,21.52,343.86,-0.2779853360529779,0.9605853178867106,36.6468,0.78,24.2,273.304,993.12828,4.84,1
2026-08-30 12:00:00+00:00,2026-08-30,2026-08-30T11:30:00+00:00,2026-08-30T12:00:00+00:00,2026-08-30T12:00:00+00:00,Singtam,27.234,88.501,0.2,3B-HHR-E.MS.MRG.3IMERG.20260830-S113000-E115959.0690.V07C.30min.tif,0.2,1.5000000000000007,7.000000000000001,8.5,8.500000000000002,12.9,21.9,27.3,63.4,1.3,2.0,2.0,2.0,-2.2,5.5,-4.1,436.68,21.52,343.86,-0.2779853360529779,0.9605853178867106,36.6468,0.78,24.2,277.608,1000.45764,4.84,0
2026-08-30 12:30:00+00:00,2026-08-30,2026-08-30T12:00:00+00:00,2026-08-30T12:30:00+00:00,2026-08-30T12:30:00+00:00,Singtam,27.234,88.501,0.1,3B-HHR-E.MS.MRG.3IMERG.20260830-S120000-E122959.0720.V07C.30min.tif,0.1,0.3000000000000007,6.9,8.6,8.600000000000001,12.899999999999999,21.1,27.400000000000002,63.4,0.2,2.0,2.0,2.0,-2.7,5.199999999999999,-2.1000000000000005,436.68,21.52,343.86,-0.2779853360529779,0.9605853178867106,36.6468,0.78,24.2,277.60799999999995,1004.1223200000001,4.84,0
2026-08-30 13:00:00+00:00,2026-08-30,2026-08-30T12:30:00+00:00,2026-08-30T13:00:00+00:00,2026-08-30T13:00:00+00:00,Singtam,27.234,88.501,0.0,3B-HHR-E.MS.MRG.3IMERG.20260830-S123000-E125959.0750.V07C.30min.tif,0.0,0.10000000000000067,5.300000000000001,8.5,8.600000000000001,12.6,20.8,27.400000000000002,63.4,0.1,2.0,2.0,2.0,-1.4,2.1,0.8000000000000003,436.68,21.52,343.86,-0.2779853360529779,0.9605853178867106,36.6468,0.78,24.2,271.152,1004.1223200000001,4.84,0
2026-08-30 13:30:00+00:00,2026-08-30,2026-08-30T13:00:00+00:00,2026-08-30T13:30:00+00:00,2026-08-30T13:30:00+00:00,Singtam,27.234,88.501,0.0,3B-HHR-E.MS.MRG.3IMERG.20260830-S130000-E132959.0780.V07C.30min.tif,0.0,0.0,3.3000000000000007,8.4,8.600000000000001,12.6,20.700000000000003,27.400000000000002,63.4,0.0,1.7,2.0,2.0,-0.3000000000000007,-1.7999999999999998,2.3999999999999995,436.68,21.52,343.86,-0.2779853360529779,0.9605853178867106,36.6468,0.78,24.2,271.152,1004.1223200000001,4.114,0
2026-08-30 14:00:00+00:00,2026-08-30,2026-08-30T13:30:00+00:00,2026-08-30T14:00:00+00:00,2026-08-30T14:00:00+00:00,Singtam,27.234,88.501,0.0,3B-HHR-E.MS.MRG.3IMERG.20260830-S133000-E135959.0810.V07C.30min.tif,0.0,0.0,1.600000000000001,8.0,8.600000000000001,12.6,20.6,27.400000000000002,63.4,0.0,1.3,2.0,2.0,-0.10000000000000067,-4.800000000000001,1.2999999999999992,436.68,21.52,343.86,-0.2779853360529779,0.9605853178867106,36.6468,0.78,24.2,271.152,1004.1223200000001,3.146,0
2026-08-30 14:30:00+00:00,2026-08-30,2026-08-30T14:00:00+00:00,2026-08-30T14:30:00+00:00,2026-08-30T14:30:00+00:00,Singtam,27.234,88.501,0.0,3B-HHR-E.MS.MRG.3IMERG.20260830-S140000-E142959.0840.V07C.30min.tif,0.0,0.0,0.30000000000000093,7.3999999999999995,8.600000000000001,12.6,20.6,27.400000000000002,63.4,0.0,0.2,2.0,2.0,0.0,-6.8,0.3000000000000007,436.68,21.52,343.86,-0.2779853360529779,0.9605853178867106,36.6468,0.78,24.2,271.152,1004.1223200000001,0.484,0
2026-08-30 15:00:00+00:00,2026-08-30,2026-08-30T14:30:00+00:00,2026-08-30T15:00:00+00:00,2026-08-30T15:00:00+00:00,Singtam,27.234,88.501,0.1,3B-HHR-E.MS.MRG.3IMERG.20260830-S143000-E145959.0870.V07C.30min.tif,0.1,0.10000000000000067,0.2000000000000009,7.2,8.700000000000001,12.6,20.7,27.5,63.5,0.1,0.1,2.0,2.0,0.10000000000000067,-6.8,0.20000000000000134,436.68,21.52,343.86,-0.2779853360529779,0.9605853178867106,36.6468,0.78,24.2,271.152,1007.7869999999999,0.242,0
2026-08-30 15:30:00+00:00,2026-08-30,2026-08-30T15:00:00+00:00,2026-08-30T15:30:00+00:00,2026-08-30T15:30:00+00:00,Singtam,27.234,88.501,0.2,3B-HHR-E.MS.MRG.3IMERG.20260830-S150000-E152959.0900.V07C.30min.tif,0.2,0.3000000000000007,0.30000000000000093,7.199999999999999,8.900000000000002,12.3,20.2,27.7,63.7,0.2,0.2,2.0,2.0,0.3000000000000007,-6.6,0.3000000000000007,436.68,21.52,343.86,-0.2779853360529779,0.9605853178867106,36.6468,0.78,24.2,264.696,1015.11636,0.484,0
2026-08-30 16:00:00+00:00,2026-08-30,2026-08-30T15:30:00+00:00,2026-08-30T16:00:00+00:00,2026-08-30T16:00:00+00:00,Singtam,27.234,88.501,0.1,3B-HHR-E.MS.MRG.3IMERG.20260830-S153000-E155959.0930.V07C.30min.tif,0.1,0.3000000000000007,0.4000000000000009,5.7,9.000000000000002,11.4,19.6,27.7,63.8,0.2,0.2,2.0,2.0,0.20000000000000004,-4.8999999999999995,0.09999999999999937,436.68,21.52,343.86,-0.2779853360529779,0.9605853178867106,36.6468,0.78,24.2,245.328,1015.11636,0.484,0
2026-08-30 16:30:00+00:00,2026-08-30,2026-08-30T16:00:00+00:00,2026-08-30T16:30:00+00:00,2026-08-30T16:30:00+00:00,Singtam,27.234,88.501,0.4,3B-HHR-E.MS.MRG.3IMERG.20260830-S160000-E162959.0960.V07C.30min.tif,0.4,0.5000000000000007,0.8000000000000009,4.1,9.400000000000002,11.2,19.599999999999998,28.0,64.2,0.4,0.4,1.7,2.0,0.19999999999999996,-2.5,-0.10000000000000075,436.68,21.52,343.86,-0.2779853360529779,0.9605853178867106,36.6468,0.78,24.2,241.02399999999997,1026.1104,0.968,0
2026-08-30 17:00:00+00:00,2026-08-30,2026-08-30T16:30:00+00:00,2026-08-30T17:00:00+00:00,2026-08-30T17:00:00+00:00,Singtam,27.234,88.501,0.5,3B-HHR-E.MS.MRG.3IMERG.20260830-S163000-E165959.0990.V07C.30min.tif,0.5,0.9000000000000007,1.300000000000001,2.9,9.900000000000002,11.3,19.9,28.5,64.7,0.5,0.5,1.3,2.0,0.6,-0.30000000000000004,0.3999999999999999,436.68,21.52,343.86,-0.2779853360529779,0.9605853178867106,36.6468,0.78,24.2,243.17600000000002,1044.4338,1.21,0
2026-08-30 17:30:00+00:00,2026-08-30,2026-08-30T17:00:00+00:00,2026-08-30T17:30:00+00:00,2026-08-30T17:30:00+00:00,Singtam,27.234,88.501,0.1,3B-HHR-E.MS.MRG.3IMERG.20260830-S170000-E172959.1020.V07C.30min.tif,0.1,0.6000000000000006,1.400000000000001,1.7000000000000002,10.000000000000002,11.299999999999999,20.0,28.6,64.8,0.5,0.5,0.5,2.0,0.09999999999999998,1.1,-0.09999999999999998,436.68,21.52,343.86,-0.2779853360529779,0.9605853178867106,36.6468,0.78,24.2,243.17599999999996,1048.09848,1.21,0
2026-08-30 18:00:00+00:00,2026-08-30,2026-08-30T17:30:00+00:00,2026-08-30T18:00:00+00:00,2026-08-30T18:00:00+00:00,Singtam,27.234,88.501,0.1,3B-HHR-E.MS.MRG.3IMERG.20260830-S173000-E175959.1050.V07C.30min.tif,0.1,0.2,1.4000000000000008,1.6,10.100000000000001,11.299999999999999,20.0,28.700000000000003,64.9,0.1,0.5,0.5,2.0,-0.7000000000000006,1.2,-1.3000000000000007,436.68,21.52,343.86,-0.2779853360529779,0.9605853178867106,36.6468,0.78,24.2,243.17599999999996,1051.76316,1.21,0
2026-08-30 18:30:00+00:00,2026-08-30,2026-08-30T18:00:00+00:00,2026-08-30T18:30:00+00:00,2026-08-30T18:30:00+00:00,Singtam,27.234,88.501,3.3,3B-HHR-E.MS.MRG.3IMERG.20260830-S180000-E182959.1080.V07C.30min.tif,3.3,3.4000000000000004,4.500000000000001,4.8,13.400000000000002,14.6,23.299999999999997,32.0,68.2,3.3,3.3,3.3,3.3,2.8,4.2,2.6999999999999997,436.68,21.52,343.86,-0.2779853360529779,0.9605853178867106,36.6468,0.78,24.2,314.192,1172.6976,7.986,1
2026-08-30 19:00:00+00:00,2026-08-30,2026-08-30T18:30:00+00:00,2026-08-30T19:00:00+00:00,2026-08-30T19:00:00+00:00,Singtam,27.234,88.501,3.3,3B-HHR-E.MS.MRG.3IMERG.20260830-S183000-E185959.1110.V07C.30min.tif,3.3,6.6,7.700000000000001,8.1,16.6,17.9,26.599999999999998,35.300000000000004,71.5,3.3,3.3,3.3,3.3,6.3999999999999995,7.3,7.1,436.68,21.52,343.86,-0.2779853360529779,0.9605853178867106,36.6468,0.78,24.2,385.20799999999997,1293.6320400000002,7.986,1
2026-08-30 19:30:00+00:00,2026-08-30,2026-08-30T19:00:00+00:00,2026-08-30T19:30:00+00:00,2026-08-30T19:30:00+00:00,Singtam,27.234,88.501,6.5,3B-HHR-E.MS.MRG.3IMERG.20260830-S190000-E192959.1140.V07C.30min.tif,6.5,9.8,13.8,14.6,23.0,24.4,33.0,41.7,78.0,6.5,6.5,6.5,6.5,6.4,13.0,3.6000000000000005,436.68,21.52,343.86,-0.2779853360529779,0.9605853178867106,36.6468,0.78,24.2,525.088,1528.17156,15.73,1
2026-08-30 20:00:00+00:00,2026-08-30,2026-08-30T19:30:00+00:00,2026-08-30T20:00:00+00:00,2026-08-30T20:00:00+00:00,Singtam,27.234,88.501,0.0,3B-HHR-E.MS.MRG.3IMERG.20260830-S193000-E195959.1170.V07C.30min.tif,0.0,6.5,13.3,14.6,22.6,24.4,32.9,41.5,77.9,6.5,6.5,6.5,6.5,-0.09999999999999964,12.0,-6.499999999999999,436.68,21.52,343.86,-0.2779853360529779,0.9605853178867106,36.6468,0.78,24.2,525.088,1520.8422,15.73,1
2026-08-30 20:30:00+00:00,2026-08-30,2026-08-30T20:00:00+00:00,2026-08-30T20:30:00+00:00,2026-08-30T20:30:00+00:00,Singtam,27.234,88.501,0.1,3B-HHR-E.MS.MRG.3IMERG.20260830-S200000-E202959.1200.V07C.30min.tif,0.1,0.1,13.3,14.7,22.1,24.5,32.9,41.4,77.8,0.1,6.5,6.5,6.5,-9.700000000000001,11.9,-16.1,436.68,21.52,343.86,-0.2779853360529779,0.9605853178867106,36.6468,0.78,24.2,527.24,1517.17752,15.73,1
2026-08-30 21:00:00+00:00,2026-08-30,2026-08-30T20:30:00+00:00,2026-08-30T21:00:00+00:00,2026-08-30T21:00:00+00:00,Singtam,27.234,88.501,0.0,3B-HHR-E.MS.MRG.3IMERG.20260830-S203000-E205959.1230.V07C.30min.tif,0.0,0.1,13.200000000000001,14.6,21.8,24.5,32.8,41.199999999999996,77.5,0.1,6.5,6.5,6.5,-6.4,11.8,-6.300000000000001,436.68,21.52,343.86,-0.2779853360529779,0.9605853178867106,36.6468,0.78,24.2,527.24,1509.8481599999998,15.73,1
2026-08-30 21:30:00+00:00,2026-08-30,2026-08-30T21:00:00+00:00,2026-08-30T21:30:00+00:00,2026-08-30T21:30:00+00:00,Singtam,27.234,88.501,0.1,3B-HHR-E.MS.MRG.3IMERG.20260830-S210000-E212959.1260.V07C.30min.tif,0.1,0.1,10.0,14.499999999999998,21.700000000000003,24.599999999999998,32.9,41.199999999999996,77.5,0.1,6.5,6.5,6.5,0.0,5.499999999999999,9.700000000000001,436.68,21.52,343.86,-0.2779853360529779,0.9605853178867106,36.6468,0.78,24.2,529.3919999999999,1509.8481599999998,15.73,1
2026-08-30 22:00:00+00:00,2026-08-30,2026-08-30T21:30:00+00:00,2026-08-30T22:00:00+00:00,2026-08-30T22:00:00+00:00,Singtam,27.234,88.501,0.1,3B-HHR-E.MS.MRG.3IMERG.20260830-S213000-E215959.1290.V07C.30min.tif,0.1,0.2,6.800000000000001,14.5,20.2,24.7,32.99999999999999,41.2,77.5,0.1,6.5,6.5,6.5,0.1,-0.9000000000000004,6.5,436.68,21.52,343.86,-0.2779853360529779,0.9605853178867106,36.6468,0.78,24.2,531.544,1509.84816,15.73,1
2026-08-30 22:30:00+00:00,2026-08-30,2026-08-30T22:00:00+00:00,2026-08-30T22:30:00+00:00,2026-08-30T22:30:00+00:00,Singtam,27.234,88.501,0.1,3B-HHR-E.MS.MRG.3IMERG.20260830-S220000-E222959.1320.V07C.30min.tif,0.1,0.2,0.4000000000000009,14.2,18.3,24.799999999999997,33.099999999999994,41.300000000000004,77.60000000000001,0.1,0.1,6.5,6.5,0.1,-13.4,0.1,436.68,21.52,343.86,-0.2779853360529779,0.9605853178867106,36.6468,0.78,24.2,533.6959999999999,1513.51284,0.242,1
2026-08-30 23:00:00+00:00,2026-08-30,2026-08-30T22:30:00+00:00,2026-08-30T23:00:00+00:00,2026-08-30T23:00:00+00:00,Singtam,27.234,88.501,0.0,3B-HHR-E.MS.MRG.3IMERG.20260830-S223000-E225959.1350.V07C.30min.tif,0.0,0.1,0.4000000000000009,13.7,16.6,24.799999999999997,33.099999999999994,41.300000000000004,77.60000000000001,0.1,0.1,6.5,6.5,-0.1,-12.9,-0.2,436.68,21.52,343.86,-0.2779853360529779,0.9605853178867106,36.6468,0.78,24.2,533.6959999999999,1513.51284,0.242,1
2026-08-30 23:30:00+00:00,2026-08-30,2026-08-30T23:00:00+00:00,2026-08-30T23:30:00+00:00,2026-08-30T23:30:00+00:00,Singtam,27.234,88.501,0.0,3B-HHR-E.MS.MRG.3IMERG.20260830-S230000-E232959.1380.V07C.30min.tif,0.0,0.0,0.30000000000000093,13.6,15.3,24.199999999999996,33.099999999999994,41.300000000000004,77.60000000000001,0.0,0.1,6.5,6.5,-0.2,-13.0,-0.30000000000000004,436.68,21.52,343.86,-0.2779853360529779,0.9605853178867106,36.6468,0.78,24.2,520.7839999999999,1513.51284,0.242,1
2026-08-31 00:00:00+00:00,2026-08-30,2026-08-30T23:30:00+00:00,2026-08-31T00:00:00+00:00,2026-08-31T00:00:00+00:00,Singtam,27.234,88.501,0.0,3B-HHR-E.MS.MRG.3IMERG.20260830-S233000-E235959.1410.V07C.30min.tif,0.0,0.0,0.30000000000000093,13.5,15.100000000000001,23.599999999999998,33.099999999999994,41.300000000000004,77.60000000000001,0.0,0.1,6.5,6.5,-0.1,-12.9,0.0,436.68,21.52,343.86,-0.2779853360529779,0.9605853178867106,36.6468,0.78,24.2,507.87199999999996,1513.51284,0.242,1
2026-08-31 00:30:00+00:00,2026-08-31,2026-08-31T00:00:00+00:00,2026-08-31T00:30:00+00:00,2026-08-31T00:30:00+00:00,Singtam,27.234,88.501,0.7,3B-HHR-E.MS.MRG.3IMERG.20260831-S000000-E002959.0000.V07C.30min.tif,0.7,0.7,0.9000000000000008,10.899999999999999,15.7,24.3,33.7,42.0,78.3,0.7,0.7,6.5,6.5,0.7,-9.1,0.8999999999999999,436.68,21.52,343.86,-0.2779853360529779,0.9605853178867106,36.6468,0.78,24.2,522.936,1539.1656,1.694,1
2026-08-31 01:00:00+00:00,2026-08-31,2026-08-31T00:30:00+00:00,2026-08-31T01:00:00+00:00,2026-08-31T01:00:00+00:00,Singtam,27.234,88.501,0.7,3B-HHR-E.MS.MRG.3IMERG.20260831-S003000-E005959.0030.V07C.30min.tif,0.7,1.4,1.5000000000000009,8.3,16.4,25.0,34.4,42.7,79.0,0.7,0.7,6.5,6.5,1.4,-5.3,1.5,436.68,21.52,343.86,-0.2779853360529779,0.9605853178867106,36.6468,0.78,24.2,538.0,1564.81836,1.694,1
2026-08-31 01:30:00+00:00,2026-08-31,2026-08-31T01:00:00+00:00,2026-08-31T01:30:00+00:00,2026-08-31T01:30:00+00:00,Singtam,27.234,88.501,2.7,3B-HHR-E.MS.MRG.3IMERG.20260831-S010000-E012959.0060.V07C.30min.tif,2.7,3.4000000000000004,4.100000000000001,4.5,19.1,27.7,37.1,45.400000000000006,81.7,2.7,2.7,2.7,6.5,2.7,3.7000000000000006,2.0,436.68,21.52,343.86,-0.2779853360529779,0.9605853178867106,36.6468,0.78,24.2,596.1039999999999,1663.7647200000001,6.534,1
2026-08-31 02:00:00+00:00,2026-08-31,2026-08-31T01:30:00+00:00,2026-08-31T02:00:00+00:00,2026-08-31T02:00:00+00:00,Singtam,27.234,88.501,2.7,3B-HHR-E.MS.MRG.3IMERG.20260831-S013000-E015959.0090.V07C.30min.tif,2.7,5.4,6.800000000000001,7.2,21.8,30.4,39.800000000000004,48.1,84.4,2.7,2.7,2.7,6.5,4.0,6.3999999999999995,2.6,436.68,21.52,343.86,-0.2779853360529779,0.9605853178867106,36.6468,0.78,24.2,654.208,1762.71108,6.534,1
2026-08-31 02:30:00+00:00,2026-08-31,2026-08-31T02:00:00+00:00,2026-08-31T02:30:00+00:00,2026-08-31T02:30:00+00:00,Singtam,27.234,88.501,0.8,3B-HHR-E.MS.MRG.3IMERG.20260831-S020000-E022959.0120.V07C.30min.tif,0.8,3.5,7.600000000000001,7.9,22.6,31.2,40.6,48.900000000000006,85.2,2.7,2.7,2.7,6.5,0.09999999999999964,7.300000000000001,-2.6000000000000005,436.68,21.52,343.86,-0.2779853360529779,0.9605853178867106,36.6468,0.78,24.2,671.424,1792.02852,6.534,1
2026-08-31 03:00:00+00:00,2026-08-31,2026-08-31T02:30:00+00:00,2026-08-31T03:00:00+00:00,2026-08-31T03:00:00+00:00,Singtam,27.234,88.501,0.5,3B-HHR-E.MS.MRG.3IMERG.20260831-S023000-E025959.0150.V07C.30min.tif,0.5,1.3,8.100000000000001,8.4,23.000000000000004,31.7,41.1,49.400000000000006,85.7,0.8,2.7,2.7,6.5,-4.1000000000000005,7.800000000000001,-8.100000000000001,436.68,21.52,343.86,-0.2779853360529779,0.9605853178867106,36.6468,0.78,24.2,682.184,1810.35192,6.534,1
2026-08-31 03:30:00+00:00,2026-08-31,2026-08-31T03:00:00+00:00,2026-08-31T03:30:00+00:00,2026-08-31T03:30:00+00:00,Singtam,27.234,88.501,0.3,3B-HHR-E.MS.MRG.3IMERG.20260831-S030000-E032959.0180.V07C.30min.tif,0.3,0.8,7.700000000000001,8.600000000000001,23.099999999999998,32.0,41.4,49.7,86.0,0.5,2.7,2.7,6.5,-2.7,6.800000000000001,-2.8,436.68,21.52,343.86,-0.2779853360529779,0.9605853178867106,36.6468,0.78,24.2,688.64,1821.34596,6.534,1
2026-08-31 04:00:00+00:00,2026-08-31,2026-08-31T03:30:00+00:00,2026-08-31T04:00:00+00:00,2026-08-31T04:00:00+00:00,Singtam,27.234,88.501,0.1,3B-HHR-E.MS.MRG.3IMERG.20260831-S033000-E035959.0210.V07C.30min.tif,0.1,0.4,7.100000000000001,8.6,23.1,32.1,41.5,49.800000000000004,86.10000000000001,0.3,2.7,2.7,6.5,-0.9,5.6000000000000005,3.2000000000000006,436.68,21.52,343.86,-0.2779853360529779,0.9605853178867106,36.6468,0.78,24.2,690.792,1825.0106400000002,6.534,1
2026-08-31 04:30:00+00:00,2026-08-31,2026-08-31T04:00:00+00:00,2026-08-31T04:30:00+00:00,2026-08-31T04:30:00+00:00,Singtam,27.234,88.501,0.1,3B-HHR-E.MS.MRG.3IMERG.20260831-S040000-E042959.0240.V07C.30min.tif,0.1,0.2,4.500000000000001,8.6,22.8,32.2,41.6,49.900000000000006,86.2,0.1,2.7,2.7,6.5,-0.6000000000000001,0.39999999999999947,2.1,436.68,21.52,343.86,-0.2779853360529779,0.9605853178867106,36.6468,0.78,24.2,692.9440000000001,1828.67532,6.534,1
2026-08-31 05:00:00+00:00,2026-08-31,2026-08-31T04:30:00+00:00,2026-08-31T05:00:00+00:00,2026-08-31T05:00:00+00:00,Singtam,27.234,88.501,0.0,3B-HHR-E.MS.MRG.3IMERG.20260831-S043000-E045959.0270.V07C.30min.tif,0.0,0.1,1.800000000000001,8.6,22.3,32.2,41.6,49.900000000000006,86.2,0.1,0.8,2.7,6.5,-0.30000000000000004,-5.0,0.6,436.68,21.52,343.86,-0.2779853360529779,0.9605853178867106,36.6468,0.78,24.2,692.9440000000001,1828.67532,1.936,1
2026-08-31 05:30:00+00:00,2026-08-31,2026-08-31T05:00:00+00:00,2026-08-31T05:30:00+00:00,2026-08-31T05:30:00+00:00,Singtam,27.234,88.501,0.0,3B-HHR-E.MS.MRG.3IMERG.20260831-S050000-E052959.0300.V07C.30min.tif,0.0,0.0,1.0000000000000009,8.6,22.200000000000003,32.2,41.6,49.900000000000006,86.2,0.0,0.5,2.7,6.5,-0.2,-6.6000000000000005,0.4000000000000001,436.68,21.52,343.86,-0.2779853360529779,0.9605853178867106,36.6468,0.78,24.2,692.9440000000001,1828.67532,1.21,1
2026-08-31 06:00:00+00:00,2026-08-31,2026-08-31T05:30:00+00:00,2026-08-31T06:00:00+00:00,2026-08-31T06:00:00+00:00,Singtam,27.234,88.501,0.0,3B-HHR-E.MS.MRG.3IMERG.20260831-S053000-E055959.0330.V07C.30min.tif,0.0,0.0,0.5000000000000009,8.6,22.1,32.2,41.6,49.900000000000006,86.2,0.0,0.3,2.7,6.5,-0.1,-7.6000000000000005,0.20000000000000004,436.68,21.52,343.86,-0.2779853360529779,0.9605853178867106,36.6468,0.78,24.2,692.9440000000001,1828.67532,0.726,1
2026-08-31 06:30:00+00:00,2026-08-31,2026-08-31T06:00:00+00:00,2026-08-31T06:30:00+00:00,2026-08-31T06:30:00+00:00,Singtam,27.234,88.501,0.0,3B-HHR-E.MS.MRG.3IMERG.20260831-S060000-E062959.0360.V07C.30min.tif,0.0,0.0,0.2000000000000009,7.9,18.8,32.2,41.6,49.900000000000006,86.2,0.0,0.1,2.7,6.5,0.0,-7.5,0.2,436.68,21.52,343.86,-0.2779853360529779,0.9605853178867106,36.6468,0.78,24.2,692.9440000000001,1828.67532,0.242,1
2026-08-31 07:00:00+00:00,2026-08-31,2026-08-31T06:30:00+00:00,2026-08-31T07:00:00+00:00,2026-08-31T07:00:00+00:00,Singtam,27.234,88.501,0.0,3B-HHR-E.MS.MRG.3IMERG.20260831-S063000-E065959.0390.V07C.30min.tif,0.0,0.0,0.1000000000000009,7.2,15.5,32.1,41.6,49.800000000000004,86.1,0.0,0.1,2.7,6.5,0.0,-7.000000000000001,0.1,436.68,21.52,343.86,-0.2779853360529779,0.9605853178867106,36.6468,0.78,24.2,690.792,1825.0106400000002,0.242,1
2026-08-31 07:30:00+00:00,2026-08-31,2026-08-31T07:00:00+00:00,2026-08-31T07:30:00+00:00,2026-08-31T07:30:00+00:00,Singtam,27.234,88.501,0.0,3B-HHR-E.MS.MRG.3IMERG.20260831-S070000-E072959.0420.V07C.30min.tif,0.0,0.0,0.0,4.5,9.0,31.999999999999996,40.699999999999996,49.7,86.1,0.0,0.0,2.7,6.5,0.0,-4.500000000000001,0.0,436.68,21.52,343.86,-0.2779853360529779,0.9605853178867106,36.6468,0.78,24.2,688.6399999999999,1821.34596,0.0,1
2026-08-31 08:00:00+00:00,2026-08-31,2026-08-31T07:30:00+00:00,2026-08-31T08:00:00+00:00,2026-08-31T08:00:00+00:00,Singtam,27.234,88.501,0.0,3B-HHR-E.MS.MRG.3IMERG.20260831-S073000-E075959.0450.V07C.30min.tif,0.0,0.0,0.0,1.8,9.0,31.599999999999998,39.699999999999996,49.6,85.9,0.0,0.0,0.8,6.5,0.0,-1.800000000000001,0.0,436.68,21.52,343.86,-0.2779853360529779,0.9605853178867106,36.6468,0.78,24.2,680.0319999999999,1817.68128,0.0,1
2026-08-31 08:30:00+00:00,2026-08-31,2026-08-31T08:00:00+00:00,2026-08-31T08:30:00+00:00,2026-08-31T08:30:00+00:00,Singtam,27.234,88.501,0.0,3B-HHR-E.MS.MRG.3IMERG.20260831-S080000-E082959.0480.V07C.30min.tif,0.0,0.0,0.0,1.0,8.9,31.0,39.1,49.5,85.8,0.0,0.0,0.5,6.5,0.0,-1.0000000000000009,0.0,436.68,21.52,343.86,-0.2779853360529779,0.9605853178867106,36.6468,0.78,24.2,667.12,1814.0166,0.0,1
2026-08-31 09:00:00+00:00,2026-08-31,2026-08-31T08:30:00+00:00,2026-08-31T09:00:00+00:00,2026-08-31T09:00:00+00:00,Singtam,27.234,88.501,0.0,3B-HHR-E.MS.MRG.3IMERG.20260831-S083000-E085959.0510.V07C.30min.tif,0.0,0.0,0.0,0.5,8.9,30.7,38.6,49.400000000000006,85.7,0.0,0.0,0.3,6.5,0.0,-0.5000000000000009,0.0,436.68,21.52,343.86,-0.2779853360529779,0.9605853178867106,36.6468,0.78,24.2,660.664,1810.35192,0.0,1
2026-08-31 09:30:00+00:00,2026-08-31,2026-08-31T09:00:00+00:00,2026-08-31T09:30:00+00:00,2026-08-31T09:30:00+00:00,Singtam,27.234,88.501,0.0,3B-HHR-E.MS.MRG.3IMERG.20260831-S090000-E092959.0540.V07C.30min.tif,0.0,0.0,0.0,0.2,8.8,30.5,37.9,49.300000000000004,85.7,0.0,0.0,0.1,6.5,0.0,-0.2000000000000009,0.0,436.68,21.52,343.86,-0.2779853360529779,0.9605853178867106,36.6468,0.78,24.2,656.36,1806.6872400000002,0.0,1
2026-08-31 10:00:00+00:00,2026-08-31,2026-08-31T09:30:00+00:00,2026-08-31T10:00:00+00:00,2026-08-31T10:00:00+00:00,Singtam,27.234,88.501,0.0,3B-HHR-E.MS.MRG.3IMERG.20260831-S093000-E095959.0570.V07C.30min.tif,0.0,0.0,0.0,0.1,8.7,28.9,37.2,49.300000000000004,85.7,0.0,0.0,0.1,6.5,0.0,-0.1000000000000009,0.0,436.68,21.52,343.86,-0.2779853360529779,0.9605853178867106,36.6468,0.78,24.2,621.928,1806.6872400000002,0.0,1
2026-08-31 10:30:00+00:00,2026-08-31,2026-08-31T10:00:00+00:00,2026-08-31T10:30:00+00:00,2026-08-31T10:30:00+00:00,Singtam,27.234,88.501,0.0,3B-HHR-E.MS.MRG.3IMERG.20260831-S100000-E102959.0600.V07C.30min.tif,0.0,0.0,0.0,0.0,8.6,26.9,37.0,49.300000000000004,85.7,0.0,0.0,0.0,6.5,0.0,0.0,0.0,436.68,21.52,343.86,-0.2779853360529779,0.9605853178867106,36.6468,0.78,24.2,578.8879999999999,1806.6872400000002,0.0,1
2026-08-31 11:00:00+00:00,2026-08-31,2026-08-31T10:30:00+00:00,2026-08-31T11:00:00+00:00,2026-08-31T11:00:00+00:00,Singtam,27.234,88.501,0.0,3B-HHR-E.MS.MRG.3IMERG.20260831-S103000-E105959.0630.V07C.30min.tif,0.0,0.0,0.0,0.0,8.6,25.2,36.7,49.300000000000004,85.7,0.0,0.0,0.0,6.5,0.0,0.0,0.0,436.68,21.52,343.86,-0.2779853360529779,0.9605853178867106,36.6468,0.78,24.2,542.304,1806.6872400000002,0.0,1
2026-08-31 11:30:00+00:00,2026-08-31,2026-08-31T11:00:00+00:00,2026-08-31T11:30:00+00:00,2026-08-31T11:30:00+00:00,Singtam,27.234,88.501,0.1,3B-HHR-E.MS.MRG.3IMERG.20260831-S110000-E112959.0660.V07C.30min.tif,0.1,0.1,0.1000000000000009,0.1,8.7,24.0,36.7,47.5,85.69999999999999,0.1,0.1,0.1,6.5,0.1,0.1000000000000009,0.1,436.68,21.52,343.86,-0.2779853360529779,0.9605853178867106,36.6468,0.78,24.2,516.48,1740.723,0.242,1
2026-08-31 12:00:00+00:00,2026-08-31,2026-08-31T11:30:00+00:00,2026-08-31T12:00:00+00:00,2026-08-31T12:00:00+00:00,Singtam,27.234,88.501,2.5,3B-HHR-E.MS.MRG.3IMERG.20260831-S113000-E115959.0690.V07C.30min.tif,2.5,2.6,2.600000000000001,2.6,11.2,26.3,39.2,48.199999999999996,88.1,2.5,2.5,2.5,6.5,2.6,2.600000000000001,2.6,436.68,21.52,343.86,-0.2779853360529779,0.9605853178867106,36.6468,0.78,24.2,565.976,1766.37576,6.05,1
2026-08-31 12:30:00+00:00,2026-08-31,2026-08-31T12:00:00+00:00,2026-08-31T12:30:00+00:00,2026-08-31T12:30:00+00:00,Singtam,27.234,88.501,2.5,3B-HHR-E.MS.MRG.3IMERG.20260831-S120000-E122959.0720.V07C.30min.tif,2.5,5.0,5.100000000000001,5.1,13.0,28.7,41.6,49.8,90.6,2.5,2.5,2.5,6.5,4.9,5.100000000000001,4.800000000000001,436.68,21.52,343.86,-0.2779853360529779,0.9605853178867106,36.6468,0.78,24.2,617.624,1825.0106399999997,6.05,1
2026-08-31 13:00:00+00:00,2026-08-31,2026-08-31T12:30:00+00:00,2026-08-31T13:00:00+00:00,2026-08-31T13:00:00+00:00,Singtam,27.234,88.501,1.9,3B-HHR-E.MS.MRG.3IMERG.20260831-S123000-E125959.0750.V07C.30min.tif,1.9,4.4,7.000000000000001,7.0,14.2,30.599999999999998,43.199999999999996,51.400000000000006,92.5,2.5,2.5,2.5,6.5,1.8000000000000003,7.000000000000001,-0.7999999999999998,436.68,21.52,343.86,-0.2779853360529779,0.9605853178867106,36.6468,0.78,24.2,658.512,1883.6455200000003,6.05,1
2026-08-31 13:30:00+00:00,2026-08-31,2026-08-31T13:00:00+00:00,2026-08-31T13:30:00+00:00,2026-08-31T13:30:00+00:00,Singtam,27.234,88.501,1.2,3B-HHR-E.MS.MRG.3IMERG.20260831-S130000-E132959.0780.V07C.30min.tif,1.2,3.0999999999999996,8.200000000000001,8.2,12.7,31.799999999999997,44.400000000000006,52.5,93.7,1.9,2.5,2.5,6.5,-1.9000000000000004,8.200000000000001,-6.800000000000001,436.68,21.52,343.86,-0.2779853360529779,0.9605853178867106,36.6468,0.78,24.2,684.3359999999999,1923.9569999999999,6.05,1
2026-08-31 14:00:00+00:00,2026-08-31,2026-08-31T13:30:00+00:00,2026-08-31T14:00:00+00:00,2026-08-31T14:00:00+00:00,Singtam,27.234,88.501,0.5,3B-HHR-E.MS.MRG.3IMERG.20260831-S133000-E135959.0810.V07C.30min.tif,0.5,1.7,8.700000000000001,8.7,10.5,32.3,44.900000000000006,52.9,94.2,1.2,2.5,2.5,6.5,-2.7,8.700000000000001,-4.5,436.68,21.52,343.86,-0.2779853360529779,0.9605853178867106,36.6468,0.78,24.2,695.0959999999999,1938.6157199999998,6.05,1
2026-08-31 14:30:00+00:00,2026-08-31,2026-08-31T14:00:00+00:00,2026-08-31T14:30:00+00:00,2026-08-31T14:30:00+00:00,Singtam,27.234,88.501,0.4,3B-HHR-E.MS.MRG.3IMERG.20260831-S140000-E142959.0840.V07C.30min.tif,0.4,0.9,9.000000000000002,9.1,10.1,32.699999999999996,45.300000000000004,53.3,94.6,0.5,2.5,2.5,6.5,-2.1999999999999997,8.9,-0.2999999999999994,436.68,21.52,343.86,-0.2779853360529779,0.9605853178867106,36.6468,0.78,24.2,703.704,1953.27444,6.05,1
2026-08-31 15:00:00+00:00,2026-08-31,2026-08-31T14:30:00+00:00,2026-08-31T15:00:00+00:00,2026-08-31T15:00:00+00:00,Singtam,27.234,88.501,0.2,3B-HHR-E.MS.MRG.3IMERG.20260831-S143000-E145959.0870.V07C.30min.tif,0.2,0.6000000000000001,6.700000000000001,9.3,9.8,32.8,45.4,53.5,94.8,0.4,2.5,2.5,6.5,-1.0999999999999999,4.1,1.6000000000000003,436.68,21.52,343.86,-0.2779853360529779,0.9605853178867106,36.6468,0.78,24.2,705.8559999999999,1960.6037999999999,6.05,1
2026-08-31 15:30:00+00:00,2026-08-31,2026-08-31T15:00:00+00:00,2026-08-31T15:30:00+00:00,2026-08-31T15:30:00+00:00,Singtam,27.234,88.501,2.0,3B-HHR-E.MS.MRG.3IMERG.20260831-S150000-E152959.0900.V07C.30min.tif,2.0,2.2,6.200000000000001,11.3,11.5,34.6,46.9,54.8,96.8,2.0,2.0,2.5,6.5,1.3000000000000003,1.0999999999999996,3.5,436.68,21.52,343.86,-0.2779853360529779,0.9605853178867106,36.6468,0.78,24.2,744.592,2008.24464,4.84,1
2026-08-31 16:00:00+00:00,2026-08-31,2026-08-31T15:30:00+00:00,2026-08-31T16:00:00+00:00,2026-08-31T16:00:00+00:00,Singtam,27.234,88.501,2.0,3B-HHR-E.MS.MRG.3IMERG.20260831-S153000-E155959.0930.V07C.30min.tif,2.0,4.0,6.300000000000001,13.3,13.4,36.5,47.9,56.1,98.8,2.0,2.0,2.5,6.5,3.4,-0.7000000000000002,4.5,436.68,21.52,343.86,-0.2779853360529779,0.9605853178867106,36.6468,0.78,24.2,785.48,2055.88548,4.84,1
2026-08-31 16:30:00+00:00,2026-08-31,2026-08-31T16:00:00+00:00,2026-08-31T16:30:00+00:00,2026-08-31T16:30:00+00:00,Singtam,27.234,88.501,0.4,3B-HHR-E.MS.MRG.3IMERG.20260831-S160000-E162959.0960.V07C.30min.tif,0.4,2.4,5.500000000000001,13.7,13.7,36.5,47.7,56.1,99.2,2.0,2.0,2.5,6.5,0.19999999999999973,-2.7,-1.1000000000000005,436.68,21.52,343.86,-0.2779853360529779,0.9605853178867106,36.6468,0.78,24.2,785.48,2055.88548,4.84,1
2026-08-31 17:00:00+00:00,2026-08-31,2026-08-31T16:30:00+00:00,2026-08-31T17:00:00+00:00,2026-08-31T17:00:00+00:00,Singtam,27.234,88.501,0.4,3B-HHR-E.MS.MRG.3IMERG.20260831-S163000-E165959.0990.V07C.30min.tif,0.4,0.8,5.4,14.1,14.1,36.4,47.7,56.3,99.6,0.4,2.0,2.5,6.5,-3.2,-3.3000000000000007,-6.6,436.68,21.52,343.86,-0.2779853360529779,0.9605853178867106,36.6468,0.78,24.2,783.328,2063.2148399999996,4.84,1
2026-08-31 17:30:00+00:00,2026-08-31,2026-08-31T17:00:00+00:00,2026-08-31T17:30:00+00:00,2026-08-31T17:30:00+00:00,Singtam,27.234,88.501,0.7,3B-HHR-E.MS.MRG.3IMERG.20260831-S170000-E172959.1020.V07C.30min.tif,0.7,1.1,5.700000000000001,14.700000000000001,14.8,37.0,48.3,57.0,100.3,0.7,2.0,2.5,6.5,-1.2999999999999998,-3.3000000000000007,-1.4999999999999996,436.68,21.52,343.86,-0.2779853360529779,0.9605853178867106,36.6468,0.78,24.2,796.24,2088.8676,4.84,1
2026-08-31 18:00:00+00:00,2026-08-31,2026-08-31T17:30:00+00:00,2026-08-31T18:00:00+00:00,2026-08-31T18:00:00+00:00,Singtam,27.234,88.501,0.7,3B-HHR-E.MS.MRG.3IMERG.20260831-S173000-E175959.1050.V07C.30min.tif,0.7,1.4,6.200000000000001,12.9,15.5,37.599999999999994,48.9,57.599999999999994,101.0,0.7,2.0,2.5,6.5,0.5999999999999999,-0.5,3.8,436.68,21.52,343.86,-0.2779853360529779,0.9605853178867106,36.6468,0.78,24.2,809.1519999999998,2110.8556799999997,4.84,1
2026-08-31 18:30:00+00:00,2026-08-31,2026-08-31T18:00:00+00:00,2026-08-31T18:30:00+00:00,2026-08-31T18:30:00+00:00,Singtam,27.234,88.501,0.1,3B-HHR-E.MS.MRG.3IMERG.20260831-S180000-E182959.1080.V07C.30min.tif,0.1,0.8000000000000002,4.300000000000001,10.5,15.6,34.4,49.0,57.699999999999996,101.1,0.7,2.0,2.0,6.5,-0.29999999999999993,-1.9000000000000004,0.9999999999999999,436.68,21.52,343.86,-0.2779853360529779,0.9605853178867106,36.6468,0.78,24.2,740.288,2114.52036,4.84,1
2026-08-31 19:00:00+00:00,2026-08-31,2026-08-31T18:30:00+00:00,2026-08-31T19:00:00+00:00,2026-08-31T19:00:00+00:00,Singtam,27.234,88.501,0.1,3B-HHR-E.MS.MRG.3IMERG.20260831-S183000-E185959.1110.V07C.30min.tif,0.1,0.2,2.400000000000001,8.7,15.7,31.2,49.1,57.8,101.2,0.1,0.7,2.0,6.5,-1.2,-3.9,-1.7999999999999998,436.68,21.52,343.86,-0.2779853360529779,0.9605853178867106,36.6468,0.78,24.2,671.424,2118.18504,1.694,1
2026-08-31 19:30:00+00:00,2026-08-31,2026-08-31T19:00:00+00:00,2026-08-31T19:30:00+00:00,2026-08-31T19:30:00+00:00,Singtam,27.234,88.501,0.1,3B-HHR-E.MS.MRG.3IMERG.20260831-S190000-E192959.1140.V07C.30min.tif,0.1,0.2,2.100000000000001,7.6,15.8,24.8,49.199999999999996,57.8,101.3,0.1,0.7,2.0,2.7,-0.6000000000000001,-3.4,-0.30000000000000016,436.68,21.52,343.86,-0.2779853360529779,0.9605853178867106,36.6468,0.78,24.2,533.696,2118.18504,1.694,1
2026-08-31 20:00:00+00:00,2026-08-31,2026-08-31T19:30:00+00:00,2026-08-31T20:00:00+00:00,2026-08-31T20:00:00+00:00,Singtam,27.234,88.501,0.1,3B-HHR-E.MS.MRG.3IMERG.20260831-S193000-E195959.1170.V07C.30min.tif,0.1,0.2,1.8000000000000007,7.2,15.9,24.9,49.3,57.800000000000004,101.4,0.1,0.7,2.0,2.7,0.0,-3.5999999999999996,1.2,436.68,21.52,343.86,-0.2779853360529779,0.9605853178867106,36.6468,0.78,24.2,535.848,2118.1850400000003,1.694,1
2026-08-31 20:30:00+00:00,2026-08-31,2026-08-31T20:00:00+00:00,2026-08-31T20:30:00+00:00,2026-08-31T20:30:00+00:00,Singtam,27.234,88.501,1.0,3B-HHR-E.MS.MRG.3IMERG.20260831-S200000-E202959.1200.V07C.30min.tif,1.0,1.1000000000000003,2.1000000000000005,7.800000000000001,16.9,25.799999999999997,50.3,58.7,102.4,1.0,1.0,2.0,2.7,0.9000000000000004,-3.6000000000000005,1.5000000000000004,436.68,21.52,343.86,-0.2779853360529779,0.9605853178867106,36.6468,0.78,24.2,555.2159999999999,2151.16716,2.42,1
2026-08-31 21:00:00+00:00,2026-08-31,2026-08-31T20:30:00+00:00,2026-08-31T21:00:00+00:00,2026-08-31T21:00:00+00:00,Singtam,27.234,88.501,1.0,3B-HHR-E.MS.MRG.3IMERG.20260831-S203000-E205959.1230.V07C.30min.tif,1.0,2.0,2.400000000000001,8.6,17.9,26.799999999999997,51.3,59.6,103.4,1.0,1.0,2.0,2.7,1.8,-3.8000000000000003,1.8,436.68,21.52,343.86,-0.2779853360529779,0.9605853178867106,36.6468,0.78,24.2,576.7359999999999,2184.14928,2.42,1
2026-08-31 21:30:00+00:00,2026-08-31,2026-08-31T21:00:00+00:00,2026-08-31T21:30:00+00:00,2026-08-31T21:30:00+00:00,Singtam,27.234,88.501,0.6,3B-HHR-E.MS.MRG.3IMERG.20260831-S210000-E212959.1260.V07C.30min.tif,0.6,1.6,2.900000000000001,7.2,18.5,27.3,51.9,60.2,104.0,1.0,1.0,2.0,2.7,0.4999999999999998,-1.4,-0.4000000000000006,436.68,21.52,343.86,-0.2779853360529779,0.9605853178867106,36.6468,0.78,24.2,587.496,2206.13736,2.42,1
2026-08-31 22:00:00+00:00,2026-08-31,2026-08-31T21:30:00+00:00,2026-08-31T22:00:00+00:00,2026-08-31T22:00:00+00:00,Singtam,27.234,88.501,0.1,3B-HHR-E.MS.MRG.3IMERG.20260831-S213000-E215959.1290.V07C.30min.tif,0.1,0.7000000000000003,2.900000000000001,5.3,18.6,27.3,52.0,60.3,104.1,0.6,1.0,1.0,2.7,-1.2999999999999998,0.5,-3.0999999999999996,436.68,21.52,343.86,-0.2779853360529779,0.9605853178867106,36.6468,0.78,24.2,587.496,2209.80204,2.42,1
2026-08-31 22:30:00+00:00,2026-08-31,2026-08-31T22:00:00+00:00,2026-08-31T22:30:00+00:00,2026-08-31T22:30:00+00:00,Singtam,27.234,88.501,0.0,3B-HHR-E.MS.MRG.3IMERG.20260831-S220000-E222959.1320.V07C.30min.tif,0.0,0.10000000000000034,2.800000000000001,4.8999999999999995,18.6,27.2,52.0,60.3,104.1,0.1,1.0,1.0,2.7,-1.4999999999999998,0.7000000000000002,-1.9999999999999996,436.68,21.52,343.86,-0.2779853360529779,0.9605853178867106,36.6468,0.78,24.2,585.3439999999999,2209.80204,2.42,1
2026-08-31 23:00:00+00:00,2026-08-31,2026-08-31T22:30:00+00:00,2026-08-31T23:00:00+00:00,2026-08-31T23:00:00+00:00,Singtam,27.234,88.501,0.0,3B-HHR-E.MS.MRG.3IMERG.20260831-S223000-E225959.1350.V07C.30min.tif,0.0,0.0,2.700000000000001,4.5,18.6,27.2,52.0,60.3,104.1,0.0,1.0,1.0,2.7,-0.7000000000000003,0.9000000000000004,0.5999999999999995,436.68,21.52,343.86,-0.2779853360529779,0.9605853178867106,36.6468,0.78,24.2,585.3439999999999,2209.80204,2.42,1
2026-08-31 23:30:00+00:00,2026-08-31,2026-08-31T23:00:00+00:00,2026-08-31T23:30:00+00:00,2026-08-31T23:30:00+00:00,Singtam,27.234,88.501,0.0,3B-HHR-E.MS.MRG.3IMERG.20260831-S230000-E232959.1380.V07C.30min.tif,0.0,0.0,1.7000000000000008,3.8000000000000003,18.5,27.2,51.4,60.3,104.1,0.0,1.0,1.0,2.7,-0.10000000000000034,-0.3999999999999997,1.3999999999999995,436.68,21.52,343.86,-0.2779853360529779,0.9605853178867106,36.6468,0.78,24.2,585.3439999999999,2209.80204,2.42,1
2026-09-01 00:00:00+00:00,2026-08-31,2026-08-31T23:30:00+00:00,2026-09-01T00:00:00+00:00,2026-09-01T00:00:00+00:00,Singtam,27.234,88.501,0.0,3B-HHR-E.MS.MRG.3IMERG.20260831-S233000-E235959.1410.V07C.30min.tif,0.0,0.0,0.7000000000000008,3.1000000000000005,15.999999999999998,27.2,50.8,60.3,104.1,0.0,0.6,1.0,2.7,0.0,-1.7,0.7000000000000003,436.68,21.52,343.86,-0.2779853360529779,0.9605853178867106,36.6468,0.78,24.2,585.3439999999999,2209.80204,1.452,1
2026-09-01 00:30:00+00:00,2026-09-01,2026-09-01T00:00:00+00:00,2026-09-01T00:30:00+00:00,2026-09-01T00:30:00+00:00,Singtam,27.234,88.501,0.0,3B-HHR-E.MS.MRG.3IMERG.20260901-S000000-E002959.0000.V07C.30min.tif,0.0,0.0,0.1000000000000009,3.0000000000000004,13.5,26.5,50.8,60.199999999999996,104.1,0.0,0.1,1.0,2.7,0.0,-2.8,0.10000000000000034,436.68,21.52,343.86,-0.2779853360529779,0.9605853178867106,36.6468,0.78,24.2,570.28,2206.1373599999997,0.242,1
2026-09-01 01:00:00+00:00,2026-09-01,2026-09-01T00:30:00+00:00,2026-09-01T01:00:00+00:00,2026-09-01T01:00:00+00:00,Singtam,27.234,88.501,0.0,3B-HHR-E.MS.MRG.3IMERG.20260901-S003000-E005959.0030.V07C.30min.tif,0.0,0.0,0.0,2.9000000000000004,11.6,25.8,50.8,60.199999999999996,104.1,0.0,0.0,1.0,2.7,0.0,-2.900000000000001,0.0,436.68,21.52,343.86,-0.2779853360529779,0.9605853178867106,36.6468,0.78,24.2,555.216,2206.1373599999997,0.0,1
2026-09-01 01:30:00+00:00,2026-09-01,2026-09-01T01:00:00+00:00,2026-09-01T01:30:00+00:00,2026-09-01T01:30:00+00:00,Singtam,27.234,88.501,0.0,3B-HHR-E.MS.MRG.3IMERG.20260901-S010000-E012959.0060.V07C.30min.tif,0.0,0.0,0.0,2.8000000000000003,10.4,23.1,50.8,60.199999999999996,104.1,0.0,0.0,1.0,2.7,0.0,-2.800000000000001,0.0,436.68,21.52,343.86,-0.2779853360529779,0.9605853178867106,36.6468,0.78,24.2,497.112,2206.1373599999997,0.0,1
2026-09-01 02:00:00+00:00,2026-09-01,2026-09-01T01:30:00+00:00,2026-09-01T02:00:00+00:00,2026-09-01T02:00:00+00:00,Singtam,27.234,88.501,0.0,3B-HHR-E.MS.MRG.3IMERG.20260901-S013000-E015959.0090.V07C.30min.tif,0.0,0.0,0.0,2.7,9.9,20.4,50.8,60.199999999999996,104.1,0.0,0.0,1.0,2.5,0.0,-2.700000000000001,0.0,436.68,21.52,343.86,-0.2779853360529779,0.9605853178867106,36.6468,0.78,24.2,439.008,2206.1373599999997,0.0,1
2026-09-01 02:30:00+00:00,2026-09-01,2026-09-01T02:00:00+00:00,2026-09-01T02:30:00+00:00,2026-09-01T02:30:00+00:00,Singtam,27.234,88.501,0.0,3B-HHR-E.MS.MRG.3IMERG.20260901-S020000-E022959.0120.V07C.30min.tif,0.0,0.0,0.0,1.7000000000000002,9.5,19.6,50.8,60.199999999999996,104.1,0.0,0.0,1.0,2.5,0.0,-1.7000000000000008,0.0,436.68,21.52,343.86,-0.2779853360529779,0.9605853178867106,36.6468,0.78,24.2,421.79200000000003,2206.1373599999997,0.0,1
2026-09-01 03:00:00+00:00,2026-09-01,2026-09-01T02:30:00+00:00,2026-09-01T03:00:00+00:00,2026-09-01T03:00:00+00:00,Singtam,27.234,88.501,0.0,3B-HHR-E.MS.MRG.3IMERG.20260901-S023000-E025959.0150.V07C.30min.tif,0.0,0.0,0.0,0.7000000000000002,9.299999999999999,19.1,50.8,60.199999999999996,104.1,0.0,0.0,0.6,2.5,0.0,-0.7000000000000008,0.0,436.68,21.52,343.86,-0.2779853360529779,0.9605853178867106,36.6468,0.78,24.2,411.03200000000004,2206.1373599999997,0.0,1
2026-09-01 03:30:00+00:00,2026-09-01,2026-09-01T03:00:00+00:00,2026-09-01T03:30:00+00:00,2026-09-01T03:30:00+00:00,Singtam,27.234,88.501,0.0,3B-HHR-E.MS.MRG.3IMERG.20260901-S030000-E032959.0180.V07C.30min.tif,0.0,0.0,0.0,0.10000000000000023,7.3,18.8,50.8,60.199999999999996,104.1,0.0,0.0,0.1,2.5,0.0,-0.1000000000000009,0.0,436.68,21.52,343.86,-0.2779853360529779,0.9605853178867106,36.6468,0.78,24.2,404.576,2206.1373599999997,0.0,1
2026-09-01 04:00:00+00:00,2026-09-01,2026-09-01T03:30:00+00:00,2026-09-01T04:00:00+00:00,2026-09-01T04:00:00+00:00,Singtam,27.234,88.501,0.0,3B-HHR-E.MS.MRG.3IMERG.20260901-S033000-E035959.0210.V07C.30min.tif,0.0,0.0,0.0,0.0,5.3,18.7,50.8,60.199999999999996,104.1,0.0,0.0,0.0,2.5,0.0,0.0,0.0,436.68,21.52,343.86,-0.2779853360529779,0.9605853178867106,36.6468,0.78,24.2,402.424,2206.1373599999997,0.0,1
2026-09-01 04:30:00+00:00,2026-09-01,2026-09-01T04:00:00+00:00,2026-09-01T04:30:00+00:00,2026-09-01T04:30:00+00:00,Singtam,27.234,88.501,0.0,3B-HHR-E.MS.MRG.3IMERG.20260901-S040000-E042959.0240.V07C.30min.tif,0.0,0.0,0.0,0.0,4.8999999999999995,18.6,50.8,60.199999999999996,104.1,0.0,0.0,0.0,2.5,0.0,0.0,0.0,436.68,21.52,343.86,-0.2779853360529779,0.9605853178867106,36.6468,0.78,24.2,400.27200000000005,2206.1373599999997,0.0,1
2026-09-01 05:00:00+00:00,2026-09-01,2026-09-01T04:30:00+00:00,2026-09-01T05:00:00+00:00,2026-09-01T05:00:00+00:00,Singtam,27.234,88.501,0.0,3B-HHR-E.MS.MRG.3IMERG.20260901-S043000-E045959.0270.V07C.30min.tif,0.0,0.0,0.0,0.0,4.5,18.6,50.8,60.199999999999996,104.1,0.0,0.0,0.0,2.5,0.0,0.0,0.0,436.68,21.52,343.86,-0.2779853360529779,0.9605853178867106,36.6468,0.78,24.2,400.27200000000005,2206.1373599999997,0.0,1
2026-09-01 05:30:00+00:00,2026-09-01,2026-09-01T05:00:00+00:00,2026-09-01T05:30:00+00:00,2026-09-01T05:30:00+00:00,Singtam,27.234,88.501,0.0,3B-HHR-E.MS.MRG.3IMERG.20260901-S050000-E052959.0300.V07C.30min.tif,0.0,0.0,0.0,0.0,3.8000000000000003,18.6,50.8,60.199999999999996,104.1,0.0,0.0,0.0,2.5,0.0,0.0,0.0,436.68,21.52,343.86,-0.2779853360529779,0.9605853178867106,36.6468,0.78,24.2,400.27200000000005,2206.1373599999997,0.0,1
2026-09-01 06:00:00+00:00,2026-09-01,2026-09-01T05:30:00+00:00,2026-09-01T06:00:00+00:00,2026-09-01T06:00:00+00:00,Singtam,27.234,88.501,0.0,3B-HHR-E.MS.MRG.3IMERG.20260901-S053000-E055959.0330.V07C.30min.tif,0.0,0.0,0.0,0.0,3.1000000000000005,18.6,50.8,60.199999999999996,104.1,0.0,0.0,0.0,2.5,0.0,0.0,0.0,436.68,21.52,343.86,-0.2779853360529779,0.9605853178867106,36.6468,0.78,24.2,400.27200000000005,2206.1373599999997,0.0,1
2026-09-01 06:30:00+00:00,2026-09-01,2026-09-01T06:00:00+00:00,2026-09-01T06:30:00+00:00,2026-09-01T06:30:00+00:00,Singtam,27.234,88.501,0.0,3B-HHR-E.MS.MRG.3IMERG.20260901-S060000-E062959.0360.V07C.30min.tif,0.0,0.0,0.0,0.0,3.0000000000000004,18.6,50.8,60.199999999999996,104.1,0.0,0.0,0.0,2.5,0.0,0.0,0.0,436.68,21.52,343.86,-0.2779853360529779,0.9605853178867106,36.6468,0.78,24.2,400.27200000000005,2206.1373599999997,0.0,1
2026-09-01 07:00:00+00:00,2026-09-01,2026-09-01T06:30:00+00:00,2026-09-01T07:00:00+00:00,2026-09-01T07:00:00+00:00,Singtam,27.234,88.501,0.0,3B-HHR-E.MS.MRG.3IMERG.20260901-S063000-E065959.0390.V07C.30min.tif,0.0,0.0,0.0,0.0,2.9000000000000004,18.6,50.7,60.199999999999996,104.1,0.0,0.0,0.0,2.5,0.0,0.0,0.0,436.68,21.52,343.86,-0.2779853360529779,0.9605853178867106,36.6468,0.78,24.2,400.27200000000005,2206.1373599999997,0.0,1
2026-09-01 07:30:00+00:00,2026-09-01,2026-09-01T07:00:00+00:00,2026-09-01T07:30:00+00:00,2026-09-01T07:30:00+00:00,Singtam,27.234,88.501,2.5,3B-HHR-E.MS.MRG.3IMERG.20260901-S070000-E072959.0420.V07C.30min.tif,2.5,2.5000000000000004,2.500000000000001,2.5,5.300000000000001,21.1,53.1,61.8,106.5,2.5,2.5,2.5,2.5,2.5000000000000004,2.500000000000001,2.5000000000000004,436.68,21.52,343.86,-0.2779853360529779,0.9605853178867106,36.6468,0.78,24.2,454.072,2264.77224,6.05,1
2026-09-01 08:00:00+00:00,2026-09-01,2026-09-01T07:30:00+00:00,2026-09-01T08:00:00+00:00,2026-09-01T08:00:00+00:00,Singtam,27.234,88.501,2.0,3B-HHR-E.MS.MRG.3IMERG.20260901-S073000-E075959.0450.V07C.30min.tif,2.0,4.5,4.500000000000001,4.5,7.200000000000001,23.1,54.7,62.8,108.5,2.5,2.5,2.5,2.5,4.5,4.500000000000001,4.5,436.68,21.52,343.86,-0.2779853360529779,0.9605853178867106,36.6468,0.78,24.2,497.112,2301.4190399999998,6.05,1
2026-09-01 08:30:00+00:00,2026-09-01,2026-09-01T08:00:00+00:00,2026-09-01T08:30:00+00:00,2026-09-01T08:30:00+00:00,Singtam,27.234,88.501,2.4,3B-HHR-E.MS.MRG.3IMERG.20260901-S080000-E082959.0480.V07C.30min.tif,2.4,4.4,6.9,6.9,8.600000000000001,25.5,56.5,64.6,110.9,2.4,2.5,2.5,2.5,1.9,6.9,-0.6000000000000005,436.68,21.52,343.86,-0.2779853360529779,0.9605853178867106,36.6468,0.78,24.2,548.76,2367.3832799999996,6.05,1
2026-09-01 09:00:00+00:00,2026-09-01,2026-09-01T08:30:00+00:00,2026-09-01T09:00:00+00:00,2026-09-01T09:00:00+00:00,Singtam,27.234,88.501,2.3,3B-HHR-E.MS.MRG.3IMERG.20260901-S083000-E085959.0510.V07C.30min.tif,2.3,4.7,9.200000000000001,9.2,9.9,27.8,58.49999999999999,66.39999999999999,113.2,2.4,2.5,2.5,2.5,0.20000000000000018,9.200000000000001,-4.3,436.68,21.52,343.86,-0.2779853360529779,0.9605853178867106,36.6468,0.78,24.2,598.256,2433.34752,6.05,1
2026-09-01 09:30:00+00:00,2026-09-01,2026-09-01T09:00:00+00:00,2026-09-01T09:30:00+00:00,2026-09-01T09:30:00+00:00,Singtam,27.234,88.501,1.5,3B-HHR-E.MS.MRG.3IMERG.20260901-S090000-E092959.0540.V07C.30min.tif,1.5,3.8000000000000003,10.700000000000001,10.7,10.8,29.3,59.8,67.19999999999999,114.7,2.3,2.5,2.5,2.5,-0.6000000000000001,10.700000000000001,-2.5,436.68,21.52,343.86,-0.2779853360529779,0.9605853178867106,36.6468,0.78,24.2,630.5360000000001,2462.6649599999996,6.05,1
2026-09-01 10:00:00+00:00,2026-09-01,2026-09-01T09:30:00+00:00,2026-09-01T10:00:00+00:00,2026-09-01T10:00:00+00:00,Singtam,27.234,88.501,0.4,3B-HHR-E.MS.MRG.3IMERG.20260901-S093000-E095959.0570.V07C.30min.tif,0.4,1.9000000000000004,11.100000000000001,11.1,11.1,29.7,58.6,66.9,115.10000000000001,1.5,2.5,2.5,2.5,-2.8,11.100000000000001,-3.0,436.68,21.52,343.86,-0.2779853360529779,0.9605853178867106,36.6468,0.78,24.2,639.144,2451.67092,6.05,1
2026-09-01 10:30:00+00:00,2026-09-01,2026-09-01T10:00:00+00:00,2026-09-01T10:30:00+00:00,2026-09-01T10:30:00+00:00,Singtam,27.234,88.501,0.5,3B-HHR-E.MS.MRG.3IMERG.20260901-S100000-E102959.0600.V07C.30min.tif,0.5,0.9000000000000005,9.100000000000001,11.6,11.6,30.2,57.1,67.2,115.60000000000001,0.5,2.4,2.5,2.5,-2.9,6.6000000000000005,-2.3,436.68,21.52,343.86,-0.2779853360529779,0.9605853178867106,36.6468,0.78,24.2,649.904,2462.66496,5.808,1
2026-09-01 11:00:00+00:00,2026-09-01,2026-09-01T10:30:00+00:00,2026-09-01T11:00:00+00:00,2026-09-01T11:00:00+00:00,Singtam,27.234,88.501,4.2,3B-HHR-E.MS.MRG.3IMERG.20260901-S103000-E105959.0630.V07C.30min.tif,4.2,4.700000000000001,11.3,15.8,15.8,34.4,59.599999999999994,71.10000000000001,119.7,4.2,4.2,4.2,4.2,2.8000000000000007,6.8,5.6000000000000005,436.68,21.52,343.86,-0.2779853360529779,0.9605853178867106,36.6468,0.78,24.2,740.288,2605.58748,10.164,1
2026-09-01 11:30:00+00:00,2026-09-01,2026-09-01T11:00:00+00:00,2026-09-01T11:30:00+00:00,2026-09-01T11:30:00+00:00,Singtam,27.234,88.501,1.4,3B-HHR-E.MS.MRG.3IMERG.20260901-S110000-E112959.0660.V07C.30min.tif,1.4,5.6,10.3,17.2,17.2,35.699999999999996,59.699999999999996,72.39999999999999,121.0,4.2,4.2,4.2,4.2,4.699999999999999,3.4000000000000004,7.6,436.68,21.52,343.86,-0.2779853360529779,0.9605853178867106,36.6468,0.78,24.2,768.2639999999999,2653.2283199999997,10.164,1
2026-09-01 12:00:00+00:00,2026-09-01,2026-09-01T11:30:00+00:00,2026-09-01T12:00:00+00:00,2026-09-01T12:00:00+00:00,Singtam,27.234,88.501,0.3,3B-HHR-E.MS.MRG.3IMERG.20260901-S113000-E115959.0690.V07C.30min.tif,0.3,1.7,8.3,17.5,17.5,33.5,59.8,72.7,121.3,1.4,4.2,4.2,4.2,-3.000000000000001,-0.9000000000000004,-5.800000000000002,436.68,21.52,343.86,-0.2779853360529779,0.9605853178867106,36.6468,0.78,24.2,720.92,2664.22236,10.164,1
2026-09-01 12:30:00+00:00,2026-09-01,2026-09-01T12:00:00+00:00,2026-09-01T12:30:00+00:00,2026-09-01T12:30:00+00:00,Singtam,27.234,88.501,0.1,3B-HHR-E.MS.MRG.3IMERG.20260901-S120000-E122959.0720.V07C.30min.tif,0.1,0.4,6.900000000000001,17.6,17.6,31.099999999999998,59.800000000000004,72.7,121.4,0.3,4.2,4.2,4.2,-5.199999999999999,-3.8,-9.899999999999999,436.68,21.52,343.86,-0.2779853360529779,0.9605853178867106,36.6468,0.78,24.2,669.2719999999999,2664.22236,10.164,1
2026-09-01 13:00:00+00:00,2026-09-01,2026-09-01T12:30:00+00:00,2026-09-01T13:00:00+00:00,2026-09-01T13:00:00+00:00,Singtam,27.234,88.501,0.1,3B-HHR-E.MS.MRG.3IMERG.20260901-S123000-E125959.0750.V07C.30min.tif,0.1,0.2,6.600000000000001,17.7,17.7,29.3,59.9,72.5,121.5,0.1,4.2,4.2,4.2,-1.5,-4.5,1.5000000000000009,436.68,21.52,343.86,-0.2779853360529779,0.9605853178867106,36.6468,0.78,24.2,630.5360000000001,2656.893,10.164,1
2026-09-01 13:30:00+00:00,2026-09-01,2026-09-01T13:00:00+00:00,2026-09-01T13:30:00+00:00,2026-09-01T13:30:00+00:00,Singtam,27.234,88.501,0.7,3B-HHR-E.MS.MRG.3IMERG.20260901-S130000-E132959.0780.V07C.30min.tif,0.7,0.7999999999999999,6.800000000000001,15.9,18.4,28.8,60.6,73.2,122.2,0.7,4.2,4.2,4.2,0.3999999999999999,-2.3000000000000007,5.6,436.68,21.52,343.86,-0.2779853360529779,0.9605853178867106,36.6468,0.78,24.2,619.776,2682.54576,10.164,1
2026-09-01 14:00:00+00:00,2026-09-01,2026-09-01T13:30:00+00:00,2026-09-01T14:00:00+00:00,2026-09-01T14:00:00+00:00,Singtam,27.234,88.501,0.7,3B-HHR-E.MS.MRG.3IMERG.20260901-S133000-E135959.0810.V07C.30min.tif,0.7,1.4,3.3000000000000007,14.6,19.1,29.0,61.300000000000004,73.9,122.9,0.7,1.4,4.2,4.2,1.2,-8.0,2.7,436.68,21.52,343.86,-0.2779853360529779,0.9605853178867106,36.6468,0.78,24.2,624.08,2708.19852,3.388,1
2026-09-01 14:30:00+00:00,2026-09-01,2026-09-01T14:00:00+00:00,2026-09-01T14:30:00+00:00,2026-09-01T14:30:00+00:00,Singtam,27.234,88.501,0.4,3B-HHR-E.MS.MRG.3IMERG.20260901-S140000-E142959.0840.V07C.30min.tif,0.4,1.1,2.3000000000000007,12.6,19.5,29.0,61.7,74.30000000000001,122.8,0.7,0.7,4.2,4.2,0.30000000000000016,-8.0,-0.09999999999999976,436.68,21.52,343.86,-0.2779853360529779,0.9605853178867106,36.6468,0.78,24.2,624.08,2722.8572400000003,1.694,1
2026-09-01 15:00:00+00:00,2026-09-01,2026-09-01T14:30:00+00:00,2026-09-01T15:00:00+00:00,2026-09-01T15:00:00+00:00,Singtam,27.234,88.501,0.2,3B-HHR-E.MS.MRG.3IMERG.20260901-S143000-E145959.0870.V07C.30min.tif,0.2,0.6000000000000001,2.200000000000001,10.5,19.7,29.0,61.8,74.39999999999999,122.5,0.4,0.7,4.2,4.2,-0.7999999999999998,-6.1,-1.9999999999999998,436.68,21.52,343.86,-0.2779853360529779,0.9605853178867106,36.6468,0.78,24.2,624.08,2726.5219199999997,1.694,1
2026-09-01 15:30:00+00:00,2026-09-01,2026-09-01T15:00:00+00:00,2026-09-01T15:30:00+00:00,2026-09-01T15:30:00+00:00,Singtam,27.234,88.501,0.3,3B-HHR-E.MS.MRG.3IMERG.20260901-S150000-E152959.0900.V07C.30min.tif,0.3,0.5,2.400000000000001,9.3,20.0,27.3,61.9,74.2,122.69999999999999,0.3,0.7,4.2,4.2,-0.6000000000000001,-4.5,-0.9000000000000002,436.68,21.52,343.86,-0.2779853360529779,0.9605853178867106,36.6468,0.78,24.2,587.496,2719.19256,1.694,1
2026-09-01 16:00:00+00:00,2026-09-01,2026-09-01T15:30:00+00:00,2026-09-01T16:00:00+00:00,2026-09-01T16:00:00+00:00,Singtam,27.234,88.501,0.8,3B-HHR-E.MS.MRG.3IMERG.20260901-S153000-E155959.0930.V07C.30min.tif,0.8,1.1,3.100000000000001,9.7,20.8,26.099999999999998,62.599999999999994,74.0,123.5,0.8,0.8,4.2,4.2,0.5,-3.5000000000000004,1.2999999999999998,436.68,21.52,343.86,-0.2779853360529779,0.9605853178867106,36.6468,0.78,24.2,561.6719999999999,2711.8632,1.936,1
2026-09-01 16:30:00+00:00,2026-09-01,2026-09-01T16:00:00+00:00,2026-09-01T16:30:00+00:00,2026-09-01T16:30:00+00:00,Singtam,27.234,88.501,0.8,3B-HHR-E.MS.MRG.3IMERG.20260901-S160000-E162959.0960.V07C.30min.tif,0.8,1.6,3.200000000000001,10.0,21.6,26.5,63.0,74.2,124.3,0.8,0.8,4.2,4.2,1.1,-3.5999999999999996,1.7000000000000002,436.68,21.52,343.86,-0.2779853360529779,0.9605853178867106,36.6468,0.78,24.2,570.28,2719.19256,1.936,1
2026-09-01 17:00:00+00:00,2026-09-01,2026-09-01T16:30:00+00:00,2026-09-01T17:00:00+00:00,2026-09-01T17:00:00+00:00,Singtam,27.234,88.501,0.5,3B-HHR-E.MS.MRG.3IMERG.20260901-S163000-E165959.0990.V07C.30min.tif,0.5,1.3,3.000000000000001,6.3,22.1,26.599999999999998,63.0,74.3,124.8,0.8,0.8,1.4,4.2,0.19999999999999996,-0.2999999999999998,-0.30000000000000004,436.68,21.52,343.86,-0.2779853360529779,0.9605853178867106,36.6468,0.78,24.2,572.4319999999999,2722.85724,1.936,1
2026-09-01 17:30:00+00:00,2026-09-01,2026-09-01T17:00:00+00:00,2026-09-01T17:30:00+00:00,2026-09-01T17:30:00+00:00,Singtam,27.234,88.501,0.3,3B-HHR-E.MS.MRG.3IMERG.20260901-S170000-E172959.1020.V07C.30min.tif,0.3,0.8,2.9000000000000012,5.2,22.4,26.2,63.199999999999996,74.5,124.3,0.5,0.8,0.8,4.2,-0.8,0.6000000000000005,-1.9000000000000001,436.68,21.52,343.86,-0.2779853360529779,0.9605853178867106,36.6468,0.78,24.2,563.824,2730.1866,1.936,1
2026-09-01 18:00:00+00:00,2026-09-01,2026-09-01T17:30:00+00:00,2026-09-01T18:00:00+00:00,2026-09-01T18:00:00+00:00,Singtam,27.234,88.501,0.0,3B-HHR-E.MS.MRG.3IMERG.20260901-S173000-E175959.1050.V07C.30min.tif,0.0,0.3,2.700000000000001,4.8999999999999995,22.4,25.5,63.1,74.39999999999999,123.5,0.3,0.8,0.8,4.2,-1.0,0.5,-1.2,436.68,21.52,343.86,-0.2779853360529779,0.9605853178867106,36.6468,0.78,24.2,548.76,2726.5219199999997,1.936,1
2026-09-01 18:30:00+00:00,2026-09-01,2026-09-01T18:00:00+00:00,2026-09-01T18:30:00+00:00,2026-09-01T18:30:00+00:00,Singtam,27.234,88.501,0.0,3B-HHR-E.MS.MRG.3IMERG.20260901-S180000-E182959.1080.V07C.30min.tif,0.0,0.0,2.4000000000000012,4.8,22.4,25.4,59.8,74.39999999999999,123.0,0.0,0.8,0.8,4.2,-0.8,4.440892098500626e-16,0.0,436.68,21.52,343.86,-0.2779853360529779,0.9605853178867106,36.6468,0.78,24.2,546.608,2726.5219199999997,1.936,1
2026-09-01 19:00:00+00:00,2026-09-01,2026-09-01T18:30:00+00:00,2026-09-01T19:00:00+00:00,2026-09-01T19:00:00+00:00,Singtam,27.234,88.501,0.0,3B-HHR-E.MS.MRG.3IMERG.20260901-S183000-E185959.1110.V07C.30min.tif,0.0,0.0,1.6000000000000008,4.699999999999999,22.4,25.3,56.5,74.39999999999999,122.5,0.0,0.8,0.8,4.2,-0.3,-1.5000000000000002,0.7,436.68,21.52,343.86,-0.2779853360529779,0.9605853178867106,36.6468,0.78,24.2,544.456,2726.5219199999997,1.936,1
2026-09-01 19:30:00+00:00,2026-09-01,2026-09-01T19:00:00+00:00,2026-09-01T19:30:00+00:00,2026-09-01T19:30:00+00:00,Singtam,27.234,88.501,0.0,3B-HHR-E.MS.MRG.3IMERG.20260901-S190000-E192959.1140.V07C.30min.tif,0.0,0.0,0.8000000000000009,4.0,19.9,25.2,50.0,74.39999999999999,121.6,0.0,0.5,0.8,4.2,0.0,-2.4000000000000004,0.8,436.68,21.52,343.86,-0.2779853360529779,0.9605853178867106,36.6468,0.78,24.2,542.304,2726.5219199999997,1.21,1
2026-09-01 20:00:00+00:00,2026-09-01,2026-09-01T19:30:00+00:00,2026-09-01T20:00:00+00:00,2026-09-01T20:00:00+00:00,Singtam,27.234,88.501,0.2,3B-HHR-E.MS.MRG.3IMERG.20260901-S193000-E195959.1170.V07C.30min.tif,0.2,0.2,0.5000000000000009,3.5,18.1,25.299999999999997,50.2,74.6,121.7,0.2,0.3,0.8,4.2,0.2,-2.5,0.5,436.68,21.52,343.86,-0.2779853360529779,0.9605853178867106,36.6468,0.78,24.2,544.4559999999999,2733.85128,0.726,1
2026-09-01 20:30:00+00:00,2026-09-01,2026-09-01T20:00:00+00:00,2026-09-01T20:30:00+00:00,2026-09-01T20:30:00+00:00,Singtam,27.234,88.501,0.5,3B-HHR-E.MS.MRG.3IMERG.20260901-S200000-E202959.1200.V07C.30min.tif,0.5,0.7,0.7000000000000008,3.6,16.200000000000003,24.799999999999997,50.6,75.1,122.10000000000001,0.5,0.5,0.8,4.2,0.7,-2.2,0.7,436.68,21.52,343.86,-0.2779853360529779,0.9605853178867106,36.6468,0.78,24.2,533.6959999999999,2752.1746799999996,1.21,1
2026-09-01 21:00:00+00:00,2026-09-01,2026-09-01T20:30:00+00:00,2026-09-01T21:00:00+00:00,2026-09-01T21:00:00+00:00,Singtam,27.234,88.501,1.0,3B-HHR-E.MS.MRG.3IMERG.20260901-S203000-E205959.1230.V07C.30min.tif,1.0,1.5,1.7000000000000008,4.4,14.9,24.799999999999997,51.6,76.1,122.9,1.0,1.0,1.0,4.2,1.3,-1.0000000000000002,1.1,436.68,21.52,343.86,-0.2779853360529779,0.9605853178867106,36.6468,0.78,24.2,533.6959999999999,2788.8214799999996,2.42,1
2026-09-01 21:30:00+00:00,2026-09-01,2026-09-01T21:00:00+00:00,2026-09-01T21:30:00+00:00,2026-09-01T21:30:00+00:00,Singtam,27.234,88.501,0.7,3B-HHR-E.MS.MRG.3IMERG.20260901-S210000-E212959.1260.V07C.30min.tif,0.7,1.7,2.400000000000001,4.8,14.1,24.9,52.199999999999996,76.8,123.30000000000001,1.0,1.0,1.0,4.2,1.0,-4.440892098500626e-16,0.30000000000000004,436.68,21.52,343.86,-0.2779853360529779,0.9605853178867106,36.6468,0.78,24.2,535.848,2814.47424,2.42,1
2026-09-01 22:00:00+00:00,2026-09-01,2026-09-01T21:30:00+00:00,2026-09-01T22:00:00+00:00,2026-09-01T22:00:00+00:00,Singtam,27.234,88.501,0.5,3B-HHR-E.MS.MRG.3IMERG.20260901-S213000-E215959.1290.V07C.30min.tif,0.5,1.2,2.900000000000001,4.5,14.2,25.299999999999997,52.599999999999994,77.3,123.4,0.7,1.0,1.0,4.2,-0.30000000000000004,1.3,-1.6,436.68,21.52,343.86,-0.2779853360529779,0.9605853178867106,36.6468,0.78,24.2,544.4559999999999,2832.79764,2.42,1
2026-09-01 22:30:00+00:00,2026-09-01,2026-09-01T22:00:00+00:00,2026-09-01T22:30:00+00:00,2026-09-01T22:30:00+00:00,Singtam,27.234,88.501,0.2,3B-HHR-E.MS.MRG.3IMERG.20260901-S220000-E222959.1320.V07C.30min.tif,0.2,0.7,3.100000000000001,3.9,13.9,25.5,52.7,77.5,122.39999999999999,0.5,1.0,1.0,4.2,-1.0,2.3,-2.0,436.68,21.52,343.86,-0.2779853360529779,0.9605853178867106,36.6468,0.78,24.2,548.76,2840.127,2.42,1
2026-09-01 23:00:00+00:00,2026-09-01,2026-09-01T22:30:00+00:00,2026-09-01T23:00:00+00:00,2026-09-01T23:00:00+00:00,Singtam,27.234,88.501,0.2,3B-HHR-E.MS.MRG.3IMERG.20260901-S223000-E225959.1350.V07C.30min.tif,0.2,0.4,3.1000000000000005,3.6,9.899999999999999,25.7,52.9,77.69999999999999,121.39999999999999,0.2,1.0,1.0,4.2,-0.7999999999999999,2.5999999999999996,-0.4999999999999999,436.68,21.52,343.86,-0.2779853360529779,0.9605853178867106,36.6468,0.78,24.2,553.064,2847.4563599999997,2.42,1
2026-09-01 23:30:00+00:00,2026-09-01,2026-09-01T23:00:00+00:00,2026-09-01T23:30:00+00:00,2026-09-01T23:30:00+00:00,Singtam,27.234,88.501,0.5,3B-HHR-E.MS.MRG.3IMERG.20260901-S230000-E232959.1380.V07C.30min.tif,0.5,0.7,3.1000000000000005,3.8,9.0,26.2,53.4,77.6,121.0,0.5,1.0,1.0,4.2,0.0,2.3999999999999995,1.0,436.68,21.52,343.86,-0.2779853360529779,0.9605853178867106,36.6468,0.78,24.2,563.824,2843.79168,2.42,1
2026-09-02 00:00:00+00:00,2026-09-01,2026-09-01T23:30:00+00:00,2026-09-02T00:00:00+00:00,2026-09-02T00:00:00+00:00,Singtam,27.234,88.501,0.5,3B-HHR-E.MS.MRG.3IMERG.20260901-S233000-E235959.1410.V07C.30min.tif,0.5,1.0,2.6000000000000005,4.3,9.2,26.7,53.9,77.5,119.5,0.5,0.7,1.0,4.2,0.6,0.8999999999999997,1.4,436.68,21.52,343.86,-0.2779853360529779,0.9605853178867106,36.6468,0.78,24.2,574.584,2840.127,1.694,1
2026-09-02 00:30:00+00:00,2026-09-02,2026-09-02T00:00:00+00:00,2026-09-02T00:30:00+00:00,2026-09-02T00:30:00+00:00,Singtam,27.234,88.501,0.3,3B-HHR-E.MS.MRG.3IMERG.20260902-S000000-E002959.0000.V07C.30min.tif,0.3,0.8,2.200000000000001,4.6,9.4,27.0,53.5,77.80000000000001,117.89999999999999,0.5,0.5,1.0,4.2,0.10000000000000009,-0.19999999999999973,0.10000000000000009,436.68,21.52,343.86,-0.2779853360529779,0.9605853178867106,36.6468,0.78,24.2,581.04,2851.1210400000004,1.21,1
2026-09-02 01:00:00+00:00,2026-09-02,2026-09-02T00:30:00+00:00,2026-09-02T01:00:00+00:00,2026-09-02T01:00:00+00:00,Singtam,27.234,88.501,0.1,3B-HHR-E.MS.MRG.3IMERG.20260902-S003000-E005959.0030.V07C.30min.tif,0.1,0.4,1.800000000000001,4.699999999999999,9.4,27.099999999999998,52.9,77.9,116.2,0.3,0.5,1.0,4.2,-0.6,-1.0999999999999999,-1.2,436.68,21.52,343.86,-0.2779853360529779,0.9605853178867106,36.6468,0.78,24.2,583.1919999999999,2854.7857200000003,1.21,1
2026-09-02 01:30:00+00:00,2026-09-02,2026-09-02T01:00:00+00:00,2026-09-02T01:30:00+00:00,2026-09-02T01:30:00+00:00,Singtam,27.234,88.501,0.0,3B-HHR-E.MS.MRG.3IMERG.20260902-S010000-E012959.0060.V07C.30min.tif,0.0,0.1,1.600000000000001,4.699999999999999,8.7,27.099999999999998,50.2,77.9,114.7,0.1,0.5,1.0,4.2,-0.7000000000000001,-1.5,-0.8000000000000002,436.68,21.52,343.86,-0.2779853360529779,0.9605853178867106,36.6468,0.78,24.2,583.1919999999999,2854.7857200000003,1.21,1
2026-09-02 02:00:00+00:00,2026-09-02,2026-09-02T01:30:00+00:00,2026-09-02T02:00:00+00:00,2026-09-02T02:00:00+00:00,Singtam,27.234,88.501,0.0,3B-HHR-E.MS.MRG.3IMERG.20260902-S013000-E015959.0090.V07C.30min.tif,0.0,0.0,1.4000000000000008,4.499999999999999,8.0,27.099999999999998,47.5,77.9,113.60000000000001,0.0,0.5,1.0,4.2,-0.4,-1.6999999999999997,0.19999999999999996,436.68,21.52,343.86,-0.2779853360529779,0.9605853178867106,36.6468,0.78,24.2,583.1919999999999,2854.7857200000003,1.21,1
2026-09-02 02:30:00+00:00,2026-09-02,2026-09-02T02:00:00+00:00,2026-09-02T02:30:00+00:00,2026-09-02T02:30:00+00:00,Singtam,27.234,88.501,0.0,3B-HHR-E.MS.MRG.3IMERG.20260902-S020000-E022959.0120.V07C.30min.tif,0.0,0.0,0.9000000000000009,4.0,7.6,27.099999999999998,46.7,77.9,112.9,0.0,0.5,1.0,4.2,-0.1,-2.1999999999999997,0.6000000000000001,436.68,21.52,343.86,-0.2779853360529779,0.9605853178867106,36.6468,0.78,24.2,583.1919999999999,2854.7857200000003,1.21,1
2026-09-02 03:00:00+00:00,2026-09-02,2026-09-02T02:30:00+00:00,2026-09-02T03:00:00+00:00,2026-09-02T03:00:00+00:00,Singtam,27.234,88.501,0.0,3B-HHR-E.MS.MRG.3IMERG.20260902-S023000-E025959.0150.V07C.30min.tif,0.0,0.0,0.4000000000000009,3.0,7.4,27.099999999999998,46.2,77.9,111.2,0.0,0.3,0.7,4.2,0.0,-2.1999999999999997,0.4,436.68,21.52,343.86,-0.2779853360529779,0.9605853178867106,36.6468,0.78,24.2,583.1919999999999,2854.7857200000003,0.726,1
2026-09-02 03:30:00+00:00,2026-09-02,2026-09-02T03:00:00+00:00,2026-09-02T03:30:00+00:00,2026-09-02T03:30:00+00:00,Singtam,27.234,88.501,0.0,3B-HHR-E.MS.MRG.3IMERG.20260902-S030000-E032959.0180.V07C.30min.tif,0.0,0.0,0.1000000000000009,2.3,7.1,27.099999999999998,45.9,77.9,109.2,0.0,0.1,0.5,4.2,0.0,-2.1,0.1,436.68,21.52,343.86,-0.2779853360529779,0.9605853178867106,36.6468,0.78,24.2,583.1919999999999,2854.7857200000003,0.242,1
2026-09-02 04:00:00+00:00,2026-09-02,2026-09-02T03:30:00+00:00,2026-09-02T04:00:00+00:00,2026-09-02T04:00:00+00:00,Singtam,27.234,88.501,0.1,3B-HHR-E.MS.MRG.3IMERG.20260902-S033000-E035959.0210.V07C.30min.tif,0.1,0.1,0.1000000000000009,1.9,6.4,27.2,45.9,78.0,107.39999999999999,0.1,0.1,0.5,4.2,0.1,-1.7,0.1,436.68,21.52,343.86,-0.2779853360529779,0.9605853178867106,36.6468,0.78,24.2,585.3439999999999,2858.4503999999997,0.242,1
2026-09-02 04:30:00+00:00,2026-09-02,2026-09-02T04:00:00+00:00,2026-09-02T04:30:00+00:00,2026-09-02T04:30:00+00:00,Singtam,27.234,88.501,0.7,3B-HHR-E.MS.MRG.3IMERG.20260902-S040000-E042959.0240.V07C.30min.tif,0.7,0.7999999999999999,0.8000000000000008,2.4,6.3,27.9,46.5,78.7,107.1,0.7,0.7,0.7,4.2,0.7999999999999999,-0.8000000000000002,0.7999999999999999,436.68,21.52,343.86,-0.2779853360529779,0.9605853178867106,36.6468,0.78,24.2,600.4079999999999,2884.10316,1.694,1
2026-09-02 05:00:00+00:00,2026-09-02,2026-09-02T04:30:00+00:00,2026-09-02T05:00:00+00:00,2026-09-02T05:00:00+00:00,Singtam,27.234,88.501,0.6,3B-HHR-E.MS.MRG.3IMERG.20260902-S043000-E045959.0270.V07C.30min.tif,0.6,1.2999999999999998,1.4000000000000008,2.8,6.4,28.5,47.1,79.30000000000001,107.19999999999999,0.7,0.7,0.7,4.2,1.1999999999999997,0.0,1.0999999999999996,436.68,21.52,343.86,-0.2779853360529779,0.9605853178867106,36.6468,0.78,24.2,613.3199999999999,2906.09124,1.694,1
2026-09-02 05:30:00+00:00,2026-09-02,2026-09-02T05:00:00+00:00,2026-09-02T05:30:00+00:00,2026-09-02T05:30:00+00:00,Singtam,27.234,88.501,0.4,3B-HHR-E.MS.MRG.3IMERG.20260902-S050000-E052959.0300.V07C.30min.tif,0.4,1.0,1.8000000000000007,2.6999999999999997,6.5,28.9,47.5,79.7,103.8,0.6,0.7,0.7,4.2,0.20000000000000007,0.8999999999999998,-0.5999999999999999,436.68,21.52,343.86,-0.2779853360529779,0.9605853178867106,36.6468,0.78,24.2,621.928,2920.74996,1.694,1
2026-09-02 06:00:00+00:00,2026-09-02,2026-09-02T05:30:00+00:00,2026-09-02T06:00:00+00:00,2026-09-02T06:00:00+00:00,Singtam,27.234,88.501,0.1,3B-HHR-E.MS.MRG.3IMERG.20260902-S053000-E055959.0330.V07C.30min.tif,0.1,0.5,1.9000000000000008,2.3,6.6000000000000005,29.0,47.6,79.80000000000001,100.39999999999999,0.4,0.7,0.7,4.2,-0.7999999999999998,1.5,-1.9999999999999996,436.68,21.52,343.86,-0.2779853360529779,0.9605853178867106,36.6468,0.78,24.2,624.08,2924.4146400000004,1.694,1
2026-09-02 06:30:00+00:00,2026-09-02,2026-09-02T06:00:00+00:00,2026-09-02T06:30:00+00:00,2026-09-02T06:30:00+00:00,Singtam,27.234,88.501,0.0,3B-HHR-E.MS.MRG.3IMERG.20260902-S060000-E062959.0360.V07C.30min.tif,0.0,0.1,1.9000000000000008,2.0,6.6000000000000005,29.0,47.6,79.80000000000001,100.3,0.1,0.7,0.7,4.2,-0.9,1.7999999999999998,-1.1,436.68,21.52,343.86,-0.2779853360529779,0.9605853178867106,36.6468,0.78,24.2,624.08,2924.4146400000004,1.694,1
2026-09-02 07:00:00+00:00,2026-09-02,2026-09-02T06:30:00+00:00,2026-09-02T07:00:00+00:00,2026-09-02T07:00:00+00:00,Singtam,27.234,88.501,0.1,3B-HHR-E.MS.MRG.3IMERG.20260902-S063000-E065959.0390.V07C.30min.tif,0.1,0.1,1.9000000000000008,2.0,6.7,29.099999999999998,47.7,79.8,100.2,0.1,0.7,0.7,4.2,-0.4,1.7999999999999998,0.3999999999999998,436.68,21.52,343.86,-0.2779853360529779,0.9605853178867106,36.6468,0.78,24.2,626.232,2924.41464,1.694,1
2026-09-02 07:30:00+00:00,2026-09-02,2026-09-02T07:00:00+00:00,2026-09-02T07:30:00+00:00,2026-09-02T07:30:00+00:00,Singtam,27.234,88.501,0.1,3B-HHR-E.MS.MRG.3IMERG.20260902-S070000-E072959.0420.V07C.30min.tif,0.1,0.2,1.300000000000001,2.1,6.8,26.7,47.8,79.8,99.8,0.1,0.6,0.7,4.2,0.1,0.5000000000000001,1.0,436.68,21.52,343.86,-0.2779853360529779,0.9605853178867106,36.6468,0.78,24.2,574.584,2924.41464,1.452,1
2026-09-02 08:00:00+00:00,2026-09-02,2026-09-02T07:30:00+00:00,2026-09-02T08:00:00+00:00,2026-09-02T08:00:00+00:00,Singtam,27.234,88.501,0.1,3B-HHR-E.MS.MRG.3IMERG.20260902-S073000-E075959.0450.V07C.30min.tif,0.1,0.2,0.8000000000000009,2.2,6.7,24.799999999999997,47.9,79.5,99.7,0.1,0.4,0.7,4.2,0.1,-0.5999999999999999,0.5,436.68,21.52,343.86,-0.2779853360529779,0.9605853178867106,36.6468,0.78,24.2,533.6959999999999,2913.4206,0.968,1
2026-09-02 08:30:00+00:00,2026-09-02,2026-09-02T08:00:00+00:00,2026-09-02T08:30:00+00:00,2026-09-02T08:30:00+00:00,Singtam,27.234,88.501,0.1,3B-HHR-E.MS.MRG.3IMERG.20260902-S080000-E082959.0480.V07C.30min.tif,0.1,0.2,0.5000000000000009,2.3,6.3,22.5,48.0,79.0,99.7,0.1,0.1,0.7,4.2,0.0,-1.2999999999999998,-0.1,436.68,21.52,343.86,-0.2779853360529779,0.9605853178867106,36.6468,0.78,24.2,484.2,2895.0971999999997,0.242,1
2026-09-02 09:00:00+00:00,2026-09-02,2026-09-02T08:30:00+00:00,2026-09-02T09:00:00+00:00,2026-09-02T09:00:00+00:00,Singtam,27.234,88.501,1.0,3B-HHR-E.MS.MRG.3IMERG.20260902-S083000-E085959.0510.V07C.30min.tif,1.0,1.1,1.4000000000000008,3.3,6.3,21.2,49.0,79.7,100.7,1.0,1.0,1.0,4.2,0.9000000000000001,-0.5,0.8000000000000002,436.68,21.52,343.86,-0.2779853360529779,0.9605853178867106,36.6468,0.78,24.2,456.224,2920.74996,2.42,1
2026-09-02 09:30:00+00:00,2026-09-02,2026-09-02T09:00:00+00:00,2026-09-02T09:30:00+00:00,2026-09-02T09:30:00+00:00,Singtam,27.234,88.501,0.0,3B-HHR-E.MS.MRG.3IMERG.20260902-S090000-E092959.0540.V07C.30min.tif,0.0,1.0,1.4000000000000008,3.3,5.6,19.7,49.0,79.5,100.7,1.0,1.0,1.0,4.2,0.8,-0.5,0.8,436.68,21.52,343.86,-0.2779853360529779,0.9605853178867106,36.6468,0.78,24.2,423.94399999999996,2913.4206,2.42,1
2026-09-02 10:00:00+00:00,2026-09-02,2026-09-02T09:30:00+00:00,2026-09-02T10:00:00+00:00,2026-09-02T10:00:00+00:00,Singtam,27.234,88.501,0.0,3B-HHR-E.MS.MRG.3IMERG.20260902-S093000-E095959.0570.V07C.30min.tif,0.0,0.0,1.3000000000000007,3.2,5.1,19.3,49.0,77.89999999999999,100.7,0.0,1.0,1.0,4.2,-1.1,-0.6000000000000001,-2.0,436.68,21.52,343.86,-0.2779853360529779,0.9605853178867106,36.6468,0.78,24.2,415.336,2854.7857199999994,2.42,1
2026-09-02 10:30:00+00:00,2026-09-02,2026-09-02T10:00:00+00:00,2026-09-02T10:30:00+00:00,2026-09-02T10:30:00+00:00,Singtam,27.234,88.501,0.1,3B-HHR-E.MS.MRG.3IMERG.20260902-S100000-E102959.0600.V07C.30min.tif,0.1,0.10000000000000012,1.300000000000001,2.6,5.0,18.900000000000002,49.1,76.0,100.8,0.1,1.0,1.0,4.2,-0.8999999999999999,0.0,-1.7,436.68,21.52,343.86,-0.2779853360529779,0.9605853178867106,36.6468,0.78,24.2,406.72800000000007,2785.1567999999997,2.42,1
2026-09-02 11:00:00+00:00,2026-09-02,2026-09-02T10:30:00+00:00,2026-09-02T11:00:00+00:00,2026-09-02T11:00:00+00:00,Singtam,27.234,88.501,0.1,3B-HHR-E.MS.MRG.3IMERG.20260902-S103000-E105959.0630.V07C.30min.tif,0.1,0.2,1.300000000000001,2.1,4.9,14.8,49.2,74.4,100.9,0.1,1.0,1.0,1.4,0.2,0.5,1.3,436.68,21.52,343.86,-0.2779853360529779,0.9605853178867106,36.6468,0.78,24.2,318.496,2726.52192,2.42,1
2026-09-02 11:30:00+00:00,2026-09-02,2026-09-02T11:00:00+00:00,2026-09-02T11:30:00+00:00,2026-09-02T11:30:00+00:00,Singtam,27.234,88.501,0.0,3B-HHR-E.MS.MRG.3IMERG.20260902-S110000-E112959.0660.V07C.30min.tif,0.0,0.10000000000000012,1.2000000000000008,1.7000000000000002,4.4,13.4,49.1,73.1,100.9,0.1,1.0,1.0,1.0,0.0,0.7,0.8999999999999999,436.68,21.52,343.86,-0.2779853360529779,0.9605853178867106,36.6468,0.78,24.2,288.368,2678.8810799999997,2.42,1
2026-09-02 12:00:00+00:00,2026-09-02,2026-09-02T11:30:00+00:00,2026-09-02T12:00:00+00:00,2026-09-02T12:00:00+00:00,Singtam,27.234,88.501,0.1,3B-HHR-E.MS.MRG.3IMERG.20260902-S113000-E115959.0690.V07C.30min.tif,0.1,0.10000000000000012,0.30000000000000093,1.7000000000000002,4.0,13.200000000000001,46.699999999999996,73.0,101.0,0.1,0.1,1.0,1.0,-0.0999999999999999,-1.0999999999999999,-0.29999999999999993,436.68,21.52,343.86,-0.2779853360529779,0.9605853178867106,36.6468,0.78,24.2,284.064,2675.2164,0.242,0
2026-09-02 12:30:00+00:00,2026-09-02,2026-09-02T12:00:00+00:00,2026-09-02T12:30:00+00:00,2026-09-02T12:30:00+00:00,Singtam,27.234,88.501,0.3,3B-HHR-E.MS.MRG.3IMERG.20260902-S120000-E122959.0720.V07C.30min.tif,0.3,0.40000000000000013,0.6000000000000009,2.0,4.0,13.399999999999999,44.5,73.2,101.3,0.3,0.3,1.0,1.0,0.30000000000000004,-0.7999999999999999,0.30000000000000004,436.68,21.52,343.86,-0.2779853360529779,0.9605853178867106,36.6468,0.78,24.2,288.36799999999994,2682.54576,0.726,1
2026-09-02 13:00:00+00:00,2026-09-02,2026-09-02T12:30:00+00:00,2026-09-02T13:00:00+00:00,2026-09-02T13:00:00+00:00,Singtam,27.234,88.501,0.1,3B-HHR-E.MS.MRG.3IMERG.20260902-S123000-E125959.0750.V07C.30min.tif,0.1,0.40000000000000013,0.7000000000000008,2.0,4.0,13.4,42.7,73.3,101.4,0.3,0.3,1.0,1.0,0.30000000000000004,-0.5999999999999999,0.3999999999999999,436.68,21.52,343.86,-0.2779853360529779,0.9605853178867106,36.6468,0.78,24.2,288.368,2686.21044,0.726,1
2026-09-02 13:30:00+00:00,2026-09-02,2026-09-02T13:00:00+00:00,2026-09-02T13:30:00+00:00,2026-09-02T13:30:00+00:00,Singtam,27.234,88.501,0.2,3B-HHR-E.MS.MRG.3IMERG.20260902-S130000-E132959.0780.V07C.30min.tif,0.2,0.30000000000000004,0.8000000000000009,2.1,4.2,12.9,41.699999999999996,73.5,101.60000000000001,0.2,0.3,1.0,1.0,-0.10000000000000009,-0.5,-0.40000000000000013,436.68,21.52,343.86,-0.2779853360529779,0.9605853178867106,36.6468,0.78,24.2,277.608,2693.5398,0.726,0
2026-09-02 14:00:00+00:00,2026-09-02,2026-09-02T13:30:00+00:00,2026-09-02T14:00:00+00:00,2026-09-02T14:00:00+00:00,Singtam,27.234,88.501,0.2,3B-HHR-E.MS.MRG.3IMERG.20260902-S133000-E135959.0810.V07C.30min.tif,0.2,0.4,0.9000000000000008,2.2,4.4,12.399999999999999,41.4,73.7,101.8,0.2,0.3,1.0,1.0,-1.1102230246251565e-16,-0.40000000000000013,-0.30000000000000016,436.68,21.52,343.86,-0.2779853360529779,0.9605853178867106,36.6468,0.78,24.2,266.84799999999996,2700.86916,0.726,0
2026-09-02 14:30:00+00:00,2026-09-02,2026-09-02T14:00:00+00:00,2026-09-02T14:30:00+00:00,2026-09-02T14:30:00+00:00,Singtam,27.234,88.501,0.0,3B-HHR-E.MS.MRG.3IMERG.20260902-S140000-E142959.0840.V07C.30min.tif,0.0,0.20000000000000007,0.9000000000000008,2.1,4.4,12.0,41.0,73.7,101.8,0.2,0.3,1.0,1.0,-0.09999999999999998,-0.30000000000000004,1.1102230246251565e-16,436.68,21.52,343.86,-0.2779853360529779,0.9605853178867106,36.6468,0.78,24.2,258.24,2700.86916,0.726,1
2026-09-02 15:00:00+00:00,2026-09-02,2026-09-02T14:30:00+00:00,2026-09-02T15:00:00+00:00,2026-09-02T15:00:00+00:00,Singtam,27.234,88.501,0.1,3B-HHR-E.MS.MRG.3IMERG.20260902-S143000-E145959.0870.V07C.30min.tif,0.1,0.10000000000000006,0.9000000000000008,1.2,4.5,11.9,40.9,73.7,101.9,0.1,0.3,0.3,1.0,-0.29999999999999993,0.5999999999999999,-0.2999999999999998,436.68,21.52,343.86,-0.2779853360529779,0.9605853178867106,36.6468,0.78,24.2,256.088,2700.86916,0.726,0
2026-09-02 15:30:00+00:00,2026-09-02,2026-09-02T15:00:00+00:00,2026-09-02T15:30:00+00:00,2026-09-02T15:30:00+00:00,Singtam,27.234,88.501,0.3,3B-HHR-E.MS.MRG.3IMERG.20260902-S150000-E152959.0900.V07C.30min.tif,0.3,0.4,0.9000000000000009,1.5000000000000002,4.8,11.9,39.199999999999996,73.8,102.2,0.3,0.3,0.3,1.0,0.19999999999999996,0.30000000000000004,0.29999999999999993,436.68,21.52,343.86,-0.2779853360529779,0.9605853178867106,36.6468,0.78,24.2,256.088,2704.5338399999996,0.726,1
2026-09-02 16:00:00+00:00,2026-09-02,2026-09-02T15:30:00+00:00,2026-09-02T16:00:00+00:00,2026-09-02T16:00:00+00:00,Singtam,27.234,88.501,0.6,3B-HHR-E.MS.MRG.3IMERG.20260902-S153000-E155959.0930.V07C.30min.tif,0.6,0.9000000000000001,1.4000000000000008,2.1,5.300000000000001,11.7,37.8,74.30000000000001,102.8,0.6,0.6,0.6,1.0,0.8,0.7,1.1,436.68,21.52,343.86,-0.2779853360529779,0.9605853178867106,36.6468,0.78,24.2,251.784,2722.8572400000003,1.452,1
2026-09-02 16:30:00+00:00,2026-09-02,2026-09-02T16:00:00+00:00,2026-09-02T16:30:00+00:00,2026-09-02T16:30:00+00:00,Singtam,27.234,88.501,0.3,3B-HHR-E.MS.MRG.3IMERG.20260902-S160000-E162959.0960.V07C.30min.tif,0.3,0.9000000000000001,1.5000000000000009,2.3,4.9,11.2,37.699999999999996,74.2,103.10000000000001,0.6,0.6,0.6,1.0,0.5000000000000001,0.7,0.30000000000000016,436.68,21.52,343.86,-0.2779853360529779,0.9605853178867106,36.6468,0.78,24.2,241.02399999999997,2719.19256,1.452,1
2026-09-02 17:00:00+00:00,2026-09-02,2026-09-02T16:30:00+00:00,2026-09-02T17:00:00+00:00,2026-09-02T17:00:00+00:00,Singtam,27.234,88.501,0.2,3B-HHR-E.MS.MRG.3IMERG.20260902-S163000-E165959.0990.V07C.30min.tif,0.2,0.5000000000000001,1.5000000000000009,2.4000000000000004,4.500000000000001,10.899999999999999,37.5,73.9,103.3,0.3,0.6,0.6,1.0,-0.4,0.6000000000000001,-1.2000000000000002,436.68,21.52,343.86,-0.2779853360529779,0.9605853178867106,36.6468,0.78,24.2,234.56799999999996,2708.19852,1.452,0
2026-09-02 17:30:00+00:00,2026-09-02,2026-09-02T17:00:00+00:00,2026-09-02T17:30:00+00:00,2026-09-02T17:30:00+00:00,Singtam,27.234,88.501,0.1,3B-HHR-E.MS.MRG.3IMERG.20260902-S170000-E172959.1020.V07C.30min.tif,0.1,0.30000000000000016,1.6000000000000008,2.5000000000000004,4.2,10.700000000000001,36.9,73.9,103.4,0.2,0.6,0.6,1.0,-0.6,0.7,-1.1,436.68,21.52,343.86,-0.2779853360529779,0.9605853178867106,36.6468,0.78,24.2,230.264,2708.19852,1.452,0
2026-09-02 18:00:00+00:00,2026-09-02,2026-09-02T17:30:00+00:00,2026-09-02T18:00:00+00:00,2026-09-02T18:00:00+00:00,Singtam,27.234,88.501,0.0,3B-HHR-E.MS.MRG.3IMERG.20260902-S173000-E175959.1050.V07C.30min.tif,0.0,0.10000000000000012,1.5000000000000009,2.4000000000000004,4.1,10.700000000000001,36.2,73.8,103.4,0.1,0.6,0.6,1.0,-0.4,0.6000000000000001,0.0,436.68,21.52,343.86,-0.2779853360529779,0.9605853178867106,36.6468,0.78,24.2,230.264,2704.5338399999996,1.452,1
2026-09-02 18:30:00+00:00,2026-09-02,2026-09-02T18:00:00+00:00,2026-09-02T18:30:00+00:00,2026-09-02T18:30:00+00:00,Singtam,27.234,88.501,0.1,3B-HHR-E.MS.MRG.3IMERG.20260902-S180000-E182959.1080.V07C.30min.tif,0.1,0.10000000000000012,1.300000000000001,2.2,4.199999999999999,10.8,36.199999999999996,70.6,103.5,0.1,0.6,0.6,1.0,-0.20000000000000004,0.4,0.3999999999999999,436.68,21.52,343.86,-0.2779853360529779,0.9605853178867106,36.6468,0.78,24.2,232.416,2587.26408,1.452,1
2026-09-02 19:00:00+00:00,2026-09-02,2026-09-02T18:30:00+00:00,2026-09-02T19:00:00+00:00,2026-09-02T19:00:00+00:00,Singtam,27.234,88.501,0.1,3B-HHR-E.MS.MRG.3IMERG.20260902-S183000-E185959.1110.V07C.30min.tif,0.1,0.2,0.8000000000000009,2.2,4.2,10.9,36.199999999999996,67.4,103.60000000000001,0.1,0.3,0.6,1.0,0.0999999999999999,-0.5999999999999999,0.4999999999999999,436.68,21.52,343.86,-0.2779853360529779,0.9605853178867106,36.6468,0.78,24.2,234.568,2469.9943200000002,0.726,1
2026-09-02 19:30:00+00:00,2026-09-02,2026-09-02T19:00:00+00:00,2026-09-02T19:30:00+00:00,2026-09-02T19:30:00+00:00,Singtam,27.234,88.501,0.0,3B-HHR-E.MS.MRG.3IMERG.20260902-S190000-E192959.1140.V07C.30min.tif,0.0,0.10000000000000012,0.5000000000000009,2.0,4.1000000000000005,10.9,36.099999999999994,60.900000000000006,103.60000000000001,0.1,0.2,0.6,1.0,0.0,-1.0,0.20000000000000004,436.68,21.52,343.86,-0.2779853360529779,0.9605853178867106,36.6468,0.78,24.2,234.568,2231.79012,0.484,1
2026-09-02 20:00:00+00:00,2026-09-02,2026-09-02T19:30:00+00:00,2026-09-02T20:00:00+00:00,2026-09-02T20:00:00+00:00,Singtam,27.234,88.501,0.0,3B-HHR-E.MS.MRG.3IMERG.20260902-S193000-E195959.1170.V07C.30min.tif,0.0,0.0,0.30000000000000093,1.8,4.0,10.7,36.0,60.900000000000006,103.60000000000001,0.0,0.1,0.6,1.0,-0.2,-1.2,-0.29999999999999993,436.68,21.52,343.86,-0.2779853360529779,0.9605853178867106,36.6468,0.78,24.2,230.26399999999998,2231.79012,0.242,0
2026-09-02 20:30:00+00:00,2026-09-02,2026-09-02T20:00:00+00:00,2026-09-02T20:30:00+00:00,2026-09-02T20:30:00+00:00,Singtam,27.234,88.501,0.0,3B-HHR-E.MS.MRG.3IMERG.20260902-S200000-E202959.1200.V07C.30min.tif,0.0,0.0,0.2000000000000009,1.8,3.9000000000000004,10.2,35.0,60.800000000000004,103.60000000000001,0.0,0.1,0.6,1.0,-0.10000000000000012,-1.4,-0.10000000000000012,436.68,21.52,343.86,-0.2779853360529779,0.9605853178867106,36.6468,0.78,24.2,219.504,2228.1254400000003,0.242,0
2026-09-02 21:00:00+00:00,2026-09-02,2026-09-02T20:30:00+00:00,2026-09-02T21:00:00+00:00,2026-09-02T21:00:00+00:00,Singtam,27.234,88.501,0.0,3B-HHR-E.MS.MRG.3IMERG.20260902-S203000-E205959.1230.V07C.30min.tif,0.0,0.0,0.2000000000000009,1.7,2.9000000000000004,9.2,34.0,60.800000000000004,103.60000000000001,0.0,0.1,0.6,1.0,0.0,-1.3,0.2,436.68,21.52,343.86,-0.2779853360529779,0.9605853178867106,36.6468,0.78,24.2,197.98399999999998,2228.1254400000003,0.242,1
2026-09-02 21:30:00+00:00,2026-09-02,2026-09-02T21:00:00+00:00,2026-09-02T21:30:00+00:00,2026-09-02T21:30:00+00:00,Singtam,27.234,88.501,0.0,3B-HHR-E.MS.MRG.3IMERG.20260902-S210000-E212959.1260.V07C.30min.tif,0.0,0.0,0.1000000000000009,1.4,2.9000000000000004,8.5,33.4,60.7,103.60000000000001,0.0,0.1,0.6,1.0,0.0,-1.2,0.10000000000000012,436.68,21.52,343.86,-0.2779853360529779,0.9605853178867106,36.6468,0.78,24.2,182.92,2224.46076,0.242,1
2026-09-02 22:00:00+00:00,2026-09-02,2026-09-02T21:30:00+00:00,2026-09-02T22:00:00+00:00,2026-09-02T22:00:00+00:00,Singtam,27.234,88.501,0.0,3B-HHR-E.MS.MRG.3IMERG.20260902-S213000-E215959.1290.V07C.30min.tif,0.0,0.0,0.0,0.8000000000000002,2.9000000000000004,8.0,33.3,60.6,103.60000000000001,0.0,0.0,0.3,1.0,0.0,-0.8000000000000009,0.0,436.68,21.52,343.86,-0.2779853360529779,0.9605853178867106,36.6468,0.78,24.2,172.16,2220.79608,0.0,1
2026-09-02 22:30:00+00:00,2026-09-02,2026-09-02T22:00:00+00:00,2026-09-02T22:30:00+00:00,2026-09-02T22:30:00+00:00,Singtam,27.234,88.501,0.3,3B-HHR-E.MS.MRG.3IMERG.20260902-S220000-E222959.1320.V07C.30min.tif,0.3,0.3000000000000001,0.3000000000000009,0.8000000000000002,3.1,8.1,33.6,60.8,103.9,0.3,0.3,0.3,1.0,0.3000000000000001,-0.2,0.3000000000000001,436.68,21.52,343.86,-0.2779853360529779,0.9605853178867106,36.6468,0.78,24.2,174.31199999999998,2228.12544,0.726,1
2026-09-02 23:00:00+00:00,2026-09-02,2026-09-02T22:30:00+00:00,2026-09-02T23:00:00+00:00,2026-09-02T23:00:00+00:00,Singtam,27.234,88.501,0.3,3B-HHR-E.MS.MRG.3IMERG.20260902-S223000-E225959.1350.V07C.30min.tif,0.3,0.6,0.6000000000000009,0.9000000000000001,3.3,8.200000000000001,33.9,61.1,104.2,0.3,0.3,0.3,1.0,0.6,0.29999999999999993,0.6,436.68,21.52,343.86,-0.2779853360529779,0.9605853178867106,36.6468,0.78,24.2,176.46400000000003,2239.11948,0.726,1
2026-09-02 23:30:00+00:00,2026-09-02,2026-09-02T23:00:00+00:00,2026-09-02T23:30:00+00:00,2026-09-02T23:30:00+00:00,Singtam,27.234,88.501,0.0,3B-HHR-E.MS.MRG.3IMERG.20260902-S230000-E232959.1380.V07C.30min.tif,0.0,0.3000000000000001,0.6000000000000009,0.8,3.3,7.7,33.9,61.1,104.2,0.3,0.3,0.3,1.0,0.0,0.39999999999999997,-0.3000000000000001,436.68,21.52,343.86,-0.2779853360529779,0.9605853178867106,36.6468,0.78,24.2,165.704,2239.11948,0.726,0
2026-09-03 00:00:00+00:00,2026-09-02,2026-09-02T23:30:00+00:00,2026-09-03T00:00:00+00:00,2026-09-03T00:00:00+00:00,Singtam,27.234,88.501,0.0,3B-HHR-E.MS.MRG.3IMERG.20260902-S233000-E235959.1410.V07C.30min.tif,0.0,0.0,0.6000000000000009,0.8,3.1999999999999997,7.199999999999999,33.9,61.1,104.2,0.0,0.3,0.3,1.0,-0.6,0.39999999999999997,-1.2,436.68,21.52,343.86,-0.2779853360529779,0.9605853178867106,36.6468,0.78,24.2,154.944,2239.11948,0.726,0
2026-09-03 00:30:00+00:00,2026-09-03,2026-09-03T00:00:00+00:00,2026-09-03T00:30:00+00:00,2026-09-03T00:30:00+00:00,Singtam,27.234,88.501,0.0,3B-HHR-E.MS.MRG.3IMERG.20260903-S000000-E002959.0000.V07C.30min.tif,0.0,0.0,0.6000000000000009,0.7,2.9,6.8999999999999995,33.9,60.400000000000006,104.2,0.0,0.3,0.3,1.0,-0.3000000000000001,0.5,-0.3000000000000001,436.68,21.52,343.86,-0.2779853360529779,0.9605853178867106,36.6468,0.78,24.2,148.488,2213.4667200000004,0.726,0
2026-09-03 01:00:00+00:00,2026-09-03,2026-09-03T00:30:00+00:00,2026-09-03T01:00:00+00:00,2026-09-03T01:00:00+00:00,Singtam,27.234,88.501,0.0,3B-HHR-E.MS.MRG.3IMERG.20260903-S003000-E005959.0030.V07C.30min.tif,0.0,0.0,0.6000000000000009,0.6000000000000001,2.8,6.8,33.9,59.7,104.2,0.0,0.3,0.3,1.0,0.0,0.6000000000000009,0.6,436.68,21.52,343.86,-0.2779853360529779,0.9605853178867106,36.6468,0.78,24.2,146.33599999999998,2187.81396,0.726,1
2026-09-03 01:30:00+00:00,2026-09-03,2026-09-03T01:00:00+00:00,2026-09-03T01:30:00+00:00,2026-09-03T01:30:00+00:00,Singtam,27.234,88.501,0.0,3B-HHR-E.MS.MRG.3IMERG.20260903-S010000-E012959.0060.V07C.30min.tif,0.0,0.0,0.3000000000000009,0.6000000000000001,2.5999999999999996,6.8,33.9,57.0,104.2,0.0,0.3,0.3,1.0,0.0,0.0,0.3000000000000001,436.68,21.52,343.86,-0.2779853360529779,0.9605853178867106,36.6468,0.78,24.2,146.33599999999998,2088.8676,0.726,1
2026-09-03 02:00:00+00:00,2026-09-03,2026-09-03T01:30:00+00:00,2026-09-03T02:00:00+00:00,2026-09-03T02:00:00+00:00,Singtam,27.234,88.501,0.0,3B-HHR-E.MS.MRG.3IMERG.20260903-S013000-E015959.0090.V07C.30min.tif,0.0,0.0,0.0,0.6000000000000001,2.4,6.8,33.9,54.300000000000004,104.2,0.0,0.0,0.3,1.0,0.0,-0.6000000000000009,0.0,436.68,21.52,343.86,-0.2779853360529779,0.9605853178867106,36.6468,0.78,24.2,146.33599999999998,1989.9212400000001,0.0,1
2026-09-03 02:30:00+00:00,2026-09-03,2026-09-03T02:00:00+00:00,2026-09-03T02:30:00+00:00,2026-09-03T02:30:00+00:00,Singtam,27.234,88.501,0.0,3B-HHR-E.MS.MRG.3IMERG.20260903-S020000-E022959.0120.V07C.30min.tif,0.0,0.0,0.0,0.6000000000000001,2.4,6.8,33.9,53.5,104.2,0.0,0.0,0.3,1.0,0.0,-0.6000000000000009,0.0,436.68,21.52,343.86,-0.2779853360529779,0.9605853178867106,36.6468,0.78,24.2,146.33599999999998,1960.6037999999999,0.0,1
2026-09-03 03:00:00+00:00,2026-09-03,2026-09-03T02:30:00+00:00,2026-09-03T03:00:00+00:00,2026-09-03T03:00:00+00:00,Singtam,27.234,88.501,0.0,3B-HHR-E.MS.MRG.3IMERG.20260903-S023000-E025959.0150.V07C.30min.tif,0.0,0.0,0.0,0.6000000000000001,2.3,6.8,33.9,53.0,104.2,0.0,0.0,0.3,1.0,0.0,-0.6000000000000009,0.0,436.68,21.52,343.86,-0.2779853360529779,0.9605853178867106,36.6468,0.78,24.2,146.33599999999998,1942.2803999999999,0.0,1
2026-09-03 03:30:00+00:00,2026-09-03,2026-09-03T03:00:00+00:00,2026-09-03T03:30:00+00:00,2026-09-03T03:30:00+00:00,Singtam,27.234,88.501,0.1,3B-HHR-E.MS.MRG.3IMERG.20260903-S030000-E032959.0180.V07C.30min.tif,0.1,0.10000000000000012,0.1000000000000009,0.7000000000000001,2.1,6.9,34.0,52.8,104.3,0.1,0.1,0.3,1.0,0.10000000000000012,-0.5,0.10000000000000012,436.68,21.52,343.86,-0.2779853360529779,0.9605853178867106,36.6468,0.78,24.2,148.488,1934.95104,0.242,1
2026-09-03 04:00:00+00:00,2026-09-03,2026-09-03T03:30:00+00:00,2026-09-03T04:00:00+00:00,2026-09-03T04:00:00+00:00,Singtam,27.234,88.501,0.0,3B-HHR-E.MS.MRG.3IMERG.20260903-S033000-E035959.0210.V07C.30min.tif,0.0,0.10000000000000012,0.1000000000000009,0.7000000000000001,1.4999999999999998,6.800000000000001,34.0,52.699999999999996,104.3,0.1,0.1,0.3,1.0,0.10000000000000012,-0.5,0.10000000000000012,436.68,21.52,343.86,-0.2779853360529779,0.9605853178867106,36.6468,0.78,24.2,146.336,1931.2863599999998,0.242,1
2026-09-03 04:30:00+00:00,2026-09-03,2026-09-03T04:00:00+00:00,2026-09-03T04:30:00+00:00,2026-09-03T04:30:00+00:00,Singtam,27.234,88.501,0.0,3B-HHR-E.MS.MRG.3IMERG.20260903-S040000-E042959.0240.V07C.30min.tif,0.0,0.0,0.1000000000000009,0.40000000000000013,1.2,6.1000000000000005,34.0,52.599999999999994,104.3,0.0,0.1,0.3,1.0,-0.10000000000000012,-0.19999999999999998,-0.20000000000000023,436.68,21.52,343.86,-0.2779853360529779,0.9605853178867106,36.6468,0.78,24.2,131.27200000000002,1927.6216799999997,0.242,0
2026-09-03 05:00:00+00:00,2026-09-03,2026-09-03T04:30:00+00:00,2026-09-03T05:00:00+00:00,2026-09-03T05:00:00+00:00,Singtam,27.234,88.501,0.0,3B-HHR-E.MS.MRG.3IMERG.20260903-S043000-E045959.0270.V07C.30min.tif,0.0,0.0,0.1000000000000009,0.10000000000000012,1.0,5.5,34.0,52.599999999999994,104.3,0.0,0.1,0.1,1.0,-0.10000000000000012,0.1000000000000009,-0.20000000000000023,436.68,21.52,343.86,-0.2779853360529779,0.9605853178867106,36.6468,0.78,24.2,118.36,1927.6216799999997,0.242,0
2026-09-03 05:30:00+00:00,2026-09-03,2026-09-03T05:00:00+00:00,2026-09-03T05:30:00+00:00,2026-09-03T05:30:00+00:00,Singtam,27.234,88.501,0.0,3B-HHR-E.MS.MRG.3IMERG.20260903-S050000-E052959.0300.V07C.30min.tif,0.0,0.0,0.1000000000000009,0.10000000000000012,0.9,5.1000000000000005,34.0,52.599999999999994,104.3,0.0,0.1,0.1,1.0,0.0,0.1000000000000009,0.10000000000000012,436.68,21.52,343.86,-0.2779853360529779,0.9605853178867106,36.6468,0.78,24.2,109.75200000000001,1927.6216799999997,0.242,1
2026-09-03 06:00:00+00:00,2026-09-03,2026-09-03T05:30:00+00:00,2026-09-03T06:00:00+00:00,2026-09-03T06:00:00+00:00,Singtam,27.234,88.501,0.0,3B-HHR-E.MS.MRG.3IMERG.20260903-S053000-E055959.0330.V07C.30min.tif,0.0,0.0,0.1000000000000009,0.10000000000000012,0.9,5.0,34.0,52.599999999999994,104.3,0.0,0.1,0.1,1.0,0.0,0.1000000000000009,0.10000000000000012,436.68,21.52,343.86,-0.2779853360529779,0.9605853178867106,36.6468,0.78,24.2,107.6,1927.6216799999997,0.242,1
2026-09-03 06:30:00+00:00,2026-09-03,2026-09-03T06:00:00+00:00,2026-09-03T06:30:00+00:00,2026-09-03T06:30:00+00:00,Singtam,27.234,88.501,0.0,3B-HHR-E.MS.MRG.3IMERG.20260903-S060000-E062959.0360.V07C.30min.tif,0.0,0.0,0.0,0.10000000000000012,0.8,5.0,34.0,52.599999999999994,104.3,0.0,0.0,0.1,1.0,0.0,-0.1000000000000009,0.0,436.68,21.52,343.86,-0.2779853360529779,0.9605853178867106,36.6468,0.78,24.2,107.6,1927.6216799999997,0.0,1
2026-09-03 07:00:00+00:00,2026-09-03,2026-09-03T06:30:00+00:00,2026-09-03T07:00:00+00:00,2026-09-03T07:00:00+00:00,Singtam,27.234,88.501,0.1,3B-HHR-E.MS.MRG.3IMERG.20260903-S063000-E065959.0390.V07C.30min.tif,0.1,0.10000000000000012,0.1000000000000009,0.20000000000000012,0.7999999999999999,5.0,34.1,52.699999999999996,104.4,0.1,0.1,0.1,1.0,0.10000000000000012,0.0,0.10000000000000012,436.68,21.52,343.86,-0.2779853360529779,0.9605853178867106,36.6468,0.78,24.2,107.6,1931.2863599999998,0.242,1
2026-09-03 07:30:00+00:00,2026-09-03,2026-09-03T07:00:00+00:00,2026-09-03T07:30:00+00:00,2026-09-03T07:30:00+00:00,Singtam,27.234,88.501,0.0,3B-HHR-E.MS.MRG.3IMERG.20260903-S070000-E072959.0420.V07C.30min.tif,0.0,0.10000000000000012,0.1000000000000009,0.20000000000000012,0.7999999999999999,4.9,31.599999999999998,52.699999999999996,104.3,0.1,0.1,0.1,1.0,0.10000000000000012,0.0,0.10000000000000012,436.68,21.52,343.86,-0.2779853360529779,0.9605853178867106,36.6468,0.78,24.2,105.44800000000001,1931.2863599999998,0.242,1
2026-09-03 08:00:00+00:00,2026-09-03,2026-09-03T07:30:00+00:00,2026-09-03T08:00:00+00:00,2026-09-03T08:00:00+00:00,Singtam,27.234,88.501,0.0,3B-HHR-E.MS.MRG.3IMERG.20260903-S073000-E075959.0450.V07C.30min.tif,0.0,0.0,0.1000000000000009,0.20000000000000012,0.7999999999999999,4.8,29.599999999999998,52.699999999999996,104.2,0.0,0.1,0.1,1.0,-0.10000000000000012,0.0,-0.20000000000000023,436.68,21.52,343.86,-0.2779853360529779,0.9605853178867106,36.6468,0.78,24.2,103.29599999999999,1931.2863599999998,0.242,0
2026-09-03 08:30:00+00:00,2026-09-03,2026-09-03T08:00:00+00:00,2026-09-03T08:30:00+00:00,2026-09-03T08:30:00+00:00,Singtam,27.234,88.501,0.0,3B-HHR-E.MS.MRG.3IMERG.20260903-S080000-E082959.0480.V07C.30min.tif,0.0,0.0,0.1000000000000009,0.20000000000000012,0.7999999999999999,4.7,27.2,52.699999999999996,104.2,0.0,0.1,0.1,1.0,-0.10000000000000012,0.0,-0.20000000000000023,436.68,21.52,343.86,-0.2779853360529779,0.9605853178867106,36.6468,0.78,24.2,101.144,1931.2863599999998,0.242,0
2026-09-03 09:00:00+00:00,2026-09-03,2026-09-03T08:30:00+00:00,2026-09-03T09:00:00+00:00,2026-09-03T09:00:00+00:00,Singtam,27.234,88.501,0.0,3B-HHR-E.MS.MRG.3IMERG.20260903-S083000-E085959.0510.V07C.30min.tif,0.0,0.0,0.1000000000000009,0.20000000000000012,0.7999999999999999,3.7,24.9,52.699999999999996,104.2,0.0,0.1,0.1,0.6,0.0,0.0,0.10000000000000012,436.68,21.52,343.86,-0.2779853360529779,0.9605853178867106,36.6468,0.78,24.2,79.624,1931.2863599999998,0.242,0
2026-09-03 09:30:00+00:00,2026-09-03,2026-09-03T09:00:00+00:00,2026-09-03T09:30:00+00:00,2026-09-03T09:30:00+00:00,Singtam,27.234,88.501,0.0,3B-HHR-E.MS.MRG.3IMERG.20260903-S090000-E092959.0540.V07C.30min.tif,0.0,0.0,0.1000000000000009,0.10000000000000012,0.7999999999999999,3.7,23.4,52.699999999999996,104.10000000000001,0.0,0.1,0.1,0.6,0.0,0.1000000000000009,0.10000000000000012,436.68,21.52,343.86,-0.2779853360529779,0.9605853178867106,36.6468,0.78,24.2,79.624,1931.2863599999998,0.242,0
2026-09-03 10:00:00+00:00,2026-09-03,2026-09-03T09:30:00+00:00,2026-09-03T10:00:00+00:00,2026-09-03T10:00:00+00:00,Singtam,27.234,88.501,0.0,3B-HHR-E.MS.MRG.3IMERG.20260903-S093000-E095959.0570.V07C.30min.tif,0.0,0.0,0.0,0.10000000000000012,0.7999999999999999,3.7,23.0,52.699999999999996,104.0,0.0,0.0,0.1,0.6,0.0,-0.1000000000000009,0.0,436.68,21.52,343.86,-0.2779853360529779,0.9605853178867106,36.6468,0.78,24.2,79.624,1931.2863599999998,0.0,0
2026-09-03 10:30:00+00:00,2026-09-03,2026-09-03T10:00:00+00:00,2026-09-03T10:30:00+00:00,2026-09-03T10:30:00+00:00,Singtam,27.234,88.501,0.0,3B-HHR-E.MS.MRG.3IMERG.20260903-S100000-E102959.0600.V07C.30min.tif,0.0,0.0,0.0,0.10000000000000012,0.5,3.6,22.5,52.699999999999996,103.9,0.0,0.0,0.1,0.6,0.0,-0.1000000000000009,0.0,436.68,21.52,343.86,-0.2779853360529779,0.9605853178867106,36.6468,0.78,24.2,77.472,1931.2863599999998,0.0,0
2026-09-03 11:00:00+00:00,2026-09-03,2026-09-03T10:30:00+00:00,2026-09-03T11:00:00+00:00,2026-09-03T11:00:00+00:00,Singtam,27.234,88.501,0.0,3B-HHR-E.MS.MRG.3IMERG.20260903-S103000-E105959.0630.V07C.30min.tif,0.0,0.0,0.0,0.10000000000000012,0.2,3.5,18.299999999999997,52.699999999999996,103.8,0.0,0.0,0.1,0.6,0.0,-0.1000000000000009,0.0,436.68,21.52,343.86,-0.2779853360529779,0.9605853178867106,36.6468,0.78,24.2,75.32,1931.2863599999998,0.0,0
2026-09-03 11:30:00+00:00,2026-09-03,2026-09-03T11:00:00+00:00,2026-09-03T11:30:00+00:00,2026-09-03T11:30:00+00:00,Singtam,27.234,88.501,0.0,3B-HHR-E.MS.MRG.3IMERG.20260903-S110000-E112959.0660.V07C.30min.tif,0.0,0.0,0.0,0.10000000000000012,0.2,3.5,16.9,52.6,103.7,0.0,0.0,0.1,0.6,0.0,-0.1000000000000009,0.0,436.68,21.52,343.86,-0.2779853360529779,0.9605853178867106,36.6468,0.78,24.2,75.32,1927.62168,0.0,0
2026-09-03 12:00:00+00:00,2026-09-03,2026-09-03T11:30:00+00:00,2026-09-03T12:00:00+00:00,2026-09-03T12:00:00+00:00,Singtam,27.234,88.501,0.1,3B-HHR-E.MS.MRG.3IMERG.20260903-S113000-E115959.0690.V07C.30min.tif,0.1,0.10000000000000012,0.1000000000000009,0.20000000000000012,0.30000000000000004,3.5,16.7,50.2,103.8,0.1,0.1,0.1,0.6,0.10000000000000012,0.0,0.10000000000000012,436.68,21.52,343.86,-0.2779853360529779,0.9605853178867106,36.6468,0.78,24.2,75.32,1839.66936,0.242,0
2026-09-03 12:30:00+00:00,2026-09-03,2026-09-03T12:00:00+00:00,2026-09-03T12:30:00+00:00,2026-09-03T12:30:00+00:00,Singtam,27.234,88.501,0.0,3B-HHR-E.MS.MRG.3IMERG.20260903-S120000-E122959.0720.V07C.30min.tif,0.0,0.10000000000000012,0.1000000000000009,0.20000000000000012,0.30000000000000004,3.2,16.599999999999998,47.7,103.8,0.1,0.1,0.1,0.6,0.10000000000000012,0.0,0.10000000000000012,436.68,21.52,343.86,-0.2779853360529779,0.9605853178867106,36.6468,0.78,24.2,68.864,1748.0523600000001,0.242,0
2026-09-03 13:00:00+00:00,2026-09-03,2026-09-03T12:30:00+00:00,2026-09-03T13:00:00+00:00,2026-09-03T13:00:00+00:00,Singtam,27.234,88.501,0.1,3B-HHR-E.MS.MRG.3IMERG.20260903-S123000-E125959.0750.V07C.30min.tif,0.1,0.10000000000000012,0.2000000000000009,0.20000000000000012,0.4,3.2,16.599999999999998,45.9,103.9,0.1,0.1,0.1,0.6,0.0,0.2000000000000009,-0.10000000000000012,436.68,21.52,343.86,-0.2779853360529779,0.9605853178867106,36.6468,0.78,24.2,68.864,1682.08812,0.242,0
2026-09-03 13:30:00+00:00,2026-09-03,2026-09-03T13:00:00+00:00,2026-09-03T13:30:00+00:00,2026-09-03T13:30:00+00:00,Singtam,27.234,88.501,0.1,3B-HHR-E.MS.MRG.3IMERG.20260903-S130000-E132959.0780.V07C.30min.tif,0.1,0.2,0.30000000000000093,0.30000000000000016,0.5,3.0999999999999996,15.999999999999998,44.800000000000004,104.0,0.1,0.1,0.1,0.6,0.0999999999999999,0.30000000000000093,-2.220446049250313e-16,436.68,21.52,343.86,-0.2779853360529779,0.9605853178867106,36.6468,0.78,24.2,66.71199999999999,1641.77664,0.242,0
2026-09-03 14:00:00+00:00,2026-09-03,2026-09-03T13:30:00+00:00,2026-09-03T14:00:00+00:00,2026-09-03T14:00:00+00:00,Singtam,27.234,88.501,0.0,3B-HHR-E.MS.MRG.3IMERG.20260903-S133000-E135959.0810.V07C.30min.tif,0.0,0.10000000000000012,0.30000000000000093,0.30000000000000016,0.5,2.9,15.299999999999999,44.300000000000004,104.0,0.1,0.1,0.1,0.6,0.0,0.30000000000000093,0.0,436.68,21.52,343.86,-0.2779853360529779,0.9605853178867106,36.6468,0.78,24.2,62.407999999999994,1623.45324,0.242,0
2026-09-03 14:30:00+00:00,2026-09-03,2026-09-03T14:00:00+00:00,2026-09-03T14:30:00+00:00,2026-09-03T14:30:00+00:00,Singtam,27.234,88.501,0.0,3B-HHR-E.MS.MRG.3IMERG.20260903-S140000-E142959.0840.V07C.30min.tif,0.0,0.0,0.30000000000000093,0.30000000000000016,0.5,2.9,14.899999999999999,43.900000000000006,104.0,0.0,0.1,0.1,0.6,-0.2,0.30000000000000093,-0.29999999999999993,436.68,21.52,343.86,-0.2779853360529779,0.9605853178867106,36.6468,0.78,24.2,62.407999999999994,1608.7945200000001,0.242,0
2026-09-03 15:00:00+00:00,2026-09-03,2026-09-03T14:30:00+00:00,2026-09-03T15:00:00+00:00,2026-09-03T15:00:00+00:00,Singtam,27.234,88.501,0.1,3B-HHR-E.MS.MRG.3IMERG.20260903-S143000-E145959.0870.V07C.30min.tif,0.1,0.10000000000000012,0.30000000000000093,0.40000000000000013,0.6000000000000001,2.9,14.799999999999999,43.8,104.1,0.1,0.1,0.1,0.6,0.0,0.20000000000000004,0.0,436.68,21.52,343.86,-0.2779853360529779,0.9605853178867106,36.6468,0.78,24.2,62.407999999999994,1605.1298399999998,0.242,0
2026-09-03 15:30:00+00:00,2026-09-03,2026-09-03T15:00:00+00:00,2026-09-03T15:30:00+00:00,2026-09-03T15:30:00+00:00,Singtam,27.234,88.501,0.2,3B-HHR-E.MS.MRG.3IMERG.20260903-S150000-E152959.0900.V07C.30min.tif,0.2,0.30000000000000016,0.5000000000000009,0.6000000000000001,0.7000000000000001,2.8,14.7,42.0,104.3,0.2,0.2,0.2,0.6,0.30000000000000016,0.4,0.5000000000000002,436.68,21.52,343.86,-0.2779853360529779,0.9605853178867106,36.6468,0.78,24.2,60.25599999999999,1539.1656,0.484,0
2026-09-03 16:00:00+00:00,2026-09-03,2026-09-03T15:30:00+00:00,2026-09-03T16:00:00+00:00,2026-09-03T16:00:00+00:00,Singtam,27.234,88.501,0.4,3B-HHR-E.MS.MRG.3IMERG.20260903-S153000-E155959.0930.V07C.30min.tif,0.4,0.6000000000000002,0.8000000000000009,1.0000000000000002,1.1,2.6,14.3,40.4,104.60000000000001,0.4,0.4,0.4,0.4,0.5000000000000001,0.6000000000000001,0.5000000000000001,436.68,21.52,343.86,-0.2779853360529779,0.9605853178867106,36.6468,0.78,24.2,55.952,1480.53072,0.968,0
2026-09-03 16:30:00+00:00,2026-09-03,2026-09-03T16:00:00+00:00,2026-09-03T16:30:00+00:00,2026-09-03T16:30:00+00:00,Singtam,27.234,88.501,0.1,3B-HHR-E.MS.MRG.3IMERG.20260903-S160000-E162959.0960.V07C.30min.tif,0.1,0.5000000000000002,0.8000000000000008,1.1,1.2000000000000002,2.4,13.6,40.1,104.6,0.4,0.4,0.4,0.4,0.20000000000000007,0.4999999999999999,-0.10000000000000009,436.68,21.52,343.86,-0.2779853360529779,0.9605853178867106,36.6468,0.78,24.2,51.647999999999996,1469.53668,0.968,0
2026-09-03 17:00:00+00:00,2026-09-03,2026-09-03T16:30:00+00:00,2026-09-03T17:00:00+00:00,2026-09-03T17:00:00+00:00,Singtam,27.234,88.501,0.1,3B-HHR-E.MS.MRG.3IMERG.20260903-S163000-E165959.0990.V07C.30min.tif,0.1,0.2,0.900000000000001,1.2000000000000002,1.3,2.3000000000000003,13.2,39.800000000000004,104.7,0.1,0.4,0.4,0.4,-0.4000000000000002,0.6000000000000001,-0.9000000000000004,436.68,21.52,343.86,-0.2779853360529779,0.9605853178867106,36.6468,0.78,24.2,49.496,1458.5426400000001,0.968,0
2026-09-03 17:30:00+00:00,2026-09-03,2026-09-03T17:00:00+00:00,2026-09-03T17:30:00+00:00,2026-09-03T17:30:00+00:00,Singtam,27.234,88.501,0.0,3B-HHR-E.MS.MRG.3IMERG.20260903-S170000-E172959.1020.V07C.30min.tif,0.0,0.10000000000000017,0.900000000000001,1.2000000000000002,1.3,2.2,12.899999999999999,39.1,104.7,0.1,0.4,0.4,0.4,-0.4,0.6000000000000001,-0.6000000000000001,436.68,21.52,343.86,-0.2779853360529779,0.9605853178867106,36.6468,0.78,24.2,47.344,1432.88988,0.968,0
2026-09-03 18:00:00+00:00,2026-09-03,2026-09-03T17:30:00+00:00,2026-09-03T18:00:00+00:00,2026-09-03T18:00:00+00:00,Singtam,27.234,88.501,0.0,3B-HHR-E.MS.MRG.3IMERG.20260903-S173000-E175959.1050.V07C.30min.tif,0.0,0.0,0.8000000000000009,1.1,1.3,2.2,12.899999999999999,38.400000000000006,104.7,0.0,0.4,0.4,0.4,-0.2,0.5,0.20000000000000018,436.68,21.52,343.86,-0.2779853360529779,0.9605853178867106,36.6468,0.78,24.2,47.344,1407.2371200000002,0.968,0
2026-09-03 18:30:00+00:00,2026-09-03,2026-09-03T18:00:00+00:00,2026-09-03T18:30:00+00:00,2026-09-03T18:30:00+00:00,Singtam,27.234,88.501,1.0,3B-HHR-E.MS.MRG.3IMERG.20260903-S180000-E182959.1080.V07C.30min.tif,1.0,1.0000000000000002,1.600000000000001,2.1,2.3,3.1,13.899999999999999,39.300000000000004,105.7,1.0,1.0,1.0,1.0,0.9,1.1,1.3,436.68,21.52,343.86,-0.2779853360529779,0.9605853178867106,36.6468,0.78,24.2,66.712,1440.2192400000001,2.42,0
2026-09-03 19:00:00+00:00,2026-09-03,2026-09-03T18:30:00+00:00,2026-09-03T19:00:00+00:00,2026-09-03T19:00:00+00:00,Singtam,27.234,88.501,1.1,3B-HHR-E.MS.MRG.3IMERG.20260903-S183000-E185959.1110.V07C.30min.tif,1.1,2.1000000000000005,2.300000000000001,3.1,3.3,4.1,14.999999999999998,40.300000000000004,106.8,1.1,1.1,1.1,1.1,2.1000000000000005,1.5000000000000002,2.3000000000000007,436.68,21.52,343.86,-0.2779853360529779,0.9605853178867106,36.6468,0.78,24.2,88.23199999999999,1476.86604,2.662,0
2026-09-03 19:30:00+00:00,2026-09-03,2026-09-03T19:00:00+00:00,2026-09-03T19:30:00+00:00,2026-09-03T19:30:00+00:00,Singtam,27.234,88.501,4.1,3B-HHR-E.MS.MRG.3IMERG.20260903-S190000-E192959.1140.V07C.30min.tif,4.1,5.2,6.300000000000001,7.1,7.3999999999999995,8.2,19.099999999999998,44.3,110.8,4.1,4.1,4.1,4.1,4.2,5.5,3.3000000000000003,436.68,21.52,343.86,-0.2779853360529779,0.9605853178867106,36.6468,0.78,24.2,176.46399999999997,1623.4532399999998,9.921999999999999,0
2026-09-03 20:00:00+00:00,2026-09-03,2026-09-03T19:30:00+00:00,2026-09-03T20:00:00+00:00,2026-09-03T20:00:00+00:00,Singtam,27.234,88.501,0.2,3B-HHR-E.MS.MRG.3IMERG.20260903-S193000-E195959.1170.V07C.30min.tif,0.2,4.3,6.400000000000001,7.3,7.6,8.399999999999999,19.099999999999998,44.4,110.8,4.1,4.1,4.1,4.1,2.1999999999999993,5.5,0.09999999999999876,436.68,21.52,343.86,-0.2779853360529779,0.9605853178867106,36.6468,0.78,24.2,180.76799999999997,1627.11792,9.921999999999999,0
2026-09-03 20:30:00+00:00,2026-09-03,2026-09-03T20:00:00+00:00,2026-09-03T20:30:00+00:00,2026-09-03T20:30:00+00:00,Singtam,27.234,88.501,0.1,3B-HHR-E.MS.MRG.3IMERG.20260903-S200000-E202959.1200.V07C.30min.tif,0.1,0.30000000000000004,6.500000000000001,7.3999999999999995,7.699999999999999,8.5,18.7,43.5,110.7,0.2,4.1,4.1,4.1,-4.9,5.6,-9.100000000000001,436.68,21.52,343.86,-0.2779853360529779,0.9605853178867106,36.6468,0.78,24.2,182.92,1594.1358,9.921999999999999,0
2026-09-03 21:00:00+00:00,2026-09-03,2026-09-03T20:30:00+00:00,2026-09-03T21:00:00+00:00,2026-09-03T21:00:00+00:00,Singtam,27.234,88.501,0.1,3B-HHR-E.MS.MRG.3IMERG.20260903-S203000-E205959.1230.V07C.30min.tif,0.1,0.2,6.600000000000001,7.3999999999999995,7.8,8.6,17.799999999999997,42.599999999999994,110.6,0.1,4.1,4.1,4.1,-4.1,5.800000000000001,-6.299999999999999,436.68,21.52,343.86,-0.2779853360529779,0.9605853178867106,36.6468,0.78,24.2,185.072,1561.1536799999997,9.921999999999999,0
2026-09-03 21:30:00+00:00,2026-09-03,2026-09-03T21:00:00+00:00,2026-09-03T21:30:00+00:00,2026-09-03T21:30:00+00:00,Singtam,27.234,88.501,0.1,3B-HHR-E.MS.MRG.3IMERG.20260903-S210000-E212959.1260.V07C.30min.tif,0.1,0.2,5.700000000000001,7.3,7.8999999999999995,8.7,17.2,42.1,110.6,0.1,4.1,4.1,4.1,-0.10000000000000003,4.1,4.800000000000001,436.68,21.52,343.86,-0.2779853360529779,0.9605853178867106,36.6468,0.78,24.2,187.224,1542.83028,9.921999999999999,0
2026-09-03 22:00:00+00:00,2026-09-03,2026-09-03T21:30:00+00:00,2026-09-03T22:00:00+00:00,2026-09-03T22:00:00+00:00,Singtam,27.234,88.501,0.1,3B-HHR-E.MS.MRG.3IMERG.20260903-S213000-E215959.1290.V07C.30min.tif,0.1,0.2,4.7,6.999999999999999,7.999999999999999,8.799999999999999,16.8,42.1,110.60000000000001,0.1,4.1,4.1,4.1,0.0,2.399999999999999,4.1,436.68,21.52,343.86,-0.2779853360529779,0.9605853178867106,36.6468,0.78,24.2,189.37599999999998,1542.83028,9.921999999999999,0
2026-09-03 22:30:00+00:00,2026-09-03,2026-09-03T22:00:00+00:00,2026-09-03T22:30:00+00:00,2026-09-03T22:30:00+00:00,Singtam,27.234,88.501,0.0,3B-HHR-E.MS.MRG.3IMERG.20260903-S220000-E222959.1320.V07C.30min.tif,0.0,0.1,0.600000000000001,6.8999999999999995,7.999999999999999,8.5,16.6,42.1,110.60000000000001,0.1,0.2,4.1,4.1,-0.1,-5.699999999999999,2.7755575615628914e-17,436.68,21.52,343.86,-0.2779853360529779,0.9605853178867106,36.6468,0.78,24.2,182.92,1542.83028,0.484,0
2026-09-03 23:00:00+00:00,2026-09-03,2026-09-03T22:30:00+00:00,2026-09-03T23:00:00+00:00,2026-09-03T23:00:00+00:00,Singtam,27.234,88.501,0.0,3B-HHR-E.MS.MRG.3IMERG.20260903-S223000-E225959.1350.V07C.30min.tif,0.0,0.0,0.4000000000000009,6.799999999999999,7.999999999999999,8.2,16.4,42.1,110.60000000000001,0.0,0.1,4.1,4.1,-0.2,-6.0,-0.2,436.68,21.52,343.86,-0.2779853360529779,0.9605853178867106,36.6468,0.78,24.2,176.46399999999997,1542.83028,0.242,0
2026-09-03 23:30:00+00:00,2026-09-03,2026-09-03T23:00:00+00:00,2026-09-03T23:30:00+00:00,2026-09-03T23:30:00+00:00,Singtam,27.234,88.501,0.0,3B-HHR-E.MS.MRG.3IMERG.20260903-S230000-E232959.1380.V07C.30min.tif,0.0,0.0,0.30000000000000093,6.799999999999999,7.999999999999999,8.2,15.899999999999999,42.1,110.60000000000001,0.0,0.1,4.1,4.1,-0.1,-6.2,0.0,436.68,21.52,343.86,-0.2779853360529779,0.9605853178867106,36.6468,0.78,24.2,176.46399999999997,1542.83028,0.242,0
2026-09-04 00:00:00+00:00,2026-09-03,2026-09-03T23:30:00+00:00,2026-09-04T00:00:00+00:00,2026-09-04T00:00:00+00:00,Singtam,27.234,88.501,0.0,3B-HHR-E.MS.MRG.3IMERG.20260903-S233000-E235959.1410.V07C.30min.tif,0.0,0.0,0.2000000000000009,6.799999999999999,7.8999999999999995,8.2,15.399999999999999,42.1,110.60000000000001,0.0,0.1,4.1,4.1,0.0,-6.4,0.2,436.68,21.52,343.86,-0.2779853360529779,0.9605853178867106,36.6468,0.78,24.2,176.46399999999997,1542.83028,0.242,0
2026-09-04 00:30:00+00:00,2026-09-04,2026-09-04T00:00:00+00:00,2026-09-04T00:30:00+00:00,2026-09-04T00:30:00+00:00,Singtam,27.234,88.501,0.0,3B-HHR-E.MS.MRG.3IMERG.20260904-S000000-E002959.0000.V07C.30min.tif,0.0,0.0,0.1000000000000009,5.799999999999999,7.8999999999999995,8.2,15.099999999999998,42.1,110.60000000000001,0.0,0.1,4.1,4.1,0.0,-5.6000000000000005,0.1,436.68,21.52,343.86,-0.2779853360529779,0.9605853178867106,36.6468,0.78,24.2,176.46399999999997,1542.83028,0.242,0
2026-09-04 01:00:00+00:00,2026-09-04,2026-09-04T00:30:00+00:00,2026-09-04T01:00:00+00:00,2026-09-04T01:00:00+00:00,Singtam,27.234,88.501,0.0,3B-HHR-E.MS.MRG.3IMERG.20260904-S003000-E005959.0030.V07C.30min.tif,0.0,0.0,0.0,4.699999999999999,7.799999999999999,8.2,14.999999999999998,42.1,110.60000000000001,0.0,0.0,4.1,4.1,0.0,-4.7,0.0,436.68,21.52,343.86,-0.2779853360529779,0.9605853178867106,36.6468,0.78,24.2,176.46399999999997,1542.83028,0.0,0
2026-09-04 01:30:00+00:00,2026-09-04,2026-09-04T01:00:00+00:00,2026-09-04T01:30:00+00:00,2026-09-04T01:30:00+00:00,Singtam,27.234,88.501,0.0,3B-HHR-E.MS.MRG.3IMERG.20260904-S010000-E012959.0060.V07C.30min.tif,0.0,0.0,0.0,0.6000000000000001,7.699999999999999,8.2,14.999999999999998,42.1,110.60000000000001,0.0,0.0,0.2,4.1,0.0,-0.600000000000001,0.0,436.68,21.52,343.86,-0.2779853360529779,0.9605853178867106,36.6468,0.78,24.2,176.46399999999997,1542.83028,0.0,0
2026-09-04 02:00:00+00:00,2026-09-04,2026-09-04T01:30:00+00:00,2026-09-04T02:00:00+00:00,2026-09-04T02:00:00+00:00,Singtam,27.234,88.501,0.0,3B-HHR-E.MS.MRG.3IMERG.20260904-S013000-E015959.0090.V07C.30min.tif,0.0,0.0,0.0,0.4,7.699999999999999,8.2,14.999999999999998,42.1,110.60000000000001,0.0,0.0,0.1,4.1,0.0,-0.4000000000000009,0.0,436.68,21.52,343.86,-0.2779853360529779,0.9605853178867106,36.6468,0.78,24.2,176.46399999999997,1542.83028,0.0,0
2026-09-04 02:30:00+00:00,2026-09-04,2026-09-04T02:00:00+00:00,2026-09-04T02:30:00+00:00,2026-09-04T02:30:00+00:00,Singtam,27.234,88.501,0.0,3B-HHR-E.MS.MRG.3IMERG.20260904-S020000-E022959.0120.V07C.30min.tif,0.0,0.0,0.0,0.30000000000000004,7.699999999999999,8.2,14.999999999999998,42.1,110.60000000000001,0.0,0.0,0.1,4.1,0.0,-0.30000000000000093,0.0,436.68,21.52,343.86,-0.2779853360529779,0.9605853178867106,36.6468,0.78,24.2,176.46399999999997,1542.83028,0.0,0
2026-09-04 03:00:00+00:00,2026-09-04,2026-09-04T02:30:00+00:00,2026-09-04T03:00:00+00:00,2026-09-04T03:00:00+00:00,Singtam,27.234,88.501,0.0,3B-HHR-E.MS.MRG.3IMERG.20260904-S023000-E025959.0150.V07C.30min.tif,0.0,0.0,0.0,0.2,7.599999999999999,8.2,14.999999999999998,42.1,110.60000000000001,0.0,0.0,0.1,4.1,0.0,-0.2000000000000009,0.0,436.68,21.52,343.86,-0.2779853360529779,0.9605853178867106,36.6468,0.78,24.2,176.46399999999997,1542.83028,0.0,0
2026-09-04 03:30:00+00:00,2026-09-04,2026-09-04T03:00:00+00:00,2026-09-04T03:30:00+00:00,2026-09-04T03:30:00+00:00,Singtam,27.234,88.501,0.0,3B-HHR-E.MS.MRG.3IMERG.20260904-S030000-E032959.0180.V07C.30min.tif,0.0,0.0,0.0,0.1,7.3999999999999995,8.1,14.999999999999998,42.1,110.60000000000001,0.0,0.0,0.1,4.1,0.0,-0.1000000000000009,0.0,436.68,21.52,343.86,-0.2779853360529779,0.9605853178867106,36.6468,0.78,24.2,174.31199999999998,1542.83028,0.0,0
2026-09-04 04:00:00+00:00,2026-09-04,2026-09-04T03:30:00+00:00,2026-09-04T04:00:00+00:00,2026-09-04T04:00:00+00:00,Singtam,27.234,88.501,0.0,3B-HHR-E.MS.MRG.3IMERG.20260904-S033000-E035959.0210.V07C.30min.tif,0.0,0.0,0.0,0.0,6.999999999999999,8.1,14.899999999999999,42.1,110.60000000000001,0.0,0.0,0.0,4.1,0.0,0.0,0.0,436.68,21.52,343.86,-0.2779853360529779,0.9605853178867106,36.6468,0.78,24.2,174.31199999999998,1542.83028,0.0,0
2026-09-04 04:30:00+00:00,2026-09-04,2026-09-04T04:00:00+00:00,2026-09-04T04:30:00+00:00,2026-09-04T04:30:00+00:00,Singtam,27.234,88.501,0.0,3B-HHR-E.MS.MRG.3IMERG.20260904-S040000-E042959.0240.V07C.30min.tif,0.0,0.0,0.0,0.0,6.8999999999999995,8.1,14.199999999999998,42.1,110.60000000000001,0.0,0.0,0.0,4.1,0.0,0.0,0.0,436.68,21.52,343.86,-0.2779853360529779,0.9605853178867106,36.6468,0.78,24.2,174.31199999999998,1542.83028,0.0,0
2026-09-04 05:00:00+00:00,2026-09-04,2026-09-04T04:30:00+00:00,2026-09-04T05:00:00+00:00,2026-09-04T05:00:00+00:00,Singtam,27.234,88.501,0.0,3B-HHR-E.MS.MRG.3IMERG.20260904-S043000-E045959.0270.V07C.30min.tif,0.0,0.0,0.0,0.0,6.799999999999999,8.1,13.599999999999998,42.1,110.60000000000001,0.0,0.0,0.0,4.1,0.0,0.0,0.0,436.68,21.52,343.86,-0.2779853360529779,0.9605853178867106,36.6468,0.78,24.2,174.31199999999998,1542.83028,0.0,0
2026-09-04 05:30:00+00:00,2026-09-04,2026-09-04T05:00:00+00:00,2026-09-04T05:30:00+00:00,2026-09-04T05:30:00+00:00,Singtam,27.234,88.501,0.0,3B-HHR-E.MS.MRG.3IMERG.20260904-S050000-E052959.0300.V07C.30min.tif,0.0,0.0,0.0,0.0,6.799999999999999,8.1,13.199999999999998,42.1,110.60000000000001,0.0,0.0,0.0,4.1,0.0,0.0,0.0,436.68,21.52,343.86,-0.2779853360529779,0.9605853178867106,36.6468,0.78,24.2,174.31199999999998,1542.83028,0.0,0
2026-09-04 06:00:00+00:00,2026-09-04,2026-09-04T05:30:00+00:00,2026-09-04T06:00:00+00:00,2026-09-04T06:00:00+00:00,Singtam,27.234,88.501,0.0,3B-HHR-E.MS.MRG.3IMERG.20260904-S053000-E055959.0330.V07C.30min.tif,0.0,0.0,0.0,0.0,6.799999999999999,8.1,13.099999999999998,42.1,110.60000000000001,0.0,0.0,0.0,4.1,0.0,0.0,0.0,436.68,21.52,343.86,-0.2779853360529779,0.9605853178867106,36.6468,0.78,24.2,174.31199999999998,1542.83028,0.0,0
2026-09-04 06:30:00+00:00,2026-09-04,2026-09-04T06:00:00+00:00,2026-09-04T06:30:00+00:00,2026-09-04T06:30:00+00:00,Singtam,27.234,88.501,0.0,3B-HHR-E.MS.MRG.3IMERG.20260904-S060000-E062959.0360.V07C.30min.tif,0.0,0.0,0.0,0.0,5.799999999999999,8.1,13.099999999999998,42.1,110.60000000000001,0.0,0.0,0.0,4.1,0.0,0.0,0.0,436.68,21.52,343.86,-0.2779853360529779,0.9605853178867106,36.6468,0.78,24.2,174.31199999999998,1542.83028,0.0,0
2026-09-04 07:00:00+00:00,2026-09-04,2026-09-04T06:30:00+00:00,2026-09-04T07:00:00+00:00,2026-09-04T07:00:00+00:00,Singtam,27.234,88.501,0.2,3B-HHR-E.MS.MRG.3IMERG.20260904-S063000-E065959.0390.V07C.30min.tif,0.2,0.2,0.2000000000000009,0.2,4.8999999999999995,8.2,13.2,42.300000000000004,110.7,0.2,0.2,0.2,4.1,0.2,0.2000000000000009,0.2,436.68,21.52,343.86,-0.2779853360529779,0.9605853178867106,36.6468,0.78,24.2,176.46399999999997,1550.15964,0.484,0
2026-09-04 07:30:00+00:00,2026-09-04,2026-09-04T07:00:00+00:00,2026-09-04T07:30:00+00:00,2026-09-04T07:30:00+00:00,Singtam,27.234,88.501,0.2,3B-HHR-E.MS.MRG.3IMERG.20260904-S070000-E072959.0420.V07C.30min.tif,0.2,0.4,0.4000000000000009,0.4,1.0,8.4,13.299999999999999,40.0,110.8,0.2,0.2,0.2,4.1,0.4,0.4000000000000009,0.4,436.68,21.52,343.86,-0.2779853360529779,0.9605853178867106,36.6468,0.78,24.2,180.768,1465.8719999999998,0.484,0
2026-09-04 08:00:00+00:00,2026-09-04,2026-09-04T07:30:00+00:00,2026-09-04T08:00:00+00:00,2026-09-04T08:00:00+00:00,Singtam,27.234,88.501,0.2,3B-HHR-E.MS.MRG.3IMERG.20260904-S073000-E075959.0450.V07C.30min.tif,0.2,0.4,0.600000000000001,0.6000000000000001,1.0,8.6,13.399999999999999,38.2,110.89999999999999,0.2,0.2,0.2,4.1,0.2,0.600000000000001,0.0,436.68,21.52,343.86,-0.2779853360529779,0.9605853178867106,36.6468,0.78,24.2,185.072,1399.90776,0.484,0
2026-09-04 08:30:00+00:00,2026-09-04,2026-09-04T08:00:00+00:00,2026-09-04T08:30:00+00:00,2026-09-04T08:30:00+00:00,Singtam,27.234,88.501,0.4,3B-HHR-E.MS.MRG.3IMERG.20260904-S080000-E082959.0480.V07C.30min.tif,0.4,0.6000000000000001,1.0000000000000009,1.0,1.3,9.0,13.699999999999998,36.199999999999996,111.2,0.4,0.4,0.4,4.1,0.20000000000000007,1.0000000000000009,-0.19999999999999996,436.68,21.52,343.86,-0.2779853360529779,0.9605853178867106,36.6468,0.78,24.2,193.68,1326.6141599999999,0.968,0
2026-09-04 09:00:00+00:00,2026-09-04,2026-09-04T08:30:00+00:00,2026-09-04T09:00:00+00:00,2026-09-04T09:00:00+00:00,Singtam,27.234,88.501,0.5,3B-HHR-E.MS.MRG.3IMERG.20260904-S083000-E085959.0510.V07C.30min.tif,0.5,0.9,1.5000000000000009,1.5,1.7000000000000002,9.5,13.199999999999998,34.4,111.60000000000001,0.5,0.5,0.5,4.1,0.5,1.5000000000000009,0.3,436.68,21.52,343.86,-0.2779853360529779,0.9605853178867106,36.6468,0.78,24.2,204.44,1260.6499199999998,1.21,0
2026-09-04 09:30:00+00:00,2026-09-04,2026-09-04T09:00:00+00:00,2026-09-04T09:30:00+00:00,2026-09-04T09:30:00+00:00,Singtam,27.234,88.501,1.2,3B-HHR-E.MS.MRG.3IMERG.20260904-S090000-E092959.0540.V07C.30min.tif,1.2,1.7,2.700000000000001,2.7,2.8,10.7,14.399999999999999,34.1,112.7,1.2,1.2,1.2,4.1,1.0999999999999999,2.700000000000001,0.8999999999999998,436.68,21.52,343.86,-0.2779853360529779,0.9605853178867106,36.6468,0.78,24.2,230.26399999999998,1249.65588,2.904,0
2026-09-04 10:00:00+00:00,2026-09-04,2026-09-04T09:30:00+00:00,2026-09-04T10:00:00+00:00,2026-09-04T10:00:00+00:00,Singtam,27.234,88.501,1.0,3B-HHR-E.MS.MRG.3IMERG.20260904-S093000-E095959.0570.V07C.30min.tif,1.0,2.2,3.500000000000001,3.7,3.7,11.7,15.399999999999999,34.7,113.7,1.2,1.2,1.2,4.1,1.3000000000000003,3.3,0.8000000000000003,436.68,21.52,343.86,-0.2779853360529779,0.9605853178867106,36.6468,0.78,24.2,251.784,1271.64396,2.904,0
2026-09-04 10:30:00+00:00,2026-09-04,2026-09-04T10:00:00+00:00,2026-09-04T10:30:00+00:00,2026-09-04T10:30:00+00:00,Singtam,27.234,88.501,0.2,3B-HHR-E.MS.MRG.3IMERG.20260904-S100000-E102959.0600.V07C.30min.tif,0.2,1.2,3.500000000000001,3.9,3.9,11.9,15.499999999999998,34.4,113.89999999999999,1.0,1.2,1.2,4.1,-0.5,3.1,-1.5999999999999999,436.68,21.52,343.86,-0.2779853360529779,0.9605853178867106,36.6468,0.78,24.2,256.088,1260.6499199999998,2.904,0
2026-09-04 11:00:00+00:00,2026-09-04,2026-09-04T10:30:00+00:00,2026-09-04T11:00:00+00:00,2026-09-04T11:00:00+00:00,Singtam,27.234,88.501,0.1,3B-HHR-E.MS.MRG.3IMERG.20260904-S103000-E105959.0630.V07C.30min.tif,0.1,0.30000000000000004,3.400000000000001,4.0,4.0,12.0,15.499999999999998,30.299999999999997,114.0,0.2,1.2,1.2,4.1,-1.9000000000000001,2.8,-3.2,436.68,21.52,343.86,-0.2779853360529779,0.9605853178867106,36.6468,0.78,24.2,258.24,1110.3980399999998,2.904,0
2026-09-04 11:30:00+00:00,2026-09-04,2026-09-04T11:00:00+00:00,2026-09-04T11:30:00+00:00,2026-09-04T11:30:00+00:00,Singtam,27.234,88.501,0.0,3B-HHR-E.MS.MRG.3IMERG.20260904-S110000-E112959.0660.V07C.30min.tif,0.0,0.1,3.000000000000001,4.0,4.0,12.0,15.499999999999998,28.9,112.10000000000001,0.1,1.2,1.2,4.1,-1.0999999999999999,2.0,-0.5999999999999999,436.68,21.52,343.86,-0.2779853360529779,0.9605853178867106,36.6468,0.78,24.2,258.24,1059.09252,2.904,0
2026-09-04 12:00:00+00:00,2026-09-04,2026-09-04T11:30:00+00:00,2026-09-04T12:00:00+00:00,2026-09-04T12:00:00+00:00,Singtam,27.234,88.501,0.0,3B-HHR-E.MS.MRG.3IMERG.20260904-S113000-E115959.0690.V07C.30min.tif,0.0,0.0,2.500000000000001,4.0,4.0,11.9,15.399999999999999,28.599999999999998,110.3,0.0,1.2,1.2,4.1,-0.30000000000000004,1.0,1.6,436.68,21.52,343.86,-0.2779853360529779,0.9605853178867106,36.6468,0.78,24.2,256.088,1048.0984799999999,2.904,0
2026-09-04 12:30:00+00:00,2026-09-04,2026-09-04T12:00:00+00:00,2026-09-04T12:30:00+00:00,2026-09-04T12:30:00+00:00,Singtam,27.234,88.501,0.0,3B-HHR-E.MS.MRG.3IMERG.20260904-S120000-E122959.0720.V07C.30min.tif,0.0,0.0,1.300000000000001,4.0,4.0,11.9,15.099999999999998,28.5,109.4,0.0,1.0,1.2,4.1,-0.1,-1.4000000000000001,0.9999999999999999,436.68,21.52,343.86,-0.2779853360529779,0.9605853178867106,36.6468,0.78,24.2,256.088,1044.4338,2.42,0
2026-09-04 13:00:00+00:00,2026-09-04,2026-09-04T12:30:00+00:00,2026-09-04T13:00:00+00:00,2026-09-04T13:00:00+00:00,Singtam,27.234,88.501,0.0,3B-HHR-E.MS.MRG.3IMERG.20260904-S123000-E125959.0750.V07C.30min.tif,0.0,0.0,0.30000000000000093,3.8,4.0,11.8,14.999999999999998,28.4,109.10000000000001,0.0,0.2,1.2,4.1,0.0,-3.2,0.30000000000000004,436.68,21.52,343.86,-0.2779853360529779,0.9605853178867106,36.6468,0.78,24.2,253.936,1040.76912,0.484,0
2026-09-04 13:30:00+00:00,2026-09-04,2026-09-04T13:00:00+00:00,2026-09-04T13:30:00+00:00,2026-09-04T13:30:00+00:00,Singtam,27.234,88.501,0.0,3B-HHR-E.MS.MRG.3IMERG.20260904-S130000-E132959.0780.V07C.30min.tif,0.0,0.0,0.1000000000000009,3.6,4.0,11.7,14.799999999999999,27.7,109.0,0.0,0.1,1.2,4.1,0.0,-3.4,0.1,436.68,21.52,343.86,-0.2779853360529779,0.9605853178867106,36.6468,0.78,24.2,251.784,1015.11636,0.242,0
2026-09-04 14:00:00+00:00,2026-09-04,2026-09-04T13:30:00+00:00,2026-09-04T14:00:00+00:00,2026-09-04T14:00:00+00:00,Singtam,27.234,88.501,0.0,3B-HHR-E.MS.MRG.3IMERG.20260904-S133000-E135959.0810.V07C.30min.tif,0.0,0.0,0.0,3.4,4.0,11.7,14.599999999999998,27.0,108.9,0.0,0.0,1.2,4.1,0.0,-3.400000000000001,0.0,436.68,21.52,343.86,-0.2779853360529779,0.9605853178867106,36.6468,0.78,24.2,251.784,989.4635999999999,0.0,0
2026-09-04 14:30:00+00:00,2026-09-04,2026-09-04T14:00:00+00:00,2026-09-04T14:30:00+00:00,2026-09-04T14:30:00+00:00,Singtam,27.234,88.501,0.1,3B-HHR-E.MS.MRG.3IMERG.20260904-S140000-E142959.0840.V07C.30min.tif,0.1,0.1,0.1000000000000009,3.1,4.1,11.799999999999999,14.699999999999998,26.7,109.0,0.1,0.1,1.2,4.1,0.1,-2.9,0.1,436.68,21.52,343.86,-0.2779853360529779,0.9605853178867106,36.6468,0.78,24.2,253.93599999999998,978.46956,0.242,0
2026-09-04 15:00:00+00:00,2026-09-04,2026-09-04T14:30:00+00:00,2026-09-04T15:00:00+00:00,2026-09-04T15:00:00+00:00,Singtam,27.234,88.501,0.4,3B-HHR-E.MS.MRG.3IMERG.20260904-S143000-E145959.0870.V07C.30min.tif,0.4,0.5,0.5000000000000009,3.0,4.5,12.1,14.999999999999998,26.9,109.4,0.4,0.4,1.2,4.1,0.5,-2.0,0.5,436.68,21.52,343.86,-0.2779853360529779,0.9605853178867106,36.6468,0.78,24.2,260.392,985.79892,0.968,0
2026-09-04 15:30:00+00:00,2026-09-04,2026-09-04T15:00:00+00:00,2026-09-04T15:30:00+00:00,2026-09-04T15:30:00+00:00,Singtam,27.234,88.501,0.7,3B-HHR-E.MS.MRG.3IMERG.20260904-S150000-E152959.0900.V07C.30min.tif,0.7,1.1,1.2000000000000008,2.5,5.2,12.6,15.399999999999999,27.299999999999997,109.4,0.7,0.7,1.0,4.1,1.0,-0.10000000000000009,0.9,436.68,21.52,343.86,-0.2779853360529779,0.9605853178867106,36.6468,0.78,24.2,271.152,1000.4576399999999,1.694,0
2026-09-04 16:00:00+00:00,2026-09-04,2026-09-04T15:30:00+00:00,2026-09-04T16:00:00+00:00,2026-09-04T16:00:00+00:00,Singtam,27.234,88.501,0.4,3B-HHR-E.MS.MRG.3IMERG.20260904-S153000-E155959.0930.V07C.30min.tif,0.4,1.1,1.600000000000001,1.9,5.6,12.6,15.199999999999998,26.900000000000002,109.1,0.7,0.7,0.7,4.1,0.6000000000000001,1.3,0.10000000000000009,436.68,21.52,343.86,-0.2779853360529779,0.9605853178867106,36.6468,0.78,24.2,271.152,985.7989200000001,1.694,0
2026-09-04 16:30:00+00:00,2026-09-04,2026-09-04T16:00:00+00:00,2026-09-04T16:30:00+00:00,2026-09-04T16:30:00+00:00,Singtam,27.234,88.501,0.2,3B-HHR-E.MS.MRG.3IMERG.20260904-S160000-E162959.0960.V07C.30min.tif,0.2,0.6000000000000001,1.800000000000001,1.9000000000000001,5.8,12.7,15.1,26.3,108.9,0.4,0.7,0.7,4.1,-0.5,1.7,-1.5,436.68,21.52,343.86,-0.2779853360529779,0.9605853178867106,36.6468,0.78,24.2,273.304,963.81084,1.694,0
2026-09-04 17:00:00+00:00,2026-09-04,2026-09-04T16:30:00+00:00,2026-09-04T17:00:00+00:00,2026-09-04T17:00:00+00:00,Singtam,27.234,88.501,0.1,3B-HHR-E.MS.MRG.3IMERG.20260904-S163000-E165959.0990.V07C.30min.tif,0.1,0.30000000000000004,1.9000000000000008,1.9,5.9,12.700000000000001,14.999999999999998,25.900000000000002,108.8,0.2,0.7,0.7,4.1,-0.8,1.9000000000000008,-1.4000000000000001,436.68,21.52,343.86,-0.2779853360529779,0.9605853178867106,36.6468,0.78,24.2,273.30400000000003,949.1521200000001,1.694,0
2026-09-04 17:30:00+00:00,2026-09-04,2026-09-04T17:00:00+00:00,2026-09-04T17:30:00+00:00,2026-09-04T17:30:00+00:00,Singtam,27.234,88.501,0.0,3B-HHR-E.MS.MRG.3IMERG.20260904-S170000-E172959.1020.V07C.30min.tif,0.0,0.1,1.8000000000000007,1.9,5.9,12.700000000000001,14.899999999999999,25.6,108.8,0.1,0.7,0.7,4.1,-0.5000000000000001,1.6999999999999997,-1.1102230246251565e-16,436.68,21.52,343.86,-0.2779853360529779,0.9605853178867106,36.6468,0.78,24.2,273.30400000000003,938.15808,1.694,0
2026-09-04 18:00:00+00:00,2026-09-04,2026-09-04T17:30:00+00:00,2026-09-04T18:00:00+00:00,2026-09-04T18:00:00+00:00,Singtam,27.234,88.501,0.0,3B-HHR-E.MS.MRG.3IMERG.20260904-S173000-E175959.1050.V07C.30min.tif,0.0,0.0,1.4000000000000008,1.9,5.9,12.700000000000001,14.899999999999999,25.6,108.69999999999999,0.0,0.7,0.7,4.1,-0.30000000000000004,0.8999999999999999,0.5,436.68,21.52,343.86,-0.2779853360529779,0.9605853178867106,36.6468,0.78,24.2,273.30400000000003,938.15808,1.694,0
2026-09-04 18:30:00+00:00,2026-09-04,2026-09-04T18:00:00+00:00,2026-09-04T18:30:00+00:00,2026-09-04T18:30:00+00:00,Singtam,27.234,88.501,0.0,3B-HHR-E.MS.MRG.3IMERG.20260904-S180000-E182959.1080.V07C.30min.tif,0.0,0.0,0.700000000000001,1.9,5.9,11.7,14.799999999999999,25.6,108.69999999999999,0.0,0.4,0.7,4.1,-0.1,-0.4999999999999999,0.40000000000000013,436.68,21.52,343.86,-0.2779853360529779,0.9605853178867106,36.6468,0.78,24.2,251.784,938.15808,0.968,0
2026-09-04 19:00:00+00:00,2026-09-04,2026-09-04T18:30:00+00:00,2026-09-04T19:00:00+00:00,2026-09-04T19:00:00+00:00,Singtam,27.234,88.501,0.0,3B-HHR-E.MS.MRG.3IMERG.20260904-S183000-E185959.1110.V07C.30min.tif,0.0,0.0,0.30000000000000093,1.9,5.7,10.6,14.7,25.6,108.69999999999999,0.0,0.2,0.7,4.1,0.0,-1.3,0.30000000000000004,436.68,21.52,343.86,-0.2779853360529779,0.9605853178867106,36.6468,0.78,24.2,228.112,938.15808,0.484,0
2026-09-04 19:30:00+00:00,2026-09-04,2026-09-04T19:00:00+00:00,2026-09-04T19:30:00+00:00,2026-09-04T19:30:00+00:00,Singtam,27.234,88.501,0.0,3B-HHR-E.MS.MRG.3IMERG.20260904-S190000-E192959.1140.V07C.30min.tif,0.0,0.0,0.1000000000000009,1.9,5.5,6.499999999999999,14.7,25.6,108.6,0.0,0.1,0.7,1.2,0.0,-1.7,0.1,436.68,21.52,343.86,-0.2779853360529779,0.9605853178867106,36.6468,0.78,24.2,139.87999999999997,938.15808,0.242,0
2026-09-04 20:00:00+00:00,2026-09-04,2026-09-04T19:30:00+00:00,2026-09-04T20:00:00+00:00,2026-09-04T20:00:00+00:00,Singtam,27.234,88.501,0.2,3B-HHR-E.MS.MRG.3IMERG.20260904-S193000-E195959.1170.V07C.30min.tif,0.2,0.2,0.2000000000000009,2.1,5.5,6.499999999999999,14.899999999999999,25.6,108.7,0.2,0.2,0.7,1.2,0.2,-1.7,0.2,436.68,21.52,343.86,-0.2779853360529779,0.9605853178867106,36.6468,0.78,24.2,139.87999999999997,938.15808,0.484,0
2026-09-04 20:30:00+00:00,2026-09-04,2026-09-04T20:00:00+00:00,2026-09-04T20:30:00+00:00,2026-09-04T20:30:00+00:00,Singtam,27.234,88.501,0.2,3B-HHR-E.MS.MRG.3IMERG.20260904-S200000-E202959.1200.V07C.30min.tif,0.2,0.4,0.4000000000000009,2.1999999999999997,5.3,6.6,15.1,25.3,108.8,0.2,0.2,0.7,1.2,0.4,-1.4,0.4,436.68,21.52,343.86,-0.2779853360529779,0.9605853178867106,36.6468,0.78,24.2,142.03199999999998,927.16404,0.484,0
2026-09-04 21:00:00+00:00,2026-09-04,2026-09-04T20:30:00+00:00,2026-09-04T21:00:00+00:00,2026-09-04T21:00:00+00:00,Singtam,27.234,88.501,0.1,3B-HHR-E.MS.MRG.3IMERG.20260904-S203000-E205959.1230.V07C.30min.tif,0.1,0.30000000000000004,0.5000000000000009,1.9,4.9,6.599999999999999,15.2,24.400000000000002,108.8,0.2,0.2,0.7,1.2,0.10000000000000003,-0.8999999999999999,-0.09999999999999998,436.68,21.52,343.86,-0.2779853360529779,0.9605853178867106,36.6468,0.78,24.2,142.03199999999998,894.1819200000001,0.484,0
2026-09-04 21:30:00+00:00,2026-09-04,2026-09-04T21:00:00+00:00,2026-09-04T21:30:00+00:00,2026-09-04T21:30:00+00:00,Singtam,27.234,88.501,0.1,3B-HHR-E.MS.MRG.3IMERG.20260904-S210000-E212959.1260.V07C.30min.tif,0.1,0.2,0.600000000000001,1.3,3.8,6.6,15.299999999999999,23.8,108.9,0.1,0.2,0.4,1.2,-0.2,-0.09999999999999998,-0.6000000000000001,436.68,21.52,343.86,-0.2779853360529779,0.9605853178867106,36.6468,0.78,24.2,142.03199999999998,872.19384,0.484,0
2026-09-04 22:00:00+00:00,2026-09-04,2026-09-04T21:30:00+00:00,2026-09-04T22:00:00+00:00,2026-09-04T22:00:00+00:00,Singtam,27.234,88.501,0.0,3B-HHR-E.MS.MRG.3IMERG.20260904-S213000-E215959.1290.V07C.30min.tif,0.0,0.1,0.600000000000001,0.9,2.8,6.5,15.299999999999999,23.3,108.9,0.1,0.2,0.2,1.2,-0.20000000000000004,0.30000000000000004,-0.30000000000000004,436.68,21.52,343.86,-0.2779853360529779,0.9605853178867106,36.6468,0.78,24.2,139.88,853.87044,0.484,0
2026-09-04 22:30:00+00:00,2026-09-04,2026-09-04T22:00:00+00:00,2026-09-04T22:30:00+00:00,2026-09-04T22:30:00+00:00,Singtam,27.234,88.501,0.0,3B-HHR-E.MS.MRG.3IMERG.20260904-S220000-E222959.1320.V07C.30min.tif,0.0,0.0,0.600000000000001,0.7,2.6,6.5,14.999999999999998,23.099999999999998,108.9,0.0,0.2,0.2,1.2,-0.2,0.5000000000000001,0.0,436.68,21.52,343.86,-0.2779853360529779,0.9605853178867106,36.6468,0.78,24.2,139.88,846.5410799999999,0.484,0
2026-09-04 23:00:00+00:00,2026-09-04,2026-09-04T22:30:00+00:00,2026-09-04T23:00:00+00:00,2026-09-04T23:00:00+00:00,Singtam,27.234,88.501,0.0,3B-HHR-E.MS.MRG.3IMERG.20260904-S223000-E225959.1350.V07C.30min.tif,0.0,0.0,0.4000000000000009,0.6,2.5,6.5,14.699999999999998,22.9,108.9,0.0,0.2,0.2,1.2,-0.1,0.2,0.10000000000000003,436.68,21.52,343.86,-0.2779853360529779,0.9605853178867106,36.6468,0.78,24.2,139.88,839.2117199999999,0.484,0
2026-09-04 23:30:00+00:00,2026-09-04,2026-09-04T23:00:00+00:00,2026-09-04T23:30:00+00:00,2026-09-04T23:30:00+00:00,Singtam,27.234,88.501,0.0,3B-HHR-E.MS.MRG.3IMERG.20260904-S230000-E232959.1380.V07C.30min.tif,0.0,0.0,0.2000000000000009,0.6,2.5,6.5,14.699999999999998,22.4,108.9,0.0,0.1,0.2,1.2,0.0,-0.2,0.2,436.68,21.52,343.86,-0.2779853360529779,0.9605853178867106,36.6468,0.78,24.2,139.88,820.8883199999999,0.242,0
2026-09-05 00:00:00+00:00,2026-09-04,2026-09-04T23:30:00+00:00,2026-09-05T00:00:00+00:00,2026-09-05T00:00:00+00:00,Singtam,27.234,88.501,0.0,3B-HHR-E.MS.MRG.3IMERG.20260904-S233000-E235959.1410.V07C.30min.tif,0.0,0.0,0.1000000000000009,0.6,2.5,6.5,14.699999999999998,21.9,108.9,0.0,0.1,0.2,1.2,0.0,-0.4,0.1,436.68,21.52,343.86,-0.2779853360529779,0.9605853178867106,36.6468,0.78,24.2,139.88,802.5649199999999,0.242,0
2026-09-05 00:30:00+00:00,2026-09-05,2026-09-05T00:00:00+00:00,2026-09-05T00:30:00+00:00,2026-09-05T00:30:00+00:00,Singtam,27.234,88.501,0.0,3B-HHR-E.MS.MRG.3IMERG.20260905-S000000-E002959.0000.V07C.30min.tif,0.0,0.0,0.0,0.6,2.5,6.5,14.699999999999998,21.599999999999998,108.8,0.0,0.0,0.2,1.2,0.0,-0.600000000000001,0.0,436.68,21.52,343.86,-0.2779853360529779,0.9605853178867106,36.6468,0.78,24.2,139.88,791.5708799999999,0.0,0
2026-09-05 01:00:00+00:00,2026-09-05,2026-09-05T00:30:00+00:00,2026-09-05T01:00:00+00:00,2026-09-05T01:00:00+00:00,Singtam,27.234,88.501,0.0,3B-HHR-E.MS.MRG.3IMERG.20260905-S003000-E005959.0030.V07C.30min.tif,0.0,0.0,0.0,0.6,2.5,6.5,14.699999999999998,21.5,108.8,0.0,0.0,0.2,1.2,0.0,-0.600000000000001,0.0,436.68,21.52,343.86,-0.2779853360529779,0.9605853178867106,36.6468,0.78,24.2,139.88,787.9062,0.0,0
2026-09-05 01:30:00+00:00,2026-09-05,2026-09-05T01:00:00+00:00,2026-09-05T01:30:00+00:00,2026-09-05T01:30:00+00:00,Singtam,27.234,88.501,0.0,3B-HHR-E.MS.MRG.3IMERG.20260905-S010000-E012959.0060.V07C.30min.tif,0.0,0.0,0.0,0.6,2.5,6.5,14.699999999999998,21.5,108.8,0.0,0.0,0.2,1.2,0.0,-0.600000000000001,0.0,436.68,21.52,343.86,-0.2779853360529779,0.9605853178867106,36.6468,0.78,24.2,139.88,787.9062,0.0,0
2026-09-05 02:00:00+00:00,2026-09-05,2026-09-05T01:30:00+00:00,2026-09-05T02:00:00+00:00,2026-09-05T02:00:00+00:00,Singtam,27.234,88.501,0.0,3B-HHR-E.MS.MRG.3IMERG.20260905-S013000-E015959.0090.V07C.30min.tif,0.0,0.0,0.0,0.4,2.5,6.5,14.699999999999998,21.5,108.8,0.0,0.0,0.2,1.2,0.0,-0.4000000000000009,0.0,436.68,21.52,343.86,-0.2779853360529779,0.9605853178867106,36.6468,0.78,24.2,139.88,787.9062,0.0,0
2026-09-05 02:30:00+00:00,2026-09-05,2026-09-05T02:00:00+00:00,2026-09-05T02:30:00+00:00,2026-09-05T02:30:00+00:00,Singtam,27.234,88.501,0.0,3B-HHR-E.MS.MRG.3IMERG.20260905-S020000-E022959.0120.V07C.30min.tif,0.0,0.0,0.0,0.2,2.4,6.5,14.699999999999998,21.5,108.8,0.0,0.0,0.1,1.2,0.0,-0.2000000000000009,0.0,436.68,21.52,343.86,-0.2779853360529779,0.9605853178867106,36.6468,0.78,24.2,139.88,787.9062,0.0,0
2026-09-05 03:00:00+00:00,2026-09-05,2026-09-05T02:30:00+00:00,2026-09-05T03:00:00+00:00,2026-09-05T03:00:00+00:00,Singtam,27.234,88.501,0.0,3B-HHR-E.MS.MRG.3IMERG.20260905-S023000-E025959.0150.V07C.30min.tif,0.0,0.0,0.0,0.1,2.0,6.5,14.699999999999998,21.5,108.8,0.0,0.0,0.1,1.2,0.0,-0.1000000000000009,0.0,436.68,21.52,343.86,-0.2779853360529779,0.9605853178867106,36.6468,0.78,24.2,139.88,787.9062,0.0,0
2026-09-05 03:30:00+00:00,2026-09-05,2026-09-05T03:00:00+00:00,2026-09-05T03:30:00+00:00,2026-09-05T03:30:00+00:00,Singtam,27.234,88.501,0.0,3B-HHR-E.MS.MRG.3IMERG.20260905-S030000-E032959.0180.V07C.30min.tif,0.0,0.0,0.0,0.0,1.3,6.5,14.599999999999998,21.5,108.8,0.0,0.0,0.0,1.2,0.0,0.0,0.0,436.68,21.52,343.86,-0.2779853360529779,0.9605853178867106,36.6468,0.78,24.2,139.88,787.9062,0.0,0
2026-09-05 04:00:00+00:00,2026-09-05,2026-09-05T03:30:00+00:00,2026-09-05T04:00:00+00:00,2026-09-05T04:00:00+00:00,Singtam,27.234,88.501,0.0,3B-HHR-E.MS.MRG.3IMERG.20260905-S033000-E035959.0210.V07C.30min.tif,0.0,0.0,0.0,0.0,0.9,6.5,14.599999999999998,21.4,108.8,0.0,0.0,0.0,1.2,0.0,0.0,0.0,436.68,21.52,343.86,-0.2779853360529779,0.9605853178867106,36.6468,0.78,24.2,139.88,784.2415199999999,0.0,0
2026-09-05 04:30:00+00:00,2026-09-05,2026-09-05T04:00:00+00:00,2026-09-05T04:30:00+00:00,2026-09-05T04:30:00+00:00,Singtam,27.234,88.501,0.0,3B-HHR-E.MS.MRG.3IMERG.20260905-S040000-E042959.0240.V07C.30min.tif,0.0,0.0,0.0,0.0,0.7,6.5,14.599999999999998,20.7,108.8,0.0,0.0,0.0,1.2,0.0,0.0,0.0,436.68,21.52,343.86,-0.2779853360529779,0.9605853178867106,36.6468,0.78,24.2,139.88,758.58876,0.0,0
2026-09-05 05:00:00+00:00,2026-09-05,2026-09-05T04:30:00+00:00,2026-09-05T05:00:00+00:00,2026-09-05T05:00:00+00:00,Singtam,27.234,88.501,0.0,3B-HHR-E.MS.MRG.3IMERG.20260905-S043000-E045959.0270.V07C.30min.tif,0.0,0.0,0.0,0.0,0.6,6.5,14.599999999999998,20.099999999999998,108.8,0.0,0.0,0.0,1.2,0.0,0.0,0.0,436.68,21.52,343.86,-0.2779853360529779,0.9605853178867106,36.6468,0.78,24.2,139.88,736.6006799999999,0.0,0
2026-09-05 05:30:00+00:00,2026-09-05,05:00:00,05:29:59,2026-09-05T05:30:00+00:00,Singtam,27.234,88.501,0.3,3B-HHR-E.MS.MRG.3IMERG.20260905-S050000-E053000.V07C.30min.tif,0.3,0.3,0.3000000000000009,0.3,0.9,6.8,14.899999999999999,20.0,109.1,0.3,0.3,0.3,1.2,0.3,0.3000000000000009,0.3,436.68,21.52,343.86,-0.2779853360529779,0.9605853178867106,36.6468,0.78,24.2,146.33599999999998,732.9359999999999,0.726,0
2026-09-05 06:00:00+00:00,2026-09-05,05:30:00,05:59:59,2026-09-05T06:00:00+00:00,Singtam,27.234,88.501,0.3,3B-HHR-E.MS.MRG.3IMERG.20260905-S053000-E060000.V07C.30min.tif,0.3,0.6,0.6000000000000009,0.6,1.2,7.1,15.199999999999998,20.2,109.39999999999999,0.3,0.3,0.3,1.2,0.6,0.6000000000000009,0.6,436.68,21.52,343.86,-0.2779853360529779,0.9605853178867106,36.6468,0.78,24.2,152.792,740.26536,0.726,0
2026-09-05 06:30:00+00:00,2026-09-05,06:00:00,06:29:59,2026-09-05T06:30:00+00:00,Singtam,27.234,88.501,0.3,3B-HHR-E.MS.MRG.3IMERG.20260905-S060000-E063000.V07C.30min.tif,0.3,0.6,0.9000000000000008,0.8999999999999999,1.5,7.3999999999999995,15.499999999999998,20.5,109.69999999999999,0.3,0.3,0.3,1.2,0.3,0.9000000000000008,0.0,436.68,21.52,343.86,-0.2779853360529779,0.9605853178867106,36.6468,0.78,24.2,159.248,751.2594,0.726,0
2026-09-05 07:00:00+00:00,2026-09-05,06:30:00,06:59:59,2026-09-05T07:00:00+00:00,Singtam,27.234,88.501,0.3,3B-HHR-E.MS.MRG.3IMERG.20260905-S063000-E070000.V07C.30min.tif,0.3,0.6,1.2000000000000008,1.2,1.8,7.499999999999999,15.7,20.7,110.0,0.3,0.3,0.3,1.2,0.0,1.2000000000000008,-0.6,436.68,21.52,343.86,-0.2779853360529779,0.9605853178867106,36.6468,0.78,24.2,161.39999999999998,758.58876,0.726,0
2026-09-05 07:30:00+00:00,2026-09-05,07:00:00,07:29:59,2026-09-05T07:30:00+00:00,Singtam,27.234,88.501,0.3,3B-HHR-E.MS.MRG.3IMERG.20260905-S070000-E073000.V07C.30min.tif,0.3,0.6,1.5000000000000009,1.5,2.1,7.6,15.999999999999998,20.9,109.4,0.3,0.3,0.3,1.2,0.0,1.5000000000000009,-0.3,436.68,21.52,343.86,-0.2779853360529779,0.9605853178867106,36.6468,0.78,24.2,163.552,765.9181199999999,0.726,0
2026-09-05 08:00:00+00:00,2026-09-05,07:30:00,07:59:59,2026-09-05T08:00:00+00:00,Singtam,27.234,88.501,0.3,3B-HHR-E.MS.MRG.3IMERG.20260905-S073000-E080000.V07C.30min.tif,0.3,0.6,1.7999999999999998,1.7999999999999998,2.2,7.699999999999999,16.299999999999997,21.1,108.7,0.3,0.3,0.3,1.2,0.0,1.7999999999999998,0.0,436.68,21.52,343.86,-0.2779853360529779,0.9605853178867106,36.6468,0.78,24.2,165.70399999999998,773.24748,0.726,0
2026-09-05 08:30:00+00:00,2026-09-05,08:00:00,08:29:59,2026-09-05T08:30:00+00:00,Singtam,27.234,88.501,0.3,3B-HHR-E.MS.MRG.3IMERG.20260905-S080000-E083000.V07C.30min.tif,0.3,0.6,1.7999999999999998,2.1,2.3,7.599999999999999,16.599999999999998,21.3,108.39999999999999,0.3,0.3,0.3,1.2,0.0,1.499999999999999,0.0,436.68,21.52,343.86,-0.2779853360529779,0.9605853178867106,36.6468,0.78,24.2,163.55199999999996,780.57684,0.726,0
2026-09-05 09:00:00+00:00,2026-09-05,08:30:00,08:59:59,2026-09-05T09:00:00+00:00,Singtam,27.234,88.501,0.3,3B-HHR-E.MS.MRG.3IMERG.20260905-S083000-E090000.V07C.30min.tif,0.3,0.6,1.7999999999999998,2.4,2.5,7.3999999999999995,16.9,20.6,108.19999999999999,0.3,0.3,0.3,1.2,0.0,1.1999999999999988,0.0,436.68,21.52,343.86,-0.2779853360529779,0.9605853178867106,36.6468,0.78,24.2,159.248,754.92408,0.726,0
2026-09-05 09:30:00+00:00,2026-09-05,09:00:00,09:29:59,2026-09-05T09:30:00+00:00,Singtam,27.234,88.501,0.2,3B-HHR-E.MS.MRG.3IMERG.20260905-S090000-E093000.V07C.30min.tif,0.2,0.5,1.7000000000000008,2.6,2.6,6.3999999999999995,17.099999999999998,20.8,107.7,0.3,0.3,0.3,1.0,-0.09999999999999998,0.8,-0.09999999999999998,436.68,21.52,343.86,-0.2779853360529779,0.9605853178867106,36.6468,0.78,24.2,137.72799999999998,762.25344,0.726,0
2026-09-05 10:00:00+00:00,2026-09-05,09:30:00,09:59:59,2026-09-05T10:00:00+00:00,Singtam,27.234,88.501,0.5,3B-HHR-E.MS.MRG.3IMERG.20260905-S093000-E100000.V07C.30min.tif,0.5,0.7,1.9000000000000008,3.1,3.1,5.8999999999999995,17.599999999999998,21.3,107.5,0.5,0.5,0.5,0.7,0.09999999999999998,0.7,0.09999999999999998,436.68,21.52,343.86,-0.2779853360529779,0.9605853178867106,36.6468,0.78,24.2,126.96799999999999,780.57684,1.21,0
2026-09-05 10:30:00+00:00,2026-09-05,10:00:00,10:29:59,2026-09-05T10:30:00+00:00,Singtam,27.234,88.501,0.5,3B-HHR-E.MS.MRG.3IMERG.20260905-S100000-E103000.V07C.30min.tif,0.5,1.0,2.1000000000000005,3.6,3.6,6.199999999999999,18.099999999999998,21.7,107.8,0.5,0.5,0.5,0.7,0.5,0.5999999999999996,0.6,436.68,21.52,343.86,-0.2779853360529779,0.9605853178867106,36.6468,0.78,24.2,133.42399999999998,795.23556,1.21,0
2026-09-05 11:00:00+00:00,2026-09-05,10:30:00,10:59:59,2026-09-05T11:00:00+00:00,Singtam,27.234,88.501,0.5,3B-HHR-E.MS.MRG.3IMERG.20260905-S103000-E110000.V07C.30min.tif,0.5,1.0,2.3000000000000007,4.1,4.1,6.6,18.599999999999998,22.1,108.0,0.5,0.5,0.5,0.7,0.30000000000000004,0.5000000000000009,0.20000000000000007,436.68,21.52,343.86,-0.2779853360529779,0.9605853178867106,36.6468,0.78,24.2,142.03199999999998,809.89428,1.21,0
2026-09-05 11:30:00+00:00,2026-09-05,11:00:00,11:29:59,2026-09-05T11:30:00+00:00,Singtam,27.234,88.501,0.5,3B-HHR-E.MS.MRG.3IMERG.20260905-S110000-E113000.V07C.30min.tif,0.5,1.0,2.500000000000001,4.3,4.6,7.1,19.099999999999998,22.6,108.39999999999999,0.5,0.5,0.5,0.7,0.0,0.7000000000000011,-0.5,436.68,21.52,343.86,-0.2779853360529779,0.9605853178867106,36.6468,0.78,24.2,152.792,828.21768,1.21,0
2026-09-05 12:00:00+00:00,2026-09-05,11:30:00,11:59:59,2026-09-05T12:00:00+00:00,Singtam,27.234,88.501,0.4,3B-HHR-E.MS.MRG.3IMERG.20260905-S113000-E120000.V07C.30min.tif,0.4,0.9,2.600000000000001,4.3999999999999995,5.0,7.5,19.4,22.9,108.8,0.5,0.5,0.5,0.7,-0.09999999999999998,0.8000000000000012,-0.4,436.68,21.52,343.86,-0.2779853360529779,0.9605853178867106,36.6468,0.78,24.2,161.4,839.2117199999999,1.21,0
2026-09-05 12:30:00+00:00,2026-09-05,12:00:00,12:29:59,2026-09-05T12:30:00+00:00,Singtam,27.234,88.501,0.4,3B-HHR-E.MS.MRG.3IMERG.20260905-S120000-E123000.V07C.30min.tif,0.4,0.8,2.8000000000000007,4.5,5.4,7.8999999999999995,19.799999999999997,23.0,109.1,0.4,0.5,0.5,0.7,-0.19999999999999996,1.0999999999999999,-0.19999999999999996,436.68,21.52,343.86,-0.2779853360529779,0.9605853178867106,36.6468,0.78,24.2,170.00799999999998,842.8764,1.21,0
2026-09-05 13:00:00+00:00,2026-09-05,12:30:00,12:59:59,2026-09-05T13:00:00+00:00,Singtam,27.234,88.501,0.4,3B-HHR-E.MS.MRG.3IMERG.20260905-S123000-E130000.V07C.30min.tif,0.4,0.8,2.7000000000000006,4.6000000000000005,5.8,8.299999999999999,20.099999999999998,23.3,109.2,0.4,0.5,0.5,0.7,-0.09999999999999998,0.7999999999999998,0.0,436.68,21.52,343.86,-0.2779853360529779,0.9605853178867106,36.6468,0.78,24.2,178.61599999999999,853.87044,1.21,0
2026-09-05 13:30:00+00:00,2026-09-05,13:00:00,13:29:59,2026-09-05T13:30:00+00:00,Singtam,27.234,88.501,0.4,3B-HHR-E.MS.MRG.3IMERG.20260905-S130000-E133000.V07C.30min.tif,0.4,0.8,2.6000000000000005,4.7,6.2,8.7,20.4,23.5,109.60000000000001,0.4,0.5,0.5,0.7,0.0,0.5,0.19999999999999996,436.68,21.52,343.86,-0.2779853360529779,0.9605853178867106,36.6468,0.78,24.2,187.224,861.1998,1.21,0
2026-09-05 14:00:00+00:00,2026-09-05,13:30:00,13:59:59,2026-09-05T14:00:00+00:00,Singtam,27.234,88.501,0.3,3B-HHR-E.MS.MRG.3IMERG.20260905-S133000-E140000.V07C.30min.tif,0.3,0.7,2.400000000000001,4.699999999999999,6.5,9.0,20.7,23.599999999999998,109.9,0.4,0.5,0.5,0.7,-0.10000000000000009,0.10000000000000009,-1.1102230246251565e-16,436.68,21.52,343.86,-0.2779853360529779,0.9605853178867106,36.6468,0.78,24.2,193.68,864.8644799999998,1.21,0
2026-09-05 14:30:00+00:00,2026-09-05,14:00:00,14:29:59,2026-09-05T14:30:00+00:00,Singtam,27.234,88.501,0.3,3B-HHR-E.MS.MRG.3IMERG.20260905-S140000-E143000.V07C.30min.tif,0.3,0.6,2.200000000000001,4.7,6.8,9.2,20.999999999999996,23.9,110.2,0.3,0.4,0.5,0.7,-0.20000000000000007,-0.2999999999999998,-0.20000000000000007,436.68,21.52,343.86,-0.2779853360529779,0.9605853178867106,36.6468,0.78,24.2,197.98399999999998,875.8585199999999,0.968,0
2026-09-05 15:00:00+00:00,2026-09-05,14:30:00,14:59:59,2026-09-05T15:00:00+00:00,Singtam,27.234,88.501,0.3,3B-HHR-E.MS.MRG.3IMERG.20260905-S143000-E150000.V07C.30min.tif,0.3,0.6,2.100000000000001,4.7,7.1000000000000005,9.1,21.2,24.1,110.39999999999999,0.3,0.4,0.5,0.7,-0.09999999999999998,-0.5,1.1102230246251565e-16,436.68,21.52,343.86,-0.2779853360529779,0.9605853178867106,36.6468,0.78,24.2,195.832,883.1878800000001,0.968,0
2026-09-05 15:30:00+00:00,2026-09-05,15:00:00,15:29:59,2026-09-05T15:30:00+00:00,Singtam,27.234,88.501,0.3,3B-HHR-E.MS.MRG.3IMERG.20260905-S150000-E153000.V07C.30min.tif,0.3,0.6,2.000000000000001,4.8,7.4,8.7,21.299999999999997,24.1,110.19999999999999,0.3,0.4,0.5,0.5,0.0,-0.7999999999999998,0.20000000000000007,436.68,21.52,343.86,-0.2779853360529779,0.9605853178867106,36.6468,0.78,24.2,187.224,883.1878800000001,0.968,0
2026-09-05 16:00:00+00:00,2026-09-05,15:30:00,15:59:59,2026-09-05T16:00:00+00:00,Singtam,27.234,88.501,0.2,3B-HHR-E.MS.MRG.3IMERG.20260905-S153000-E160000.V07C.30min.tif,0.2,0.5,1.8000000000000007,4.5,7.6000000000000005,8.5,21.099999999999998,23.7,109.39999999999999,0.3,0.4,0.5,0.5,-0.09999999999999998,-0.8999999999999999,0.0,436.68,21.52,343.86,-0.2779853360529779,0.9605853178867106,36.6468,0.78,24.2,182.92,868.5291599999999,0.968,0
2026-09-05 16:30:00+00:00,2026-09-05,16:00:00,16:29:59,2026-09-05T16:30:00+00:00,Singtam,27.234,88.501,0.2,3B-HHR-E.MS.MRG.3IMERG.20260905-S160000-E163000.V07C.30min.tif,0.2,0.4,1.600000000000001,4.2,7.8,8.499999999999998,21.199999999999996,23.6,109.0,0.2,0.3,0.5,0.5,-0.19999999999999996,-0.9999999999999996,-0.19999999999999996,436.68,21.52,343.86,-0.2779853360529779,0.9605853178867106,36.6468,0.78,24.2,182.91999999999996,864.8644800000001,0.726,0
2026-09-05 17:00:00+00:00,2026-09-05,16:30:00,16:59:59,2026-09-05T17:00:00+00:00,Singtam,27.234,88.501,0.2,3B-HHR-E.MS.MRG.3IMERG.20260905-S163000-E170000.V07C.30min.tif,0.2,0.4,1.5000000000000009,3.9,8.0,8.6,21.3,23.599999999999998,108.8,0.2,0.3,0.5,0.5,-0.09999999999999998,-0.8999999999999999,0.0,436.68,21.52,343.86,-0.2779853360529779,0.9605853178867106,36.6468,0.78,24.2,185.072,864.8644799999998,0.726,0
2026-09-05 17:30:00+00:00,2026-09-05,17:00:00,17:29:59,2026-09-05T17:30:00+00:00,Singtam,27.234,88.501,0.2,3B-HHR-E.MS.MRG.3IMERG.20260905-S170000-E173000.V07C.30min.tif,0.2,0.4,1.4000000000000008,3.5999999999999996,7.9,8.799999999999999,21.5,23.7,108.9,0.2,0.3,0.4,0.5,0.0,-0.8000000000000003,0.19999999999999996,436.68,21.52,343.86,-0.2779853360529779,0.9605853178867106,36.6468,0.78,24.2,189.37599999999998,868.5291599999999,0.726,0
2026-09-05 18:00:00+00:00,2026-09-05,17:30:00,17:59:59,2026-09-05T18:00:00+00:00,Singtam,27.234,88.501,0.2,3B-HHR-E.MS.MRG.3IMERG.20260905-S173000-E180000.V07C.30min.tif,0.2,0.4,1.300000000000001,3.4,7.8,9.0,21.7,23.900000000000002,109.0,0.2,0.3,0.4,0.5,0.0,-0.8,0.09999999999999998,436.68,21.52,343.86,-0.2779853360529779,0.9605853178867106,36.6468,0.78,24.2,193.68,875.85852,0.726,0
2026-09-05 18:30:00+00:00,2026-09-05,18:00:00,18:29:59,2026-09-05T18:30:00+00:00,Singtam,27.234,88.501,0.2,3B-HHR-E.MS.MRG.3IMERG.20260905-S180000-E183000.V07C.30min.tif,0.2,0.4,1.2000000000000002,3.2,7.7,9.2,20.9,24.0,109.2,0.2,0.2,0.4,0.5,0.0,-0.8000000000000007,0.0,436.68,21.52,343.86,-0.2779853360529779,0.9605853178867106,36.6468,0.78,24.2,197.98399999999998,879.5232,0.484,0
2026-09-05 19:00:00+00:00,2026-09-05,18:30:00,18:59:59,2026-09-05T19:00:00+00:00,Singtam,27.234,88.501,0.0,3B-HHR-E.MS.MRG.3IMERG.20260905-S183000-E190000.V07C.30min.tif,0.0,0.2,1.0000000000000009,2.8000000000000003,7.4,9.2,19.799999999999997,23.900000000000002,109.2,0.2,0.2,0.4,0.5,-0.2,-0.7999999999999998,-0.2,436.68,21.52,343.86,-0.2779853360529779,0.9605853178867106,36.6468,0.78,24.2,197.98399999999998,875.85852,0.484,0
2026-09-05 19:30:00+00:00,2026-09-05,19:00:00,19:29:59,2026-09-05T19:30:00+00:00,Singtam,27.234,88.501,0.0,3B-HHR-E.MS.MRG.3IMERG.20260905-S190000-E193000.V07C.30min.tif,0.0,0.0,0.8000000000000008,2.4,7.1000000000000005,9.2,15.7,23.900000000000002,109.2,0.0,0.2,0.3,0.5,-0.4,-0.8000000000000002,-0.4,436.68,21.52,343.86,-0.2779853360529779,0.9605853178867106,36.6468,0.78,24.2,197.98399999999998,875.85852,0.484,0
2026-09-05 20:00:00+00:00,2026-09-05,19:30:00,19:59:59,2026-09-05T20:00:00+00:00,Singtam,27.234,88.501,0.0,3B-HHR-E.MS.MRG.3IMERG.20260905-S193000-E200000.V07C.30min.tif,0.0,0.0,0.6000000000000009,2.1,6.800000000000001,9.0,15.5,23.900000000000002,109.2,0.0,0.2,0.3,0.5,-0.2,-0.9,0.0,436.68,21.52,343.86,-0.2779853360529779,0.9605853178867106,36.6468,0.78,24.2,193.68,875.85852,0.484,0
2026-09-05 20:30:00+00:00,2026-09-05,20:00:00,20:29:59,2026-09-05T20:30:00+00:00,Singtam,27.234,88.501,0.0,3B-HHR-E.MS.MRG.3IMERG.20260905-S200000-E203000.V07C.30min.tif,0.0,0.0,0.40000000000000085,1.7999999999999998,6.5,8.799999999999999,15.399999999999999,23.900000000000002,109.2,0.0,0.2,0.3,0.5,0.0,-1.0,0.4,436.68,21.52,343.86,-0.2779853360529779,0.9605853178867106,36.6468,0.78,24.2,189.37599999999998,875.85852,0.484,0
2026-09-05 21:00:00+00:00,2026-09-05,20:30:00,20:59:59,2026-09-05T21:00:00+00:00,Singtam,27.234,88.501,0.0,3B-HHR-E.MS.MRG.3IMERG.20260905-S203000-E210000.V07C.30min.tif,0.0,0.0,0.20000000000000084,1.5,6.2,8.7,15.3,23.900000000000002,109.2,0.0,0.2,0.3,0.5,0.0,-1.1,0.2,436.68,21.52,343.86,-0.2779853360529779,0.9605853178867106,36.6468,0.78,24.2,187.224,875.85852,0.484,0
2026-09-05 21:30:00+00:00,2026-09-05,21:00:00,21:29:59,2026-09-05T21:30:00+00:00,Singtam,27.234,88.501,0.0,3B-HHR-E.MS.MRG.3IMERG.20260905-S210000-E213000.V07C.30min.tif,0.0,0.0,0.0,1.2000000000000002,6.0,8.6,15.2,23.900000000000002,109.2,0.0,0.0,0.2,0.5,0.0,-1.2000000000000002,0.0,436.68,21.52,343.86,-0.2779853360529779,0.9605853178867106,36.6468,0.78,24.2,185.072,875.85852,0.0,0
2026-09-05 22:00:00+00:00,2026-09-05,21:30:00,21:59:59,2026-09-05T22:00:00+00:00,Singtam,27.234,88.501,0.0,3B-HHR-E.MS.MRG.3IMERG.20260905-S213000-E220000.V07C.30min.tif,0.0,0.0,0.0,0.9999999999999999,5.5,8.6,15.099999999999998,23.900000000000002,109.2,0.0,0.0,0.2,0.5,0.0,-1.0000000000000009,0.0,436.68,21.52,343.86,-0.2779853360529779,0.9605853178867106,36.6468,0.78,24.2,185.072,875.85852,0.0,0
2026-09-05 22:30:00+00:00,2026-09-05,22:00:00,22:29:59,2026-09-05T22:30:00+00:00,Singtam,27.234,88.501,0.0,3B-HHR-E.MS.MRG.3IMERG.20260905-S220000-E223000.V07C.30min.tif,0.0,0.0,0.0,0.8,5.0,8.6,15.099999999999998,23.6,109.2,0.0,0.0,0.2,0.5,0.0,-0.8000000000000008,0.0,436.68,21.52,343.86,-0.2779853360529779,0.9605853178867106,36.6468,0.78,24.2,185.072,864.8644800000001,0.0,0
2026-09-05 23:00:00+00:00,2026-09-05,22:30:00,22:59:59,2026-09-05T23:00:00+00:00,Singtam,27.234,88.501,0.0,3B-HHR-E.MS.MRG.3IMERG.20260905-S223000-E230000.V07C.30min.tif,0.0,0.0,0.0,0.6,4.5,8.6,15.099999999999998,23.3,109.2,0.0,0.0,0.2,0.5,0.0,-0.6000000000000009,0.0,436.68,21.52,343.86,-0.2779853360529779,0.9605853178867106,36.6468,0.78,24.2,185.072,853.87044,0.0,0
2026-09-05 23:30:00+00:00,2026-09-05,23:00:00,23:29:59,2026-09-05T23:30:00+00:00,Singtam,27.234,88.501,0.0,3B-HHR-E.MS.MRG.3IMERG.20260905-S230000-E233000.V07C.30min.tif,0.0,0.0,0.0,0.39999999999999997,3.9999999999999996,8.6,15.099999999999998,23.3,108.6,0.0,0.0,0.2,0.5,0.0,-0.40000000000000085,0.0,436.68,21.52,343.86,-0.2779853360529779,0.9605853178867106,36.6468,0.78,24.2,185.072,853.87044,0.0,0
2026-09-06 00:00:00+00:00,2026-09-06,23:30:00,23:59:59,2026-09-06T00:00:00+00:00,Singtam,27.234,88.501,0.0,3B-HHR-E.MS.MRG.3IMERG.20260906-S233000-E000000.V07C.30min.tif,0.0,0.0,0.0,0.19999999999999996,3.6,8.6,15.099999999999998,23.3,108.0,0.0,0.0,0.2,0.5,0.0,-0.20000000000000084,0.0,436.68,21.52,343.86,-0.2779853360529779,0.9605853178867106,36.6468,0.78,24.2,185.072,853.87044,0.0,0
2026-09-06 00:30:00+00:00,2026-09-06,00:00:00,00:29:59,2026-09-06T00:30:00+00:00,Singtam,27.234,88.501,0.1,3B-HHR-E.MS.MRG.3IMERG.20260906-S000000-E003000.V07C.30min.tif,0.1,0.1,0.10000000000000084,0.09999999999999995,3.3000000000000003,8.7,15.2,23.4,108.10000000000001,0.1,0.1,0.1,0.5,0.1,0.10000000000000084,0.1,436.68,21.52,343.86,-0.2779853360529779,0.9605853178867106,36.6468,0.78,24.2,187.224,857.5351199999999,0.242,0
2026-09-06 01:00:00+00:00,2026-09-06,00:30:00,00:59:59,2026-09-06T01:00:00+00:00,Singtam,27.234,88.501,0.1,3B-HHR-E.MS.MRG.3IMERG.20260906-S003000-E010000.V07C.30min.tif,0.1,0.2,0.20000000000000084,0.19999999999999996,3.0,8.799999999999999,15.299999999999999,23.5,108.2,0.1,0.1,0.1,0.5,0.2,0.20000000000000084,0.2,436.68,21.52,343.86,-0.2779853360529779,0.9605853178867106,36.6468,0.78,24.2,189.37599999999998,861.1998,0.242,0
2026-09-06 01:30:00+00:00,2026-09-06,01:00:00,01:29:59,2026-09-06T01:30:00+00:00,Singtam,27.234,88.501,0.1,3B-HHR-E.MS.MRG.3IMERG.20260906-S010000-E013000.V07C.30min.tif,0.1,0.2,0.3000000000000008,0.29999999999999993,2.7,8.9,15.399999999999999,23.6,108.3,0.1,0.1,0.1,0.5,0.1,0.3000000000000008,0.0,436.68,21.52,343.86,-0.2779853360529779,0.9605853178867106,36.6468,0.78,24.2,191.528,864.8644800000001,0.242,0
2026-09-06 02:00:00+00:00,2026-09-06,01:30:00,01:59:59,2026-09-06T02:00:00+00:00,Singtam,27.234,88.501,0.1,3B-HHR-E.MS.MRG.3IMERG.20260906-S013000-E020000.V07C.30min.tif,0.1,0.2,0.40000000000000085,0.39999999999999997,2.5,9.0,15.499999999999998,23.7,108.4,0.1,0.1,0.1,0.5,0.0,0.40000000000000085,-0.2,436.68,21.52,343.86,-0.2779853360529779,0.9605853178867106,36.6468,0.78,24.2,193.68,868.5291599999999,0.242,0
2026-09-06 02:30:00+00:00,2026-09-06,02:00:00,02:29:59,2026-09-06T02:30:00+00:00,Singtam,27.234,88.501,0.2,3B-HHR-E.MS.MRG.3IMERG.20260906-S020000-E023000.V07C.30min.tif,0.2,0.30000000000000004,0.6000000000000009,0.6,2.4,9.2,15.7,23.9,108.60000000000001,0.2,0.2,0.2,0.5,0.10000000000000003,0.6000000000000009,2.7755575615628914e-17,436.68,21.52,343.86,-0.2779853360529779,0.9605853178867106,36.6468,0.78,24.2,197.98399999999998,875.8585199999999,0.484,0
2026-09-06 03:00:00+00:00,2026-09-06,02:30:00,02:59:59,2026-09-06T03:00:00+00:00,Singtam,27.234,88.501,0.2,3B-HHR-E.MS.MRG.3IMERG.20260906-S023000-E030000.V07C.30min.tif,0.2,0.4,0.8000000000000009,0.8,2.3000000000000003,9.4,15.899999999999999,24.1,108.8,0.2,0.2,0.2,0.5,0.2,0.8000000000000009,0.2,436.68,21.52,343.86,-0.2779853360529779,0.9605853178867106,36.6468,0.78,24.2,202.288,883.1878800000001,0.484,0
2026-09-06 03:30:00+00:00,2026-09-06,03:00:00,03:29:59,2026-09-06T03:30:00+00:00,Singtam,27.234,88.501,0.2,3B-HHR-E.MS.MRG.3IMERG.20260906-S030000-E033000.V07C.30min.tif,0.2,0.4,0.9000000000000009,1.0,2.1999999999999997,9.6,16.099999999999998,24.2,109.0,0.2,0.2,0.2,0.5,0.09999999999999998,0.8,-5.551115123125783e-17,436.68,21.52,343.86,-0.2779853360529779,0.9605853178867106,36.6468,0.78,24.2,206.59199999999998,886.8525599999999,0.484,0
2026-09-06 04:00:00+00:00,2026-09-06,03:30:00,03:59:59,2026-09-06T04:00:00+00:00,Singtam,27.234,88.501,0.2,3B-HHR-E.MS.MRG.3IMERG.20260906-S033000-E040000.V07C.30min.tif,0.2,0.4,1.0000000000000009,1.2,2.2,9.799999999999999,16.299999999999997,24.4,109.2,0.2,0.2,0.2,0.5,0.0,0.8,-0.2,436.68,21.52,343.86,-0.2779853360529779,0.9605853178867106,36.6468,0.78,24.2,210.896,894.1819199999999,0.484,0
2026-09-06 04:30:00+00:00,2026-09-06,04:00:00,04:29:59,2026-09-06T04:30:00+00:00,Singtam,27.234,88.501,0.2,3B-HHR-E.MS.MRG.3IMERG.20260906-S040000-E043000.V07C.30min.tif,0.2,0.4,1.100000000000001,1.4,2.2,10.0,16.5,24.599999999999998,109.4,0.2,0.2,0.2,0.5,0.0,0.8000000000000002,-0.09999999999999998,436.68,21.52,343.86,-0.2779853360529779,0.9605853178867106,36.6468,0.78,24.2,215.2,901.5112799999999,0.484,0
2026-09-06 05:00:00+00:00,2026-09-06,04:30:00,04:59:59,2026-09-06T05:00:00+00:00,Singtam,27.234,88.501,0.3,3B-HHR-E.MS.MRG.3IMERG.20260906-S043000-E050000.V07C.30min.tif,0.3,0.5,1.3000000000000007,1.7,2.3000000000000003,10.299999999999999,16.799999999999997,24.9,109.7,0.3,0.3,0.3,0.5,0.09999999999999998,0.8999999999999999,0.09999999999999998,436.68,21.52,343.86,-0.2779853360529779,0.9605853178867106,36.6468,0.78,24.2,221.65599999999998,912.5053199999999,0.726,0
2026-09-06 05:30:00+00:00,2026-09-06,05:00:00,05:29:59,2026-09-06T05:30:00+00:00,Singtam,27.234,88.501,0.3,3B-HHR-E.MS.MRG.3IMERG.20260906-S050000-E053000.V07C.30min.tif,0.3,0.6,1.4000000000000008,2.0,2.4,10.299999999999999,17.099999999999998,25.2,110.0,0.3,0.3,0.3,0.5,0.19999999999999996,0.7999999999999999,0.19999999999999996,436.68,21.52,343.86,-0.2779853360529779,0.9605853178867106,36.6468,0.78,24.2,221.65599999999998,923.4993599999999,0.726,0
2026-09-06 06:00:00+00:00,2026-09-06,05:30:00,05:59:59,2026-09-06T06:00:00+00:00,Singtam,27.234,88.501,0.3,3B-HHR-E.MS.MRG.3IMERG.20260906-S053000-E060000.V07C.30min.tif,0.3,0.6,1.5000000000000009,2.3,2.5,10.3,17.4,25.5,110.3,0.3,0.3,0.3,0.5,0.09999999999999998,0.7,0.0,436.68,21.52,343.86,-0.2779853360529779,0.9605853178867106,36.6468,0.78,24.2,221.656,934.4934,0.726,0
2026-09-06 06:30:00+00:00,2026-09-06,06:00:00,06:29:59,2026-09-06T06:30:00+00:00,Singtam,27.234,88.501,0.3,3B-HHR-E.MS.MRG.3IMERG.20260906-S060000-E063000.V07C.30min.tif,0.3,0.6,1.600000000000001,2.5,2.6,10.299999999999999,17.7,25.799999999999997,110.60000000000001,0.3,0.3,0.3,0.5,0.0,0.7000000000000001,-0.19999999999999996,436.68,21.52,343.86,-0.2779853360529779,0.9605853178867106,36.6468,0.78,24.2,221.65599999999998,945.4874399999999,0.726,0
2026-09-06 07:00:00+00:00,2026-09-06,06:30:00,06:59:59,2026-09-06T07:00:00+00:00,Singtam,27.234,88.501,0.3,3B-HHR-E.MS.MRG.3IMERG.20260906-S063000-E070000.V07C.30min.tif,0.3,0.6,1.7000000000000006,2.6999999999999997,2.9000000000000004,10.299999999999999,17.8,26.0,110.8,0.3,0.3,0.3,0.5,0.0,0.6999999999999997,-0.09999999999999998,436.68,21.52,343.86,-0.2779853360529779,0.9605853178867106,36.6468,0.78,24.2,221.65599999999998,952.8168,0.726,0
2026-09-06 07:30:00+00:00,2026-09-06,07:00:00,07:29:59,2026-09-06T07:30:00+00:00,Singtam,27.234,88.501,0.3,3B-HHR-E.MS.MRG.3IMERG.20260906-S070000-E073000.V07C.30min.tif,0.3,0.6,1.7999999999999998,2.9000000000000004,3.2,10.299999999999999,17.9,26.3,111.0,0.3,0.3,0.3,0.5,0.0,0.6999999999999988,0.0,436.68,21.52,343.86,-0.2779853360529779,0.9605853178867106,36.6468,0.78,24.2,221.65599999999998,963.81084,0.726,0
2026-09-06 08:00:00+00:00,2026-09-06,07:30:00,07:59:59,2026-09-06T08:00:00+00:00,Singtam,27.234,88.501,0.3,3B-HHR-E.MS.MRG.3IMERG.20260906-S073000-E080000.V07C.30min.tif,0.3,0.6,1.7999999999999998,3.1,3.5,10.299999999999999,18.0,26.6,110.89999999999999,0.3,0.3,0.3,0.5,0.0,0.4999999999999991,0.0,436.68,21.52,343.86,-0.2779853360529779,0.9605853178867106,36.6468,0.78,24.2,221.65599999999998,974.80488,0.726,0
2026-09-06 08:30:00+00:00,2026-09-06,08:00:00,08:29:59,2026-09-06T08:30:00+00:00,Singtam,27.234,88.501,0.3,3B-HHR-E.MS.MRG.3IMERG.20260906-S080000-E083000.V07C.30min.tif,0.3,0.6,1.7999999999999998,3.1999999999999997,3.8000000000000003,10.3,17.9,26.900000000000002,110.6,0.3,0.3,0.3,0.5,0.0,0.399999999999999,0.0,436.68,21.52,343.86,-0.2779853360529779,0.9605853178867106,36.6468,0.78,24.2,221.656,985.7989200000001,0.726,0
2026-09-06 09:00:00+00:00,2026-09-06,08:30:00,08:59:59,2026-09-06T09:00:00+00:00,Singtam,27.234,88.501,0.3,3B-HHR-E.MS.MRG.3IMERG.20260906-S083000-E090000.V07C.30min.tif,0.3,0.6,1.7999999999999998,3.3000000000000003,4.1,10.299999999999999,17.7,27.2,110.60000000000001,0.3,0.3,0.3,0.5,0.0,0.29999999999999893,0.0,436.68,21.52,343.86,-0.2779853360529779,0.9605853178867106,36.6468,0.78,24.2,221.65599999999998,996.79296,0.726,0
2026-09-06 09:30:00+00:00,2026-09-06,09:00:00,09:29:59,2026-09-06T09:30:00+00:00,Singtam,27.234,88.501,0.3,3B-HHR-E.MS.MRG.3IMERG.20260906-S090000-E093000.V07C.30min.tif,0.3,0.6,1.7999999999999998,3.4,4.4,10.4,16.8,27.5,110.7,0.3,0.3,0.3,0.5,0.0,0.19999999999999885,0.0,436.68,21.52,343.86,-0.2779853360529779,0.9605853178867106,36.6468,0.78,24.2,223.808,1007.7869999999999,0.726,0
2026-09-06 10:00:00+00:00,2026-09-06,09:30:00,09:59:59,2026-09-06T10:00:00+00:00,Singtam,27.234,88.501,0.6,3B-HHR-E.MS.MRG.3IMERG.20260906-S093000-E100000.V07C.30min.tif,0.6,0.8999999999999999,2.100000000000001,3.8,5.0,10.5,16.4,28.1,109.7,0.6,0.6,0.6,0.6,0.29999999999999993,0.40000000000000036,0.29999999999999993,436.68,21.52,343.86,-0.2779853360529779,0.9605853178867106,36.6468,0.78,24.2,225.96,1029.7750800000001,1.452,0
2026-09-06 10:30:00+00:00,2026-09-06,10:00:00,10:29:59,2026-09-06T10:30:00+00:00,Singtam,27.234,88.501,0.5,3B-HHR-E.MS.MRG.3IMERG.20260906-S100000-E103000.V07C.30min.tif,0.5,1.1,2.3000000000000007,4.1,5.5,10.5,16.7,28.6,108.2,0.6,0.6,0.6,0.6,0.5000000000000001,0.5000000000000009,0.5000000000000001,436.68,21.52,343.86,-0.2779853360529779,0.9605853178867106,36.6468,0.78,24.2,225.96,1048.09848,1.452,0
2026-09-06 11:00:00+00:00,2026-09-06,10:30:00,10:59:59,2026-09-06T11:00:00+00:00,Singtam,27.234,88.501,0.5,3B-HHR-E.MS.MRG.3IMERG.20260906-S103000-E110000.V07C.30min.tif,0.5,1.0,2.500000000000001,4.3,6.0,10.5,17.099999999999998,29.1,107.0,0.5,0.6,0.6,0.6,0.10000000000000009,0.7000000000000011,-0.19999999999999984,436.68,21.52,343.86,-0.2779853360529779,0.9605853178867106,36.6468,0.78,24.2,225.96,1066.42188,1.452,0
2026-09-06 11:30:00+00:00,2026-09-06,11:00:00,11:29:59,2026-09-06T11:30:00+00:00,Singtam,27.234,88.501,0.5,3B-HHR-E.MS.MRG.3IMERG.20260906-S110000-E113000.V07C.30min.tif,0.5,1.0,2.7000000000000006,4.5,6.5,10.5,17.599999999999998,29.6,106.2,0.5,0.6,0.6,0.6,-0.10000000000000009,0.9000000000000008,-0.6000000000000002,436.68,21.52,343.86,-0.2779853360529779,0.9605853178867106,36.6468,0.78,24.2,225.96,1084.74528,1.452,0
2026-09-06 12:00:00+00:00,2026-09-06,11:30:00,11:59:59,2026-09-06T12:00:00+00:00,Singtam,27.234,88.501,0.5,3B-HHR-E.MS.MRG.3IMERG.20260906-S113000-E120000.V07C.30min.tif,0.5,1.0,2.900000000000001,4.7,7.0,10.6,18.099999999999998,30.0,106.5,0.5,0.6,0.6,0.6,0.0,1.100000000000001,-0.10000000000000009,436.68,21.52,343.86,-0.2779853360529779,0.9605853178867106,36.6468,0.78,24.2,228.112,1099.404,1.452,0
2026-09-06 12:30:00+00:00,2026-09-06,12:00:00,12:29:59,2026-09-06T12:30:00+00:00,Singtam,27.234,88.501,0.5,3B-HHR-E.MS.MRG.3IMERG.20260906-S120000-E123000.V07C.30min.tif,0.5,1.0,3.1000000000000005,4.9,7.3999999999999995,10.7,18.599999999999998,30.5,106.89999999999999,0.5,0.6,0.6,0.6,0.0,1.3000000000000007,0.10000000000000009,436.68,21.52,343.86,-0.2779853360529779,0.9605853178867106,36.6468,0.78,24.2,230.26399999999998,1117.7274,1.452,0
2026-09-06 13:00:00+00:00,2026-09-06,12:30:00,12:59:59,2026-09-06T13:00:00+00:00,Singtam,27.234,88.501,0.4,3B-HHR-E.MS.MRG.3IMERG.20260906-S123000-E130000.V07C.30min.tif,0.4,0.9000000000000001,2.9000000000000012,5.0,7.7,10.7,19.0,30.8,107.3,0.5,0.5,0.6,0.6,-0.09999999999999987,0.8000000000000003,-0.09999999999999987,436.68,21.52,343.86,-0.2779853360529779,0.9605853178867106,36.6468,0.78,24.2,230.26399999999998,1128.72144,1.21,0
2026-09-06 13:30:00+00:00,2026-09-06,13:00:00,13:29:59,2026-09-06T13:30:00+00:00,Singtam,27.234,88.501,0.4,3B-HHR-E.MS.MRG.3IMERG.20260906-S130000-E133000.V07C.30min.tif,0.4,0.8,2.800000000000001,5.1,8.0,10.7,19.4,31.1,107.69999999999999,0.4,0.5,0.6,0.6,-0.19999999999999996,0.5000000000000004,-0.19999999999999996,436.68,21.52,343.86,-0.2779853360529779,0.9605853178867106,36.6468,0.78,24.2,230.26399999999998,1139.71548,1.21,0
2026-09-06 14:00:00+00:00,2026-09-06,13:30:00,13:59:59,2026-09-06T14:00:00+00:00,Singtam,27.234,88.501,0.4,3B-HHR-E.MS.MRG.3IMERG.20260906-S133000-E140000.V07C.30min.tif,0.4,0.8,2.7000000000000006,5.2,8.299999999999999,10.799999999999999,19.799999999999997,31.5,108.1,0.4,0.5,0.6,0.6,-0.10000000000000009,0.19999999999999973,-2.220446049250313e-16,436.68,21.52,343.86,-0.2779853360529779,0.9605853178867106,36.6468,0.78,24.2,232.41599999999997,1154.3742,1.21,0
2026-09-06 14:30:00+00:00,2026-09-06,14:00:00,14:29:59,2026-09-06T14:30:00+00:00,Singtam,27.234,88.501,0.4,3B-HHR-E.MS.MRG.3IMERG.20260906-S140000-E143000.V07C.30min.tif,0.4,0.8,2.600000000000001,5.3,8.5,10.899999999999999,20.1,31.9,108.5,0.4,0.5,0.6,0.6,0.0,-0.09999999999999964,0.19999999999999996,436.68,21.52,343.86,-0.2779853360529779,0.9605853178867106,36.6468,0.78,24.2,234.56799999999996,1169.0329199999999,1.21,0
2026-09-06 15:00:00+00:00,2026-09-06,14:30:00,14:59:59,2026-09-06T15:00:00+00:00,Singtam,27.234,88.501,0.3,3B-HHR-E.MS.MRG.3IMERG.20260906-S143000-E150000.V07C.30min.tif,0.3,0.7000000000000002,2.400000000000001,5.300000000000001,8.6,10.9,20.0,32.1,108.7,0.4,0.5,0.6,0.6,-0.09999999999999987,-0.5,2.220446049250313e-16,436.68,21.52,343.86,-0.2779853360529779,0.9605853178867106,36.6468,0.78,24.2,234.568,1176.36228,1.21,0
2026-09-06 15:30:00+00:00,2026-09-06,15:00:00,15:29:59,2026-09-06T15:30:00+00:00,Singtam,27.234,88.501,0.3,3B-HHR-E.MS.MRG.3IMERG.20260906-S150000-E153000.V07C.30min.tif,0.3,0.6,2.200000000000001,5.3,8.7,10.899999999999999,19.599999999999998,32.199999999999996,108.8,0.3,0.4,0.6,0.6,-0.20000000000000007,-0.8999999999999995,-0.20000000000000007,436.68,21.52,343.86,-0.2779853360529779,0.9605853178867106,36.6468,0.78,24.2,234.56799999999996,1180.02696,0.968,0
2026-09-06 16:00:00+00:00,2026-09-06,15:30:00,15:59:59,2026-09-06T16:00:00+00:00,Singtam,27.234,88.501,0.3,3B-HHR-E.MS.MRG.3IMERG.20260906-S153000-E160000.V07C.30min.tif,0.3,0.6,2.100000000000001,5.0,8.8,11.0,19.5,32.1,109.0,0.3,0.4,0.5,0.6,-0.1000000000000002,-0.8000000000000003,-3.3306690738754696e-16,436.68,21.52,343.86,-0.2779853360529779,0.9605853178867106,36.6468,0.78,24.2,236.72,1176.36228,0.968,0
2026-09-06 16:30:00+00:00,2026-09-06,16:00:00,16:29:59,2026-09-06T16:30:00+00:00,Singtam,27.234,88.501,0.3,3B-HHR-E.MS.MRG.3IMERG.20260906-S160000-E163000.V07C.30min.tif,0.3,0.6,2.000000000000001,4.8,8.9,11.1,19.599999999999998,32.3,108.89999999999999,0.3,0.4,0.5,0.6,0.0,-0.8000000000000003,0.20000000000000007,436.68,21.52,343.86,-0.2779853360529779,0.9605853178867106,36.6468,0.78,24.2,238.87199999999999,1183.6916399999998,0.968,0
2026-09-06 17:00:00+00:00,2026-09-06,16:30:00,16:59:59,2026-09-06T17:00:00+00:00,Singtam,27.234,88.501,0.3,3B-HHR-E.MS.MRG.3IMERG.20260906-S163000-E170000.V07C.30min.tif,0.3,0.6,1.9000000000000008,4.6,8.9,11.2,19.8,32.5,108.7,0.3,0.4,0.5,0.6,0.0,-0.7999999999999998,0.1000000000000002,436.68,21.52,343.86,-0.2779853360529779,0.9605853178867106,36.6468,0.78,24.2,241.02399999999997,1191.021,0.968,0
2026-09-06 17:30:00+00:00,2026-09-06,17:00:00,17:29:59,2026-09-06T17:30:00+00:00,Singtam,27.234,88.501,0.2,3B-HHR-E.MS.MRG.3IMERG.20260906-S170000-E173000.V07C.30min.tif,0.2,0.5000000000000001,1.7000000000000006,4.3,8.8,11.2,20.0,32.699999999999996,108.8,0.3,0.3,0.5,0.6,-0.09999999999999987,-0.9000000000000004,-0.09999999999999987,436.68,21.52,343.86,-0.2779853360529779,0.9605853178867106,36.6468,0.78,24.2,241.02399999999997,1198.35036,0.726,0
2026-09-06 18:00:00+00:00,2026-09-06,17:30:00,17:59:59,2026-09-06T18:00:00+00:00,Singtam,27.234,88.501,0.2,3B-HHR-E.MS.MRG.3IMERG.20260906-S173000-E180000.V07C.30min.tif,0.2,0.4,1.6000000000000008,4.0,8.7,11.2,20.2,32.9,108.89999999999999,0.2,0.3,0.5,0.6,-0.19999999999999996,-0.8,-0.19999999999999996,436.68,21.52,343.86,-0.2779853360529779,0.9605853178867106,36.6468,0.78,24.2,241.02399999999997,1205.6797199999999,0.726,0
2026-09-06 18:30:00+00:00,2026-09-06,18:00:00,18:29:59,2026-09-06T18:30:00+00:00,Singtam,27.234,88.501,0.2,3B-HHR-E.MS.MRG.3IMERG.20260906-S180000-E183000.V07C.30min.tif,0.2,0.4,1.5000000000000007,3.7,8.6,11.2,20.4,32.1,105.8,0.2,0.3,0.4,0.6,-0.10000000000000009,-0.7000000000000004,-2.220446049250313e-16,436.68,21.52,343.86,-0.2779853360529779,0.9605853178867106,36.6468,0.78,24.2,241.02399999999997,1176.36228,0.726,0
2026-09-06 19:00:00+00:00,2026-09-06,18:30:00,18:59:59,2026-09-06T19:00:00+00:00,Singtam,27.234,88.501,0.0,3B-HHR-E.MS.MRG.3IMERG.20260906-S183000-E190000.V07C.30min.tif,0.0,0.20000000000000012,1.2000000000000008,3.3,8.299999999999999,11.2,20.4,31.0,102.5,0.2,0.3,0.4,0.6,-0.1999999999999999,-0.9000000000000001,5.551115123125783e-17,436.68,21.52,343.86,-0.2779853360529779,0.9605853178867106,36.6468,0.78,24.2,241.02399999999997,1136.0508,0.726,0
2026-09-06 19:30:00+00:00,2026-09-06,19:00:00,19:29:59,2026-09-06T19:30:00+00:00,Singtam,27.234,88.501,0.0,3B-HHR-E.MS.MRG.3IMERG.20260906-S190000-E193000.V07C.30min.tif,0.0,0.0,0.9000000000000008,2.8999999999999995,8.0,11.2,20.4,26.9,96.0,0.0,0.3,0.4,0.6,-0.4,-1.1,-0.29999999999999993,436.68,21.52,343.86,-0.2779853360529779,0.9605853178867106,36.6468,0.78,24.2,241.02399999999997,985.79892,0.726,0
2026-09-06 20:00:00+00:00,2026-09-06,19:30:00,19:59:59,2026-09-06T20:00:00+00:00,Singtam,27.234,88.501,0.0,3B-HHR-E.MS.MRG.3IMERG.20260906-S193000-E200000.V07C.30min.tif,0.0,0.0,0.6000000000000008,2.5,7.7,11.2,20.2,26.7,96.0,0.0,0.2,0.4,0.6,-0.20000000000000012,-1.3,-2.220446049250313e-16,436.68,21.52,343.86,-0.2779853360529779,0.9605853178867106,36.6468,0.78,24.2,241.02399999999997,978.46956,0.484,0
2026-09-06 20:30:00+00:00,2026-09-06,20:00:00,20:29:59,2026-09-06T20:30:00+00:00,Singtam,27.234,88.501,0.0,3B-HHR-E.MS.MRG.3IMERG.20260906-S200000-E203000.V07C.30min.tif,0.0,0.0,0.4000000000000008,2.0999999999999996,7.4,11.2,19.999999999999996,26.6,95.9,0.0,0.2,0.3,0.6,0.0,-1.2999999999999998,0.4,436.68,21.52,343.86,-0.2779853360529779,0.9605853178867106,36.6468,0.78,24.2,241.02399999999997,974.80488,0.484,0
2026-09-06 21:00:00+00:00,2026-09-06,20:30:00,20:59:59,2026-09-06T21:00:00+00:00,Singtam,27.234,88.501,0.0,3B-HHR-E.MS.MRG.3IMERG.20260906-S203000-E210000.V07C.30min.tif,0.0,0.0,0.2000000000000008,1.7999999999999998,7.1,11.2,19.9,26.5,95.9,0.0,0.2,0.3,0.6,0.0,-1.4,0.20000000000000012,436.68,21.52,343.86,-0.2779853360529779,0.9605853178867106,36.6468,0.78,24.2,241.02399999999997,971.1401999999999,0.484,0
2026-09-06 21:30:00+00:00,2026-09-06,21:00:00,21:29:59,2026-09-06T21:30:00+00:00,Singtam,27.234,88.501,0.0,3B-HHR-E.MS.MRG.3IMERG.20260906-S210000-E213000.V07C.30min.tif,0.0,0.0,0.0,1.5,6.8,11.2,19.799999999999997,26.4,95.8,0.0,0.0,0.3,0.6,0.0,-1.5000000000000007,0.0,436.68,21.52,343.86,-0.2779853360529779,0.9605853178867106,36.6468,0.78,24.2,241.02399999999997,967.47552,0.0,0
2026-09-06 22:00:00+00:00,2026-09-06,21:30:00,21:59:59,2026-09-06T22:00:00+00:00,Singtam,27.234,88.501,0.0,3B-HHR-E.MS.MRG.3IMERG.20260906-S213000-E220000.V07C.30min.tif,0.0,0.0,0.0,1.2,6.2,11.2,19.799999999999997,26.3,95.7,0.0,0.0,0.3,0.6,0.0,-1.2000000000000008,0.0,436.68,21.52,343.86,-0.2779853360529779,0.9605853178867106,36.6468,0.78,24.2,241.02399999999997,963.81084,0.0,0
2026-09-06 22:30:00+00:00,2026-09-06,22:00:00,22:29:59,2026-09-06T22:30:00+00:00,Singtam,27.234,88.501,0.0,3B-HHR-E.MS.MRG.3IMERG.20260906-S220000-E223000.V07C.30min.tif,0.0,0.0,0.0,0.8999999999999999,5.7,11.2,19.799999999999997,26.3,95.6,0.0,0.0,0.3,0.6,0.0,-0.9000000000000008,0.0,436.68,21.52,343.86,-0.2779853360529779,0.9605853178867106,36.6468,0.78,24.2,241.02399999999997,963.81084,0.0,0
2026-09-06 23:00:00+00:00,2026-09-06,22:30:00,22:59:59,2026-09-06T23:00:00+00:00,Singtam,27.234,88.501,0.0,3B-HHR-E.MS.MRG.3IMERG.20260906-S223000-E230000.V07C.30min.tif,0.0,0.0,0.0,0.5999999999999999,5.2,11.2,19.799999999999997,26.3,95.6,0.0,0.0,0.2,0.6,0.0,-0.6000000000000008,0.0,436.68,21.52,343.86,-0.2779853360529779,0.9605853178867106,36.6468,0.78,24.2,241.02399999999997,963.81084,0.0,0
2026-09-06 23:30:00+00:00,2026-09-06,23:00:00,23:29:59,2026-09-06T23:30:00+00:00,Singtam,27.234,88.501,0.0,3B-HHR-E.MS.MRG.3IMERG.20260906-S230000-E233000.V07C.30min.tif,0.0,0.0,0.0,0.3999999999999999,4.7,11.2,19.799999999999997,26.3,95.6,0.0,0.0,0.2,0.6,0.0,-0.4000000000000008,0.0,436.68,21.52,343.86,-0.2779853360529779,0.9605853178867106,36.6468,0.78,24.2,241.02399999999997,963.81084,0.0,0
2026-09-07 00:00:00+00:00,2026-09-07,23:30:00,23:59:59,2026-09-07T00:00:00+00:00,Singtam,27.234,88.501,0.0,3B-HHR-E.MS.MRG.3IMERG.20260907-S233000-E000000.V07C.30min.tif,0.0,0.0,0.0,0.1999999999999999,4.2,11.2,19.799999999999997,26.3,95.6,0.0,0.0,0.2,0.6,0.0,-0.2000000000000008,0.0,436.68,21.52,343.86,-0.2779853360529779,0.9605853178867106,36.6468,0.78,24.2,241.02399999999997,963.81084,0.0,0
2026-09-07 00:30:00+00:00,2026-09-07,00:00:00,00:29:59,2026-09-07T00:30:00+00:00,Singtam,27.234,88.501,0.0,3B-HHR-E.MS.MRG.3IMERG.20260907-S000000-E003000.V07C.30min.tif,0.0,0.0,0.0,0.0,3.7,11.099999999999998,19.799999999999997,26.3,94.9,0.0,0.0,0.0,0.6,0.0,0.0,0.0,436.68,21.52,343.86,-0.2779853360529779,0.9605853178867106,36.6468,0.78,24.2,238.87199999999996,963.81084,0.0,0
2026-09-07 01:00:00+00:00,2026-09-07,00:30:00,00:59:59,2026-09-07T01:00:00+00:00,Singtam,27.234,88.501,0.0,3B-HHR-E.MS.MRG.3IMERG.20260907-S003000-E010000.V07C.30min.tif,0.0,0.0,0.0,0.0,3.3000000000000003,10.999999999999998,19.799999999999997,26.3,94.2,0.0,0.0,0.0,0.6,0.0,0.0,0.0,436.68,21.52,343.86,-0.2779853360529779,0.9605853178867106,36.6468,0.78,24.2,236.71999999999997,963.81084,0.0,0
2026-09-07 01:30:00+00:00,2026-09-07,01:00:00,01:29:59,2026-09-07T01:30:00+00:00,Singtam,27.234,88.501,0.1,3B-HHR-E.MS.MRG.3IMERG.20260907-S010000-E013000.V07C.30min.tif,0.1,0.10000000000000012,0.10000000000000078,0.0999999999999999,3.0000000000000004,11.0,19.9,26.400000000000002,91.6,0.1,0.1,0.1,0.6,0.10000000000000012,0.10000000000000078,0.10000000000000012,436.68,21.52,343.86,-0.2779853360529779,0.9605853178867106,36.6468,0.78,24.2,236.72,967.4755200000001,0.242,0
2026-09-07 02:00:00+00:00,2026-09-07,01:30:00,01:59:59,2026-09-07T02:00:00+00:00,Singtam,27.234,88.501,0.1,3B-HHR-E.MS.MRG.3IMERG.20260907-S013000-E020000.V07C.30min.tif,0.1,0.2,0.2000000000000008,0.1999999999999999,2.6999999999999997,11.0,20.0,26.5,89.0,0.1,0.1,0.1,0.6,0.2,0.2000000000000008,0.2,436.68,21.52,343.86,-0.2779853360529779,0.9605853178867106,36.6468,0.78,24.2,236.72,971.1401999999999,0.242,0
2026-09-07 02:30:00+00:00,2026-09-07,02:00:00,02:29:59,2026-09-07T02:30:00+00:00,Singtam,27.234,88.501,0.1,3B-HHR-E.MS.MRG.3IMERG.20260907-S020000-E023000.V07C.30min.tif,0.1,0.2,0.3000000000000008,0.29999999999999993,2.4,10.899999999999999,20.099999999999998,26.6,88.3,0.1,0.1,0.1,0.6,0.0999999999999999,0.3000000000000008,-2.220446049250313e-16,436.68,21.52,343.86,-0.2779853360529779,0.9605853178867106,36.6468,0.78,24.2,234.56799999999996,974.80488,0.242,0
2026-09-07 03:00:00+00:00,2026-09-07,02:30:00,02:59:59,2026-09-07T03:00:00+00:00,Singtam,27.234,88.501,0.1,3B-HHR-E.MS.MRG.3IMERG.20260907-S023000-E030000.V07C.30min.tif,0.1,0.2,0.4000000000000008,0.3999999999999999,2.2,10.799999999999999,20.2,26.7,87.9,0.1,0.1,0.1,0.6,0.0,0.4000000000000008,-0.2,436.68,21.52,343.86,-0.2779853360529779,0.9605853178867106,36.6468,0.78,24.2,232.41599999999997,978.46956,0.242,0
2026-09-07 03:30:00+00:00,2026-09-07,03:00:00,03:29:59,2026-09-07T03:30:00+00:00,Singtam,27.234,88.501,0.2,3B-HHR-E.MS.MRG.3IMERG.20260907-S030000-E033000.V07C.30min.tif,0.2,0.30000000000000016,0.6000000000000008,0.5999999999999999,2.1,10.799999999999999,20.4,26.900000000000002,87.8,0.2,0.2,0.2,0.6,0.10000000000000014,0.6000000000000008,2.498001805406602e-16,436.68,21.52,343.86,-0.2779853360529779,0.9605853178867106,36.6468,0.78,24.2,232.41599999999997,985.7989200000001,0.484,0
2026-09-07 04:00:00+00:00,2026-09-07,03:30:00,03:59:59,2026-09-07T04:00:00+00:00,Singtam,27.234,88.501,0.2,3B-HHR-E.MS.MRG.3IMERG.20260907-S033000-E040000.V07C.30min.tif,0.2,0.4,0.8000000000000008,0.7999999999999999,2.0,10.799999999999999,20.599999999999998,27.1,87.89999999999999,0.2,0.2,0.2,0.6,0.2,0.8000000000000008,0.2,436.68,21.52,343.86,-0.2779853360529779,0.9605853178867106,36.6468,0.78,24.2,232.41599999999997,993.12828,0.484,0
2026-09-07 04:30:00+00:00,2026-09-07,04:00:00,04:29:59,2026-09-07T04:30:00+00:00,Singtam,27.234,88.501,0.2,3B-HHR-E.MS.MRG.3IMERG.20260907-S040000-E043000.V07C.30min.tif,0.2,0.4,0.9000000000000008,1.0,1.9000000000000001,10.799999999999999,20.799999999999997,27.3,88.0,0.2,0.2,0.2,0.6,0.09999999999999987,0.8,-2.7755575615628914e-16,436.68,21.52,343.86,-0.2779853360529779,0.9605853178867106,36.6468,0.78,24.2,232.41599999999997,1000.45764,0.484,0
2026-09-07 05:00:00+00:00,2026-09-07,04:30:00,04:59:59,2026-09-07T05:00:00+00:00,Singtam,27.234,88.501,0.2,3B-HHR-E.MS.MRG.3IMERG.20260907-S043000-E050000.V07C.30min.tif,0.2,0.4,1.0000000000000009,1.2,1.8,10.7,21.0,27.5,88.2,0.2,0.2,0.2,0.6,0.0,0.8,-0.2,436.68,21.52,343.86,-0.2779853360529779,0.9605853178867106,36.6468,0.78,24.2,230.26399999999998,1007.7869999999999,0.484,0
2026-09-07 05:30:00+00:00,2026-09-07,05:00:00,05:29:59,2026-09-07T05:30:00+00:00,Singtam,27.234,88.501,0.2,3B-HHR-E.MS.MRG.3IMERG.20260907-S050000-E053000.V07C.30min.tif,0.2,0.4,1.1000000000000008,1.4,1.8,10.599999999999998,20.9,27.7,88.4,0.2,0.2,0.2,0.6,0.0,0.7999999999999999,-0.09999999999999987,436.68,21.52,343.86,-0.2779853360529779,0.9605853178867106,36.6468,0.78,24.2,228.11199999999994,1015.11636,0.484,0
2026-09-07 06:00:00+00:00,2026-09-07,05:30:00,05:59:59,2026-09-07T06:00:00+00:00,Singtam,27.234,88.501,0.3,3B-HHR-E.MS.MRG.3IMERG.20260907-S053000-E060000.V07C.30min.tif,0.3,0.5000000000000001,1.300000000000001,1.7,1.9000000000000001,10.6,20.900000000000002,28.0,88.7,0.3,0.3,0.3,0.6,0.10000000000000009,0.9000000000000001,0.10000000000000009,436.68,21.52,343.86,-0.2779853360529779,0.9605853178867106,36.6468,0.78,24.2,228.112,1026.1104,0.726,0
2026-09-07 06:30:00+00:00,2026-09-07,06:00:00,06:29:59,2026-09-07T06:30:00+00:00,Singtam,27.234,88.501,0.3,3B-HHR-E.MS.MRG.3IMERG.20260907-S060000-E063000.V07C.30min.tif,0.3,0.6,1.4000000000000008,2.0,2.0,10.599999999999998,20.9,28.3,89.0,0.3,0.3,0.3,0.6,0.19999999999999996,0.8,0.19999999999999996,436.68,21.52,343.86,-0.2779853360529779,0.9605853178867106,36.6468,0.78,24.2,228.11199999999994,1037.10444,0.726,0
2026-09-07 07:00:00+00:00,2026-09-07,06:30:00,06:59:59,2026-09-07T07:00:00+00:00,Singtam,27.234,88.501,0.3,3B-HHR-E.MS.MRG.3IMERG.20260907-S063000-E070000.V07C.30min.tif,0.3,0.6,1.5000000000000009,2.3,2.3000000000000003,10.6,20.9,28.400000000000002,89.3,0.3,0.3,0.3,0.6,0.09999999999999987,0.7000000000000001,-2.220446049250313e-16,436.68,21.52,343.86,-0.2779853360529779,0.9605853178867106,36.6468,0.78,24.2,228.112,1040.7691200000002,0.726,0
2026-09-07 07:30:00+00:00,2026-09-07,07:00:00,07:29:59,2026-09-07T07:30:00+00:00,Singtam,27.234,88.501,0.3,3B-HHR-E.MS.MRG.3IMERG.20260907-S070000-E073000.V07C.30min.tif,0.3,0.6,1.6000000000000008,2.5,2.6,10.6,20.9,28.5,89.6,0.3,0.3,0.3,0.6,0.0,0.7,-0.19999999999999996,436.68,21.52,343.86,-0.2779853360529779,0.9605853178867106,36.6468,0.78,24.2,228.112,1044.4338,0.726,0
2026-09-07 08:00:00+00:00,2026-09-07,07:30:00,07:59:59,2026-09-07T08:00:00+00:00,Singtam,27.234,88.501,0.3,3B-HHR-E.MS.MRG.3IMERG.20260907-S073000-E080000.V07C.30min.tif,0.3,0.6,1.7000000000000008,2.6999999999999997,2.9000000000000004,10.6,20.9,28.599999999999998,89.9,0.3,0.3,0.3,0.6,0.0,0.7,-0.09999999999999987,436.68,21.52,343.86,-0.2779853360529779,0.9605853178867106,36.6468,0.78,24.2,228.112,1048.0984799999999,0.726,0
2026-09-07 08:30:00+00:00,2026-09-07,08:00:00,08:29:59,2026-09-07T08:30:00+00:00,Singtam,27.234,88.501,0.3,3B-HHR-E.MS.MRG.3IMERG.20260907-S080000-E083000.V07C.30min.tif,0.3,0.6,1.7999999999999998,2.9,3.2,10.6,20.900000000000002,28.5,90.2,0.3,0.3,0.3,0.6,0.0,0.6999999999999991,0.0,436.68,21.52,343.86,-0.2779853360529779,0.9605853178867106,36.6468,0.78,24.2,228.112,1044.4338,0.726,0
2026-09-07 09:00:00+00:00,2026-09-07,08:30:00,08:59:59,2026-09-07T09:00:00+00:00,Singtam,27.234,88.501,0.3,3B-HHR-E.MS.MRG.3IMERG.20260907-S083000-E090000.V07C.30min.tif,0.3,0.6,1.7999999999999998,3.1,3.5,10.599999999999998,20.9,28.3,90.5,0.3,0.3,0.3,0.6,0.0,0.4999999999999989,0.0,436.68,21.52,343.86,-0.2779853360529779,0.9605853178867106,36.6468,0.78,24.2,228.11199999999994,1037.10444,0.726,0
2026-09-07 09:30:00+00:00,2026-09-07,09:00:00,09:29:59,2026-09-07T09:30:00+00:00,Singtam,27.234,88.501,0.3,3B-HHR-E.MS.MRG.3IMERG.20260907-S090000-E093000.V07C.30min.tif,0.3,0.6,1.7999999999999998,3.1999999999999997,3.8000000000000003,10.6,21.0,27.400000000000002,90.8,0.3,0.3,0.3,0.6,0.0,0.399999999999999,0.0,436.68,21.52,343.86,-0.2779853360529779,0.9605853178867106,36.6468,0.78,24.2,228.112,1004.1223200000001,0.726,0
2026-09-07 10:00:00+00:00,2026-09-07,09:30:00,09:59:59,2026-09-07T10:00:00+00:00,Singtam,27.234,88.501,0.6,3B-HHR-E.MS.MRG.3IMERG.20260907-S093000-E100000.V07C.30min.tif,0.6,0.9000000000000001,2.1000000000000005,3.6,4.4,10.6,21.1,27.0,91.4,0.6,0.6,0.6,0.6,0.30000000000000016,0.5999999999999996,0.30000000000000016,436.68,21.52,343.86,-0.2779853360529779,0.9605853178867106,36.6468,0.78,24.2,228.112,989.4635999999999,1.452,0
2026-09-07 10:30:00+00:00,2026-09-07,10:00:00,10:29:59,2026-09-07T10:30:00+00:00,Singtam,27.234,88.501,0.6,3B-HHR-E.MS.MRG.3IMERG.20260907-S100000-E103000.V07C.30min.tif,0.6,1.2,2.400000000000001,4.0,5.0,10.699999999999998,21.2,27.4,92.0,0.6,0.6,0.6,0.6,0.6,0.8,0.6,436.68,21.52,343.86,-0.2779853360529779,0.9605853178867106,36.6468,0.78,24.2,230.26399999999995,1004.12232,1.452,0
2026-09-07 11:00:00+00:00,2026-09-07,10:30:00,10:59:59,2026-09-07T11:00:00+00:00,Singtam,27.234,88.501,0.6,3B-HHR-E.MS.MRG.3IMERG.20260907-S103000-E110000.V07C.30min.tif,0.6,1.2,2.700000000000001,4.3999999999999995,5.6,10.8,21.3,27.900000000000002,92.6,0.6,0.6,0.6,0.6,0.2999999999999998,1.0000000000000002,-3.3306690738754696e-16,436.68,21.52,343.86,-0.2779853360529779,0.9605853178867106,36.6468,0.78,24.2,232.416,1022.44572,1.452,0
2026-09-07 11:30:00+00:00,2026-09-07,11:00:00,11:29:59,2026-09-07T11:30:00+00:00,Singtam,27.234,88.501,0.5,3B-HHR-E.MS.MRG.3IMERG.20260907-S110000-E113000.V07C.30min.tif,0.5,1.1,2.9000000000000004,4.699999999999999,6.1,10.8,21.3,28.400000000000002,93.0,0.6,0.6,0.6,0.6,-0.09999999999999987,1.1000000000000005,-0.6999999999999998,436.68,21.52,343.86,-0.2779853360529779,0.9605853178867106,36.6468,0.78,24.2,232.416,1040.7691200000002,1.452,0
2026-09-07 12:00:00+00:00,2026-09-07,11:30:00,11:59:59,2026-09-07T12:00:00+00:00,Singtam,27.234,88.501,0.5,3B-HHR-E.MS.MRG.3IMERG.20260907-S113000-E120000.V07C.30min.tif,0.5,1.0,3.1000000000000005,4.8999999999999995,6.6,10.8,21.4,28.900000000000002,91.0,0.5,0.6,0.6,0.6,-0.19999999999999996,1.3000000000000007,-0.4999999999999998,436.68,21.52,343.86,-0.2779853360529779,0.9605853178867106,36.6468,0.78,24.2,232.416,1059.0925200000001,1.452,0
2026-09-07 12:30:00+00:00,2026-09-07,12:00:00,12:29:59,2026-09-07T12:30:00+00:00,Singtam,27.234,88.501,0.5,3B-HHR-E.MS.MRG.3IMERG.20260907-S120000-E123000.V07C.30min.tif,0.5,1.0,3.3000000000000007,5.1,7.1,10.8,21.5,29.400000000000002,89.0,0.5,0.6,0.6,0.6,-0.10000000000000009,1.5000000000000009,-2.220446049250313e-16,436.68,21.52,343.86,-0.2779853360529779,0.9605853178867106,36.6468,0.78,24.2,232.416,1077.4159200000001,1.452,0
2026-09-07 13:00:00+00:00,2026-09-07,12:30:00,12:59:59,2026-09-07T13:00:00+00:00,Singtam,27.234,88.501,0.5,3B-HHR-E.MS.MRG.3IMERG.20260907-S123000-E130000.V07C.30min.tif,0.5,1.0,3.200000000000001,5.3,7.6,10.9,21.599999999999998,29.900000000000002,87.6,0.5,0.6,0.6,0.6,0.0,1.1000000000000005,0.19999999999999996,436.68,21.52,343.86,-0.2779853360529779,0.9605853178867106,36.6468,0.78,24.2,234.568,1095.7393200000001,1.452,0
2026-09-07 13:30:00+00:00,2026-09-07,13:00:00,13:29:59,2026-09-07T13:30:00+00:00,Singtam,27.234,88.501,0.5,3B-HHR-E.MS.MRG.3IMERG.20260907-S130000-E133000.V07C.30min.tif,0.5,1.0,3.1000000000000005,5.5,8.0,11.0,21.7,30.400000000000002,86.89999999999999,0.5,0.6,0.6,0.6,0.0,0.6999999999999997,0.10000000000000009,436.68,21.52,343.86,-0.2779853360529779,0.9605853178867106,36.6468,0.78,24.2,236.72,1114.0627200000001,1.452,0
2026-09-07 14:00:00+00:00,2026-09-07,13:30:00,13:59:59,2026-09-07T14:00:00+00:00,Singtam,27.234,88.501,0.4,3B-HHR-E.MS.MRG.3IMERG.20260907-S133000-E140000.V07C.30min.tif,0.4,0.9000000000000001,2.9000000000000012,5.6,8.3,10.999999999999998,21.799999999999997,30.8,86.8,0.5,0.5,0.6,0.6,-0.09999999999999987,0.20000000000000018,-0.09999999999999987,436.68,21.52,343.86,-0.2779853360529779,0.9605853178867106,36.6468,0.78,24.2,236.71999999999997,1128.72144,1.21,0
2026-09-07 14:30:00+00:00,2026-09-07,14:00:00,14:29:59,2026-09-07T14:30:00+00:00,Singtam,27.234,88.501,0.4,3B-HHR-E.MS.MRG.3IMERG.20260907-S140000-E143000.V07C.30min.tif,0.4,0.8,2.800000000000001,5.699999999999999,8.6,10.999999999999998,21.9,31.099999999999998,86.80000000000001,0.4,0.5,0.6,0.6,-0.19999999999999996,-0.0999999999999992,-0.19999999999999996,436.68,21.52,343.86,-0.2779853360529779,0.9605853178867106,36.6468,0.78,24.2,236.71999999999997,1139.7154799999998,1.21,0
2026-09-07 15:00:00+00:00,2026-09-07,14:30:00,14:59:59,2026-09-07T15:00:00+00:00,Singtam,27.234,88.501,0.4,3B-HHR-E.MS.MRG.3IMERG.20260907-S143000-E150000.V07C.30min.tif,0.4,0.8,2.7000000000000006,5.8,8.9,11.1,22.0,31.1,87.0,0.4,0.5,0.6,0.6,-0.10000000000000009,-0.3999999999999999,-2.220446049250313e-16,436.68,21.52,343.86,-0.2779853360529779,0.9605853178867106,36.6468,0.78,24.2,238.87199999999999,1139.71548,1.21,0
2026-09-07 15:30:00+00:00,2026-09-07,15:00:00,15:29:59,2026-09-07T15:30:00+00:00,Singtam,27.234,88.501,0.4,3B-HHR-E.MS.MRG.3IMERG.20260907-S150000-E153000.V07C.30min.tif,0.4,0.8,2.6000000000000014,5.9,9.1,11.2,22.1,30.8,85.4,0.4,0.5,0.6,0.6,0.0,-0.6999999999999993,0.19999999999999996,436.68,21.52,343.86,-0.2779853360529779,0.9605853178867106,36.6468,0.78,24.2,241.02399999999997,1128.72144,1.21,0
2026-09-07 16:00:00+00:00,2026-09-07,15:30:00,15:59:59,2026-09-07T16:00:00+00:00,Singtam,27.234,88.501,0.3,3B-HHR-E.MS.MRG.3IMERG.20260907-S153000-E160000.V07C.30min.tif,0.3,0.7000000000000002,2.4000000000000012,5.6000000000000005,9.200000000000001,11.199999999999998,22.2,30.7,83.7,0.4,0.5,0.6,0.6,-0.09999999999999987,-0.7999999999999998,2.220446049250313e-16,436.68,21.52,343.86,-0.2779853360529779,0.9605853178867106,36.6468,0.78,24.2,241.02399999999994,1125.05676,1.21,0
2026-09-07 16:30:00+00:00,2026-09-07,16:00:00,16:29:59,2026-09-07T16:30:00+00:00,Singtam,27.234,88.501,0.3,3B-HHR-E.MS.MRG.3IMERG.20260907-S160000-E163000.V07C.30min.tif,0.3,0.6,2.200000000000001,5.3,9.299999999999999,11.2,22.299999999999997,30.8,83.6,0.3,0.4,0.6,0.6,-0.20000000000000007,-0.8999999999999995,-0.20000000000000007,436.68,21.52,343.86,-0.2779853360529779,0.9605853178867106,36.6468,0.78,24.2,241.02399999999997,1128.72144,0.968,0
