date_utc,start_time_utc,end_time_utc,observation_end_utc,location,latitude,longitude,rainfall_mm,source_file
2026-08-20,08:30:00,08:59:59,2026-08-20T08:59:59+00:00,Rangpo,27.177,88.533,0.0,3B-HHR-E.MS.MRG.3IMERG.20260820-S083000-E085959.0510.V07C.30min.tif
2026-08-20,08:30:00,08:59:59,2026-08-20T08:59:59+00:00,Singtam,27.234,88.501,0.0,3B-HHR-E.MS.MRG.3IMERG.20260820-S083000-E085959.0510.V07C.30min.tif
2026-08-20,09:00:00,09:29:59,2026-08-20T09:29:59+00:00,Rangpo,27.177,88.533,0.0,3B-HHR-E.MS.MRG.3IMERG.20260820-S090000-E092959.0540.V07C.30min.tif
2026-08-20,09:00:00,09:29:59,2026-08-20T09:29:59+00:00,Singtam,27.234,88.501,0.1,3B-HHR-E.MS.MRG.3IMERG.20260820-S090000-E092959.0540.V07C.30min.tif
2026-08-20,09:30:00,09:59:59,2026-08-20T09:59:59+00:00,Rangpo,27.177,88.533,0.1,3B-HHR-E.MS.MRG.3IMERG.20260820-S093000-E095959.0570.V07C.30min.tif
2026-08-20,09:30:00,09:59:59,2026-08-20T09:59:59+00:00,Singtam,27.234,88.501,0.2,3B-HHR-E.MS.MRG.3IMERG.20260820-S093000-E095959.0570.V07C.30min.tif
2026-08-20,10:00:00,10:29:59,2026-08-20T10:29:59+00:00,Rangpo,27.177,88.533,0.8,3B-HHR-E.MS.MRG.3IMERG.20260820-S100000-E102959.0600.V07C.30min.tif
2026-08-20,10:00:00,10:29:59,2026-08-20T10:29:59+00:00,Singtam,27.234,88.501,0.8,3B-HHR-E.MS.MRG.3IMERG.20260820-S100000-E102959.0600.V07C.30min.tif
2026-08-20,10:30:00,10:59:59,2026-08-20T10:59:59+00:00,Rangpo,27.177,88.533,0.8,3B-HHR-E.MS.MRG.3IMERG.20260820-S103000-E105959.0630.V07C.30min.tif
2026-08-20,10:30:00,10:59:59,2026-08-20T10:59:59+00:00,Singtam,27.234,88.501,0.8,3B-HHR-E.MS.MRG.3IMERG.20260820-S103000-E105959.0630.V07C.30min.tif
2026-08-20,11:00:00,11:29:59,2026-08-20T11:29:59+00:00,Rangpo,27.177,88.533,0.5,3B-HHR-E.MS.MRG.3IMERG.20260820-S110000-E112959.0660.V07C.30min.tif
2026-08-20,11:00:00,11:29:59,2026-08-20T11:29:59+00:00,Singtam,27.234,88.501,0.5,3B-HHR-E.MS.MRG.3IMERG.20260820-S110000-E112959.0660.V07C.30min.tif
2026-08-20,11:30:00,11:59:59,2026-08-20T11:59:59+00:00,Rangpo,27.177,88.533,0.4,3B-HHR-E.MS.MRG.3IMERG.20260820-S113000-E115959.0690.V07C.30min.tif
2026-08-20,11:30:00,11:59:59,2026-08-20T11:59:59+00:00,Singtam,27.234,88.501,0.4,3B-HHR-E.MS.MRG.3IMERG.20260820-S113000-E115959.0690.V07C.30min.tif
2026-08-20,12:00:00,12:29:59,2026-08-20T12:29:59+00:00,Rangpo,27.177,88.533,0.1,3B-HHR-E.MS.MRG.3IMERG.20260820-S120000-E122959.0720.V07C.30min.tif
2026-08-20,12:00:00,12:29:59,2026-08-20T12:29:59+00:00,Singtam,27.234,88.501,0.1,3B-HHR-E.MS.MRG.3IMERG.20260820-S120000-E122959.0720.V07C.30min.tif
2026-08-20,12:30:00,12:59:59,2026-08-20T12:59:59+00:00,Rangpo,27.177,88.533,0.1,3B-HHR-E.MS.MRG.3IMERG.20260820-S123000-E125959.0750.V07C.30min.tif
2026-08-20,12:30:00,12:59:59,2026-08-20T12:59:59+00:00,Singtam,27.234,88.501,0.1,3B-HHR-E.MS.MRG.3IMERG.20260820-S123000-E125959.0750.V07C.30min.tif
2026-08-20,13:00:00,13:29:59,2026-08-20T13:29:59+00:00,Rangpo,27.177,88.533,0.1,3B-HHR-E.MS.MRG.3IMERG.20260820-S130000-E132959.0780.V07C.30min.tif
2026-08-20,13:00:00,13:29:59,2026-08-20T13:29:59+00:00,Singtam,27.234,88.501,0.0,3B-HHR-E.MS.MRG.3IMERG.20260820-S130000-E132959.0780.V07C.30min.tif
2026-08-20,13:30:00,13:59:59,2026-08-20T13:59:59+00:00,Rangpo,27.177,88.533,0.0,3B-HHR-E.MS.MRG.3IMERG.20260820-S133000-E135959.0810.V07C.30min.tif
2026-08-20,13:30:00,13:59:59,2026-08-20T13:59:59+00:00,Singtam,27.234,88.501,0.0,3B-HHR-E.MS.MRG.3IMERG.20260820-S133000-E135959.0810.V07C.30min.tif
2026-08-20,14:00:00,14:29:59,2026-08-20T14:29:59+00:00,Rangpo,27.177,88.533,0.1,3B-HHR-E.MS.MRG.3IMERG.20260820-S140000-E142959.0840.V07C.30min.tif
2026-08-20,14:00:00,14:29:59,2026-08-20T14:29:59+00:00,Singtam,27.234,88.501,0.1,3B-HHR-E.MS.MRG.3IMERG.20260820-S140000-E142959.0840.V07C.30min.tif
2026-08-20,14:30:00,14:59:59,2026-08-20T14:59:59+00:00,Rangpo,27.177,88.533,0.1,3B-HHR-E.MS.MRG.3IMERG.20260820-S143000-E145959.0870.V07C.30min.tif
2026-08-20,14:30:00,14:59:59,2026-08-20T14:59:59+00:00,Singtam,27.234,88.501,0.2,3B-HHR-E.MS.MRG.3IMERG.20260820-S143000-E145959.0870.V07C.30min.tif
2026-08-20,15:00:00,15:29:59,2026-08-20T15:29:59+00:00,Rangpo,27.177,88.533,0.2,3B-HHR-E.MS.MRG.3IMERG.20260820-S150000-E152959.0900.V07C.30min.tif
2026-08-20,15:00:00,15:29:59,2026-08-20T15:29:59+00:00,Singtam,27.234,88.501,0.3,3B-HHR-E.MS.MRG.3IMERG.20260820-S150000-E152959.0900.V07C.30min.tif
2026-08-20,15:30:00,15:59:59,2026-08-20T15:59:59+00:00,Rangpo,27.177,88.533,0.1,3B-HHR-E.MS.MRG.3IMERG.20260820-S153000-E155959.0930.V07C.30min.tif
2026-08-20,15:30:00,15:59:59,2026-08-20T15:59:59+00:00,Singtam,27.234,88.501,0.1,3B-HHR-E.MS.MRG.3IMERG.20260820-S153000-E155959.0930.V07C.30min.tif
2026-08-20,16:00:00,16:29:59,2026-08-20T16:29:59+00:00,Rangpo,27.177,88.533,0.1,3B-HHR-E.MS.MRG.3IMERG.20260820-S160000-E162959.0960.V07C.30min.tif
2026-08-20,16:00:00,16:29:59,2026-08-20T16:29:59+00:00,Singtam,27.234,88.501,0.1,3B-HHR-E.MS.MRG.3IMERG.20260820-S160000-E162959.0960.V07C.30min.tif
2026-08-20,16:30:00,16:59:59,2026-08-20T16:59:59+00:00,Rangpo,27.177,88.533,0.0,3B-HHR-E.MS.MRG.3IMERG.20260820-S163000-E165959.0990.V07C.30min.tif
2026-08-20,16:30:00,16:59:59,2026-08-20T16:59:59+00:00,Singtam,27.234,88.501,0.0,3B-HHR-E.MS.MRG.3IMERG.20260820-S163000-E165959.0990.V07C.30min.tif
2026-08-20,17:00:00,17:29:59,2026-08-20T17:29:59+00:00,Rangpo,27.177,88.533,0.0,3B-HHR-E.MS.MRG.3IMERG.20260820-S170000-E172959.1020.V07C.30min.tif
2026-08-20,17:00:00,17:29:59,2026-08-20T17:29:59+00:00,Singtam,27.234,88.501,0.5,3B-HHR-E.MS.MRG.3IMERG.20260820-S170000-E172959.1020.V07C.30min.tif
2026-08-20,17:30:00,17:59:59,2026-08-20T17:59:59+00:00,Rangpo,27.177,88.533,0.0,3B-HHR-E.MS.MRG.3IMERG.20260820-S173000-E175959.1050.V07C.30min.tif
2026-08-20,17:30:00,17:59:59,2026-08-20T17:59:59+00:00,Singtam,27.234,88.501,0.6,3B-HHR-E.MS.MRG.3IMERG.20260820-S173000-E175959.1050.V07C.30min.tif
2026-08-20,18:00:00,18:29:59,2026-08-20T18:29:59+00:00,Rangpo,27.177,88.533,0.0,3B-HHR-E.MS.MRG.3IMERG.20260820-S180000-E182959.1080.V07C.30min.tif
2026-08-20,18:00:00,18:29:59,2026-08-20T18:29:59+00:00,Singtam,27.234,88.501,0.0,3B-HHR-E.MS.MRG.3IMERG.20260820-S180000-E182959.1080.V07C.30min.tif
2026-08-20,18:30:00,18:59:59,2026-08-20T18:59:59+00:00,Rangpo,27.177,88.533,0.0,3B-HHR-E.MS.MRG.3IMERG.20260820-S183000-E185959.1110.V07C.30min.tif
2026-08-20,18:30:00,18:59:59,2026-08-20T18:59:59+00:00,Singtam,27.234,88.501,0.0,3B-HHR-E.MS.MRG.3IMERG.20260820-S183000-E185959.1110.V07C.30min.tif
2026-08-20,19:00:00,19:29:59,2026-08-20T19:29:59+00:00,Rangpo,27.177,88.533,0.5,3B-HHR-E.MS.MRG.3IMERG.20260820-S190000-E192959.1140.V07C.30min.tif
2026-08-20,19:00:00,19:29:59,2026-08-20T19:29:59+00:00,Singtam,27.234,88.501,1.0,3B-HHR-E.MS.MRG.3IMERG.20260820-S190000-E192959.1140.V07C.30min.tif
2026-08-20,19:30:00,19:59:59,2026-08-20T19:59:59+00:00,Rangpo,27.177,88.533,0.5,3B-HHR-E.MS.MRG.3IMERG.20260820-S193000-E195959.1170.V07C.30min.tif
2026-08-20,19:30:00,19:59:59,2026-08-20T19:59:59+00:00,Singtam,27.234,88.501,1.0,3B-HHR-E.MS.MRG.3IMERG.20260820-S193000-E195959.1170.V07C.30min.tif
2026-08-20,20:00:00,20:29:59,2026-08-20T20:29:59+00:00,Rangpo,27.177,88.533,0.2,3B-HHR-E.MS.MRG.3IMERG.20260820-S200000-E202959.1200.V07C.30min.tif
2026-08-20,20:00:00,20:29:59,2026-08-20T20:29:59+00:00,Singtam,27.234,88.501,0.7,3B-HHR-E.MS.MRG.3IMERG.20260820-S200000-E202959.1200.V07C.30min.tif
2026-08-20,20:30:00,20:59:59,2026-08-20T20:59:59+00:00,Rangpo,27.177,88.533,0.1,3B-HHR-E.MS.MRG.3IMERG.20260820-S203000-E205959.1230.V07C.30min.tif
2026-08-20,20:30:00,20:59:59,2026-08-20T20:59:59+00:00,Singtam,27.234,88.501,0.6,3B-HHR-E.MS.MRG.3IMERG.20260820-S203000-E205959.1230.V07C.30min.tif
2026-08-20,21:00:00,21:29:59,2026-08-20T21:29:59+00:00,Rangpo,27.177,88.533,0.1,3B-HHR-E.MS.MRG.3IMERG.20260820-S210000-E212959.1260.V07C.30min.tif
2026-08-20,21:00:00,21:29:59,2026-08-20T21:29:59+00:00,Singtam,27.234,88.501,0.2,3B-HHR-E.MS.MRG.3IMERG.20260820-S210000-E212959.1260.V07C.30min.tif
2026-08-20,21:30:00,21:59:59,2026-08-20T21:59:59+00:00,Rangpo,27.177,88.533,0.0,3B-HHR-E.MS.MRG.3IMERG.20260820-S213000-E215959.1290.V07C.30min.tif
2026-08-20,21:30:00,21:59:59,2026-08-20T21:59:59+00:00,Singtam,27.234,88.501,0.1,3B-HHR-E.MS.MRG.3IMERG.20260820-S213000-E215959.1290.V07C.30min.tif
2026-08-20,22:00:00,22:29:59,2026-08-20T22:29:59+00:00,Rangpo,27.177,88.533,0.0,3B-HHR-E.MS.MRG.3IMERG.20260820-S220000-E222959.1320.V07C.30min.tif
2026-08-20,22:00:00,22:29:59,2026-08-20T22:29:59+00:00,Singtam,27.234,88.501,0.0,3B-HHR-E.MS.MRG.3IMERG.20260820-S220000-E222959.1320.V07C.30min.tif
2026-08-20,22:30:00,22:59:59,2026-08-20T22:59:59+00:00,Rangpo,27.177,88.533,0.0,3B-HHR-E.MS.MRG.3IMERG.20260820-S223000-E225959.1350.V07C.30min.tif
2026-08-20,22:30:00,22:59:59,2026-08-20T22:59:59+00:00,Singtam,27.234,88.501,0.0,3B-HHR-E.MS.MRG.3IMERG.20260820-S223000-E225959.1350.V07C.30min.tif
2026-08-20,23:00:00,23:29:59,2026-08-20T23:29:59+00:00,Rangpo,27.177,88.533,0.0,3B-HHR-E.MS.MRG.3IMERG.20260820-S230000-E232959.1380.V07C.30min.tif
2026-08-20,23:00:00,23:29:59,2026-08-20T23:29:59+00:00,Singtam,27.234,88.501,0.0,3B-HHR-E.MS.MRG.3IMERG.20260820-S230000-E232959.1380.V07C.30min.tif
2026-08-20,23:30:00,23:59:59,2026-08-20T23:59:59+00:00,Rangpo,27.177,88.533,0.0,3B-HHR-E.MS.MRG.3IMERG.20260820-S233000-E235959.1410.V07C.30min.tif
2026-08-20,23:30:00,23:59:59,2026-08-20T23:59:59+00:00,Singtam,27.234,88.501,0.0,3B-HHR-E.MS.MRG.3IMERG.20260820-S233000-E235959.1410.V07C.30min.tif
2026-08-21,00:00:00,00:29:59,2026-08-21T00:29:59+00:00,Rangpo,27.177,88.533,0.0,3B-HHR-E.MS.MRG.3IMERG.20260821-S000000-E002959.0000.V07C.30min.tif
2026-08-21,00:00:00,00:29:59,2026-08-21T00:29:59+00:00,Singtam,27.234,88.501,0.0,3B-HHR-E.MS.MRG.3IMERG.20260821-S000000-E002959.0000.V07C.30min.tif
2026-08-21,00:30:00,00:59:59,2026-08-21T00:59:59+00:00,Rangpo,27.177,88.533,0.0,3B-HHR-E.MS.MRG.3IMERG.20260821-S003000-E005959.0030.V07C.30min.tif
2026-08-21,00:30:00,00:59:59,2026-08-21T00:59:59+00:00,Singtam,27.234,88.501,0.0,3B-HHR-E.MS.MRG.3IMERG.20260821-S003000-E005959.0030.V07C.30min.tif
2026-08-21,01:00:00,01:29:59,2026-08-21T01:29:59+00:00,Rangpo,27.177,88.533,0.0,3B-HHR-E.MS.MRG.3IMERG.20260821-S010000-E012959.0060.V07C.30min.tif
2026-08-21,01:00:00,01:29:59,2026-08-21T01:29:59+00:00,Singtam,27.234,88.501,0.0,3B-HHR-E.MS.MRG.3IMERG.20260821-S010000-E012959.0060.V07C.30min.tif
2026-08-21,01:30:00,01:59:59,2026-08-21T01:59:59+00:00,Rangpo,27.177,88.533,0.0,3B-HHR-E.MS.MRG.3IMERG.20260821-S013000-E015959.0090.V07C.30min.tif
2026-08-21,01:30:00,01:59:59,2026-08-21T01:59:59+00:00,Singtam,27.234,88.501,0.0,3B-HHR-E.MS.MRG.3IMERG.20260821-S013000-E015959.0090.V07C.30min.tif
2026-08-21,02:00:00,02:29:59,2026-08-21T02:29:59+00:00,Rangpo,27.177,88.533,0.0,3B-HHR-E.MS.MRG.3IMERG.20260821-S020000-E022959.0120.V07C.30min.tif
2026-08-21,02:00:00,02:29:59,2026-08-21T02:29:59+00:00,Singtam,27.234,88.501,0.0,3B-HHR-E.MS.MRG.3IMERG.20260821-S020000-E022959.0120.V07C.30min.tif
2026-08-21,02:30:00,02:59:59,2026-08-21T02:59:59+00:00,Rangpo,27.177,88.533,0.0,3B-HHR-E.MS.MRG.3IMERG.20260821-S023000-E025959.0150.V07C.30min.tif
2026-08-21,02:30:00,02:59:59,2026-08-21T02:59:59+00:00,Singtam,27.234,88.501,0.0,3B-HHR-E.MS.MRG.3IMERG.20260821-S023000-E025959.0150.V07C.30min.tif
2026-08-21,03:00:00,03:29:59,2026-08-21T03:29:59+00:00,Rangpo,27.177,88.533,0.0,3B-HHR-E.MS.MRG.3IMERG.20260821-S030000-E032959.0180.V07C.30min.tif
2026-08-21,03:00:00,03:29:59,2026-08-21T03:29:59+00:00,Singtam,27.234,88.501,0.0,3B-HHR-E.MS.MRG.3IMERG.20260821-S030000-E032959.0180.V07C.30min.tif
2026-08-21,03:30:00,03:59:59,2026-08-21T03:59:59+00:00,Rangpo,27.177,88.533,0.0,3B-HHR-E.MS.MRG.3IMERG.20260821-S033000-E035959.0210.V07C.30min.tif
2026-08-21,03:30:00,03:59:59,2026-08-21T03:59:59+00:00,Singtam,27.234,88.501,0.0,3B-HHR-E.MS.MRG.3IMERG.20260821-S033000-E035959.0210.V07C.30min.tif
2026-08-21,04:00:00,04:29:59,2026-08-21T04:29:59+00:00,Rangpo,27.177,88.533,0.0,3B-HHR-E.MS.MRG.3IMERG.20260821-S040000-E042959.0240.V07C.30min.tif
2026-08-21,04:00:00,04:29:59,2026-08-21T04:29:59+00:00,Singtam,27.234,88.501,0.0,3B-HHR-E.MS.MRG.3IMERG.20260821-S040000-E042959.0240.V07C.30min.tif
2026-08-21,04:30:00,04:59:59,2026-08-21T04:59:59+00:00,Rangpo,27.177,88.533,0.0,3B-HHR-E.MS.MRG.3IMERG.20260821-S043000-E045959.0270.V07C.30min.tif
2026-08-21,04:30:00,04:59:59,2026-08-21T04:59:59+00:00,Singtam,27.234,88.501,0.0,3B-HHR-E.MS.MRG.3IMERG.20260821-S043000-E045959.0270.V07C.30min.tif
2026-08-21,05:00:00,05:29:59,2026-08-21T05:29:59+00:00,Rangpo,27.177,88.533,0.0,3B-HHR-E.MS.MRG.3IMERG.20260821-S050000-E052959.0300.V07C.30min.tif
2026-08-21,05:00:00,05:29:59,2026-08-21T05:29:59+00:00,Singtam,27.234,88.501,0.0,3B-HHR-E.MS.MRG.3IMERG.20260821-S050000-E052959.0300.V07C.30min.tif
2026-08-21,05:30:00,05:59:59,2026-08-21T05:59:59+00:00,Rangpo,27.177,88.533,0.0,3B-HHR-E.MS.MRG.3IMERG.20260821-S053000-E055959.0330.V07C.30min.tif
2026-08-21,05:30:00,05:59:59,2026-08-21T05:59:59+00:00,Singtam,27.234,88.501,0.0,3B-HHR-E.MS.MRG.3IMERG.20260821-S053000-E055959.0330.V07C.30min.tif
2026-08-21,06:00:00,06:29:59,2026-08-21T06:29:59+00:00,Rangpo,27.177,88.533,0.0,3B-HHR-E.MS.MRG.3IMERG.20260821-S060000-E062959.0360.V07C.30min.tif
2026-08-21,06:00:00,06:29:59,2026-08-21T06:29:59+00:00,Singtam,27.234,88.501,0.0,3B-HHR-E.MS.MRG.3IMERG.20260821-S060000-E062959.0360.V07C.30min.tif
2026-08-21,06:30:00,06:59:59,2026-08-21T06:59:59+00:00,Rangpo,27.177,88.533,0.0,3B-HHR-E.MS.MRG.3IMERG.20260821-S063000-E065959.0390.V07C.30min.tif
2026-08-21,06:30:00,06:59:59,2026-08-21T06:59:59+00:00,Singtam,27.234,88.501,0.0,3B-HHR-E.MS.MRG.3IMERG.20260821-S063000-E065959.0390.V07C.30min.tif
2026-08-21,07:00:00,07:29:59,2026-08-21T07:29:59+00:00,Rangpo,27.177,88.533,0.1,3B-HHR-E.MS.MRG.3IMERG.20260821-S070000-E072959.0420.V07C.30min.tif
2026-08-21,07:00:00,07:29:59,2026-08-21T07:29:59+00:00,Singtam,27.234,88.501,0.1,3B-HHR-E.MS.MRG.3IMERG.20260821-S070000-E072959.0420.V07C.30min.tif
2026-08-21,07:30:00,07:59:59,2026-08-21T07:59:59+00:00,Rangpo,27.177,88.533,0.1,3B-HHR-E.MS.MRG.3IMERG.20260821-S073000-E075959.0450.V07C.30min.tif
2026-08-21,07:30:00,07:59:59,2026-08-21T07:59:59+00:00,Singtam,27.234,88.501,0.1,3B-HHR-E.MS.MRG.3IMERG.20260821-S073000-E075959.0450.V07C.30min.tif
2026-08-21,08:00:00,08:29:59,2026-08-21T08:29:59+00:00,Rangpo,27.177,88.533,0.0,3B-HHR-E.MS.MRG.3IMERG.20260821-S080000-E082959.0480.V07C.30min.tif
2026-08-21,08:00:00,08:29:59,2026-08-21T08:29:59+00:00,Singtam,27.234,88.501,0.1,3B-HHR-E.MS.MRG.3IMERG.20260821-S080000-E082959.0480.V07C.30min.tif
2026-08-21,08:30:00,08:59:59,2026-08-21T08:59:59+00:00,Rangpo,27.177,88.533,0.0,3B-HHR-E.MS.MRG.3IMERG.20260821-S083000-E085959.0510.V07C.30min.tif
2026-08-21,08:30:00,08:59:59,2026-08-21T08:59:59+00:00,Singtam,27.234,88.501,0.0,3B-HHR-E.MS.MRG.3IMERG.20260821-S083000-E085959.0510.V07C.30min.tif
2026-08-21,09:00:00,09:29:59,2026-08-21T09:29:59+00:00,Rangpo,27.177,88.533,0.0,3B-HHR-E.MS.MRG.3IMERG.20260821-S090000-E092959.0540.V07C.30min.tif
2026-08-21,09:00:00,09:29:59,2026-08-21T09:29:59+00:00,Singtam,27.234,88.501,0.0,3B-HHR-E.MS.MRG.3IMERG.20260821-S090000-E092959.0540.V07C.30min.tif
2026-08-21,09:30:00,09:59:59,2026-08-21T09:59:59+00:00,Rangpo,27.177,88.533,0.0,3B-HHR-E.MS.MRG.3IMERG.20260821-S093000-E095959.0570.V07C.30min.tif
2026-08-21,09:30:00,09:59:59,2026-08-21T09:59:59+00:00,Singtam,27.234,88.501,0.0,3B-HHR-E.MS.MRG.3IMERG.20260821-S093000-E095959.0570.V07C.30min.tif
2026-08-21,10:00:00,10:29:59,2026-08-21T10:29:59+00:00,Rangpo,27.177,88.533,0.7,3B-HHR-E.MS.MRG.3IMERG.20260821-S100000-E102959.0600.V07C.30min.tif
2026-08-21,10:00:00,10:29:59,2026-08-21T10:29:59+00:00,Singtam,27.234,88.501,0.1,3B-HHR-E.MS.MRG.3IMERG.20260821-S100000-E102959.0600.V07C.30min.tif
2026-08-21,10:30:00,10:59:59,2026-08-21T10:59:59+00:00,Rangpo,27.177,88.533,0.7,3B-HHR-E.MS.MRG.3IMERG.20260821-S103000-E105959.0630.V07C.30min.tif
2026-08-21,10:30:00,10:59:59,2026-08-21T10:59:59+00:00,Singtam,27.234,88.501,0.1,3B-HHR-E.MS.MRG.3IMERG.20260821-S103000-E105959.0630.V07C.30min.tif
2026-08-21,11:00:00,11:29:59,2026-08-21T11:29:59+00:00,Rangpo,27.177,88.533,0.1,3B-HHR-E.MS.MRG.3IMERG.20260821-S110000-E112959.0660.V07C.30min.tif
2026-08-21,11:00:00,11:29:59,2026-08-21T11:29:59+00:00,Singtam,27.234,88.501,0.0,3B-HHR-E.MS.MRG.3IMERG.20260821-S110000-E112959.0660.V07C.30min.tif
2026-08-21,11:30:00,11:59:59,2026-08-21T11:59:59+00:00,Rangpo,27.177,88.533,0.1,3B-HHR-E.MS.MRG.3IMERG.20260821-S113000-E115959.0690.V07C.30min.tif
2026-08-21,11:30:00,11:59:59,2026-08-21T11:59:59+00:00,Singtam,27.234,88.501,0.0,3B-HHR-E.MS.MRG.3IMERG.20260821-S113000-E115959.0690.V07C.30min.tif
2026-08-21,12:00:00,12:29:59,2026-08-21T12:29:59+00:00,Rangpo,27.177,88.533,0.0,3B-HHR-E.MS.MRG.3IMERG.20260821-S120000-E122959.0720.V07C.30min.tif
2026-08-21,12:00:00,12:29:59,2026-08-21T12:29:59+00:00,Singtam,27.234,88.501,0.0,3B-HHR-E.MS.MRG.3IMERG.20260821-S120000-E122959.0720.V07C.30min.tif
2026-08-21,12:30:00,12:59:59,2026-08-21T12:59:59+00:00,Rangpo,27.177,88.533,0.0,3B-HHR-E.MS.MRG.3IMERG.20260821-S123000-E125959.0750.V07C.30min.tif
2026-08-21,12:30:00,12:59:59,2026-08-21T12:59:59+00:00,Singtam,27.234,88.501,0.0,3B-HHR-E.MS.MRG.3IMERG.20260821-S123000-E125959.0750.V07C.30min.tif
2026-08-21,13:00:00,13:29:59,2026-08-21T13:29:59+00:00,Rangpo,27.177,88.533,0.1,3B-HHR-E.MS.MRG.3IMERG.20260821-S130000-E132959.0780.V07C.30min.tif
2026-08-21,13:00:00,13:29:59,2026-08-21T13:29:59+00:00,Singtam,27.234,88.501,0.1,3B-HHR-E.MS.MRG.3IMERG.20260821-S130000-E132959.0780.V07C.30min.tif
2026-08-21,13:30:00,13:59:59,2026-08-21T13:59:59+00:00,Rangpo,27.177,88.533,0.1,3B-HHR-E.MS.MRG.3IMERG.20260821-S133000-E135959.0810.V07C.30min.tif
2026-08-21,13:30:00,13:59:59,2026-08-21T13:59:59+00:00,Singtam,27.234,88.501,0.2,3B-HHR-E.MS.MRG.3IMERG.20260821-S133000-E135959.0810.V07C.30min.tif
2026-08-21,14:00:00,14:29:59,2026-08-21T14:29:59+00:00,Rangpo,27.177,88.533,0.0,3B-HHR-E.MS.MRG.3IMERG.20260821-S140000-E142959.0840.V07C.30min.tif
2026-08-21,14:00:00,14:29:59,2026-08-21T14:29:59+00:00,Singtam,27.234,88.501,0.1,3B-HHR-E.MS.MRG.3IMERG.20260821-S140000-E142959.0840.V07C.30min.tif
2026-08-21,14:30:00,14:59:59,2026-08-21T14:59:59+00:00,Rangpo,27.177,88.533,0.0,3B-HHR-E.MS.MRG.3IMERG.20260821-S143000-E145959.0870.V07C.30min.tif
2026-08-21,14:30:00,14:59:59,2026-08-21T14:59:59+00:00,Singtam,27.234,88.501,0.0,3B-HHR-E.MS.MRG.3IMERG.20260821-S143000-E145959.0870.V07C.30min.tif
2026-08-21,15:00:00,15:29:59,2026-08-21T15:29:59+00:00,Rangpo,27.177,88.533,0.0,3B-HHR-E.MS.MRG.3IMERG.20260821-S150000-E152959.0900.V07C.30min.tif
2026-08-21,15:00:00,15:29:59,2026-08-21T15:29:59+00:00,Singtam,27.234,88.501,0.0,3B-HHR-E.MS.MRG.3IMERG.20260821-S150000-E152959.0900.V07C.30min.tif
2026-08-21,15:30:00,15:59:59,2026-08-21T15:59:59+00:00,Rangpo,27.177,88.533,0.0,3B-HHR-E.MS.MRG.3IMERG.20260821-S153000-E155959.0930.V07C.30min.tif
2026-08-21,15:30:00,15:59:59,2026-08-21T15:59:59+00:00,Singtam,27.234,88.501,0.0,3B-HHR-E.MS.MRG.3IMERG.20260821-S153000-E155959.0930.V07C.30min.tif
2026-08-21,16:00:00,16:29:59,2026-08-21T16:29:59+00:00,Rangpo,27.177,88.533,0.0,3B-HHR-E.MS.MRG.3IMERG.20260821-S160000-E162959.0960.V07C.30min.tif
2026-08-21,16:00:00,16:29:59,2026-08-21T16:29:59+00:00,Singtam,27.234,88.501,0.0,3B-HHR-E.MS.MRG.3IMERG.20260821-S160000-E162959.0960.V07C.30min.tif
2026-08-21,16:30:00,16:59:59,2026-08-21T16:59:59+00:00,Rangpo,27.177,88.533,0.0,3B-HHR-E.MS.MRG.3IMERG.20260821-S163000-E165959.0990.V07C.30min.tif
2026-08-21,16:30:00,16:59:59,2026-08-21T16:59:59+00:00,Singtam,27.234,88.501,0.0,3B-HHR-E.MS.MRG.3IMERG.20260821-S163000-E165959.0990.V07C.30min.tif
2026-08-21,17:00:00,17:29:59,2026-08-21T17:29:59+00:00,Rangpo,27.177,88.533,0.1,3B-HHR-E.MS.MRG.3IMERG.20260821-S170000-E172959.1020.V07C.30min.tif
2026-08-21,17:00:00,17:29:59,2026-08-21T17:29:59+00:00,Singtam,27.234,88.501,0.0,3B-HHR-E.MS.MRG.3IMERG.20260821-S170000-E172959.1020.V07C.30min.tif
2026-08-21,17:30:00,17:59:59,2026-08-21T17:59:59+00:00,Rangpo,27.177,88.533,0.1,3B-HHR-E.MS.MRG.3IMERG.20260821-S173000-E175959.1050.V07C.30min.tif
2026-08-21,17:30:00,17:59:59,2026-08-21T17:59:59+00:00,Singtam,27.234,88.501,0.0,3B-HHR-E.MS.MRG.3IMERG.20260821-S173000-E175959.1050.V07C.30min.tif
2026-08-21,18:00:00,18:29:59,2026-08-21T18:29:59+00:00,Rangpo,27.177,88.533,0.0,3B-HHR-E.MS.MRG.3IMERG.20260821-S180000-E182959.1080.V07C.30min.tif
2026-08-21,18:00:00,18:29:59,2026-08-21T18:29:59+00:00,Singtam,27.234,88.501,0.0,3B-HHR-E.MS.MRG.3IMERG.20260821-S180000-E182959.1080.V07C.30min.tif
2026-08-21,18:30:00,18:59:59,2026-08-21T18:59:59+00:00,Rangpo,27.177,88.533,0.0,3B-HHR-E.MS.MRG.3IMERG.20260821-S183000-E185959.1110.V07C.30min.tif
2026-08-21,18:30:00,18:59:59,2026-08-21T18:59:59+00:00,Singtam,27.234,88.501,0.0,3B-HHR-E.MS.MRG.3IMERG.20260821-S183000-E185959.1110.V07C.30min.tif
2026-08-21,19:00:00,19:29:59,2026-08-21T19:29:59+00:00,Rangpo,27.177,88.533,0.1,3B-HHR-E.MS.MRG.3IMERG.20260821-S190000-E192959.1140.V07C.30min.tif
2026-08-21,19:00:00,19:29:59,2026-08-21T19:29:59+00:00,Singtam,27.234,88.501,0.7,3B-HHR-E.MS.MRG.3IMERG.20260821-S190000-E192959.1140.V07C.30min.tif
2026-08-21,19:30:00,19:59:59,2026-08-21T19:59:59+00:00,Rangpo,27.177,88.533,0.1,3B-HHR-E.MS.MRG.3IMERG.20260821-S193000-E195959.1170.V07C.30min.tif
2026-08-21,19:30:00,19:59:59,2026-08-21T19:59:59+00:00,Singtam,27.234,88.501,0.1,3B-HHR-E.MS.MRG.3IMERG.20260821-S193000-E195959.1170.V07C.30min.tif
2026-08-21,20:00:00,20:29:59,2026-08-21T20:29:59+00:00,Rangpo,27.177,88.533,0.1,3B-HHR-E.MS.MRG.3IMERG.20260821-S200000-E202959.1200.V07C.30min.tif
2026-08-21,20:00:00,20:29:59,2026-08-21T20:29:59+00:00,Singtam,27.234,88.501,0.1,3B-HHR-E.MS.MRG.3IMERG.20260821-S200000-E202959.1200.V07C.30min.tif
2026-08-21,20:30:00,20:59:59,2026-08-21T20:59:59+00:00,Rangpo,27.177,88.533,0.0,3B-HHR-E.MS.MRG.3IMERG.20260821-S203000-E205959.1230.V07C.30min.tif
2026-08-21,20:30:00,20:59:59,2026-08-21T20:59:59+00:00,Singtam,27.234,88.501,0.0,3B-HHR-E.MS.MRG.3IMERG.20260821-S203000-E205959.1230.V07C.30min.tif
2026-08-21,21:00:00,21:29:59,2026-08-21T21:29:59+00:00,Rangpo,27.177,88.533,0.0,3B-HHR-E.MS.MRG.3IMERG.20260821-S210000-E212959.1260.V07C.30min.tif
2026-08-21,21:00:00,21:29:59,2026-08-21T21:29:59+00:00,Singtam,27.234,88.501,0.1,3B-HHR-E.MS.MRG.3IMERG.20260821-S210000-E212959.1260.V07C.30min.tif
2026-08-21,21:30:00,21:59:59,2026-08-21T21:59:59+00:00,Rangpo,27.177,88.533,0.0,3B-HHR-E.MS.MRG.3IMERG.20260821-S213000-E215959.1290.V07C.30min.tif
2026-08-21,21:30:00,21:59:59,2026-08-21T21:59:59+00:00,Singtam,27.234,88.501,0.1,3B-HHR-E.MS.MRG.3IMERG.20260821-S213000-E215959.1290.V07C.30min.tif
2026-08-21,22:00:00,22:29:59,2026-08-21T22:29:59+00:00,Rangpo,27.177,88.533,0.0,3B-HHR-E.MS.MRG.3IMERG.20260821-S220000-E222959.1320.V07C.30min.tif
2026-08-21,22:00:00,22:29:59,2026-08-21T22:29:59+00:00,Singtam,27.234,88.501,0.0,3B-HHR-E.MS.MRG.3IMERG.20260821-S220000-E222959.1320.V07C.30min.tif
2026-08-21,22:30:00,22:59:59,2026-08-21T22:59:59+00:00,Rangpo,27.177,88.533,0.0,3B-HHR-E.MS.MRG.3IMERG.20260821-S223000-E225959.1350.V07C.30min.tif
2026-08-21,22:30:00,22:59:59,2026-08-21T22:59:59+00:00,Singtam,27.234,88.501,0.0,3B-HHR-E.MS.MRG.3IMERG.20260821-S223000-E225959.1350.V07C.30min.tif
2026-08-21,23:00:00,23:29:59,2026-08-21T23:29:59+00:00,Rangpo,27.177,88.533,0.0,3B-HHR-E.MS.MRG.3IMERG.20260821-S230000-E232959.1380.V07C.30min.tif
2026-08-21,23:00:00,23:29:59,2026-08-21T23:29:59+00:00,Singtam,27.234,88.501,0.0,3B-HHR-E.MS.MRG.3IMERG.20260821-S230000-E232959.1380.V07C.30min.tif
2026-08-21,23:30:00,23:59:59,2026-08-21T23:59:59+00:00,Rangpo,27.177,88.533,0.0,3B-HHR-E.MS.MRG.3IMERG.20260821-S233000-E235959.1410.V07C.30min.tif
2026-08-21,23:30:00,23:59:59,2026-08-21T23:59:59+00:00,Singtam,27.234,88.501,0.0,3B-HHR-E.MS.MRG.3IMERG.20260821-S233000-E235959.1410.V07C.30min.tif
2026-08-22,00:00:00,00:29:59,2026-08-22T00:29:59+00:00,Rangpo,27.177,88.533,0.0,3B-HHR-E.MS.MRG.3IMERG.20260822-S000000-E002959.0000.V07C.30min.tif
2026-08-22,00:00:00,00:29:59,2026-08-22T00:29:59+00:00,Singtam,27.234,88.501,0.0,3B-HHR-E.MS.MRG.3IMERG.20260822-S000000-E002959.0000.V07C.30min.tif
2026-08-22,00:30:00,00:59:59,2026-08-22T00:59:59+00:00,Rangpo,27.177,88.533,0.0,3B-HHR-E.MS.MRG.3IMERG.20260822-S003000-E005959.0030.V07C.30min.tif
2026-08-22,00:30:00,00:59:59,2026-08-22T00:59:59+00:00,Singtam,27.234,88.501,0.0,3B-HHR-E.MS.MRG.3IMERG.20260822-S003000-E005959.0030.V07C.30min.tif
2026-08-22,01:00:00,01:29:59,2026-08-22T01:29:59+00:00,Rangpo,27.177,88.533,0.0,3B-HHR-E.MS.MRG.3IMERG.20260822-S010000-E012959.0060.V07C.30min.tif
2026-08-22,01:00:00,01:29:59,2026-08-22T01:29:59+00:00,Singtam,27.234,88.501,0.0,3B-HHR-E.MS.MRG.3IMERG.20260822-S010000-E012959.0060.V07C.30min.tif
2026-08-22,01:30:00,01:59:59,2026-08-22T01:59:59+00:00,Rangpo,27.177,88.533,0.0,3B-HHR-E.MS.MRG.3IMERG.20260822-S013000-E015959.0090.V07C.30min.tif
2026-08-22,01:30:00,01:59:59,2026-08-22T01:59:59+00:00,Singtam,27.234,88.501,0.0,3B-HHR-E.MS.MRG.3IMERG.20260822-S013000-E015959.0090.V07C.30min.tif
2026-08-22,02:00:00,02:29:59,2026-08-22T02:29:59+00:00,Rangpo,27.177,88.533,0.0,3B-HHR-E.MS.MRG.3IMERG.20260822-S020000-E022959.0120.V07C.30min.tif
2026-08-22,02:00:00,02:29:59,2026-08-22T02:29:59+00:00,Singtam,27.234,88.501,0.0,3B-HHR-E.MS.MRG.3IMERG.20260822-S020000-E022959.0120.V07C.30min.tif
2026-08-22,02:30:00,02:59:59,2026-08-22T02:59:59+00:00,Rangpo,27.177,88.533,0.0,3B-HHR-E.MS.MRG.3IMERG.20260822-S023000-E025959.0150.V07C.30min.tif
2026-08-22,02:30:00,02:59:59,2026-08-22T02:59:59+00:00,Singtam,27.234,88.501,0.0,3B-HHR-E.MS.MRG.3IMERG.20260822-S023000-E025959.0150.V07C.30min.tif
2026-08-22,03:00:00,03:29:59,2026-08-22T03:29:59+00:00,Rangpo,27.177,88.533,0.0,3B-HHR-E.MS.MRG.3IMERG.20260822-S030000-E032959.0180.V07C.30min.tif
2026-08-22,03:00:00,03:29:59,2026-08-22T03:29:59+00:00,Singtam,27.234,88.501,0.0,3B-HHR-E.MS.MRG.3IMERG.20260822-S030000-E032959.0180.V07C.30min.tif
2026-08-22,03:30:00,03:59:59,2026-08-22T03:59:59+00:00,Rangpo,27.177,88.533,0.0,3B-HHR-E.MS.MRG.3IMERG.20260822-S033000-E035959.0210.V07C.30min.tif
2026-08-22,03:30:00,03:59:59,2026-08-22T03:59:59+00:00,Singtam,27.234,88.501,0.0,3B-HHR-E.MS.MRG.3IMERG.20260822-S033000-E035959.0210.V07C.30min.tif
2026-08-22,04:00:00,04:29:59,2026-08-22T04:29:59+00:00,Rangpo,27.177,88.533,0.1,3B-HHR-E.MS.MRG.3IMERG.20260822-S040000-E042959.0240.V07C.30min.tif
2026-08-22,04:00:00,04:29:59,2026-08-22T04:29:59+00:00,Singtam,27.234,88.501,0.0,3B-HHR-E.MS.MRG.3IMERG.20260822-S040000-E042959.0240.V07C.30min.tif
2026-08-22,04:30:00,04:59:59,2026-08-22T04:59:59+00:00,Rangpo,27.177,88.533,0.1,3B-HHR-E.MS.MRG.3IMERG.20260822-S043000-E045959.0270.V07C.30min.tif
2026-08-22,04:30:00,04:59:59,2026-08-22T04:59:59+00:00,Singtam,27.234,88.501,0.1,3B-HHR-E.MS.MRG.3IMERG.20260822-S043000-E045959.0270.V07C.30min.tif
2026-08-22,05:00:00,05:29:59,2026-08-22T05:29:59+00:00,Rangpo,27.177,88.533,0.0,3B-HHR-E.MS.MRG.3IMERG.20260822-S050000-E052959.0300.V07C.30min.tif
2026-08-22,05:00:00,05:29:59,2026-08-22T05:29:59+00:00,Singtam,27.234,88.501,0.0,3B-HHR-E.MS.MRG.3IMERG.20260822-S050000-E052959.0300.V07C.30min.tif
2026-08-22,05:30:00,05:59:59,2026-08-22T05:59:59+00:00,Rangpo,27.177,88.533,0.0,3B-HHR-E.MS.MRG.3IMERG.20260822-S053000-E055959.0330.V07C.30min.tif
2026-08-22,05:30:00,05:59:59,2026-08-22T05:59:59+00:00,Singtam,27.234,88.501,0.0,3B-HHR-E.MS.MRG.3IMERG.20260822-S053000-E055959.0330.V07C.30min.tif
2026-08-22,06:00:00,06:29:59,2026-08-22T06:29:59+00:00,Rangpo,27.177,88.533,0.0,3B-HHR-E.MS.MRG.3IMERG.20260822-S060000-E062959.0360.V07C.30min.tif
2026-08-22,06:00:00,06:29:59,2026-08-22T06:29:59+00:00,Singtam,27.234,88.501,0.0,3B-HHR-E.MS.MRG.3IMERG.20260822-S060000-E062959.0360.V07C.30min.tif
2026-08-22,06:30:00,06:59:59,2026-08-22T06:59:59+00:00,Rangpo,27.177,88.533,0.0,3B-HHR-E.MS.MRG.3IMERG.20260822-S063000-E065959.0390.V07C.30min.tif
2026-08-22,06:30:00,06:59:59,2026-08-22T06:59:59+00:00,Singtam,27.234,88.501,0.0,3B-HHR-E.MS.MRG.3IMERG.20260822-S063000-E065959.0390.V07C.30min.tif
2026-08-22,07:00:00,07:29:59,2026-08-22T07:29:59+00:00,Rangpo,27.177,88.533,0.0,3B-HHR-E.MS.MRG.3IMERG.20260822-S070000-E072959.0420.V07C.30min.tif
2026-08-22,07:00:00,07:29:59,2026-08-22T07:29:59+00:00,Singtam,27.234,88.501,0.0,3B-HHR-E.MS.MRG.3IMERG.20260822-S070000-E072959.0420.V07C.30min.tif
2026-08-22,07:30:00,07:59:59,2026-08-22T07:59:59+00:00,Rangpo,27.177,88.533,0.1,3B-HHR-E.MS.MRG.3IMERG.20260822-S073000-E075959.0450.V07C.30min.tif
2026-08-22,07:30:00,07:59:59,2026-08-22T07:59:59+00:00,Singtam,27.234,88.501,0.1,3B-HHR-E.MS.MRG.3IMERG.20260822-S073000-E075959.0450.V07C.30min.tif
2026-08-22,08:00:00,08:29:59,2026-08-22T08:29:59+00:00,Rangpo,27.177,88.533,0.1,3B-HHR-E.MS.MRG.3IMERG.20260822-S080000-E082959.0480.V07C.30min.tif
2026-08-22,08:00:00,08:29:59,2026-08-22T08:29:59+00:00,Singtam,27.234,88.501,0.1,3B-HHR-E.MS.MRG.3IMERG.20260822-S080000-E082959.0480.V07C.30min.tif
2026-08-22,08:30:00,08:59:59,2026-08-22T08:59:59+00:00,Rangpo,27.177,88.533,0.1,3B-HHR-E.MS.MRG.3IMERG.20260822-S083000-E085959.0510.V07C.30min.tif
2026-08-22,08:30:00,08:59:59,2026-08-22T08:59:59+00:00,Singtam,27.234,88.501,0.1,3B-HHR-E.MS.MRG.3IMERG.20260822-S083000-E085959.0510.V07C.30min.tif
2026-08-22,09:00:00,09:29:59,2026-08-22T09:29:59+00:00,Rangpo,27.177,88.533,0.1,3B-HHR-E.MS.MRG.3IMERG.20260822-S090000-E092959.0540.V07C.30min.tif
2026-08-22,09:00:00,09:29:59,2026-08-22T09:29:59+00:00,Singtam,27.234,88.501,0.0,3B-HHR-E.MS.MRG.3IMERG.20260822-S090000-E092959.0540.V07C.30min.tif
2026-08-22,09:30:00,09:59:59,2026-08-22T09:59:59+00:00,Rangpo,27.177,88.533,0.8,3B-HHR-E.MS.MRG.3IMERG.20260822-S093000-E095959.0570.V07C.30min.tif
2026-08-22,09:30:00,09:59:59,2026-08-22T09:59:59+00:00,Singtam,27.234,88.501,2.7,3B-HHR-E.MS.MRG.3IMERG.20260822-S093000-E095959.0570.V07C.30min.tif
2026-08-22,10:00:00,10:29:59,2026-08-22T10:29:59+00:00,Rangpo,27.177,88.533,0.8,3B-HHR-E.MS.MRG.3IMERG.20260822-S100000-E102959.0600.V07C.30min.tif
2026-08-22,10:00:00,10:29:59,2026-08-22T10:29:59+00:00,Singtam,27.234,88.501,2.8,3B-HHR-E.MS.MRG.3IMERG.20260822-S100000-E102959.0600.V07C.30min.tif
2026-08-22,10:30:00,10:59:59,2026-08-22T10:59:59+00:00,Rangpo,27.177,88.533,1.3,3B-HHR-E.MS.MRG.3IMERG.20260822-S103000-E105959.0630.V07C.30min.tif
2026-08-22,10:30:00,10:59:59,2026-08-22T10:59:59+00:00,Singtam,27.234,88.501,3.1,3B-HHR-E.MS.MRG.3IMERG.20260822-S103000-E105959.0630.V07C.30min.tif
2026-08-22,11:00:00,11:29:59,2026-08-22T11:29:59+00:00,Rangpo,27.177,88.533,1.1,3B-HHR-E.MS.MRG.3IMERG.20260822-S110000-E112959.0660.V07C.30min.tif
2026-08-22,11:00:00,11:29:59,2026-08-22T11:29:59+00:00,Singtam,27.234,88.501,1.4,3B-HHR-E.MS.MRG.3IMERG.20260822-S110000-E112959.0660.V07C.30min.tif
2026-08-22,11:30:00,11:59:59,2026-08-22T11:59:59+00:00,Rangpo,27.177,88.533,0.6,3B-HHR-E.MS.MRG.3IMERG.20260822-S113000-E115959.0690.V07C.30min.tif
2026-08-22,11:30:00,11:59:59,2026-08-22T11:59:59+00:00,Singtam,27.234,88.501,0.3,3B-HHR-E.MS.MRG.3IMERG.20260822-S113000-E115959.0690.V07C.30min.tif
2026-08-22,12:00:00,12:29:59,2026-08-22T12:29:59+00:00,Rangpo,27.177,88.533,0.4,3B-HHR-E.MS.MRG.3IMERG.20260822-S120000-E122959.0720.V07C.30min.tif
2026-08-22,12:00:00,12:29:59,2026-08-22T12:29:59+00:00,Singtam,27.234,88.501,0.1,3B-HHR-E.MS.MRG.3IMERG.20260822-S120000-E122959.0720.V07C.30min.tif
2026-08-22,12:30:00,12:59:59,2026-08-22T12:59:59+00:00,Rangpo,27.177,88.533,0.5,3B-HHR-E.MS.MRG.3IMERG.20260822-S123000-E125959.0750.V07C.30min.tif
2026-08-22,12:30:00,12:59:59,2026-08-22T12:59:59+00:00,Singtam,27.234,88.501,0.3,3B-HHR-E.MS.MRG.3IMERG.20260822-S123000-E125959.0750.V07C.30min.tif
2026-08-22,13:00:00,13:29:59,2026-08-22T13:29:59+00:00,Rangpo,27.177,88.533,0.6,3B-HHR-E.MS.MRG.3IMERG.20260822-S130000-E132959.0780.V07C.30min.tif
2026-08-22,13:00:00,13:29:59,2026-08-22T13:29:59+00:00,Singtam,27.234,88.501,0.4,3B-HHR-E.MS.MRG.3IMERG.20260822-S130000-E132959.0780.V07C.30min.tif
2026-08-22,13:30:00,13:59:59,2026-08-22T13:59:59+00:00,Rangpo,27.177,88.533,0.3,3B-HHR-E.MS.MRG.3IMERG.20260822-S133000-E135959.0810.V07C.30min.tif
2026-08-22,13:30:00,13:59:59,2026-08-22T13:59:59+00:00,Singtam,27.234,88.501,0.1,3B-HHR-E.MS.MRG.3IMERG.20260822-S133000-E135959.0810.V07C.30min.tif
2026-08-22,14:00:00,14:29:59,2026-08-22T14:29:59+00:00,Rangpo,27.177,88.533,0.3,3B-HHR-E.MS.MRG.3IMERG.20260822-S140000-E142959.0840.V07C.30min.tif
2026-08-22,14:00:00,14:29:59,2026-08-22T14:29:59+00:00,Singtam,27.234,88.501,0.1,3B-HHR-E.MS.MRG.3IMERG.20260822-S140000-E142959.0840.V07C.30min.tif
2026-08-22,14:30:00,14:59:59,2026-08-22T14:59:59+00:00,Rangpo,27.177,88.533,0.1,3B-HHR-E.MS.MRG.3IMERG.20260822-S143000-E145959.0870.V07C.30min.tif
2026-08-22,14:30:00,14:59:59,2026-08-22T14:59:59+00:00,Singtam,27.234,88.501,0.1,3B-HHR-E.MS.MRG.3IMERG.20260822-S143000-E145959.0870.V07C.30min.tif
2026-08-22,15:00:00,15:29:59,2026-08-22T15:29:59+00:00,Rangpo,27.177,88.533,0.1,3B-HHR-E.MS.MRG.3IMERG.20260822-S150000-E152959.0900.V07C.30min.tif
2026-08-22,15:00:00,15:29:59,2026-08-22T15:29:59+00:00,Singtam,27.234,88.501,0.1,3B-HHR-E.MS.MRG.3IMERG.20260822-S150000-E152959.0900.V07C.30min.tif
2026-08-22,15:30:00,15:59:59,2026-08-22T15:59:59+00:00,Rangpo,27.177,88.533,0.1,3B-HHR-E.MS.MRG.3IMERG.20260822-S153000-E155959.0930.V07C.30min.tif
2026-08-22,15:30:00,15:59:59,2026-08-22T15:59:59+00:00,Singtam,27.234,88.501,0.1,3B-HHR-E.MS.MRG.3IMERG.20260822-S153000-E155959.0930.V07C.30min.tif
2026-08-22,16:00:00,16:29:59,2026-08-22T16:29:59+00:00,Rangpo,27.177,88.533,0.0,3B-HHR-E.MS.MRG.3IMERG.20260822-S160000-E162959.0960.V07C.30min.tif
2026-08-22,16:00:00,16:29:59,2026-08-22T16:29:59+00:00,Singtam,27.234,88.501,0.1,3B-HHR-E.MS.MRG.3IMERG.20260822-S160000-E162959.0960.V07C.30min.tif
2026-08-22,16:30:00,16:59:59,2026-08-22T16:59:59+00:00,Rangpo,27.177,88.533,0.0,3B-HHR-E.MS.MRG.3IMERG.20260822-S163000-E165959.0990.V07C.30min.tif
2026-08-22,16:30:00,16:59:59,2026-08-22T16:59:59+00:00,Singtam,27.234,88.501,0.0,3B-HHR-E.MS.MRG.3IMERG.20260822-S163000-E165959.0990.V07C.30min.tif
2026-08-22,17:00:00,17:29:59,2026-08-22T17:29:59+00:00,Rangpo,27.177,88.533,0.0,3B-HHR-E.MS.MRG.3IMERG.20260822-S170000-E172959.1020.V07C.30min.tif
2026-08-22,17:00:00,17:29:59,2026-08-22T17:29:59+00:00,Singtam,27.234,88.501,0.0,3B-HHR-E.MS.MRG.3IMERG.20260822-S170000-E172959.1020.V07C.30min.tif
2026-08-22,17:30:00,17:59:59,2026-08-22T17:59:59+00:00,Rangpo,27.177,88.533,0.0,3B-HHR-E.MS.MRG.3IMERG.20260822-S173000-E175959.1050.V07C.30min.tif
2026-08-22,17:30:00,17:59:59,2026-08-22T17:59:59+00:00,Singtam,27.234,88.501,0.0,3B-HHR-E.MS.MRG.3IMERG.20260822-S173000-E175959.1050.V07C.30min.tif
2026-08-22,18:00:00,18:29:59,2026-08-22T18:29:59+00:00,Rangpo,27.177,88.533,0.0,3B-HHR-E.MS.MRG.3IMERG.20260822-S180000-E182959.1080.V07C.30min.tif
2026-08-22,18:00:00,18:29:59,2026-08-22T18:29:59+00:00,Singtam,27.234,88.501,0.0,3B-HHR-E.MS.MRG.3IMERG.20260822-S180000-E182959.1080.V07C.30min.tif
2026-08-22,18:30:00,18:59:59,2026-08-22T18:59:59+00:00,Rangpo,27.177,88.533,0.0,3B-HHR-E.MS.MRG.3IMERG.20260822-S183000-E185959.1110.V07C.30min.tif
2026-08-22,18:30:00,18:59:59,2026-08-22T18:59:59+00:00,Singtam,27.234,88.501,0.0,3B-HHR-E.MS.MRG.3IMERG.20260822-S183000-E185959.1110.V07C.30min.tif
2026-08-22,19:00:00,19:29:59,2026-08-22T19:29:59+00:00,Rangpo,27.177,88.533,0.0,3B-HHR-E.MS.MRG.3IMERG.20260822-S190000-E192959.1140.V07C.30min.tif
2026-08-22,19:00:00,19:29:59,2026-08-22T19:29:59+00:00,Singtam,27.234,88.501,0.0,3B-HHR-E.MS.MRG.3IMERG.20260822-S190000-E192959.1140.V07C.30min.tif
2026-08-22,19:30:00,19:59:59,2026-08-22T19:59:59+00:00,Rangpo,27.177,88.533,1.2,3B-HHR-E.MS.MRG.3IMERG.20260822-S193000-E195959.1170.V07C.30min.tif
2026-08-22,19:30:00,19:59:59,2026-08-22T19:59:59+00:00,Singtam,27.234,88.501,1.5,3B-HHR-E.MS.MRG.3IMERG.20260822-S193000-E195959.1170.V07C.30min.tif
2026-08-22,20:00:00,20:29:59,2026-08-22T20:29:59+00:00,Rangpo,27.177,88.533,0.7,3B-HHR-E.MS.MRG.3IMERG.20260822-S200000-E202959.1200.V07C.30min.tif
2026-08-22,20:00:00,20:29:59,2026-08-22T20:29:59+00:00,Singtam,27.234,88.501,1.4,3B-HHR-E.MS.MRG.3IMERG.20260822-S200000-E202959.1200.V07C.30min.tif
2026-08-22,20:30:00,20:59:59,2026-08-22T20:59:59+00:00,Rangpo,27.177,88.533,0.1,3B-HHR-E.MS.MRG.3IMERG.20260822-S203000-E205959.1230.V07C.30min.tif
2026-08-22,20:30:00,20:59:59,2026-08-22T20:59:59+00:00,Singtam,27.234,88.501,1.5,3B-HHR-E.MS.MRG.3IMERG.20260822-S203000-E205959.1230.V07C.30min.tif
2026-08-22,21:00:00,21:29:59,2026-08-22T21:29:59+00:00,Rangpo,27.177,88.533,0.1,3B-HHR-E.MS.MRG.3IMERG.20260822-S210000-E212959.1260.V07C.30min.tif
2026-08-22,21:00:00,21:29:59,2026-08-22T21:29:59+00:00,Singtam,27.234,88.501,1.2,3B-HHR-E.MS.MRG.3IMERG.20260822-S210000-E212959.1260.V07C.30min.tif
2026-08-22,21:30:00,21:59:59,2026-08-22T21:59:59+00:00,Rangpo,27.177,88.533,0.0,3B-HHR-E.MS.MRG.3IMERG.20260822-S213000-E215959.1290.V07C.30min.tif
2026-08-22,21:30:00,21:59:59,2026-08-22T21:59:59+00:00,Singtam,27.234,88.501,0.9,3B-HHR-E.MS.MRG.3IMERG.20260822-S213000-E215959.1290.V07C.30min.tif
2026-08-22,22:00:00,22:29:59,2026-08-22T22:29:59+00:00,Rangpo,27.177,88.533,0.0,3B-HHR-E.MS.MRG.3IMERG.20260822-S220000-E222959.1320.V07C.30min.tif
2026-08-22,22:00:00,22:29:59,2026-08-22T22:29:59+00:00,Singtam,27.234,88.501,0.5,3B-HHR-E.MS.MRG.3IMERG.20260822-S220000-E222959.1320.V07C.30min.tif
2026-08-22,22:30:00,22:59:59,2026-08-22T22:59:59+00:00,Rangpo,27.177,88.533,0.0,3B-HHR-E.MS.MRG.3IMERG.20260822-S223000-E225959.1350.V07C.30min.tif
2026-08-22,22:30:00,22:59:59,2026-08-22T22:59:59+00:00,Singtam,27.234,88.501,0.5,3B-HHR-E.MS.MRG.3IMERG.20260822-S223000-E225959.1350.V07C.30min.tif
2026-08-22,23:00:00,23:29:59,2026-08-22T23:29:59+00:00,Rangpo,27.177,88.533,0.0,3B-HHR-E.MS.MRG.3IMERG.20260822-S230000-E232959.1380.V07C.30min.tif
2026-08-22,23:00:00,23:29:59,2026-08-22T23:29:59+00:00,Singtam,27.234,88.501,0.1,3B-HHR-E.MS.MRG.3IMERG.20260822-S230000-E232959.1380.V07C.30min.tif
2026-08-22,23:30:00,23:59:59,2026-08-22T23:59:59+00:00,Rangpo,27.177,88.533,0.0,3B-HHR-E.MS.MRG.3IMERG.20260822-S233000-E235959.1410.V07C.30min.tif
2026-08-22,23:30:00,23:59:59,2026-08-22T23:59:59+00:00,Singtam,27.234,88.501,0.1,3B-HHR-E.MS.MRG.3IMERG.20260822-S233000-E235959.1410.V07C.30min.tif
2026-08-23,00:00:00,00:29:59,2026-08-23T00:29:59+00:00,Rangpo,27.177,88.533,0.0,3B-HHR-E.MS.MRG.3IMERG.20260823-S000000-E002959.0000.V07C.30min.tif
2026-08-23,00:00:00,00:29:59,2026-08-23T00:29:59+00:00,Singtam,27.234,88.501,0.0,3B-HHR-E.MS.MRG.3IMERG.20260823-S000000-E002959.0000.V07C.30min.tif
2026-08-23,00:30:00,00:59:59,2026-08-23T00:59:59+00:00,Rangpo,27.177,88.533,0.0,3B-HHR-E.MS.MRG.3IMERG.20260823-S003000-E005959.0030.V07C.30min.tif
2026-08-23,00:30:00,00:59:59,2026-08-23T00:59:59+00:00,Singtam,27.234,88.501,0.0,3B-HHR-E.MS.MRG.3IMERG.20260823-S003000-E005959.0030.V07C.30min.tif
2026-08-23,01:00:00,01:29:59,2026-08-23T01:29:59+00:00,Rangpo,27.177,88.533,0.0,3B-HHR-E.MS.MRG.3IMERG.20260823-S010000-E012959.0060.V07C.30min.tif
2026-08-23,01:00:00,01:29:59,2026-08-23T01:29:59+00:00,Singtam,27.234,88.501,0.0,3B-HHR-E.MS.MRG.3IMERG.20260823-S010000-E012959.0060.V07C.30min.tif
2026-08-23,01:30:00,01:59:59,2026-08-23T01:59:59+00:00,Rangpo,27.177,88.533,0.0,3B-HHR-E.MS.MRG.3IMERG.20260823-S013000-E015959.0090.V07C.30min.tif
2026-08-23,01:30:00,01:59:59,2026-08-23T01:59:59+00:00,Singtam,27.234,88.501,0.0,3B-HHR-E.MS.MRG.3IMERG.20260823-S013000-E015959.0090.V07C.30min.tif
2026-08-23,02:00:00,02:29:59,2026-08-23T02:29:59+00:00,Rangpo,27.177,88.533,0.0,3B-HHR-E.MS.MRG.3IMERG.20260823-S020000-E022959.0120.V07C.30min.tif
2026-08-23,02:00:00,02:29:59,2026-08-23T02:29:59+00:00,Singtam,27.234,88.501,0.0,3B-HHR-E.MS.MRG.3IMERG.20260823-S020000-E022959.0120.V07C.30min.tif
2026-08-23,02:30:00,02:59:59,2026-08-23T02:59:59+00:00,Rangpo,27.177,88.533,0.0,3B-HHR-E.MS.MRG.3IMERG.20260823-S023000-E025959.0150.V07C.30min.tif
2026-08-23,02:30:00,02:59:59,2026-08-23T02:59:59+00:00,Singtam,27.234,88.501,0.0,3B-HHR-E.MS.MRG.3IMERG.20260823-S023000-E025959.0150.V07C.30min.tif
2026-08-23,03:00:00,03:29:59,2026-08-23T03:29:59+00:00,Rangpo,27.177,88.533,0.0,3B-HHR-E.MS.MRG.3IMERG.20260823-S030000-E032959.0180.V07C.30min.tif
2026-08-23,03:00:00,03:29:59,2026-08-23T03:29:59+00:00,Singtam,27.234,88.501,0.0,3B-HHR-E.MS.MRG.3IMERG.20260823-S030000-E032959.0180.V07C.30min.tif
2026-08-23,03:30:00,03:59:59,2026-08-23T03:59:59+00:00,Rangpo,27.177,88.533,0.0,3B-HHR-E.MS.MRG.3IMERG.20260823-S033000-E035959.0210.V07C.30min.tif
2026-08-23,03:30:00,03:59:59,2026-08-23T03:59:59+00:00,Singtam,27.234,88.501,0.0,3B-HHR-E.MS.MRG.3IMERG.20260823-S033000-E035959.0210.V07C.30min.tif
2026-08-23,04:00:00,04:29:59,2026-08-23T04:29:59+00:00,Rangpo,27.177,88.533,0.0,3B-HHR-E.MS.MRG.3IMERG.20260823-S040000-E042959.0240.V07C.30min.tif
2026-08-23,04:00:00,04:29:59,2026-08-23T04:29:59+00:00,Singtam,27.234,88.501,0.0,3B-HHR-E.MS.MRG.3IMERG.20260823-S040000-E042959.0240.V07C.30min.tif
2026-08-23,04:30:00,04:59:59,2026-08-23T04:59:59+00:00,Rangpo,27.177,88.533,0.0,3B-HHR-E.MS.MRG.3IMERG.20260823-S043000-E045959.0270.V07C.30min.tif
2026-08-23,04:30:00,04:59:59,2026-08-23T04:59:59+00:00,Singtam,27.234,88.501,0.0,3B-HHR-E.MS.MRG.3IMERG.20260823-S043000-E045959.0270.V07C.30min.tif
2026-08-23,05:00:00,05:29:59,2026-08-23T05:29:59+00:00,Rangpo,27.177,88.533,0.0,3B-HHR-E.MS.MRG.3IMERG.20260823-S050000-E052959.0300.V07C.30min.tif
2026-08-23,05:00:00,05:29:59,2026-08-23T05:29:59+00:00,Singtam,27.234,88.501,0.0,3B-HHR-E.MS.MRG.3IMERG.20260823-S050000-E052959.0300.V07C.30min.tif
2026-08-23,05:30:00,05:59:59,2026-08-23T05:59:59+00:00,Rangpo,27.177,88.533,0.0,3B-HHR-E.MS.MRG.3IMERG.20260823-S053000-E055959.0330.V07C.30min.tif
2026-08-23,05:30:00,05:59:59,2026-08-23T05:59:59+00:00,Singtam,27.234,88.501,0.0,3B-HHR-E.MS.MRG.3IMERG.20260823-S053000-E055959.0330.V07C.30min.tif
2026-08-23,06:00:00,06:29:59,2026-08-23T06:29:59+00:00,Rangpo,27.177,88.533,0.7,3B-HHR-E.MS.MRG.3IMERG.20260823-S060000-E062959.0360.V07C.30min.tif
2026-08-23,06:00:00,06:29:59,2026-08-23T06:29:59+00:00,Singtam,27.234,88.501,0.1,3B-HHR-E.MS.MRG.3IMERG.20260823-S060000-E062959.0360.V07C.30min.tif
2026-08-23,06:30:00,06:59:59,2026-08-23T06:59:59+00:00,Rangpo,27.177,88.533,1.9,3B-HHR-E.MS.MRG.3IMERG.20260823-S063000-E065959.0390.V07C.30min.tif
2026-08-23,06:30:00,06:59:59,2026-08-23T06:59:59+00:00,Singtam,27.234,88.501,1.6,3B-HHR-E.MS.MRG.3IMERG.20260823-S063000-E065959.0390.V07C.30min.tif
2026-08-23,07:00:00,07:29:59,2026-08-23T07:29:59+00:00,Rangpo,27.177,88.533,0.8,3B-HHR-E.MS.MRG.3IMERG.20260823-S070000-E072959.0420.V07C.30min.tif
2026-08-23,07:00:00,07:29:59,2026-08-23T07:29:59+00:00,Singtam,27.234,88.501,1.0,3B-HHR-E.MS.MRG.3IMERG.20260823-S070000-E072959.0420.V07C.30min.tif
2026-08-23,07:30:00,07:59:59,2026-08-23T07:59:59+00:00,Rangpo,27.177,88.533,0.4,3B-HHR-E.MS.MRG.3IMERG.20260823-S073000-E075959.0450.V07C.30min.tif
2026-08-23,07:30:00,07:59:59,2026-08-23T07:59:59+00:00,Singtam,27.234,88.501,0.3,3B-HHR-E.MS.MRG.3IMERG.20260823-S073000-E075959.0450.V07C.30min.tif
2026-08-23,08:00:00,08:29:59,2026-08-23T08:29:59+00:00,Rangpo,27.177,88.533,0.8,3B-HHR-E.MS.MRG.3IMERG.20260823-S080000-E082959.0480.V07C.30min.tif
2026-08-23,08:00:00,08:29:59,2026-08-23T08:29:59+00:00,Singtam,27.234,88.501,0.3,3B-HHR-E.MS.MRG.3IMERG.20260823-S080000-E082959.0480.V07C.30min.tif
2026-08-23,08:30:00,08:59:59,2026-08-23T08:59:59+00:00,Rangpo,27.177,88.533,2.9,3B-HHR-E.MS.MRG.3IMERG.20260823-S083000-E085959.0510.V07C.30min.tif
2026-08-23,08:30:00,08:59:59,2026-08-23T08:59:59+00:00,Singtam,27.234,88.501,1.2,3B-HHR-E.MS.MRG.3IMERG.20260823-S083000-E085959.0510.V07C.30min.tif
2026-08-23,09:00:00,09:29:59,2026-08-23T09:29:59+00:00,Rangpo,27.177,88.533,0.6,3B-HHR-E.MS.MRG.3IMERG.20260823-S090000-E092959.0540.V07C.30min.tif
2026-08-23,09:00:00,09:29:59,2026-08-23T09:29:59+00:00,Singtam,27.234,88.501,0.5,3B-HHR-E.MS.MRG.3IMERG.20260823-S090000-E092959.0540.V07C.30min.tif
2026-08-23,09:30:00,09:59:59,2026-08-23T09:59:59+00:00,Rangpo,27.177,88.533,0.7,3B-HHR-E.MS.MRG.3IMERG.20260823-S093000-E095959.0570.V07C.30min.tif
2026-08-23,09:30:00,09:59:59,2026-08-23T09:59:59+00:00,Singtam,27.234,88.501,0.8,3B-HHR-E.MS.MRG.3IMERG.20260823-S093000-E095959.0570.V07C.30min.tif
2026-08-23,10:00:00,10:29:59,2026-08-23T10:29:59+00:00,Rangpo,27.177,88.533,0.4,3B-HHR-E.MS.MRG.3IMERG.20260823-S100000-E102959.0600.V07C.30min.tif
2026-08-23,10:00:00,10:29:59,2026-08-23T10:29:59+00:00,Singtam,27.234,88.501,0.1,3B-HHR-E.MS.MRG.3IMERG.20260823-S100000-E102959.0600.V07C.30min.tif
2026-08-23,10:30:00,10:59:59,2026-08-23T10:59:59+00:00,Rangpo,27.177,88.533,0.4,3B-HHR-E.MS.MRG.3IMERG.20260823-S103000-E105959.0630.V07C.30min.tif
2026-08-23,10:30:00,10:59:59,2026-08-23T10:59:59+00:00,Singtam,27.234,88.501,0.1,3B-HHR-E.MS.MRG.3IMERG.20260823-S103000-E105959.0630.V07C.30min.tif
2026-08-23,11:00:00,11:29:59,2026-08-23T11:29:59+00:00,Rangpo,27.177,88.533,0.0,3B-HHR-E.MS.MRG.3IMERG.20260823-S110000-E112959.0660.V07C.30min.tif
2026-08-23,11:00:00,11:29:59,2026-08-23T11:29:59+00:00,Singtam,27.234,88.501,0.0,3B-HHR-E.MS.MRG.3IMERG.20260823-S110000-E112959.0660.V07C.30min.tif
2026-08-23,11:30:00,11:59:59,2026-08-23T11:59:59+00:00,Rangpo,27.177,88.533,0.1,3B-HHR-E.MS.MRG.3IMERG.20260823-S113000-E115959.0690.V07C.30min.tif
2026-08-23,11:30:00,11:59:59,2026-08-23T11:59:59+00:00,Singtam,27.234,88.501,0.1,3B-HHR-E.MS.MRG.3IMERG.20260823-S113000-E115959.0690.V07C.30min.tif
2026-08-23,12:00:00,12:29:59,2026-08-23T12:29:59+00:00,Rangpo,27.177,88.533,0.1,3B-HHR-E.MS.MRG.3IMERG.20260823-S120000-E122959.0720.V07C.30min.tif
2026-08-23,12:00:00,12:29:59,2026-08-23T12:29:59+00:00,Singtam,27.234,88.501,0.1,3B-HHR-E.MS.MRG.3IMERG.20260823-S120000-E122959.0720.V07C.30min.tif
2026-08-23,12:30:00,12:59:59,2026-08-23T12:59:59+00:00,Rangpo,27.177,88.533,0.0,3B-HHR-E.MS.MRG.3IMERG.20260823-S123000-E125959.0750.V07C.30min.tif
2026-08-23,12:30:00,12:59:59,2026-08-23T12:59:59+00:00,Singtam,27.234,88.501,0.0,3B-HHR-E.MS.MRG.3IMERG.20260823-S123000-E125959.0750.V07C.30min.tif
2026-08-23,13:00:00,13:29:59,2026-08-23T13:29:59+00:00,Rangpo,27.177,88.533,0.0,3B-HHR-E.MS.MRG.3IMERG.20260823-S130000-E132959.0780.V07C.30min.tif
2026-08-23,13:00:00,13:29:59,2026-08-23T13:29:59+00:00,Singtam,27.234,88.501,0.0,3B-HHR-E.MS.MRG.3IMERG.20260823-S130000-E132959.0780.V07C.30min.tif
2026-08-23,13:30:00,13:59:59,2026-08-23T13:59:59+00:00,Rangpo,27.177,88.533,0.0,3B-HHR-E.MS.MRG.3IMERG.20260823-S133000-E135959.0810.V07C.30min.tif
2026-08-23,13:30:00,13:59:59,2026-08-23T13:59:59+00:00,Singtam,27.234,88.501,0.0,3B-HHR-E.MS.MRG.3IMERG.20260823-S133000-E135959.0810.V07C.30min.tif
2026-08-23,14:00:00,14:29:59,2026-08-23T14:29:59+00:00,Rangpo,27.177,88.533,0.0,3B-HHR-E.MS.MRG.3IMERG.20260823-S140000-E142959.0840.V07C.30min.tif
2026-08-23,14:00:00,14:29:59,2026-08-23T14:29:59+00:00,Singtam,27.234,88.501,0.0,3B-HHR-E.MS.MRG.3IMERG.20260823-S140000-E142959.0840.V07C.30min.tif
2026-08-23,14:30:00,14:59:59,2026-08-23T14:59:59+00:00,Rangpo,27.177,88.533,0.0,3B-HHR-E.MS.MRG.3IMERG.20260823-S143000-E145959.0870.V07C.30min.tif
2026-08-23,14:30:00,14:59:59,2026-08-23T14:59:59+00:00,Singtam,27.234,88.501,0.0,3B-HHR-E.MS.MRG.3IMERG.20260823-S143000-E145959.0870.V07C.30min.tif
2026-08-23,15:00:00,15:29:59,2026-08-23T15:29:59+00:00,Rangpo,27.177,88.533,0.0,3B-HHR-E.MS.MRG.3IMERG.20260823-S150000-E152959.0900.V07C.30min.tif
2026-08-23,15:00:00,15:29:59,2026-08-23T15:29:59+00:00,Singtam,27.234,88.501,0.0,3B-HHR-E.MS.MRG.3IMERG.20260823-S150000-E152959.0900.V07C.30min.tif
2026-08-23,15:30:00,15:59:59,2026-08-23T15:59:59+00:00,Rangpo,27.177,88.533,0.0,3B-HHR-E.MS.MRG.3IMERG.20260823-S153000-E155959.0930.V07C.30min.tif
2026-08-23,15:30:00,15:59:59,2026-08-23T15:59:59+00:00,Singtam,27.234,88.501,0.0,3B-HHR-E.MS.MRG.3IMERG.20260823-S153000-E155959.0930.V07C.30min.tif
2026-08-23,16:00:00,16:29:59,2026-08-23T16:29:59+00:00,Rangpo,27.177,88.533,0.0,3B-HHR-E.MS.MRG.3IMERG.20260823-S160000-E162959.0960.V07C.30min.tif
2026-08-23,16:00:00,16:29:59,2026-08-23T16:29:59+00:00,Singtam,27.234,88.501,0.0,3B-HHR-E.MS.MRG.3IMERG.20260823-S160000-E162959.0960.V07C.30min.tif
2026-08-23,16:30:00,16:59:59,2026-08-23T16:59:59+00:00,Rangpo,27.177,88.533,0.0,3B-HHR-E.MS.MRG.3IMERG.20260823-S163000-E165959.0990.V07C.30min.tif
2026-08-23,16:30:00,16:59:59,2026-08-23T16:59:59+00:00,Singtam,27.234,88.501,0.0,3B-HHR-E.MS.MRG.3IMERG.20260823-S163000-E165959.0990.V07C.30min.tif
2026-08-23,17:00:00,17:29:59,2026-08-23T17:29:59+00:00,Rangpo,27.177,88.533,0.0,3B-HHR-E.MS.MRG.3IMERG.20260823-S170000-E172959.1020.V07C.30min.tif
2026-08-23,17:00:00,17:29:59,2026-08-23T17:29:59+00:00,Singtam,27.234,88.501,0.0,3B-HHR-E.MS.MRG.3IMERG.20260823-S170000-E172959.1020.V07C.30min.tif
2026-08-23,17:30:00,17:59:59,2026-08-23T17:59:59+00:00,Rangpo,27.177,88.533,0.0,3B-HHR-E.MS.MRG.3IMERG.20260823-S173000-E175959.1050.V07C.30min.tif
2026-08-23,17:30:00,17:59:59,2026-08-23T17:59:59+00:00,Singtam,27.234,88.501,0.0,3B-HHR-E.MS.MRG.3IMERG.20260823-S173000-E175959.1050.V07C.30min.tif
2026-08-23,18:00:00,18:29:59,2026-08-23T18:29:59+00:00,Rangpo,27.177,88.533,0.0,3B-HHR-E.MS.MRG.3IMERG.20260823-S180000-E182959.1080.V07C.30min.tif
2026-08-23,18:00:00,18:29:59,2026-08-23T18:29:59+00:00,Singtam,27.234,88.501,0.0,3B-HHR-E.MS.MRG.3IMERG.20260823-S180000-E182959.1080.V07C.30min.tif
2026-08-23,18:30:00,18:59:59,2026-08-23T18:59:59+00:00,Rangpo,27.177,88.533,0.0,3B-HHR-E.MS.MRG.3IMERG.20260823-S183000-E185959.1110.V07C.30min.tif
2026-08-23,18:30:00,18:59:59,2026-08-23T18:59:59+00:00,Singtam,27.234,88.501,0.0,3B-HHR-E.MS.MRG.3IMERG.20260823-S183000-E185959.1110.V07C.30min.tif
2026-08-23,19:00:00,19:29:59,2026-08-23T19:29:59+00:00,Rangpo,27.177,88.533,0.0,3B-HHR-E.MS.MRG.3IMERG.20260823-S190000-E192959.1140.V07C.30min.tif
2026-08-23,19:00:00,19:29:59,2026-08-23T19:29:59+00:00,Singtam,27.234,88.501,0.0,3B-HHR-E.MS.MRG.3IMERG.20260823-S190000-E192959.1140.V07C.30min.tif
2026-08-23,19:30:00,19:59:59,2026-08-23T19:59:59+00:00,Rangpo,27.177,88.533,0.1,3B-HHR-E.MS.MRG.3IMERG.20260823-S193000-E195959.1170.V07C.30min.tif
2026-08-23,19:30:00,19:59:59,2026-08-23T19:59:59+00:00,Singtam,27.234,88.501,0.1,3B-HHR-E.MS.MRG.3IMERG.20260823-S193000-E195959.1170.V07C.30min.tif
2026-08-23,20:00:00,20:29:59,2026-08-23T20:29:59+00:00,Rangpo,27.177,88.533,0.1,3B-HHR-E.MS.MRG.3IMERG.20260823-S200000-E202959.1200.V07C.30min.tif
2026-08-23,20:00:00,20:29:59,2026-08-23T20:29:59+00:00,Singtam,27.234,88.501,0.2,3B-HHR-E.MS.MRG.3IMERG.20260823-S200000-E202959.1200.V07C.30min.tif
2026-08-23,20:30:00,20:59:59,2026-08-23T20:59:59+00:00,Rangpo,27.177,88.533,0.2,3B-HHR-E.MS.MRG.3IMERG.20260823-S203000-E205959.1230.V07C.30min.tif
2026-08-23,20:30:00,20:59:59,2026-08-23T20:59:59+00:00,Singtam,27.234,88.501,0.3,3B-HHR-E.MS.MRG.3IMERG.20260823-S203000-E205959.1230.V07C.30min.tif
2026-08-23,21:00:00,21:29:59,2026-08-23T21:29:59+00:00,Rangpo,27.177,88.533,0.1,3B-HHR-E.MS.MRG.3IMERG.20260823-S210000-E212959.1260.V07C.30min.tif
2026-08-23,21:00:00,21:29:59,2026-08-23T21:29:59+00:00,Singtam,27.234,88.501,0.1,3B-HHR-E.MS.MRG.3IMERG.20260823-S210000-E212959.1260.V07C.30min.tif
2026-08-23,21:30:00,21:59:59,2026-08-23T21:59:59+00:00,Rangpo,27.177,88.533,0.1,3B-HHR-E.MS.MRG.3IMERG.20260823-S213000-E215959.1290.V07C.30min.tif
2026-08-23,21:30:00,21:59:59,2026-08-23T21:59:59+00:00,Singtam,27.234,88.501,0.1,3B-HHR-E.MS.MRG.3IMERG.20260823-S213000-E215959.1290.V07C.30min.tif
2026-08-23,22:00:00,22:29:59,2026-08-23T22:29:59+00:00,Rangpo,27.177,88.533,0.0,3B-HHR-E.MS.MRG.3IMERG.20260823-S220000-E222959.1320.V07C.30min.tif
2026-08-23,22:00:00,22:29:59,2026-08-23T22:29:59+00:00,Singtam,27.234,88.501,0.0,3B-HHR-E.MS.MRG.3IMERG.20260823-S220000-E222959.1320.V07C.30min.tif
2026-08-23,22:30:00,22:59:59,2026-08-23T22:59:59+00:00,Rangpo,27.177,88.533,0.0,3B-HHR-E.MS.MRG.3IMERG.20260823-S223000-E225959.1350.V07C.30min.tif
2026-08-23,22:30:00,22:59:59,2026-08-23T22:59:59+00:00,Singtam,27.234,88.501,0.0,3B-HHR-E.MS.MRG.3IMERG.20260823-S223000-E225959.1350.V07C.30min.tif
2026-08-23,23:00:00,23:29:59,2026-08-23T23:29:59+00:00,Rangpo,27.177,88.533,0.0,3B-HHR-E.MS.MRG.3IMERG.20260823-S230000-E232959.1380.V07C.30min.tif
2026-08-23,23:00:00,23:29:59,2026-08-23T23:29:59+00:00,Singtam,27.234,88.501,0.0,3B-HHR-E.MS.MRG.3IMERG.20260823-S230000-E232959.1380.V07C.30min.tif
2026-08-23,23:30:00,23:59:59,2026-08-23T23:59:59+00:00,Rangpo,27.177,88.533,0.0,3B-HHR-E.MS.MRG.3IMERG.20260823-S233000-E235959.1410.V07C.30min.tif
2026-08-23,23:30:00,23:59:59,2026-08-23T23:59:59+00:00,Singtam,27.234,88.501,0.0,3B-HHR-E.MS.MRG.3IMERG.20260823-S233000-E235959.1410.V07C.30min.tif
2026-08-24,00:00:00,00:29:59,2026-08-24T00:29:59+00:00,Rangpo,27.177,88.533,0.0,3B-HHR-E.MS.MRG.3IMERG.20260824-S000000-E002959.0000.V07C.30min.tif
2026-08-24,00:00:00,00:29:59,2026-08-24T00:29:59+00:00,Singtam,27.234,88.501,0.0,3B-HHR-E.MS.MRG.3IMERG.20260824-S000000-E002959.0000.V07C.30min.tif
2026-08-24,00:30:00,00:59:59,2026-08-24T00:59:59+00:00,Rangpo,27.177,88.533,0.0,3B-HHR-E.MS.MRG.3IMERG.20260824-S003000-E005959.0030.V07C.30min.tif
2026-08-24,00:30:00,00:59:59,2026-08-24T00:59:59+00:00,Singtam,27.234,88.501,0.0,3B-HHR-E.MS.MRG.3IMERG.20260824-S003000-E005959.0030.V07C.30min.tif
2026-08-24,01:00:00,01:29:59,2026-08-24T01:29:59+00:00,Rangpo,27.177,88.533,0.0,3B-HHR-E.MS.MRG.3IMERG.20260824-S010000-E012959.0060.V07C.30min.tif
2026-08-24,01:00:00,01:29:59,2026-08-24T01:29:59+00:00,Singtam,27.234,88.501,0.0,3B-HHR-E.MS.MRG.3IMERG.20260824-S010000-E012959.0060.V07C.30min.tif
2026-08-24,01:30:00,01:59:59,2026-08-24T01:59:59+00:00,Rangpo,27.177,88.533,0.0,3B-HHR-E.MS.MRG.3IMERG.20260824-S013000-E015959.0090.V07C.30min.tif
2026-08-24,01:30:00,01:59:59,2026-08-24T01:59:59+00:00,Singtam,27.234,88.501,0.0,3B-HHR-E.MS.MRG.3IMERG.20260824-S013000-E015959.0090.V07C.30min.tif
2026-08-24,02:00:00,02:29:59,2026-08-24T02:29:59+00:00,Rangpo,27.177,88.533,0.0,3B-HHR-E.MS.MRG.3IMERG.20260824-S020000-E022959.0120.V07C.30min.tif
2026-08-24,02:00:00,02:29:59,2026-08-24T02:29:59+00:00,Singtam,27.234,88.501,0.0,3B-HHR-E.MS.MRG.3IMERG.20260824-S020000-E022959.0120.V07C.30min.tif
2026-08-24,02:30:00,02:59:59,2026-08-24T02:59:59+00:00,Rangpo,27.177,88.533,0.0,3B-HHR-E.MS.MRG.3IMERG.20260824-S023000-E025959.0150.V07C.30min.tif
2026-08-24,02:30:00,02:59:59,2026-08-24T02:59:59+00:00,Singtam,27.234,88.501,0.0,3B-HHR-E.MS.MRG.3IMERG.20260824-S023000-E025959.0150.V07C.30min.tif
2026-08-24,03:00:00,03:29:59,2026-08-24T03:29:59+00:00,Rangpo,27.177,88.533,0.0,3B-HHR-E.MS.MRG.3IMERG.20260824-S030000-E032959.0180.V07C.30min.tif
2026-08-24,03:00:00,03:29:59,2026-08-24T03:29:59+00:00,Singtam,27.234,88.501,0.0,3B-HHR-E.MS.MRG.3IMERG.20260824-S030000-E032959.0180.V07C.30min.tif
2026-08-24,03:30:00,03:59:59,2026-08-24T03:59:59+00:00,Rangpo,27.177,88.533,0.0,3B-HHR-E.MS.MRG.3IMERG.20260824-S033000-E035959.0210.V07C.30min.tif
2026-08-24,03:30:00,03:59:59,2026-08-24T03:59:59+00:00,Singtam,27.234,88.501,0.0,3B-HHR-E.MS.MRG.3IMERG.20260824-S033000-E035959.0210.V07C.30min.tif
2026-08-24,04:00:00,04:29:59,2026-08-24T04:29:59+00:00,Rangpo,27.177,88.533,0.0,3B-HHR-E.MS.MRG.3IMERG.20260824-S040000-E042959.0240.V07C.30min.tif
2026-08-24,04:00:00,04:29:59,2026-08-24T04:29:59+00:00,Singtam,27.234,88.501,0.0,3B-HHR-E.MS.MRG.3IMERG.20260824-S040000-E042959.0240.V07C.30min.tif
2026-08-24,04:30:00,04:59:59,2026-08-24T04:59:59+00:00,Rangpo,27.177,88.533,0.0,3B-HHR-E.MS.MRG.3IMERG.20260824-S043000-E045959.0270.V07C.30min.tif
2026-08-24,04:30:00,04:59:59,2026-08-24T04:59:59+00:00,Singtam,27.234,88.501,0.0,3B-HHR-E.MS.MRG.3IMERG.20260824-S043000-E045959.0270.V07C.30min.tif
2026-08-24,05:00:00,05:29:59,2026-08-24T05:29:59+00:00,Rangpo,27.177,88.533,0.0,3B-HHR-E.MS.MRG.3IMERG.20260824-S050000-E052959.0300.V07C.30min.tif
2026-08-24,05:00:00,05:29:59,2026-08-24T05:29:59+00:00,Singtam,27.234,88.501,0.0,3B-HHR-E.MS.MRG.3IMERG.20260824-S050000-E052959.0300.V07C.30min.tif
2026-08-24,05:30:00,05:59:59,2026-08-24T05:59:59+00:00,Rangpo,27.177,88.533,0.0,3B-HHR-E.MS.MRG.3IMERG.20260824-S053000-E055959.0330.V07C.30min.tif
2026-08-24,05:30:00,05:59:59,2026-08-24T05:59:59+00:00,Singtam,27.234,88.501,0.0,3B-HHR-E.MS.MRG.3IMERG.20260824-S053000-E055959.0330.V07C.30min.tif
2026-08-24,06:00:00,06:29:59,2026-08-24T06:29:59+00:00,Rangpo,27.177,88.533,0.0,3B-HHR-E.MS.MRG.3IMERG.20260824-S060000-E062959.0360.V07C.30min.tif
2026-08-24,06:00:00,06:29:59,2026-08-24T06:29:59+00:00,Singtam,27.234,88.501,0.0,3B-HHR-E.MS.MRG.3IMERG.20260824-S060000-E062959.0360.V07C.30min.tif
2026-08-24,06:30:00,06:59:59,2026-08-24T06:59:59+00:00,Rangpo,27.177,88.533,0.0,3B-HHR-E.MS.MRG.3IMERG.20260824-S063000-E065959.0390.V07C.30min.tif
2026-08-24,06:30:00,06:59:59,2026-08-24T06:59:59+00:00,Singtam,27.234,88.501,0.1,3B-HHR-E.MS.MRG.3IMERG.20260824-S063000-E065959.0390.V07C.30min.tif
2026-08-24,07:00:00,07:29:59,2026-08-24T07:29:59+00:00,Rangpo,27.177,88.533,0.0,3B-HHR-E.MS.MRG.3IMERG.20260824-S070000-E072959.0420.V07C.30min.tif
2026-08-24,07:00:00,07:29:59,2026-08-24T07:29:59+00:00,Singtam,27.234,88.501,0.0,3B-HHR-E.MS.MRG.3IMERG.20260824-S070000-E072959.0420.V07C.30min.tif
2026-08-24,07:30:00,07:59:59,2026-08-24T07:59:59+00:00,Rangpo,27.177,88.533,0.1,3B-HHR-E.MS.MRG.3IMERG.20260824-S073000-E075959.0450.V07C.30min.tif
2026-08-24,07:30:00,07:59:59,2026-08-24T07:59:59+00:00,Singtam,27.234,88.501,0.2,3B-HHR-E.MS.MRG.3IMERG.20260824-S073000-E075959.0450.V07C.30min.tif
2026-08-24,08:00:00,08:29:59,2026-08-24T08:29:59+00:00,Rangpo,27.177,88.533,0.0,3B-HHR-E.MS.MRG.3IMERG.20260824-S080000-E082959.0480.V07C.30min.tif
2026-08-24,08:00:00,08:29:59,2026-08-24T08:29:59+00:00,Singtam,27.234,88.501,0.1,3B-HHR-E.MS.MRG.3IMERG.20260824-S080000-E082959.0480.V07C.30min.tif
2026-08-24,08:30:00,08:59:59,2026-08-24T08:59:59+00:00,Rangpo,27.177,88.533,0.0,3B-HHR-E.MS.MRG.3IMERG.20260824-S083000-E085959.0510.V07C.30min.tif
2026-08-24,08:30:00,08:59:59,2026-08-24T08:59:59+00:00,Singtam,27.234,88.501,0.1,3B-HHR-E.MS.MRG.3IMERG.20260824-S083000-E085959.0510.V07C.30min.tif
2026-08-24,09:00:00,09:29:59,2026-08-24T09:29:59+00:00,Rangpo,27.177,88.533,0.0,3B-HHR-E.MS.MRG.3IMERG.20260824-S090000-E092959.0540.V07C.30min.tif
2026-08-24,09:00:00,09:29:59,2026-08-24T09:29:59+00:00,Singtam,27.234,88.501,0.0,3B-HHR-E.MS.MRG.3IMERG.20260824-S090000-E092959.0540.V07C.30min.tif
2026-08-24,09:30:00,09:59:59,2026-08-24T09:59:59+00:00,Rangpo,27.177,88.533,0.0,3B-HHR-E.MS.MRG.3IMERG.20260824-S093000-E095959.0570.V07C.30min.tif
2026-08-24,09:30:00,09:59:59,2026-08-24T09:59:59+00:00,Singtam,27.234,88.501,0.0,3B-HHR-E.MS.MRG.3IMERG.20260824-S093000-E095959.0570.V07C.30min.tif
2026-08-24,10:00:00,10:29:59,2026-08-24T10:29:59+00:00,Rangpo,27.177,88.533,0.0,3B-HHR-E.MS.MRG.3IMERG.20260824-S100000-E102959.0600.V07C.30min.tif
2026-08-24,10:00:00,10:29:59,2026-08-24T10:29:59+00:00,Singtam,27.234,88.501,0.0,3B-HHR-E.MS.MRG.3IMERG.20260824-S100000-E102959.0600.V07C.30min.tif
2026-08-24,10:30:00,10:59:59,2026-08-24T10:59:59+00:00,Rangpo,27.177,88.533,0.0,3B-HHR-E.MS.MRG.3IMERG.20260824-S103000-E105959.0630.V07C.30min.tif
2026-08-24,10:30:00,10:59:59,2026-08-24T10:59:59+00:00,Singtam,27.234,88.501,0.0,3B-HHR-E.MS.MRG.3IMERG.20260824-S103000-E105959.0630.V07C.30min.tif
2026-08-24,11:00:00,11:29:59,2026-08-24T11:29:59+00:00,Rangpo,27.177,88.533,0.0,3B-HHR-E.MS.MRG.3IMERG.20260824-S110000-E112959.0660.V07C.30min.tif
2026-08-24,11:00:00,11:29:59,2026-08-24T11:29:59+00:00,Singtam,27.234,88.501,0.1,3B-HHR-E.MS.MRG.3IMERG.20260824-S110000-E112959.0660.V07C.30min.tif
2026-08-24,11:30:00,11:59:59,2026-08-24T11:59:59+00:00,Rangpo,27.177,88.533,0.0,3B-HHR-E.MS.MRG.3IMERG.20260824-S113000-E115959.0690.V07C.30min.tif
2026-08-24,11:30:00,11:59:59,2026-08-24T11:59:59+00:00,Singtam,27.234,88.501,0.1,3B-HHR-E.MS.MRG.3IMERG.20260824-S113000-E115959.0690.V07C.30min.tif
2026-08-24,12:00:00,12:29:59,2026-08-24T12:29:59+00:00,Rangpo,27.177,88.533,0.0,3B-HHR-E.MS.MRG.3IMERG.20260824-S120000-E122959.0720.V07C.30min.tif
2026-08-24,12:00:00,12:29:59,2026-08-24T12:29:59+00:00,Singtam,27.234,88.501,0.0,3B-HHR-E.MS.MRG.3IMERG.20260824-S120000-E122959.0720.V07C.30min.tif
2026-08-24,12:30:00,12:59:59,2026-08-24T12:59:59+00:00,Rangpo,27.177,88.533,0.0,3B-HHR-E.MS.MRG.3IMERG.20260824-S123000-E125959.0750.V07C.30min.tif
2026-08-24,12:30:00,12:59:59,2026-08-24T12:59:59+00:00,Singtam,27.234,88.501,0.0,3B-HHR-E.MS.MRG.3IMERG.20260824-S123000-E125959.0750.V07C.30min.tif
2026-08-24,13:00:00,13:29:59,2026-08-24T13:29:59+00:00,Rangpo,27.177,88.533,0.0,3B-HHR-E.MS.MRG.3IMERG.20260824-S130000-E132959.0780.V07C.30min.tif
2026-08-24,13:00:00,13:29:59,2026-08-24T13:29:59+00:00,Singtam,27.234,88.501,0.0,3B-HHR-E.MS.MRG.3IMERG.20260824-S130000-E132959.0780.V07C.30min.tif
2026-08-24,13:30:00,13:59:59,2026-08-24T13:59:59+00:00,Rangpo,27.177,88.533,0.0,3B-HHR-E.MS.MRG.3IMERG.20260824-S133000-E135959.0810.V07C.30min.tif
2026-08-24,13:30:00,13:59:59,2026-08-24T13:59:59+00:00,Singtam,27.234,88.501,0.0,3B-HHR-E.MS.MRG.3IMERG.20260824-S133000-E135959.0810.V07C.30min.tif
2026-08-24,14:00:00,14:29:59,2026-08-24T14:29:59+00:00,Rangpo,27.177,88.533,0.0,3B-HHR-E.MS.MRG.3IMERG.20260824-S140000-E142959.0840.V07C.30min.tif
2026-08-24,14:00:00,14:29:59,2026-08-24T14:29:59+00:00,Singtam,27.234,88.501,0.0,3B-HHR-E.MS.MRG.3IMERG.20260824-S140000-E142959.0840.V07C.30min.tif
2026-08-24,14:30:00,14:59:59,2026-08-24T14:59:59+00:00,Rangpo,27.177,88.533,0.0,3B-HHR-E.MS.MRG.3IMERG.20260824-S143000-E145959.0870.V07C.30min.tif
2026-08-24,14:30:00,14:59:59,2026-08-24T14:59:59+00:00,Singtam,27.234,88.501,0.0,3B-HHR-E.MS.MRG.3IMERG.20260824-S143000-E145959.0870.V07C.30min.tif
2026-08-24,15:00:00,15:29:59,2026-08-24T15:29:59+00:00,Rangpo,27.177,88.533,0.0,3B-HHR-E.MS.MRG.3IMERG.20260824-S150000-E152959.0900.V07C.30min.tif
2026-08-24,15:00:00,15:29:59,2026-08-24T15:29:59+00:00,Singtam,27.234,88.501,0.0,3B-HHR-E.MS.MRG.3IMERG.20260824-S150000-E152959.0900.V07C.30min.tif
2026-08-24,15:30:00,15:59:59,2026-08-24T15:59:59+00:00,Rangpo,27.177,88.533,0.0,3B-HHR-E.MS.MRG.3IMERG.20260824-S153000-E155959.0930.V07C.30min.tif
2026-08-24,15:30:00,15:59:59,2026-08-24T15:59:59+00:00,Singtam,27.234,88.501,0.0,3B-HHR-E.MS.MRG.3IMERG.20260824-S153000-E155959.0930.V07C.30min.tif
2026-08-24,16:00:00,16:29:59,2026-08-24T16:29:59+00:00,Rangpo,27.177,88.533,0.0,3B-HHR-E.MS.MRG.3IMERG.20260824-S160000-E162959.0960.V07C.30min.tif
2026-08-24,16:00:00,16:29:59,2026-08-24T16:29:59+00:00,Singtam,27.234,88.501,0.0,3B-HHR-E.MS.MRG.3IMERG.20260824-S160000-E162959.0960.V07C.30min.tif
2026-08-24,16:30:00,16:59:59,2026-08-24T16:59:59+00:00,Rangpo,27.177,88.533,0.0,3B-HHR-E.MS.MRG.3IMERG.20260824-S163000-E165959.0990.V07C.30min.tif
2026-08-24,16:30:00,16:59:59,2026-08-24T16:59:59+00:00,Singtam,27.234,88.501,0.0,3B-HHR-E.MS.MRG.3IMERG.20260824-S163000-E165959.0990.V07C.30min.tif
2026-08-24,17:00:00,17:29:59,2026-08-24T17:29:59+00:00,Rangpo,27.177,88.533,0.0,3B-HHR-E.MS.MRG.3IMERG.20260824-S170000-E172959.1020.V07C.30min.tif
2026-08-24,17:00:00,17:29:59,2026-08-24T17:29:59+00:00,Singtam,27.234,88.501,0.0,3B-HHR-E.MS.MRG.3IMERG.20260824-S170000-E172959.1020.V07C.30min.tif
2026-08-24,17:30:00,17:59:59,2026-08-24T17:59:59+00:00,Rangpo,27.177,88.533,0.0,3B-HHR-E.MS.MRG.3IMERG.20260824-S173000-E175959.1050.V07C.30min.tif
2026-08-24,17:30:00,17:59:59,2026-08-24T17:59:59+00:00,Singtam,27.234,88.501,0.0,3B-HHR-E.MS.MRG.3IMERG.20260824-S173000-E175959.1050.V07C.30min.tif
2026-08-24,18:00:00,18:29:59,2026-08-24T18:29:59+00:00,Rangpo,27.177,88.533,0.0,3B-HHR-E.MS.MRG.3IMERG.20260824-S180000-E182959.1080.V07C.30min.tif
2026-08-24,18:00:00,18:29:59,2026-08-24T18:29:59+00:00,Singtam,27.234,88.501,0.0,3B-HHR-E.MS.MRG.3IMERG.20260824-S180000-E182959.1080.V07C.30min.tif
2026-08-24,18:30:00,18:59:59,2026-08-24T18:59:59+00:00,Rangpo,27.177,88.533,0.0,3B-HHR-E.MS.MRG.3IMERG.20260824-S183000-E185959.1110.V07C.30min.tif
2026-08-24,18:30:00,18:59:59,2026-08-24T18:59:59+00:00,Singtam,27.234,88.501,0.0,3B-HHR-E.MS.MRG.3IMERG.20260824-S183000-E185959.1110.V07C.30min.tif
2026-08-24,19:00:00,19:29:59,2026-08-24T19:29:59+00:00,Rangpo,27.177,88.533,0.0,3B-HHR-E.MS.MRG.3IMERG.20260824-S190000-E192959.1140.V07C.30min.tif
2026-08-24,19:00:00,19:29:59,2026-08-24T19:29:59+00:00,Singtam,27.234,88.501,0.0,3B-HHR-E.MS.MRG.3IMERG.20260824-S190000-E192959.1140.V07C.30min.tif
2026-08-24,19:30:00,19:59:59,2026-08-24T19:59:59+00:00,Rangpo,27.177,88.533,0.0,3B-HHR-E.MS.MRG.3IMERG.20260824-S193000-E195959.1170.V07C.30min.tif
2026-08-24,19:30:00,19:59:59,2026-08-24T19:59:59+00:00,Singtam,27.234,88.501,0.0,3B-HHR-E.MS.MRG.3IMERG.20260824-S193000-E195959.1170.V07C.30min.tif
2026-08-24,20:00:00,20:29:59,2026-08-24T20:29:59+00:00,Rangpo,27.177,88.533,0.0,3B-HHR-E.MS.MRG.3IMERG.20260824-S200000-E202959.1200.V07C.30min.tif
2026-08-24,20:00:00,20:29:59,2026-08-24T20:29:59+00:00,Singtam,27.234,88.501,0.0,3B-HHR-E.MS.MRG.3IMERG.20260824-S200000-E202959.1200.V07C.30min.tif
2026-08-24,20:30:00,20:59:59,2026-08-24T20:59:59+00:00,Rangpo,27.177,88.533,0.0,3B-HHR-E.MS.MRG.3IMERG.20260824-S203000-E205959.1230.V07C.30min.tif
2026-08-24,20:30:00,20:59:59,2026-08-24T20:59:59+00:00,Singtam,27.234,88.501,0.0,3B-HHR-E.MS.MRG.3IMERG.20260824-S203000-E205959.1230.V07C.30min.tif
2026-08-24,21:00:00,21:29:59,2026-08-24T21:29:59+00:00,Rangpo,27.177,88.533,0.0,3B-HHR-E.MS.MRG.3IMERG.20260824-S210000-E212959.1260.V07C.30min.tif
2026-08-24,21:00:00,21:29:59,2026-08-24T21:29:59+00:00,Singtam,27.234,88.501,0.0,3B-HHR-E.MS.MRG.3IMERG.20260824-S210000-E212959.1260.V07C.30min.tif
2026-08-24,21:30:00,21:59:59,2026-08-24T21:59:59+00:00,Rangpo,27.177,88.533,0.0,3B-HHR-E.MS.MRG.3IMERG.20260824-S213000-E215959.1290.V07C.30min.tif
2026-08-24,21:30:00,21:59:59,2026-08-24T21:59:59+00:00,Singtam,27.234,88.501,0.0,3B-HHR-E.MS.MRG.3IMERG.20260824-S213000-E215959.1290.V07C.30min.tif
2026-08-24,22:00:00,22:29:59,2026-08-24T22:29:59+00:00,Rangpo,27.177,88.533,0.0,3B-HHR-E.MS.MRG.3IMERG.20260824-S220000-E222959.1320.V07C.30min.tif
2026-08-24,22:00:00,22:29:59,2026-08-24T22:29:59+00:00,Singtam,27.234,88.501,0.0,3B-HHR-E.MS.MRG.3IMERG.20260824-S220000-E222959.1320.V07C.30min.tif
2026-08-24,22:30:00,22:59:59,2026-08-24T22:59:59+00:00,Rangpo,27.177,88.533,0.0,3B-HHR-E.MS.MRG.3IMERG.20260824-S223000-E225959.1350.V07C.30min.tif
2026-08-24,22:30:00,22:59:59,2026-08-24T22:59:59+00:00,Singtam,27.234,88.501,0.0,3B-HHR-E.MS.MRG.3IMERG.20260824-S223000-E225959.1350.V07C.30min.tif
2026-08-24,23:00:00,23:29:59,2026-08-24T23:29:59+00:00,Rangpo,27.177,88.533,0.0,3B-HHR-E.MS.MRG.3IMERG.20260824-S230000-E232959.1380.V07C.30min.tif
2026-08-24,23:00:00,23:29:59,2026-08-24T23:29:59+00:00,Singtam,27.234,88.501,0.0,3B-HHR-E.MS.MRG.3IMERG.20260824-S230000-E232959.1380.V07C.30min.tif
2026-08-24,23:30:00,23:59:59,2026-08-24T23:59:59+00:00,Rangpo,27.177,88.533,0.0,3B-HHR-E.MS.MRG.3IMERG.20260824-S233000-E235959.1410.V07C.30min.tif
2026-08-24,23:30:00,23:59:59,2026-08-24T23:59:59+00:00,Singtam,27.234,88.501,0.0,3B-HHR-E.MS.MRG.3IMERG.20260824-S233000-E235959.1410.V07C.30min.tif
2026-08-25,00:00:00,00:29:59,2026-08-25T00:29:59+00:00,Rangpo,27.177,88.533,0.0,3B-HHR-E.MS.MRG.3IMERG.20260825-S000000-E002959.0000.V07C.30min.tif
2026-08-25,00:00:00,00:29:59,2026-08-25T00:29:59+00:00,Singtam,27.234,88.501,0.0,3B-HHR-E.MS.MRG.3IMERG.20260825-S000000-E002959.0000.V07C.30min.tif
2026-08-25,00:30:00,00:59:59,2026-08-25T00:59:59+00:00,Rangpo,27.177,88.533,0.0,3B-HHR-E.MS.MRG.3IMERG.20260825-S003000-E005959.0030.V07C.30min.tif
2026-08-25,00:30:00,00:59:59,2026-08-25T00:59:59+00:00,Singtam,27.234,88.501,0.0,3B-HHR-E.MS.MRG.3IMERG.20260825-S003000-E005959.0030.V07C.30min.tif
2026-08-25,01:00:00,01:29:59,2026-08-25T01:29:59+00:00,Rangpo,27.177,88.533,0.0,3B-HHR-E.MS.MRG.3IMERG.20260825-S010000-E012959.0060.V07C.30min.tif
2026-08-25,01:00:00,01:29:59,2026-08-25T01:29:59+00:00,Singtam,27.234,88.501,0.0,3B-HHR-E.MS.MRG.3IMERG.20260825-S010000-E012959.0060.V07C.30min.tif
2026-08-25,01:30:00,01:59:59,2026-08-25T01:59:59+00:00,Rangpo,27.177,88.533,0.0,3B-HHR-E.MS.MRG.3IMERG.20260825-S013000-E015959.0090.V07C.30min.tif
2026-08-25,01:30:00,01:59:59,2026-08-25T01:59:59+00:00,Singtam,27.234,88.501,0.0,3B-HHR-E.MS.MRG.3IMERG.20260825-S013000-E015959.0090.V07C.30min.tif
2026-08-25,02:00:00,02:29:59,2026-08-25T02:29:59+00:00,Rangpo,27.177,88.533,0.0,3B-HHR-E.MS.MRG.3IMERG.20260825-S020000-E022959.0120.V07C.30min.tif
2026-08-25,02:00:00,02:29:59,2026-08-25T02:29:59+00:00,Singtam,27.234,88.501,0.0,3B-HHR-E.MS.MRG.3IMERG.20260825-S020000-E022959.0120.V07C.30min.tif
2026-08-25,02:30:00,02:59:59,2026-08-25T02:59:59+00:00,Rangpo,27.177,88.533,0.0,3B-HHR-E.MS.MRG.3IMERG.20260825-S023000-E025959.0150.V07C.30min.tif
2026-08-25,02:30:00,02:59:59,2026-08-25T02:59:59+00:00,Singtam,27.234,88.501,0.0,3B-HHR-E.MS.MRG.3IMERG.20260825-S023000-E025959.0150.V07C.30min.tif
2026-08-25,03:00:00,03:29:59,2026-08-25T03:29:59+00:00,Rangpo,27.177,88.533,0.0,3B-HHR-E.MS.MRG.3IMERG.20260825-S030000-E032959.0180.V07C.30min.tif
2026-08-25,03:00:00,03:29:59,2026-08-25T03:29:59+00:00,Singtam,27.234,88.501,0.0,3B-HHR-E.MS.MRG.3IMERG.20260825-S030000-E032959.0180.V07C.30min.tif
2026-08-25,03:30:00,03:59:59,2026-08-25T03:59:59+00:00,Rangpo,27.177,88.533,0.0,3B-HHR-E.MS.MRG.3IMERG.20260825-S033000-E035959.0210.V07C.30min.tif
2026-08-25,03:30:00,03:59:59,2026-08-25T03:59:59+00:00,Singtam,27.234,88.501,0.0,3B-HHR-E.MS.MRG.3IMERG.20260825-S033000-E035959.0210.V07C.30min.tif
2026-08-25,04:00:00,04:29:59,2026-08-25T04:29:59+00:00,Rangpo,27.177,88.533,0.0,3B-HHR-E.MS.MRG.3IMERG.20260825-S040000-E042959.0240.V07C.30min.tif
2026-08-25,04:00:00,04:29:59,2026-08-25T04:29:59+00:00,Singtam,27.234,88.501,0.0,3B-HHR-E.MS.MRG.3IMERG.20260825-S040000-E042959.0240.V07C.30min.tif
2026-08-25,04:30:00,04:59:59,2026-08-25T04:59:59+00:00,Rangpo,27.177,88.533,0.0,3B-HHR-E.MS.MRG.3IMERG.20260825-S043000-E045959.0270.V07C.30min.tif
2026-08-25,04:30:00,04:59:59,2026-08-25T04:59:59+00:00,Singtam,27.234,88.501,0.0,3B-HHR-E.MS.MRG.3IMERG.20260825-S043000-E045959.0270.V07C.30min.tif
2026-08-25,05:00:00,05:29:59,2026-08-25T05:29:59+00:00,Rangpo,27.177,88.533,0.0,3B-HHR-E.MS.MRG.3IMERG.20260825-S050000-E052959.0300.V07C.30min.tif
2026-08-25,05:00:00,05:29:59,2026-08-25T05:29:59+00:00,Singtam,27.234,88.501,0.0,3B-HHR-E.MS.MRG.3IMERG.20260825-S050000-E052959.0300.V07C.30min.tif
2026-08-25,05:30:00,05:59:59,2026-08-25T05:59:59+00:00,Rangpo,27.177,88.533,0.0,3B-HHR-E.MS.MRG.3IMERG.20260825-S053000-E055959.0330.V07C.30min.tif
2026-08-25,05:30:00,05:59:59,2026-08-25T05:59:59+00:00,Singtam,27.234,88.501,0.0,3B-HHR-E.MS.MRG.3IMERG.20260825-S053000-E055959.0330.V07C.30min.tif
2026-08-25,06:00:00,06:29:59,2026-08-25T06:29:59+00:00,Rangpo,27.177,88.533,0.0,3B-HHR-E.MS.MRG.3IMERG.20260825-S060000-E062959.0360.V07C.30min.tif
2026-08-25,06:00:00,06:29:59,2026-08-25T06:29:59+00:00,Singtam,27.234,88.501,0.0,3B-HHR-E.MS.MRG.3IMERG.20260825-S060000-E062959.0360.V07C.30min.tif
2026-08-25,06:30:00,06:59:59,2026-08-25T06:59:59+00:00,Rangpo,27.177,88.533,0.0,3B-HHR-E.MS.MRG.3IMERG.20260825-S063000-E065959.0390.V07C.30min.tif
2026-08-25,06:30:00,06:59:59,2026-08-25T06:59:59+00:00,Singtam,27.234,88.501,0.0,3B-HHR-E.MS.MRG.3IMERG.20260825-S063000-E065959.0390.V07C.30min.tif
2026-08-25,07:00:00,07:29:59,2026-08-25T07:29:59+00:00,Rangpo,27.177,88.533,0.1,3B-HHR-E.MS.MRG.3IMERG.20260825-S070000-E072959.0420.V07C.30min.tif
2026-08-25,07:00:00,07:29:59,2026-08-25T07:29:59+00:00,Singtam,27.234,88.501,0.1,3B-HHR-E.MS.MRG.3IMERG.20260825-S070000-E072959.0420.V07C.30min.tif
2026-08-25,07:30:00,07:59:59,2026-08-25T07:59:59+00:00,Rangpo,27.177,88.533,0.1,3B-HHR-E.MS.MRG.3IMERG.20260825-S073000-E075959.0450.V07C.30min.tif
2026-08-25,07:30:00,07:59:59,2026-08-25T07:59:59+00:00,Singtam,27.234,88.501,0.0,3B-HHR-E.MS.MRG.3IMERG.20260825-S073000-E075959.0450.V07C.30min.tif
2026-08-25,08:00:00,08:29:59,2026-08-25T08:29:59+00:00,Rangpo,27.177,88.533,0.1,3B-HHR-E.MS.MRG.3IMERG.20260825-S080000-E082959.0480.V07C.30min.tif
2026-08-25,08:00:00,08:29:59,2026-08-25T08:29:59+00:00,Singtam,27.234,88.501,0.0,3B-HHR-E.MS.MRG.3IMERG.20260825-S080000-E082959.0480.V07C.30min.tif
2026-08-25,08:30:00,08:59:59,2026-08-25T08:59:59+00:00,Rangpo,27.177,88.533,0.0,3B-HHR-E.MS.MRG.3IMERG.20260825-S083000-E085959.0510.V07C.30min.tif
2026-08-25,08:30:00,08:59:59,2026-08-25T08:59:59+00:00,Singtam,27.234,88.501,0.0,3B-HHR-E.MS.MRG.3IMERG.20260825-S083000-E085959.0510.V07C.30min.tif
2026-08-25,09:00:00,09:29:59,2026-08-25T09:29:59+00:00,Rangpo,27.177,88.533,0.0,3B-HHR-E.MS.MRG.3IMERG.20260825-S090000-E092959.0540.V07C.30min.tif
2026-08-25,09:00:00,09:29:59,2026-08-25T09:29:59+00:00,Singtam,27.234,88.501,0.0,3B-HHR-E.MS.MRG.3IMERG.20260825-S090000-E092959.0540.V07C.30min.tif
2026-08-25,09:30:00,09:59:59,2026-08-25T09:59:59+00:00,Rangpo,27.177,88.533,0.0,3B-HHR-E.MS.MRG.3IMERG.20260825-S093000-E095959.0570.V07C.30min.tif
2026-08-25,09:30:00,09:59:59,2026-08-25T09:59:59+00:00,Singtam,27.234,88.501,0.0,3B-HHR-E.MS.MRG.3IMERG.20260825-S093000-E095959.0570.V07C.30min.tif
2026-08-25,10:00:00,10:29:59,2026-08-25T10:29:59+00:00,Rangpo,27.177,88.533,0.0,3B-HHR-E.MS.MRG.3IMERG.20260825-S100000-E102959.0600.V07C.30min.tif
2026-08-25,10:00:00,10:29:59,2026-08-25T10:29:59+00:00,Singtam,27.234,88.501,0.0,3B-HHR-E.MS.MRG.3IMERG.20260825-S100000-E102959.0600.V07C.30min.tif
2026-08-25,10:30:00,10:59:59,2026-08-25T10:59:59+00:00,Rangpo,27.177,88.533,0.1,3B-HHR-E.MS.MRG.3IMERG.20260825-S103000-E105959.0630.V07C.30min.tif
2026-08-25,10:30:00,10:59:59,2026-08-25T10:59:59+00:00,Singtam,27.234,88.501,0.1,3B-HHR-E.MS.MRG.3IMERG.20260825-S103000-E105959.0630.V07C.30min.tif
2026-08-25,11:00:00,11:29:59,2026-08-25T11:29:59+00:00,Rangpo,27.177,88.533,0.1,3B-HHR-E.MS.MRG.3IMERG.20260825-S110000-E112959.0660.V07C.30min.tif
2026-08-25,11:00:00,11:29:59,2026-08-25T11:29:59+00:00,Singtam,27.234,88.501,0.1,3B-HHR-E.MS.MRG.3IMERG.20260825-S110000-E112959.0660.V07C.30min.tif
2026-08-25,11:30:00,11:59:59,2026-08-25T11:59:59+00:00,Rangpo,27.177,88.533,0.0,3B-HHR-E.MS.MRG.3IMERG.20260825-S113000-E115959.0690.V07C.30min.tif
2026-08-25,11:30:00,11:59:59,2026-08-25T11:59:59+00:00,Singtam,27.234,88.501,0.0,3B-HHR-E.MS.MRG.3IMERG.20260825-S113000-E115959.0690.V07C.30min.tif
2026-08-25,12:00:00,12:29:59,2026-08-25T12:29:59+00:00,Rangpo,27.177,88.533,0.1,3B-HHR-E.MS.MRG.3IMERG.20260825-S120000-E122959.0720.V07C.30min.tif
2026-08-25,12:00:00,12:29:59,2026-08-25T12:29:59+00:00,Singtam,27.234,88.501,0.0,3B-HHR-E.MS.MRG.3IMERG.20260825-S120000-E122959.0720.V07C.30min.tif
2026-08-25,12:30:00,12:59:59,2026-08-25T12:59:59+00:00,Rangpo,27.177,88.533,0.2,3B-HHR-E.MS.MRG.3IMERG.20260825-S123000-E125959.0750.V07C.30min.tif
2026-08-25,12:30:00,12:59:59,2026-08-25T12:59:59+00:00,Singtam,27.234,88.501,0.0,3B-HHR-E.MS.MRG.3IMERG.20260825-S123000-E125959.0750.V07C.30min.tif
2026-08-25,13:00:00,13:29:59,2026-08-25T13:29:59+00:00,Rangpo,27.177,88.533,0.0,3B-HHR-E.MS.MRG.3IMERG.20260825-S130000-E132959.0780.V07C.30min.tif
2026-08-25,13:00:00,13:29:59,2026-08-25T13:29:59+00:00,Singtam,27.234,88.501,0.0,3B-HHR-E.MS.MRG.3IMERG.20260825-S130000-E132959.0780.V07C.30min.tif
2026-08-25,13:30:00,13:59:59,2026-08-25T13:59:59+00:00,Rangpo,27.177,88.533,0.0,3B-HHR-E.MS.MRG.3IMERG.20260825-S133000-E135959.0810.V07C.30min.tif
2026-08-25,13:30:00,13:59:59,2026-08-25T13:59:59+00:00,Singtam,27.234,88.501,0.0,3B-HHR-E.MS.MRG.3IMERG.20260825-S133000-E135959.0810.V07C.30min.tif
2026-08-25,14:00:00,14:29:59,2026-08-25T14:29:59+00:00,Rangpo,27.177,88.533,0.1,3B-HHR-E.MS.MRG.3IMERG.20260825-S140000-E142959.0840.V07C.30min.tif
2026-08-25,14:00:00,14:29:59,2026-08-25T14:29:59+00:00,Singtam,27.234,88.501,0.5,3B-HHR-E.MS.MRG.3IMERG.20260825-S140000-E142959.0840.V07C.30min.tif
2026-08-25,14:30:00,14:59:59,2026-08-25T14:59:59+00:00,Rangpo,27.177,88.533,0.2,3B-HHR-E.MS.MRG.3IMERG.20260825-S143000-E145959.0870.V07C.30min.tif
2026-08-25,14:30:00,14:59:59,2026-08-25T14:59:59+00:00,Singtam,27.234,88.501,0.5,3B-HHR-E.MS.MRG.3IMERG.20260825-S143000-E145959.0870.V07C.30min.tif
2026-08-25,15:00:00,15:29:59,2026-08-25T15:29:59+00:00,Rangpo,27.177,88.533,0.3,3B-HHR-E.MS.MRG.3IMERG.20260825-S150000-E152959.0900.V07C.30min.tif
2026-08-25,15:00:00,15:29:59,2026-08-25T15:29:59+00:00,Singtam,27.234,88.501,0.1,3B-HHR-E.MS.MRG.3IMERG.20260825-S150000-E152959.0900.V07C.30min.tif
2026-08-25,15:30:00,15:59:59,2026-08-25T15:59:59+00:00,Rangpo,27.177,88.533,0.1,3B-HHR-E.MS.MRG.3IMERG.20260825-S153000-E155959.0930.V07C.30min.tif
2026-08-25,15:30:00,15:59:59,2026-08-25T15:59:59+00:00,Singtam,27.234,88.501,0.0,3B-HHR-E.MS.MRG.3IMERG.20260825-S153000-E155959.0930.V07C.30min.tif
2026-08-25,16:00:00,16:29:59,2026-08-25T16:29:59+00:00,Rangpo,27.177,88.533,0.0,3B-HHR-E.MS.MRG.3IMERG.20260825-S160000-E162959.0960.V07C.30min.tif
2026-08-25,16:00:00,16:29:59,2026-08-25T16:29:59+00:00,Singtam,27.234,88.501,0.0,3B-HHR-E.MS.MRG.3IMERG.20260825-S160000-E162959.0960.V07C.30min.tif
2026-08-25,16:30:00,16:59:59,2026-08-25T16:59:59+00:00,Rangpo,27.177,88.533,0.0,3B-HHR-E.MS.MRG.3IMERG.20260825-S163000-E165959.0990.V07C.30min.tif
2026-08-25,16:30:00,16:59:59,2026-08-25T16:59:59+00:00,Singtam,27.234,88.501,0.0,3B-HHR-E.MS.MRG.3IMERG.20260825-S163000-E165959.0990.V07C.30min.tif
2026-08-25,17:00:00,17:29:59,2026-08-25T17:29:59+00:00,Rangpo,27.177,88.533,0.7,3B-HHR-E.MS.MRG.3IMERG.20260825-S170000-E172959.1020.V07C.30min.tif
2026-08-25,17:00:00,17:29:59,2026-08-25T17:29:59+00:00,Singtam,27.234,88.501,0.8,3B-HHR-E.MS.MRG.3IMERG.20260825-S170000-E172959.1020.V07C.30min.tif
2026-08-25,17:30:00,17:59:59,2026-08-25T17:59:59+00:00,Rangpo,27.177,88.533,0.7,3B-HHR-E.MS.MRG.3IMERG.20260825-S173000-E175959.1050.V07C.30min.tif
2026-08-25,17:30:00,17:59:59,2026-08-25T17:59:59+00:00,Singtam,27.234,88.501,0.8,3B-HHR-E.MS.MRG.3IMERG.20260825-S173000-E175959.1050.V07C.30min.tif
2026-08-25,18:00:00,18:29:59,2026-08-25T18:29:59+00:00,Rangpo,27.177,88.533,0.1,3B-HHR-E.MS.MRG.3IMERG.20260825-S180000-E182959.1080.V07C.30min.tif
2026-08-25,18:00:00,18:29:59,2026-08-25T18:29:59+00:00,Singtam,27.234,88.501,0.5,3B-HHR-E.MS.MRG.3IMERG.20260825-S180000-E182959.1080.V07C.30min.tif
2026-08-25,18:30:00,18:59:59,2026-08-25T18:59:59+00:00,Rangpo,27.177,88.533,0.1,3B-HHR-E.MS.MRG.3IMERG.20260825-S183000-E185959.1110.V07C.30min.tif
2026-08-25,18:30:00,18:59:59,2026-08-25T18:59:59+00:00,Singtam,27.234,88.501,0.5,3B-HHR-E.MS.MRG.3IMERG.20260825-S183000-E185959.1110.V07C.30min.tif
2026-08-25,19:00:00,19:29:59,2026-08-25T19:29:59+00:00,Rangpo,27.177,88.533,0.7,3B-HHR-E.MS.MRG.3IMERG.20260825-S190000-E192959.1140.V07C.30min.tif
2026-08-25,19:00:00,19:29:59,2026-08-25T19:29:59+00:00,Singtam,27.234,88.501,0.9,3B-HHR-E.MS.MRG.3IMERG.20260825-S190000-E192959.1140.V07C.30min.tif
2026-08-25,19:30:00,19:59:59,2026-08-25T19:59:59+00:00,Rangpo,27.177,88.533,0.2,3B-HHR-E.MS.MRG.3IMERG.20260825-S193000-E195959.1170.V07C.30min.tif
2026-08-25,19:30:00,19:59:59,2026-08-25T19:59:59+00:00,Singtam,27.234,88.501,0.1,3B-HHR-E.MS.MRG.3IMERG.20260825-S193000-E195959.1170.V07C.30min.tif
2026-08-25,20:00:00,20:29:59,2026-08-25T20:29:59+00:00,Rangpo,27.177,88.533,0.1,3B-HHR-E.MS.MRG.3IMERG.20260825-S200000-E202959.1200.V07C.30min.tif
2026-08-25,20:00:00,20:29:59,2026-08-25T20:29:59+00:00,Singtam,27.234,88.501,0.1,3B-HHR-E.MS.MRG.3IMERG.20260825-S200000-E202959.1200.V07C.30min.tif
2026-08-25,20:30:00,20:59:59,2026-08-25T20:59:59+00:00,Rangpo,27.177,88.533,0.1,3B-HHR-E.MS.MRG.3IMERG.20260825-S203000-E205959.1230.V07C.30min.tif
2026-08-25,20:30:00,20:59:59,2026-08-25T20:59:59+00:00,Singtam,27.234,88.501,0.2,3B-HHR-E.MS.MRG.3IMERG.20260825-S203000-E205959.1230.V07C.30min.tif
2026-08-25,21:00:00,21:29:59,2026-08-25T21:29:59+00:00,Rangpo,27.177,88.533,0.2,3B-HHR-E.MS.MRG.3IMERG.20260825-S210000-E212959.1260.V07C.30min.tif
2026-08-25,21:00:00,21:29:59,2026-08-25T21:29:59+00:00,Singtam,27.234,88.501,0.3,3B-HHR-E.MS.MRG.3IMERG.20260825-S210000-E212959.1260.V07C.30min.tif
2026-08-25,21:30:00,21:59:59,2026-08-25T21:59:59+00:00,Rangpo,27.177,88.533,0.3,3B-HHR-E.MS.MRG.3IMERG.20260825-S213000-E215959.1290.V07C.30min.tif
2026-08-25,21:30:00,21:59:59,2026-08-25T21:59:59+00:00,Singtam,27.234,88.501,0.4,3B-HHR-E.MS.MRG.3IMERG.20260825-S213000-E215959.1290.V07C.30min.tif
2026-08-25,22:00:00,22:29:59,2026-08-25T22:29:59+00:00,Rangpo,27.177,88.533,0.5,3B-HHR-E.MS.MRG.3IMERG.20260825-S220000-E222959.1320.V07C.30min.tif
2026-08-25,22:00:00,22:29:59,2026-08-25T22:29:59+00:00,Singtam,27.234,88.501,1.2,3B-HHR-E.MS.MRG.3IMERG.20260825-S220000-E222959.1320.V07C.30min.tif
2026-08-25,22:30:00,22:59:59,2026-08-25T22:59:59+00:00,Rangpo,27.177,88.533,0.5,3B-HHR-E.MS.MRG.3IMERG.20260825-S223000-E225959.1350.V07C.30min.tif
2026-08-25,22:30:00,22:59:59,2026-08-25T22:59:59+00:00,Singtam,27.234,88.501,1.2,3B-HHR-E.MS.MRG.3IMERG.20260825-S223000-E225959.1350.V07C.30min.tif
2026-08-25,23:00:00,23:29:59,2026-08-25T23:29:59+00:00,Rangpo,27.177,88.533,0.9,3B-HHR-E.MS.MRG.3IMERG.20260825-S230000-E232959.1380.V07C.30min.tif
2026-08-25,23:00:00,23:29:59,2026-08-25T23:29:59+00:00,Singtam,27.234,88.501,0.9,3B-HHR-E.MS.MRG.3IMERG.20260825-S230000-E232959.1380.V07C.30min.tif
2026-08-25,23:30:00,23:59:59,2026-08-25T23:59:59+00:00,Rangpo,27.177,88.533,1.8,3B-HHR-E.MS.MRG.3IMERG.20260825-S233000-E235959.1410.V07C.30min.tif
2026-08-25,23:30:00,23:59:59,2026-08-25T23:59:59+00:00,Singtam,27.234,88.501,2.0,3B-HHR-E.MS.MRG.3IMERG.20260825-S233000-E235959.1410.V07C.30min.tif
2026-08-26,00:00:00,00:29:59,2026-08-26T00:29:59+00:00,Rangpo,27.177,88.533,1.8,3B-HHR-E.MS.MRG.3IMERG.20260826-S000000-E002959.0000.V07C.30min.tif
2026-08-26,00:00:00,00:29:59,2026-08-26T00:29:59+00:00,Singtam,27.234,88.501,1.9,3B-HHR-E.MS.MRG.3IMERG.20260826-S000000-E002959.0000.V07C.30min.tif
2026-08-26,00:30:00,00:59:59,2026-08-26T00:59:59+00:00,Rangpo,27.177,88.533,1.5,3B-HHR-E.MS.MRG.3IMERG.20260826-S003000-E005959.0030.V07C.30min.tif
2026-08-26,00:30:00,00:59:59,2026-08-26T00:59:59+00:00,Singtam,27.234,88.501,1.8,3B-HHR-E.MS.MRG.3IMERG.20260826-S003000-E005959.0030.V07C.30min.tif
2026-08-26,01:00:00,01:29:59,2026-08-26T01:29:59+00:00,Rangpo,27.177,88.533,1.5,3B-HHR-E.MS.MRG.3IMERG.20260826-S010000-E012959.0060.V07C.30min.tif
2026-08-26,01:00:00,01:29:59,2026-08-26T01:29:59+00:00,Singtam,27.234,88.501,1.5,3B-HHR-E.MS.MRG.3IMERG.20260826-S010000-E012959.0060.V07C.30min.tif
2026-08-26,01:30:00,01:59:59,2026-08-26T01:59:59+00:00,Rangpo,27.177,88.533,1.0,3B-HHR-E.MS.MRG.3IMERG.20260826-S013000-E015959.0090.V07C.30min.tif
2026-08-26,01:30:00,01:59:59,2026-08-26T01:59:59+00:00,Singtam,27.234,88.501,1.1,3B-HHR-E.MS.MRG.3IMERG.20260826-S013000-E015959.0090.V07C.30min.tif
2026-08-26,02:00:00,02:29:59,2026-08-26T02:29:59+00:00,Rangpo,27.177,88.533,0.6,3B-HHR-E.MS.MRG.3IMERG.20260826-S020000-E022959.0120.V07C.30min.tif
2026-08-26,02:00:00,02:29:59,2026-08-26T02:29:59+00:00,Singtam,27.234,88.501,0.7,3B-HHR-E.MS.MRG.3IMERG.20260826-S020000-E022959.0120.V07C.30min.tif
2026-08-26,02:30:00,02:59:59,2026-08-26T02:59:59+00:00,Rangpo,27.177,88.533,1.4,3B-HHR-E.MS.MRG.3IMERG.20260826-S023000-E025959.0150.V07C.30min.tif
2026-08-26,02:30:00,02:59:59,2026-08-26T02:59:59+00:00,Singtam,27.234,88.501,1.7,3B-HHR-E.MS.MRG.3IMERG.20260826-S023000-E025959.0150.V07C.30min.tif
2026-08-26,03:00:00,03:29:59,2026-08-26T03:29:59+00:00,Rangpo,27.177,88.533,1.6,3B-HHR-E.MS.MRG.3IMERG.20260826-S030000-E032959.0180.V07C.30min.tif
2026-08-26,03:00:00,03:29:59,2026-08-26T03:29:59+00:00,Singtam,27.234,88.501,2.0,3B-HHR-E.MS.MRG.3IMERG.20260826-S030000-E032959.0180.V07C.30min.tif
2026-08-26,03:30:00,03:59:59,2026-08-26T03:59:59+00:00,Rangpo,27.177,88.533,1.5,3B-HHR-E.MS.MRG.3IMERG.20260826-S033000-E035959.0210.V07C.30min.tif
2026-08-26,03:30:00,03:59:59,2026-08-26T03:59:59+00:00,Singtam,27.234,88.501,1.9,3B-HHR-E.MS.MRG.3IMERG.20260826-S033000-E035959.0210.V07C.30min.tif
2026-08-26,04:00:00,04:29:59,2026-08-26T04:29:59+00:00,Rangpo,27.177,88.533,0.9,3B-HHR-E.MS.MRG.3IMERG.20260826-S040000-E042959.0240.V07C.30min.tif
2026-08-26,04:00:00,04:29:59,2026-08-26T04:29:59+00:00,Singtam,27.234,88.501,1.0,3B-HHR-E.MS.MRG.3IMERG.20260826-S040000-E042959.0240.V07C.30min.tif
2026-08-26,04:30:00,04:59:59,2026-08-26T04:59:59+00:00,Rangpo,27.177,88.533,0.7,3B-HHR-E.MS.MRG.3IMERG.20260826-S043000-E045959.0270.V07C.30min.tif
2026-08-26,04:30:00,04:59:59,2026-08-26T04:59:59+00:00,Singtam,27.234,88.501,0.5,3B-HHR-E.MS.MRG.3IMERG.20260826-S043000-E045959.0270.V07C.30min.tif
2026-08-26,05:00:00,05:29:59,2026-08-26T05:29:59+00:00,Rangpo,27.177,88.533,3.2,3B-HHR-E.MS.MRG.3IMERG.20260826-S050000-E052959.0300.V07C.30min.tif
2026-08-26,05:00:00,05:29:59,2026-08-26T05:29:59+00:00,Singtam,27.234,88.501,3.8,3B-HHR-E.MS.MRG.3IMERG.20260826-S050000-E052959.0300.V07C.30min.tif
2026-08-26,05:30:00,05:59:59,2026-08-26T05:59:59+00:00,Rangpo,27.177,88.533,3.2,3B-HHR-E.MS.MRG.3IMERG.20260826-S053000-E055959.0330.V07C.30min.tif
2026-08-26,05:30:00,05:59:59,2026-08-26T05:59:59+00:00,Singtam,27.234,88.501,3.5,3B-HHR-E.MS.MRG.3IMERG.20260826-S053000-E055959.0330.V07C.30min.tif
2026-08-26,06:00:00,06:29:59,2026-08-26T06:29:59+00:00,Rangpo,27.177,88.533,0.1,3B-HHR-E.MS.MRG.3IMERG.20260826-S060000-E062959.0360.V07C.30min.tif
2026-08-26,06:00:00,06:29:59,2026-08-26T06:29:59+00:00,Singtam,27.234,88.501,0.1,3B-HHR-E.MS.MRG.3IMERG.20260826-S060000-E062959.0360.V07C.30min.tif
2026-08-26,06:30:00,06:59:59,2026-08-26T06:59:59+00:00,Rangpo,27.177,88.533,0.2,3B-HHR-E.MS.MRG.3IMERG.20260826-S063000-E065959.0390.V07C.30min.tif
2026-08-26,06:30:00,06:59:59,2026-08-26T06:59:59+00:00,Singtam,27.234,88.501,0.2,3B-HHR-E.MS.MRG.3IMERG.20260826-S063000-E065959.0390.V07C.30min.tif
2026-08-26,07:00:00,07:29:59,2026-08-26T07:29:59+00:00,Rangpo,27.177,88.533,0.4,3B-HHR-E.MS.MRG.3IMERG.20260826-S070000-E072959.0420.V07C.30min.tif
2026-08-26,07:00:00,07:29:59,2026-08-26T07:29:59+00:00,Singtam,27.234,88.501,0.5,3B-HHR-E.MS.MRG.3IMERG.20260826-S070000-E072959.0420.V07C.30min.tif
2026-08-26,07:30:00,07:59:59,2026-08-26T07:59:59+00:00,Rangpo,27.177,88.533,0.1,3B-HHR-E.MS.MRG.3IMERG.20260826-S073000-E075959.0450.V07C.30min.tif
2026-08-26,07:30:00,07:59:59,2026-08-26T07:59:59+00:00,Singtam,27.234,88.501,0.2,3B-HHR-E.MS.MRG.3IMERG.20260826-S073000-E075959.0450.V07C.30min.tif
2026-08-26,08:00:00,08:29:59,2026-08-26T08:29:59+00:00,Rangpo,27.177,88.533,0.1,3B-HHR-E.MS.MRG.3IMERG.20260826-S080000-E082959.0480.V07C.30min.tif
2026-08-26,08:00:00,08:29:59,2026-08-26T08:29:59+00:00,Singtam,27.234,88.501,0.1,3B-HHR-E.MS.MRG.3IMERG.20260826-S080000-E082959.0480.V07C.30min.tif
2026-08-26,08:30:00,08:59:59,2026-08-26T08:59:59+00:00,Rangpo,27.177,88.533,0.0,3B-HHR-E.MS.MRG.3IMERG.20260826-S083000-E085959.0510.V07C.30min.tif
2026-08-26,08:30:00,08:59:59,2026-08-26T08:59:59+00:00,Singtam,27.234,88.501,0.0,3B-HHR-E.MS.MRG.3IMERG.20260826-S083000-E085959.0510.V07C.30min.tif
2026-08-26,09:00:00,09:29:59,2026-08-26T09:29:59+00:00,Rangpo,27.177,88.533,0.0,3B-HHR-E.MS.MRG.3IMERG.20260826-S090000-E092959.0540.V07C.30min.tif
2026-08-26,09:00:00,09:29:59,2026-08-26T09:29:59+00:00,Singtam,27.234,88.501,0.0,3B-HHR-E.MS.MRG.3IMERG.20260826-S090000-E092959.0540.V07C.30min.tif
2026-08-26,09:30:00,09:59:59,2026-08-26T09:59:59+00:00,Rangpo,27.177,88.533,0.0,3B-HHR-E.MS.MRG.3IMERG.20260826-S093000-E095959.0570.V07C.30min.tif
2026-08-26,09:30:00,09:59:59,2026-08-26T09:59:59+00:00,Singtam,27.234,88.501,0.0,3B-HHR-E.MS.MRG.3IMERG.20260826-S093000-E095959.0570.V07C.30min.tif
2026-08-26,10:00:00,10:29:59,2026-08-26T10:29:59+00:00,Rangpo,27.177,88.533,0.0,3B-HHR-E.MS.MRG.3IMERG.20260826-S100000-E102959.0600.V07C.30min.tif
2026-08-26,10:00:00,10:29:59,2026-08-26T10:29:59+00:00,Singtam,27.234,88.501,0.0,3B-HHR-E.MS.MRG.3IMERG.20260826-S100000-E102959.0600.V07C.30min.tif
2026-08-26,10:30:00,10:59:59,2026-08-26T10:59:59+00:00,Rangpo,27.177,88.533,0.0,3B-HHR-E.MS.MRG.3IMERG.20260826-S103000-E105959.0630.V07C.30min.tif
2026-08-26,10:30:00,10:59:59,2026-08-26T10:59:59+00:00,Singtam,27.234,88.501,0.0,3B-HHR-E.MS.MRG.3IMERG.20260826-S103000-E105959.0630.V07C.30min.tif
2026-08-26,11:00:00,11:29:59,2026-08-26T11:29:59+00:00,Rangpo,27.177,88.533,0.0,3B-HHR-E.MS.MRG.3IMERG.20260826-S110000-E112959.0660.V07C.30min.tif
2026-08-26,11:00:00,11:29:59,2026-08-26T11:29:59+00:00,Singtam,27.234,88.501,0.0,3B-HHR-E.MS.MRG.3IMERG.20260826-S110000-E112959.0660.V07C.30min.tif
2026-08-26,11:30:00,11:59:59,2026-08-26T11:59:59+00:00,Rangpo,27.177,88.533,0.0,3B-HHR-E.MS.MRG.3IMERG.20260826-S113000-E115959.0690.V07C.30min.tif
2026-08-26,11:30:00,11:59:59,2026-08-26T11:59:59+00:00,Singtam,27.234,88.501,0.0,3B-HHR-E.MS.MRG.3IMERG.20260826-S113000-E115959.0690.V07C.30min.tif
2026-08-26,12:00:00,12:29:59,2026-08-26T12:29:59+00:00,Rangpo,27.177,88.533,0.0,3B-HHR-E.MS.MRG.3IMERG.20260826-S120000-E122959.0720.V07C.30min.tif
2026-08-26,12:00:00,12:29:59,2026-08-26T12:29:59+00:00,Singtam,27.234,88.501,0.0,3B-HHR-E.MS.MRG.3IMERG.20260826-S120000-E122959.0720.V07C.30min.tif
2026-08-26,12:30:00,12:59:59,2026-08-26T12:59:59+00:00,Rangpo,27.177,88.533,0.0,3B-HHR-E.MS.MRG.3IMERG.20260826-S123000-E125959.0750.V07C.30min.tif
2026-08-26,12:30:00,12:59:59,2026-08-26T12:59:59+00:00,Singtam,27.234,88.501,0.0,3B-HHR-E.MS.MRG.3IMERG.20260826-S123000-E125959.0750.V07C.30min.tif
2026-08-26,13:00:00,13:29:59,2026-08-26T13:29:59+00:00,Rangpo,27.177,88.533,0.0,3B-HHR-E.MS.MRG.3IMERG.20260826-S130000-E132959.0780.V07C.30min.tif
2026-08-26,13:00:00,13:29:59,2026-08-26T13:29:59+00:00,Singtam,27.234,88.501,0.0,3B-HHR-E.MS.MRG.3IMERG.20260826-S130000-E132959.0780.V07C.30min.tif
2026-08-26,13:30:00,13:59:59,2026-08-26T13:59:59+00:00,Rangpo,27.177,88.533,0.0,3B-HHR-E.MS.MRG.3IMERG.20260826-S133000-E135959.0810.V07C.30min.tif
2026-08-26,13:30:00,13:59:59,2026-08-26T13:59:59+00:00,Singtam,27.234,88.501,0.0,3B-HHR-E.MS.MRG.3IMERG.20260826-S133000-E135959.0810.V07C.30min.tif
2026-08-26,14:00:00,14:29:59,2026-08-26T14:29:59+00:00,Rangpo,27.177,88.533,0.0,3B-HHR-E.MS.MRG.3IMERG.20260826-S140000-E142959.0840.V07C.30min.tif
2026-08-26,14:00:00,14:29:59,2026-08-26T14:29:59+00:00,Singtam,27.234,88.501,0.0,3B-HHR-E.MS.MRG.3IMERG.20260826-S140000-E142959.0840.V07C.30min.tif
2026-08-26,14:30:00,14:59:59,2026-08-26T14:59:59+00:00,Rangpo,27.177,88.533,0.0,3B-HHR-E.MS.MRG.3IMERG.20260826-S143000-E145959.0870.V07C.30min.tif
2026-08-26,14:30:00,14:59:59,2026-08-26T14:59:59+00:00,Singtam,27.234,88.501,0.0,3B-HHR-E.MS.MRG.3IMERG.20260826-S143000-E145959.0870.V07C.30min.tif
2026-08-26,15:00:00,15:29:59,2026-08-26T15:29:59+00:00,Rangpo,27.177,88.533,0.0,3B-HHR-E.MS.MRG.3IMERG.20260826-S150000-E152959.0900.V07C.30min.tif
2026-08-26,15:00:00,15:29:59,2026-08-26T15:29:59+00:00,Singtam,27.234,88.501,0.0,3B-HHR-E.MS.MRG.3IMERG.20260826-S150000-E152959.0900.V07C.30min.tif
2026-08-26,15:30:00,15:59:59,2026-08-26T15:59:59+00:00,Rangpo,27.177,88.533,0.0,3B-HHR-E.MS.MRG.3IMERG.20260826-S153000-E155959.0930.V07C.30min.tif
2026-08-26,15:30:00,15:59:59,2026-08-26T15:59:59+00:00,Singtam,27.234,88.501,0.0,3B-HHR-E.MS.MRG.3IMERG.20260826-S153000-E155959.0930.V07C.30min.tif
2026-08-26,16:00:00,16:29:59,2026-08-26T16:29:59+00:00,Rangpo,27.177,88.533,0.0,3B-HHR-E.MS.MRG.3IMERG.20260826-S160000-E162959.0960.V07C.30min.tif
2026-08-26,16:00:00,16:29:59,2026-08-26T16:29:59+00:00,Singtam,27.234,88.501,0.0,3B-HHR-E.MS.MRG.3IMERG.20260826-S160000-E162959.0960.V07C.30min.tif
2026-08-26,16:30:00,16:59:59,2026-08-26T16:59:59+00:00,Rangpo,27.177,88.533,0.0,3B-HHR-E.MS.MRG.3IMERG.20260826-S163000-E165959.0990.V07C.30min.tif
2026-08-26,16:30:00,16:59:59,2026-08-26T16:59:59+00:00,Singtam,27.234,88.501,0.0,3B-HHR-E.MS.MRG.3IMERG.20260826-S163000-E165959.0990.V07C.30min.tif
2026-08-26,17:00:00,17:29:59,2026-08-26T17:29:59+00:00,Rangpo,27.177,88.533,0.0,3B-HHR-E.MS.MRG.3IMERG.20260826-S170000-E172959.1020.V07C.30min.tif
2026-08-26,17:00:00,17:29:59,2026-08-26T17:29:59+00:00,Singtam,27.234,88.501,0.0,3B-HHR-E.MS.MRG.3IMERG.20260826-S170000-E172959.1020.V07C.30min.tif
2026-08-26,17:30:00,17:59:59,2026-08-26T17:59:59+00:00,Rangpo,27.177,88.533,0.0,3B-HHR-E.MS.MRG.3IMERG.20260826-S173000-E175959.1050.V07C.30min.tif
2026-08-26,17:30:00,17:59:59,2026-08-26T17:59:59+00:00,Singtam,27.234,88.501,0.0,3B-HHR-E.MS.MRG.3IMERG.20260826-S173000-E175959.1050.V07C.30min.tif
2026-08-26,18:00:00,18:29:59,2026-08-26T18:29:59+00:00,Rangpo,27.177,88.533,0.0,3B-HHR-E.MS.MRG.3IMERG.20260826-S180000-E182959.1080.V07C.30min.tif
2026-08-26,18:00:00,18:29:59,2026-08-26T18:29:59+00:00,Singtam,27.234,88.501,0.0,3B-HHR-E.MS.MRG.3IMERG.20260826-S180000-E182959.1080.V07C.30min.tif
2026-08-26,18:30:00,18:59:59,2026-08-26T18:59:59+00:00,Rangpo,27.177,88.533,0.0,3B-HHR-E.MS.MRG.3IMERG.20260826-S183000-E185959.1110.V07C.30min.tif
2026-08-26,18:30:00,18:59:59,2026-08-26T18:59:59+00:00,Singtam,27.234,88.501,0.0,3B-HHR-E.MS.MRG.3IMERG.20260826-S183000-E185959.1110.V07C.30min.tif
2026-08-26,19:00:00,19:29:59,2026-08-26T19:29:59+00:00,Rangpo,27.177,88.533,0.0,3B-HHR-E.MS.MRG.3IMERG.20260826-S190000-E192959.1140.V07C.30min.tif
2026-08-26,19:00:00,19:29:59,2026-08-26T19:29:59+00:00,Singtam,27.234,88.501,0.0,3B-HHR-E.MS.MRG.3IMERG.20260826-S190000-E192959.1140.V07C.30min.tif
2026-08-26,19:30:00,19:59:59,2026-08-26T19:59:59+00:00,Rangpo,27.177,88.533,0.0,3B-HHR-E.MS.MRG.3IMERG.20260826-S193000-E195959.1170.V07C.30min.tif
2026-08-26,19:30:00,19:59:59,2026-08-26T19:59:59+00:00,Singtam,27.234,88.501,0.0,3B-HHR-E.MS.MRG.3IMERG.20260826-S193000-E195959.1170.V07C.30min.tif
2026-08-26,20:00:00,20:29:59,2026-08-26T20:29:59+00:00,Rangpo,27.177,88.533,0.0,3B-HHR-E.MS.MRG.3IMERG.20260826-S200000-E202959.1200.V07C.30min.tif
2026-08-26,20:00:00,20:29:59,2026-08-26T20:29:59+00:00,Singtam,27.234,88.501,0.0,3B-HHR-E.MS.MRG.3IMERG.20260826-S200000-E202959.1200.V07C.30min.tif
2026-08-26,20:30:00,20:59:59,2026-08-26T20:59:59+00:00,Rangpo,27.177,88.533,0.0,3B-HHR-E.MS.MRG.3IMERG.20260826-S203000-E205959.1230.V07C.30min.tif
2026-08-26,20:30:00,20:59:59,2026-08-26T20:59:59+00:00,Singtam,27.234,88.501,0.0,3B-HHR-E.MS.MRG.3IMERG.20260826-S203000-E205959.1230.V07C.30min.tif
2026-08-26,21:00:00,21:29:59,2026-08-26T21:29:59+00:00,Rangpo,27.177,88.533,0.0,3B-HHR-E.MS.MRG.3IMERG.20260826-S210000-E212959.1260.V07C.30min.tif
2026-08-26,21:00:00,21:29:59,2026-08-26T21:29:59+00:00,Singtam,27.234,88.501,0.0,3B-HHR-E.MS.MRG.3IMERG.20260826-S210000-E212959.1260.V07C.30min.tif
2026-08-26,21:30:00,21:59:59,2026-08-26T21:59:59+00:00,Rangpo,27.177,88.533,0.0,3B-HHR-E.MS.MRG.3IMERG.20260826-S213000-E215959.1290.V07C.30min.tif
2026-08-26,21:30:00,21:59:59,2026-08-26T21:59:59+00:00,Singtam,27.234,88.501,0.0,3B-HHR-E.MS.MRG.3IMERG.20260826-S213000-E215959.1290.V07C.30min.tif
2026-08-26,22:00:00,22:29:59,2026-08-26T22:29:59+00:00,Rangpo,27.177,88.533,0.0,3B-HHR-E.MS.MRG.3IMERG.20260826-S220000-E222959.1320.V07C.30min.tif
2026-08-26,22:00:00,22:29:59,2026-08-26T22:29:59+00:00,Singtam,27.234,88.501,0.0,3B-HHR-E.MS.MRG.3IMERG.20260826-S220000-E222959.1320.V07C.30min.tif
2026-08-26,22:30:00,22:59:59,2026-08-26T22:59:59+00:00,Rangpo,27.177,88.533,0.0,3B-HHR-E.MS.MRG.3IMERG.20260826-S223000-E225959.1350.V07C.30min.tif
2026-08-26,22:30:00,22:59:59,2026-08-26T22:59:59+00:00,Singtam,27.234,88.501,0.0,3B-HHR-E.MS.MRG.3IMERG.20260826-S223000-E225959.1350.V07C.30min.tif
2026-08-26,23:00:00,23:29:59,2026-08-26T23:29:59+00:00,Rangpo,27.177,88.533,0.0,3B-HHR-E.MS.MRG.3IMERG.20260826-S230000-E232959.1380.V07C.30min.tif
2026-08-26,23:00:00,23:29:59,2026-08-26T23:29:59+00:00,Singtam,27.234,88.501,0.0,3B-HHR-E.MS.MRG.3IMERG.20260826-S230000-E232959.1380.V07C.30min.tif
2026-08-26,23:30:00,23:59:59,2026-08-26T23:59:59+00:00,Rangpo,27.177,88.533,0.0,3B-HHR-E.MS.MRG.3IMERG.20260826-S233000-E235959.1410.V07C.30min.tif
2026-08-26,23:30:00,23:59:59,2026-08-26T23:59:59+00:00,Singtam,27.234,88.501,0.0,3B-HHR-E.MS.MRG.3IMERG.20260826-S233000-E235959.1410.V07C.30min.tif
2026-08-27,00:00:00,00:29:59,2026-08-27T00:29:59+00:00,Rangpo,27.177,88.533,0.0,3B-HHR-E.MS.MRG.3IMERG.20260827-S000000-E002959.0000.V07C.30min.tif
2026-08-27,00:00:00,00:29:59,2026-08-27T00:29:59+00:00,Singtam,27.234,88.501,0.0,3B-HHR-E.MS.MRG.3IMERG.20260827-S000000-E002959.0000.V07C.30min.tif
2026-08-27,00:30:00,00:59:59,2026-08-27T00:59:59+00:00,Rangpo,27.177,88.533,0.0,3B-HHR-E.MS.MRG.3IMERG.20260827-S003000-E005959.0030.V07C.30min.tif
2026-08-27,00:30:00,00:59:59,2026-08-27T00:59:59+00:00,Singtam,27.234,88.501,0.0,3B-HHR-E.MS.MRG.3IMERG.20260827-S003000-E005959.0030.V07C.30min.tif
2026-08-27,01:00:00,01:29:59,2026-08-27T01:29:59+00:00,Rangpo,27.177,88.533,0.0,3B-HHR-E.MS.MRG.3IMERG.20260827-S010000-E012959.0060.V07C.30min.tif
2026-08-27,01:00:00,01:29:59,2026-08-27T01:29:59+00:00,Singtam,27.234,88.501,0.0,3B-HHR-E.MS.MRG.3IMERG.20260827-S010000-E012959.0060.V07C.30min.tif
2026-08-27,01:30:00,01:59:59,2026-08-27T01:59:59+00:00,Rangpo,27.177,88.533,0.0,3B-HHR-E.MS.MRG.3IMERG.20260827-S013000-E015959.0090.V07C.30min.tif
2026-08-27,01:30:00,01:59:59,2026-08-27T01:59:59+00:00,Singtam,27.234,88.501,0.0,3B-HHR-E.MS.MRG.3IMERG.20260827-S013000-E015959.0090.V07C.30min.tif
2026-08-27,02:00:00,02:29:59,2026-08-27T02:29:59+00:00,Rangpo,27.177,88.533,0.0,3B-HHR-E.MS.MRG.3IMERG.20260827-S020000-E022959.0120.V07C.30min.tif
2026-08-27,02:00:00,02:29:59,2026-08-27T02:29:59+00:00,Singtam,27.234,88.501,0.0,3B-HHR-E.MS.MRG.3IMERG.20260827-S020000-E022959.0120.V07C.30min.tif
2026-08-27,02:30:00,02:59:59,2026-08-27T02:59:59+00:00,Rangpo,27.177,88.533,0.0,3B-HHR-E.MS.MRG.3IMERG.20260827-S023000-E025959.0150.V07C.30min.tif
2026-08-27,02:30:00,02:59:59,2026-08-27T02:59:59+00:00,Singtam,27.234,88.501,0.0,3B-HHR-E.MS.MRG.3IMERG.20260827-S023000-E025959.0150.V07C.30min.tif
2026-08-27,03:00:00,03:29:59,2026-08-27T03:29:59+00:00,Rangpo,27.177,88.533,0.0,3B-HHR-E.MS.MRG.3IMERG.20260827-S030000-E032959.0180.V07C.30min.tif
2026-08-27,03:00:00,03:29:59,2026-08-27T03:29:59+00:00,Singtam,27.234,88.501,0.0,3B-HHR-E.MS.MRG.3IMERG.20260827-S030000-E032959.0180.V07C.30min.tif
2026-08-27,03:30:00,03:59:59,2026-08-27T03:59:59+00:00,Rangpo,27.177,88.533,0.0,3B-HHR-E.MS.MRG.3IMERG.20260827-S033000-E035959.0210.V07C.30min.tif
2026-08-27,03:30:00,03:59:59,2026-08-27T03:59:59+00:00,Singtam,27.234,88.501,0.0,3B-HHR-E.MS.MRG.3IMERG.20260827-S033000-E035959.0210.V07C.30min.tif
2026-08-27,08:00:00,08:29:59,2026-08-27T08:29:59+00:00,Rangpo,27.177,88.533,0.0,3B-HHR-E.MS.MRG.3IMERG.20260827-S080000-E082959.0480.V07C.30min.tif
2026-08-27,08:00:00,08:29:59,2026-08-27T08:29:59+00:00,Singtam,27.234,88.501,0.0,3B-HHR-E.MS.MRG.3IMERG.20260827-S080000-E082959.0480.V07C.30min.tif
2026-08-27,08:30:00,08:59:59,2026-08-27T08:59:59+00:00,Rangpo,27.177,88.533,0.0,3B-HHR-E.MS.MRG.3IMERG.20260827-S083000-E085959.0510.V07C.30min.tif
2026-08-27,08:30:00,08:59:59,2026-08-27T08:59:59+00:00,Singtam,27.234,88.501,0.0,3B-HHR-E.MS.MRG.3IMERG.20260827-S083000-E085959.0510.V07C.30min.tif
2026-08-27,09:00:00,09:29:59,2026-08-27T09:29:59+00:00,Rangpo,27.177,88.533,0.9,3B-HHR-E.MS.MRG.3IMERG.20260827-S090000-E092959.0540.V07C.30min.tif
2026-08-27,09:00:00,09:29:59,2026-08-27T09:29:59+00:00,Singtam,27.234,88.501,0.1,3B-HHR-E.MS.MRG.3IMERG.20260827-S090000-E092959.0540.V07C.30min.tif
2026-08-27,09:30:00,09:59:59,2026-08-27T09:59:59+00:00,Rangpo,27.177,88.533,1.3,3B-HHR-E.MS.MRG.3IMERG.20260827-S093000-E095959.0570.V07C.30min.tif
2026-08-27,09:30:00,09:59:59,2026-08-27T09:59:59+00:00,Singtam,27.234,88.501,0.1,3B-HHR-E.MS.MRG.3IMERG.20260827-S093000-E095959.0570.V07C.30min.tif
2026-08-27,10:00:00,10:29:59,2026-08-27T10:29:59+00:00,Rangpo,27.177,88.533,0.1,3B-HHR-E.MS.MRG.3IMERG.20260827-S100000-E102959.0600.V07C.30min.tif
2026-08-27,10:00:00,10:29:59,2026-08-27T10:29:59+00:00,Singtam,27.234,88.501,0.1,3B-HHR-E.MS.MRG.3IMERG.20260827-S100000-E102959.0600.V07C.30min.tif
2026-08-27,10:30:00,10:59:59,2026-08-27T10:59:59+00:00,Rangpo,27.177,88.533,0.1,3B-HHR-E.MS.MRG.3IMERG.20260827-S103000-E105959.0630.V07C.30min.tif
2026-08-27,10:30:00,10:59:59,2026-08-27T10:59:59+00:00,Singtam,27.234,88.501,0.1,3B-HHR-E.MS.MRG.3IMERG.20260827-S103000-E105959.0630.V07C.30min.tif
2026-08-27,11:00:00,11:29:59,2026-08-27T11:29:59+00:00,Rangpo,27.177,88.533,0.1,3B-HHR-E.MS.MRG.3IMERG.20260827-S110000-E112959.0660.V07C.30min.tif
2026-08-27,11:00:00,11:29:59,2026-08-27T11:29:59+00:00,Singtam,27.234,88.501,0.1,3B-HHR-E.MS.MRG.3IMERG.20260827-S110000-E112959.0660.V07C.30min.tif
2026-08-27,11:30:00,11:59:59,2026-08-27T11:59:59+00:00,Rangpo,27.177,88.533,0.0,3B-HHR-E.MS.MRG.3IMERG.20260827-S113000-E115959.0690.V07C.30min.tif
2026-08-27,11:30:00,11:59:59,2026-08-27T11:59:59+00:00,Singtam,27.234,88.501,0.0,3B-HHR-E.MS.MRG.3IMERG.20260827-S113000-E115959.0690.V07C.30min.tif
2026-08-27,12:00:00,12:29:59,2026-08-27T12:29:59+00:00,Rangpo,27.177,88.533,0.0,3B-HHR-E.MS.MRG.3IMERG.20260827-S120000-E122959.0720.V07C.30min.tif
2026-08-27,12:00:00,12:29:59,2026-08-27T12:29:59+00:00,Singtam,27.234,88.501,0.0,3B-HHR-E.MS.MRG.3IMERG.20260827-S120000-E122959.0720.V07C.30min.tif
2026-08-27,12:30:00,12:59:59,2026-08-27T12:59:59+00:00,Rangpo,27.177,88.533,0.0,3B-HHR-E.MS.MRG.3IMERG.20260827-S123000-E125959.0750.V07C.30min.tif
2026-08-27,12:30:00,12:59:59,2026-08-27T12:59:59+00:00,Singtam,27.234,88.501,0.0,3B-HHR-E.MS.MRG.3IMERG.20260827-S123000-E125959.0750.V07C.30min.tif
2026-08-27,13:00:00,13:29:59,2026-08-27T13:29:59+00:00,Rangpo,27.177,88.533,0.0,3B-HHR-E.MS.MRG.3IMERG.20260827-S130000-E132959.0780.V07C.30min.tif
2026-08-27,13:00:00,13:29:59,2026-08-27T13:29:59+00:00,Singtam,27.234,88.501,0.0,3B-HHR-E.MS.MRG.3IMERG.20260827-S130000-E132959.0780.V07C.30min.tif
2026-08-27,13:30:00,13:59:59,2026-08-27T13:59:59+00:00,Rangpo,27.177,88.533,0.0,3B-HHR-E.MS.MRG.3IMERG.20260827-S133000-E135959.0810.V07C.30min.tif
2026-08-27,13:30:00,13:59:59,2026-08-27T13:59:59+00:00,Singtam,27.234,88.501,0.0,3B-HHR-E.MS.MRG.3IMERG.20260827-S133000-E135959.0810.V07C.30min.tif
2026-08-27,14:00:00,14:29:59,2026-08-27T14:29:59+00:00,Rangpo,27.177,88.533,0.0,3B-HHR-E.MS.MRG.3IMERG.20260827-S140000-E142959.0840.V07C.30min.tif
2026-08-27,14:00:00,14:29:59,2026-08-27T14:29:59+00:00,Singtam,27.234,88.501,0.0,3B-HHR-E.MS.MRG.3IMERG.20260827-S140000-E142959.0840.V07C.30min.tif
2026-08-27,2026-08-27T04:00:00+00:00,2026-08-27T04:30:00+00:00,2026-08-27T04:30:00+00:00,Rangpo,27.177,88.533,0.0,3B-HHR-E.MS.MRG.3IMERG.20260827-S040000-E042959.0240.V07C.30min.tif
2026-08-27,2026-08-27T04:00:00+00:00,2026-08-27T04:30:00+00:00,2026-08-27T04:30:00+00:00,Singtam,27.234,88.501,0.0,3B-HHR-E.MS.MRG.3IMERG.20260827-S040000-E042959.0240.V07C.30min.tif
2026-08-27,2026-08-27T04:30:00+00:00,2026-08-27T05:00:00+00:00,2026-08-27T05:00:00+00:00,Rangpo,27.177,88.533,0.0,3B-HHR-E.MS.MRG.3IMERG.20260827-S043000-E045959.0270.V07C.30min.tif
2026-08-27,2026-08-27T04:30:00+00:00,2026-08-27T05:00:00+00:00,2026-08-27T05:00:00+00:00,Singtam,27.234,88.501,0.0,3B-HHR-E.MS.MRG.3IMERG.20260827-S043000-E045959.0270.V07C.30min.tif
2026-08-27,2026-08-27T05:00:00+00:00,2026-08-27T05:30:00+00:00,2026-08-27T05:30:00+00:00,Rangpo,27.177,88.533,0.0,3B-HHR-E.MS.MRG.3IMERG.20260827-S050000-E052959.0300.V07C.30min.tif
2026-08-27,2026-08-27T05:00:00+00:00,2026-08-27T05:30:00+00:00,2026-08-27T05:30:00+00:00,Singtam,27.234,88.501,0.0,3B-HHR-E.MS.MRG.3IMERG.20260827-S050000-E052959.0300.V07C.30min.tif
2026-08-27,2026-08-27T05:30:00+00:00,2026-08-27T06:00:00+00:00,2026-08-27T06:00:00+00:00,Rangpo,27.177,88.533,0.0,3B-HHR-E.MS.MRG.3IMERG.20260827-S053000-E055959.0330.V07C.30min.tif
2026-08-27,2026-08-27T05:30:00+00:00,2026-08-27T06:00:00+00:00,2026-08-27T06:00:00+00:00,Singtam,27.234,88.501,0.0,3B-HHR-E.MS.MRG.3IMERG.20260827-S053000-E055959.0330.V07C.30min.tif
2026-08-27,2026-08-27T06:00:00+00:00,2026-08-27T06:30:00+00:00,2026-08-27T06:30:00+00:00,Rangpo,27.177,88.533,0.0,3B-HHR-E.MS.MRG.3IMERG.20260827-S060000-E062959.0360.V07C.30min.tif
2026-08-27,2026-08-27T06:00:00+00:00,2026-08-27T06:30:00+00:00,2026-08-27T06:30:00+00:00,Singtam,27.234,88.501,0.0,3B-HHR-E.MS.MRG.3IMERG.20260827-S060000-E062959.0360.V07C.30min.tif
2026-08-27,2026-08-27T06:30:00+00:00,2026-08-27T07:00:00+00:00,2026-08-27T07:00:00+00:00,Rangpo,27.177,88.533,0.0,3B-HHR-E.MS.MRG.3IMERG.20260827-S063000-E065959.0390.V07C.30min.tif
2026-08-27,2026-08-27T06:30:00+00:00,2026-08-27T07:00:00+00:00,2026-08-27T07:00:00+00:00,Singtam,27.234,88.501,0.0,3B-HHR-E.MS.MRG.3IMERG.20260827-S063000-E065959.0390.V07C.30min.tif
2026-08-27,2026-08-27T07:00:00+00:00,2026-08-27T07:30:00+00:00,2026-08-27T07:30:00+00:00,Rangpo,27.177,88.533,0.0,3B-HHR-E.MS.MRG.3IMERG.20260827-S070000-E072959.0420.V07C.30min.tif
2026-08-27,2026-08-27T07:00:00+00:00,2026-08-27T07:30:00+00:00,2026-08-27T07:30:00+00:00,Singtam,27.234,88.501,0.1,3B-HHR-E.MS.MRG.3IMERG.20260827-S070000-E072959.0420.V07C.30min.tif
2026-08-27,2026-08-27T07:30:00+00:00,2026-08-27T08:00:00+00:00,2026-08-27T08:00:00+00:00,Rangpo,27.177,88.533,0.0,3B-HHR-E.MS.MRG.3IMERG.20260827-S073000-E075959.0450.V07C.30min.tif
2026-08-27,2026-08-27T07:30:00+00:00,2026-08-27T08:00:00+00:00,2026-08-27T08:00:00+00:00,Singtam,27.234,88.501,0.1,3B-HHR-E.MS.MRG.3IMERG.20260827-S073000-E075959.0450.V07C.30min.tif
2026-08-27,2026-08-27T14:30:00+00:00,2026-08-27T15:00:00+00:00,2026-08-27T15:00:00+00:00,Rangpo,27.177,88.533,0.0,3B-HHR-E.MS.MRG.3IMERG.20260827-S143000-E145959.0870.V07C.30min.tif
2026-08-27,2026-08-27T14:30:00+00:00,2026-08-27T15:00:00+00:00,2026-08-27T15:00:00+00:00,Singtam,27.234,88.501,0.0,3B-HHR-E.MS.MRG.3IMERG.20260827-S143000-E145959.0870.V07C.30min.tif
2026-08-27,2026-08-27T15:00:00+00:00,2026-08-27T15:30:00+00:00,2026-08-27T15:30:00+00:00,Rangpo,27.177,88.533,0.0,3B-HHR-E.MS.MRG.3IMERG.20260827-S150000-E152959.0900.V07C.30min.tif
2026-08-27,2026-08-27T15:00:00+00:00,2026-08-27T15:30:00+00:00,2026-08-27T15:30:00+00:00,Singtam,27.234,88.501,0.0,3B-HHR-E.MS.MRG.3IMERG.20260827-S150000-E152959.0900.V07C.30min.tif
2026-08-27,2026-08-27T15:30:00+00:00,2026-08-27T16:00:00+00:00,2026-08-27T16:00:00+00:00,Rangpo,27.177,88.533,0.0,3B-HHR-E.MS.MRG.3IMERG.20260827-S153000-E155959.0930.V07C.30min.tif
2026-08-27,2026-08-27T15:30:00+00:00,2026-08-27T16:00:00+00:00,2026-08-27T16:00:00+00:00,Singtam,27.234,88.501,0.1,3B-HHR-E.MS.MRG.3IMERG.20260827-S153000-E155959.0930.V07C.30min.tif
2026-08-27,2026-08-27T16:00:00+00:00,2026-08-27T16:30:00+00:00,2026-08-27T16:30:00+00:00,Rangpo,27.177,88.533,0.0,3B-HHR-E.MS.MRG.3IMERG.20260827-S160000-E162959.0960.V07C.30min.tif
2026-08-27,2026-08-27T16:00:00+00:00,2026-08-27T16:30:00+00:00,2026-08-27T16:30:00+00:00,Singtam,27.234,88.501,0.1,3B-HHR-E.MS.MRG.3IMERG.20260827-S160000-E162959.0960.V07C.30min.tif
2026-08-27,2026-08-27T16:30:00+00:00,2026-08-27T17:00:00+00:00,2026-08-27T17:00:00+00:00,Rangpo,27.177,88.533,0.0,3B-HHR-E.MS.MRG.3IMERG.20260827-S163000-E165959.0990.V07C.30min.tif
2026-08-27,2026-08-27T16:30:00+00:00,2026-08-27T17:00:00+00:00,2026-08-27T17:00:00+00:00,Singtam,27.234,88.501,0.0,3B-HHR-E.MS.MRG.3IMERG.20260827-S163000-E165959.0990.V07C.30min.tif
2026-08-27,2026-08-27T17:00:00+00:00,2026-08-27T17:30:00+00:00,2026-08-27T17:30:00+00:00,Rangpo,27.177,88.533,0.0,3B-HHR-E.MS.MRG.3IMERG.20260827-S170000-E172959.1020.V07C.30min.tif
2026-08-27,2026-08-27T17:00:00+00:00,2026-08-27T17:30:00+00:00,2026-08-27T17:30:00+00:00,Singtam,27.234,88.501,0.0,3B-HHR-E.MS.MRG.3IMERG.20260827-S170000-E172959.1020.V07C.30min.tif
2026-08-27,2026-08-27T17:30:00+00:00,2026-08-27T18:00:00+00:00,2026-08-27T18:00:00+00:00,Rangpo,27.177,88.533,0.0,3B-HHR-E.MS.MRG.3IMERG.20260827-S173000-E175959.1050.V07C.30min.tif
2026-08-27,2026-08-27T17:30:00+00:00,2026-08-27T18:00:00+00:00,2026-08-27T18:00:00+00:00,Singtam,27.234,88.501,0.0,3B-HHR-E.MS.MRG.3IMERG.20260827-S173000-E175959.1050.V07C.30min.tif
2026-08-27,2026-08-27T18:00:00+00:00,2026-08-27T18:30:00+00:00,2026-08-27T18:30:00+00:00,Rangpo,27.177,88.533,0.0,3B-HHR-E.MS.MRG.3IMERG.20260827-S180000-E182959.1080.V07C.30min.tif
2026-08-27,2026-08-27T18:00:00+00:00,2026-08-27T18:30:00+00:00,2026-08-27T18:30:00+00:00,Singtam,27.234,88.501,0.0,3B-HHR-E.MS.MRG.3IMERG.20260827-S180000-E182959.1080.V07C.30min.tif
2026-08-27,2026-08-27T18:30:00+00:00,2026-08-27T19:00:00+00:00,2026-08-27T19:00:00+00:00,Rangpo,27.177,88.533,0.0,3B-HHR-E.MS.MRG.3IMERG.20260827-S183000-E185959.1110.V07C.30min.tif
2026-08-27,2026-08-27T18:30:00+00:00,2026-08-27T19:00:00+00:00,2026-08-27T19:00:00+00:00,Singtam,27.234,88.501,0.0,3B-HHR-E.MS.MRG.3IMERG.20260827-S183000-E185959.1110.V07C.30min.tif
2026-08-27,2026-08-27T19:00:00+00:00,2026-08-27T19:30:00+00:00,2026-08-27T19:30:00+00:00,Rangpo,27.177,88.533,0.0,3B-HHR-E.MS.MRG.3IMERG.20260827-S190000-E192959.1140.V07C.30min.tif
2026-08-27,2026-08-27T19:00:00+00:00,2026-08-27T19:30:00+00:00,2026-08-27T19:30:00+00:00,Singtam,27.234,88.501,0.1,3B-HHR-E.MS.MRG.3IMERG.20260827-S190000-E192959.1140.V07C.30min.tif
2026-08-27,2026-08-27T19:30:00+00:00,2026-08-27T20:00:00+00:00,2026-08-27T20:00:00+00:00,Rangpo,27.177,88.533,0.1,3B-HHR-E.MS.MRG.3IMERG.20260827-S193000-E195959.1170.V07C.30min.tif
2026-08-27,2026-08-27T19:30:00+00:00,2026-08-27T20:00:00+00:00,2026-08-27T20:00:00+00:00,Singtam,27.234,88.501,0.2,3B-HHR-E.MS.MRG.3IMERG.20260827-S193000-E195959.1170.V07C.30min.tif
2026-08-27,2026-08-27T20:00:00+00:00,2026-08-27T20:30:00+00:00,2026-08-27T20:30:00+00:00,Rangpo,27.177,88.533,0.1,3B-HHR-E.MS.MRG.3IMERG.20260827-S200000-E202959.1200.V07C.30min.tif
2026-08-27,2026-08-27T20:00:00+00:00,2026-08-27T20:30:00+00:00,2026-08-27T20:30:00+00:00,Singtam,27.234,88.501,0.2,3B-HHR-E.MS.MRG.3IMERG.20260827-S200000-E202959.1200.V07C.30min.tif
2026-08-27,2026-08-27T20:30:00+00:00,2026-08-27T21:00:00+00:00,2026-08-27T21:00:00+00:00,Rangpo,27.177,88.533,0.0,3B-HHR-E.MS.MRG.3IMERG.20260827-S203000-E205959.1230.V07C.30min.tif
2026-08-27,2026-08-27T20:30:00+00:00,2026-08-27T21:00:00+00:00,2026-08-27T21:00:00+00:00,Singtam,27.234,88.501,0.2,3B-HHR-E.MS.MRG.3IMERG.20260827-S203000-E205959.1230.V07C.30min.tif
2026-08-27,2026-08-27T21:00:00+00:00,2026-08-27T21:30:00+00:00,2026-08-27T21:30:00+00:00,Rangpo,27.177,88.533,0.0,3B-HHR-E.MS.MRG.3IMERG.20260827-S210000-E212959.1260.V07C.30min.tif
2026-08-27,2026-08-27T21:00:00+00:00,2026-08-27T21:30:00+00:00,2026-08-27T21:30:00+00:00,Singtam,27.234,88.501,0.1,3B-HHR-E.MS.MRG.3IMERG.20260827-S210000-E212959.1260.V07C.30min.tif
2026-08-27,2026-08-27T21:30:00+00:00,2026-08-27T22:00:00+00:00,2026-08-27T22:00:00+00:00,Rangpo,27.177,88.533,0.0,3B-HHR-E.MS.MRG.3IMERG.20260827-S213000-E215959.1290.V07C.30min.tif
2026-08-27,2026-08-27T21:30:00+00:00,2026-08-27T22:00:00+00:00,2026-08-27T22:00:00+00:00,Singtam,27.234,88.501,0.1,3B-HHR-E.MS.MRG.3IMERG.20260827-S213000-E215959.1290.V07C.30min.tif
2026-08-27,2026-08-27T22:00:00+00:00,2026-08-27T22:30:00+00:00,2026-08-27T22:30:00+00:00,Rangpo,27.177,88.533,0.0,3B-HHR-E.MS.MRG.3IMERG.20260827-S220000-E222959.1320.V07C.30min.tif
2026-08-27,2026-08-27T22:00:00+00:00,2026-08-27T22:30:00+00:00,2026-08-27T22:30:00+00:00,Singtam,27.234,88.501,0.0,3B-HHR-E.MS.MRG.3IMERG.20260827-S220000-E222959.1320.V07C.30min.tif
2026-08-27,2026-08-27T22:30:00+00:00,2026-08-27T23:00:00+00:00,2026-08-27T23:00:00+00:00,Rangpo,27.177,88.533,0.0,3B-HHR-E.MS.MRG.3IMERG.20260827-S223000-E225959.1350.V07C.30min.tif
2026-08-27,2026-08-27T22:30:00+00:00,2026-08-27T23:00:00+00:00,2026-08-27T23:00:00+00:00,Singtam,27.234,88.501,0.0,3B-HHR-E.MS.MRG.3IMERG.20260827-S223000-E225959.1350.V07C.30min.tif
2026-08-27,2026-08-27T23:00:00+00:00,2026-08-27T23:30:00+00:00,2026-08-27T23:30:00+00:00,Rangpo,27.177,88.533,0.0,3B-HHR-E.MS.MRG.3IMERG.20260827-S230000-E232959.1380.V07C.30min.tif
2026-08-27,2026-08-27T23:00:00+00:00,2026-08-27T23:30:00+00:00,2026-08-27T23:30:00+00:00,Singtam,27.234,88.501,0.0,3B-HHR-E.MS.MRG.3IMERG.20260827-S230000-E232959.1380.V07C.30min.tif
2026-08-27,2026-08-27T23:30:00+00:00,2026-08-28T00:00:00+00:00,2026-08-28T00:00:00+00:00,Rangpo,27.177,88.533,0.0,3B-HHR-E.MS.MRG.3IMERG.20260827-S233000-E235959.1410.V07C.30min.tif
2026-08-27,2026-08-27T23:30:00+00:00,2026-08-28T00:00:00+00:00,2026-08-28T00:00:00+00:00,Singtam,27.234,88.501,0.0,3B-HHR-E.MS.MRG.3IMERG.20260827-S233000-E235959.1410.V07C.30min.tif
2026-08-28,2026-08-28T00:00:00+00:00,2026-08-28T00:30:00+00:00,2026-08-28T00:30:00+00:00,Rangpo,27.177,88.533,0.0,3B-HHR-E.MS.MRG.3IMERG.20260828-S000000-E002959.0000.V07C.30min.tif
2026-08-28,2026-08-28T00:00:00+00:00,2026-08-28T00:30:00+00:00,2026-08-28T00:30:00+00:00,Singtam,27.234,88.501,0.0,3B-HHR-E.MS.MRG.3IMERG.20260828-S000000-E002959.0000.V07C.30min.tif
2026-08-28,2026-08-28T00:30:00+00:00,2026-08-28T01:00:00+00:00,2026-08-28T01:00:00+00:00,Rangpo,27.177,88.533,0.0,3B-HHR-E.MS.MRG.3IMERG.20260828-S003000-E005959.0030.V07C.30min.tif
2026-08-28,2026-08-28T00:30:00+00:00,2026-08-28T01:00:00+00:00,2026-08-28T01:00:00+00:00,Singtam,27.234,88.501,0.0,3B-HHR-E.MS.MRG.3IMERG.20260828-S003000-E005959.0030.V07C.30min.tif
2026-08-28,2026-08-28T01:00:00+00:00,2026-08-28T01:30:00+00:00,2026-08-28T01:30:00+00:00,Rangpo,27.177,88.533,0.0,3B-HHR-E.MS.MRG.3IMERG.20260828-S010000-E012959.0060.V07C.30min.tif
2026-08-28,2026-08-28T01:00:00+00:00,2026-08-28T01:30:00+00:00,2026-08-28T01:30:00+00:00,Singtam,27.234,88.501,0.0,3B-HHR-E.MS.MRG.3IMERG.20260828-S010000-E012959.0060.V07C.30min.tif
2026-08-28,2026-08-28T01:30:00+00:00,2026-08-28T02:00:00+00:00,2026-08-28T02:00:00+00:00,Rangpo,27.177,88.533,0.0,3B-HHR-E.MS.MRG.3IMERG.20260828-S013000-E015959.0090.V07C.30min.tif
2026-08-28,2026-08-28T01:30:00+00:00,2026-08-28T02:00:00+00:00,2026-08-28T02:00:00+00:00,Singtam,27.234,88.501,0.0,3B-HHR-E.MS.MRG.3IMERG.20260828-S013000-E015959.0090.V07C.30min.tif
2026-08-28,2026-08-28T02:00:00+00:00,2026-08-28T02:30:00+00:00,2026-08-28T02:30:00+00:00,Rangpo,27.177,88.533,0.0,3B-HHR-E.MS.MRG.3IMERG.20260828-S020000-E022959.0120.V07C.30min.tif
2026-08-28,2026-08-28T02:00:00+00:00,2026-08-28T02:30:00+00:00,2026-08-28T02:30:00+00:00,Singtam,27.234,88.501,0.0,3B-HHR-E.MS.MRG.3IMERG.20260828-S020000-E022959.0120.V07C.30min.tif
2026-08-28,2026-08-28T02:30:00+00:00,2026-08-28T03:00:00+00:00,2026-08-28T03:00:00+00:00,Rangpo,27.177,88.533,0.0,3B-HHR-E.MS.MRG.3IMERG.20260828-S023000-E025959.0150.V07C.30min.tif
2026-08-28,2026-08-28T02:30:00+00:00,2026-08-28T03:00:00+00:00,2026-08-28T03:00:00+00:00,Singtam,27.234,88.501,0.0,3B-HHR-E.MS.MRG.3IMERG.20260828-S023000-E025959.0150.V07C.30min.tif
2026-08-28,2026-08-28T03:00:00+00:00,2026-08-28T03:30:00+00:00,2026-08-28T03:30:00+00:00,Rangpo,27.177,88.533,0.0,3B-HHR-E.MS.MRG.3IMERG.20260828-S030000-E032959.0180.V07C.30min.tif
2026-08-28,2026-08-28T03:00:00+00:00,2026-08-28T03:30:00+00:00,2026-08-28T03:30:00+00:00,Singtam,27.234,88.501,0.0,3B-HHR-E.MS.MRG.3IMERG.20260828-S030000-E032959.0180.V07C.30min.tif
2026-08-28,2026-08-28T03:30:00+00:00,2026-08-28T04:00:00+00:00,2026-08-28T04:00:00+00:00,Rangpo,27.177,88.533,0.0,3B-HHR-E.MS.MRG.3IMERG.20260828-S033000-E035959.0210.V07C.30min.tif
2026-08-28,2026-08-28T03:30:00+00:00,2026-08-28T04:00:00+00:00,2026-08-28T04:00:00+00:00,Singtam,27.234,88.501,0.0,3B-HHR-E.MS.MRG.3IMERG.20260828-S033000-E035959.0210.V07C.30min.tif
2026-08-28,2026-08-28T04:00:00+00:00,2026-08-28T04:30:00+00:00,2026-08-28T04:30:00+00:00,Rangpo,27.177,88.533,0.0,3B-HHR-E.MS.MRG.3IMERG.20260828-S040000-E042959.0240.V07C.30min.tif
2026-08-28,2026-08-28T04:00:00+00:00,2026-08-28T04:30:00+00:00,2026-08-28T04:30:00+00:00,Singtam,27.234,88.501,0.0,3B-HHR-E.MS.MRG.3IMERG.20260828-S040000-E042959.0240.V07C.30min.tif
2026-08-28,2026-08-28T04:30:00+00:00,2026-08-28T05:00:00+00:00,2026-08-28T05:00:00+00:00,Rangpo,27.177,88.533,0.0,3B-HHR-E.MS.MRG.3IMERG.20260828-S043000-E045959.0270.V07C.30min.tif
2026-08-28,2026-08-28T04:30:00+00:00,2026-08-28T05:00:00+00:00,2026-08-28T05:00:00+00:00,Singtam,27.234,88.501,0.0,3B-HHR-E.MS.MRG.3IMERG.20260828-S043000-E045959.0270.V07C.30min.tif
2026-08-28,2026-08-28T05:00:00+00:00,2026-08-28T05:30:00+00:00,2026-08-28T05:30:00+00:00,Rangpo,27.177,88.533,0.0,3B-HHR-E.MS.MRG.3IMERG.20260828-S050000-E052959.0300.V07C.30min.tif
2026-08-28,2026-08-28T05:00:00+00:00,2026-08-28T05:30:00+00:00,2026-08-28T05:30:00+00:00,Singtam,27.234,88.501,0.0,3B-HHR-E.MS.MRG.3IMERG.20260828-S050000-E052959.0300.V07C.30min.tif
2026-08-28,2026-08-28T05:30:00+00:00,2026-08-28T06:00:00+00:00,2026-08-28T06:00:00+00:00,Rangpo,27.177,88.533,0.0,3B-HHR-E.MS.MRG.3IMERG.20260828-S053000-E055959.0330.V07C.30min.tif
2026-08-28,2026-08-28T05:30:00+00:00,2026-08-28T06:00:00+00:00,2026-08-28T06:00:00+00:00,Singtam,27.234,88.501,0.0,3B-HHR-E.MS.MRG.3IMERG.20260828-S053000-E055959.0330.V07C.30min.tif
2026-08-28,2026-08-28T06:00:00+00:00,2026-08-28T06:30:00+00:00,2026-08-28T06:30:00+00:00,Rangpo,27.177,88.533,0.0,3B-HHR-E.MS.MRG.3IMERG.20260828-S060000-E062959.0360.V07C.30min.tif
2026-08-28,2026-08-28T06:00:00+00:00,2026-08-28T06:30:00+00:00,2026-08-28T06:30:00+00:00,Singtam,27.234,88.501,0.0,3B-HHR-E.MS.MRG.3IMERG.20260828-S060000-E062959.0360.V07C.30min.tif
2026-08-28,2026-08-28T06:30:00+00:00,2026-08-28T07:00:00+00:00,2026-08-28T07:00:00+00:00,Rangpo,27.177,88.533,0.1,3B-HHR-E.MS.MRG.3IMERG.20260828-S063000-E065959.0390.V07C.30min.tif
2026-08-28,2026-08-28T06:30:00+00:00,2026-08-28T07:00:00+00:00,2026-08-28T07:00:00+00:00,Singtam,27.234,88.501,0.1,3B-HHR-E.MS.MRG.3IMERG.20260828-S063000-E065959.0390.V07C.30min.tif
2026-08-28,2026-08-28T07:00:00+00:00,2026-08-28T07:30:00+00:00,2026-08-28T07:30:00+00:00,Rangpo,27.177,88.533,0.1,3B-HHR-E.MS.MRG.3IMERG.20260828-S070000-E072959.0420.V07C.30min.tif
2026-08-28,2026-08-28T07:00:00+00:00,2026-08-28T07:30:00+00:00,2026-08-28T07:30:00+00:00,Singtam,27.234,88.501,0.1,3B-HHR-E.MS.MRG.3IMERG.20260828-S070000-E072959.0420.V07C.30min.tif
2026-08-28,2026-08-28T07:30:00+00:00,2026-08-28T08:00:00+00:00,2026-08-28T08:00:00+00:00,Rangpo,27.177,88.533,0.1,3B-HHR-E.MS.MRG.3IMERG.20260828-S073000-E075959.0450.V07C.30min.tif
2026-08-28,2026-08-28T07:30:00+00:00,2026-08-28T08:00:00+00:00,2026-08-28T08:00:00+00:00,Singtam,27.234,88.501,0.1,3B-HHR-E.MS.MRG.3IMERG.20260828-S073000-E075959.0450.V07C.30min.tif
2026-08-28,2026-08-28T08:00:00+00:00,2026-08-28T08:30:00+00:00,2026-08-28T08:30:00+00:00,Rangpo,27.177,88.533,0.1,3B-HHR-E.MS.MRG.3IMERG.20260828-S080000-E082959.0480.V07C.30min.tif
2026-08-28,2026-08-28T08:00:00+00:00,2026-08-28T08:30:00+00:00,2026-08-28T08:30:00+00:00,Singtam,27.234,88.501,0.1,3B-HHR-E.MS.MRG.3IMERG.20260828-S080000-E082959.0480.V07C.30min.tif
2026-08-28,2026-08-28T08:30:00+00:00,2026-08-28T09:00:00+00:00,2026-08-28T09:00:00+00:00,Rangpo,27.177,88.533,0.0,3B-HHR-E.MS.MRG.3IMERG.20260828-S083000-E085959.0510.V07C.30min.tif
2026-08-28,2026-08-28T08:30:00+00:00,2026-08-28T09:00:00+00:00,2026-08-28T09:00:00+00:00,Singtam,27.234,88.501,0.1,3B-HHR-E.MS.MRG.3IMERG.20260828-S083000-E085959.0510.V07C.30min.tif
2026-08-28,2026-08-28T09:00:00+00:00,2026-08-28T09:30:00+00:00,2026-08-28T09:30:00+00:00,Rangpo,27.177,88.533,0.3,3B-HHR-E.MS.MRG.3IMERG.20260828-S090000-E092959.0540.V07C.30min.tif
2026-08-28,2026-08-28T09:00:00+00:00,2026-08-28T09:30:00+00:00,2026-08-28T09:30:00+00:00,Singtam,27.234,88.501,0.1,3B-HHR-E.MS.MRG.3IMERG.20260828-S090000-E092959.0540.V07C.30min.tif
2026-08-28,2026-08-28T09:30:00+00:00,2026-08-28T10:00:00+00:00,2026-08-28T10:00:00+00:00,Rangpo,27.177,88.533,0.5,3B-HHR-E.MS.MRG.3IMERG.20260828-S093000-E095959.0570.V07C.30min.tif
2026-08-28,2026-08-28T09:30:00+00:00,2026-08-28T10:00:00+00:00,2026-08-28T10:00:00+00:00,Singtam,27.234,88.501,0.0,3B-HHR-E.MS.MRG.3IMERG.20260828-S093000-E095959.0570.V07C.30min.tif
2026-08-28,2026-08-28T10:00:00+00:00,2026-08-28T10:30:00+00:00,2026-08-28T10:30:00+00:00,Rangpo,27.177,88.533,0.3,3B-HHR-E.MS.MRG.3IMERG.20260828-S100000-E102959.0600.V07C.30min.tif
2026-08-28,2026-08-28T10:00:00+00:00,2026-08-28T10:30:00+00:00,2026-08-28T10:30:00+00:00,Singtam,27.234,88.501,0.0,3B-HHR-E.MS.MRG.3IMERG.20260828-S100000-E102959.0600.V07C.30min.tif
2026-08-28,2026-08-28T10:30:00+00:00,2026-08-28T11:00:00+00:00,2026-08-28T11:00:00+00:00,Rangpo,27.177,88.533,0.3,3B-HHR-E.MS.MRG.3IMERG.20260828-S103000-E105959.0630.V07C.30min.tif
2026-08-28,2026-08-28T10:30:00+00:00,2026-08-28T11:00:00+00:00,2026-08-28T11:00:00+00:00,Singtam,27.234,88.501,0.0,3B-HHR-E.MS.MRG.3IMERG.20260828-S103000-E105959.0630.V07C.30min.tif
2026-08-28,2026-08-28T11:00:00+00:00,2026-08-28T11:30:00+00:00,2026-08-28T11:30:00+00:00,Rangpo,27.177,88.533,0.6,3B-HHR-E.MS.MRG.3IMERG.20260828-S110000-E112959.0660.V07C.30min.tif
2026-08-28,2026-08-28T11:00:00+00:00,2026-08-28T11:30:00+00:00,2026-08-28T11:30:00+00:00,Singtam,27.234,88.501,1.9,3B-HHR-E.MS.MRG.3IMERG.20260828-S110000-E112959.0660.V07C.30min.tif
2026-08-28,2026-08-28T11:30:00+00:00,2026-08-28T12:00:00+00:00,2026-08-28T12:00:00+00:00,Rangpo,27.177,88.533,0.4,3B-HHR-E.MS.MRG.3IMERG.20260828-S113000-E115959.0690.V07C.30min.tif
2026-08-28,2026-08-28T11:30:00+00:00,2026-08-28T12:00:00+00:00,2026-08-28T12:00:00+00:00,Singtam,27.234,88.501,1.8,3B-HHR-E.MS.MRG.3IMERG.20260828-S113000-E115959.0690.V07C.30min.tif
2026-08-28,2026-08-28T12:00:00+00:00,2026-08-28T12:30:00+00:00,2026-08-28T12:30:00+00:00,Rangpo,27.177,88.533,0.2,3B-HHR-E.MS.MRG.3IMERG.20260828-S120000-E122959.0720.V07C.30min.tif
2026-08-28,2026-08-28T12:00:00+00:00,2026-08-28T12:30:00+00:00,2026-08-28T12:30:00+00:00,Singtam,27.234,88.501,0.9,3B-HHR-E.MS.MRG.3IMERG.20260828-S120000-E122959.0720.V07C.30min.tif
2026-08-28,2026-08-28T12:30:00+00:00,2026-08-28T13:00:00+00:00,2026-08-28T13:00:00+00:00,Rangpo,27.177,88.533,0.2,3B-HHR-E.MS.MRG.3IMERG.20260828-S123000-E125959.0750.V07C.30min.tif
2026-08-28,2026-08-28T12:30:00+00:00,2026-08-28T13:00:00+00:00,2026-08-28T13:00:00+00:00,Singtam,27.234,88.501,0.3,3B-HHR-E.MS.MRG.3IMERG.20260828-S123000-E125959.0750.V07C.30min.tif
2026-08-28,2026-08-28T13:00:00+00:00,2026-08-28T13:30:00+00:00,2026-08-28T13:30:00+00:00,Rangpo,27.177,88.533,0.1,3B-HHR-E.MS.MRG.3IMERG.20260828-S130000-E132959.0780.V07C.30min.tif
2026-08-28,2026-08-28T13:00:00+00:00,2026-08-28T13:30:00+00:00,2026-08-28T13:30:00+00:00,Singtam,27.234,88.501,0.1,3B-HHR-E.MS.MRG.3IMERG.20260828-S130000-E132959.0780.V07C.30min.tif
2026-08-28,2026-08-28T13:30:00+00:00,2026-08-28T14:00:00+00:00,2026-08-28T14:00:00+00:00,Rangpo,27.177,88.533,0.1,3B-HHR-E.MS.MRG.3IMERG.20260828-S133000-E135959.0810.V07C.30min.tif
2026-08-28,2026-08-28T13:30:00+00:00,2026-08-28T14:00:00+00:00,2026-08-28T14:00:00+00:00,Singtam,27.234,88.501,0.1,3B-HHR-E.MS.MRG.3IMERG.20260828-S133000-E135959.0810.V07C.30min.tif
2026-08-28,2026-08-28T14:00:00+00:00,2026-08-28T14:30:00+00:00,2026-08-28T14:30:00+00:00,Rangpo,27.177,88.533,0.0,3B-HHR-E.MS.MRG.3IMERG.20260828-S140000-E142959.0840.V07C.30min.tif
2026-08-28,2026-08-28T14:00:00+00:00,2026-08-28T14:30:00+00:00,2026-08-28T14:30:00+00:00,Singtam,27.234,88.501,0.0,3B-HHR-E.MS.MRG.3IMERG.20260828-S140000-E142959.0840.V07C.30min.tif
2026-08-28,2026-08-28T14:30:00+00:00,2026-08-28T15:00:00+00:00,2026-08-28T15:00:00+00:00,Rangpo,27.177,88.533,0.0,3B-HHR-E.MS.MRG.3IMERG.20260828-S143000-E145959.0870.V07C.30min.tif
2026-08-28,2026-08-28T14:30:00+00:00,2026-08-28T15:00:00+00:00,2026-08-28T15:00:00+00:00,Singtam,27.234,88.501,0.0,3B-HHR-E.MS.MRG.3IMERG.20260828-S143000-E145959.0870.V07C.30min.tif
2026-08-28,2026-08-28T15:00:00+00:00,2026-08-28T15:30:00+00:00,2026-08-28T15:30:00+00:00,Rangpo,27.177,88.533,0.6,3B-HHR-E.MS.MRG.3IMERG.20260828-S150000-E152959.0900.V07C.30min.tif
2026-08-28,2026-08-28T15:00:00+00:00,2026-08-28T15:30:00+00:00,2026-08-28T15:30:00+00:00,Singtam,27.234,88.501,0.7,3B-HHR-E.MS.MRG.3IMERG.20260828-S150000-E152959.0900.V07C.30min.tif
2026-08-28,2026-08-28T15:30:00+00:00,2026-08-28T16:00:00+00:00,2026-08-28T16:00:00+00:00,Rangpo,27.177,88.533,0.6,3B-HHR-E.MS.MRG.3IMERG.20260828-S153000-E155959.0930.V07C.30min.tif
2026-08-28,2026-08-28T15:30:00+00:00,2026-08-28T16:00:00+00:00,2026-08-28T16:00:00+00:00,Singtam,27.234,88.501,0.7,3B-HHR-E.MS.MRG.3IMERG.20260828-S153000-E155959.0930.V07C.30min.tif
2026-08-28,2026-08-28T16:00:00+00:00,2026-08-28T16:30:00+00:00,2026-08-28T16:30:00+00:00,Rangpo,27.177,88.533,0.4,3B-HHR-E.MS.MRG.3IMERG.20260828-S160000-E162959.0960.V07C.30min.tif
2026-08-28,2026-08-28T16:00:00+00:00,2026-08-28T16:30:00+00:00,2026-08-28T16:30:00+00:00,Singtam,27.234,88.501,0.4,3B-HHR-E.MS.MRG.3IMERG.20260828-S160000-E162959.0960.V07C.30min.tif
2026-08-28,2026-08-28T16:30:00+00:00,2026-08-28T17:00:00+00:00,2026-08-28T17:00:00+00:00,Rangpo,27.177,88.533,0.2,3B-HHR-E.MS.MRG.3IMERG.20260828-S163000-E165959.0990.V07C.30min.tif
2026-08-28,2026-08-28T16:30:00+00:00,2026-08-28T17:00:00+00:00,2026-08-28T17:00:00+00:00,Singtam,27.234,88.501,0.2,3B-HHR-E.MS.MRG.3IMERG.20260828-S163000-E165959.0990.V07C.30min.tif
2026-08-28,2026-08-28T17:00:00+00:00,2026-08-28T17:30:00+00:00,2026-08-28T17:30:00+00:00,Rangpo,27.177,88.533,0.0,3B-HHR-E.MS.MRG.3IMERG.20260828-S170000-E172959.1020.V07C.30min.tif
2026-08-28,2026-08-28T17:00:00+00:00,2026-08-28T17:30:00+00:00,2026-08-28T17:30:00+00:00,Singtam,27.234,88.501,0.0,3B-HHR-E.MS.MRG.3IMERG.20260828-S170000-E172959.1020.V07C.30min.tif
2026-08-28,2026-08-28T17:30:00+00:00,2026-08-28T18:00:00+00:00,2026-08-28T18:00:00+00:00,Rangpo,27.177,88.533,0.0,3B-HHR-E.MS.MRG.3IMERG.20260828-S173000-E175959.1050.V07C.30min.tif
2026-08-28,2026-08-28T17:30:00+00:00,2026-08-28T18:00:00+00:00,2026-08-28T18:00:00+00:00,Singtam,27.234,88.501,0.1,3B-HHR-E.MS.MRG.3IMERG.20260828-S173000-E175959.1050.V07C.30min.tif
2026-08-28,2026-08-28T18:00:00+00:00,2026-08-28T18:30:00+00:00,2026-08-28T18:30:00+00:00,Rangpo,27.177,88.533,0.0,3B-HHR-E.MS.MRG.3IMERG.20260828-S180000-E182959.1080.V07C.30min.tif
2026-08-28,2026-08-28T18:00:00+00:00,2026-08-28T18:30:00+00:00,2026-08-28T18:30:00+00:00,Singtam,27.234,88.501,0.0,3B-HHR-E.MS.MRG.3IMERG.20260828-S180000-E182959.1080.V07C.30min.tif
2026-08-28,2026-08-28T18:30:00+00:00,2026-08-28T19:00:00+00:00,2026-08-28T19:00:00+00:00,Rangpo,27.177,88.533,0.0,3B-HHR-E.MS.MRG.3IMERG.20260828-S183000-E185959.1110.V07C.30min.tif
2026-08-28,2026-08-28T18:30:00+00:00,2026-08-28T19:00:00+00:00,2026-08-28T19:00:00+00:00,Singtam,27.234,88.501,0.0,3B-HHR-E.MS.MRG.3IMERG.20260828-S183000-E185959.1110.V07C.30min.tif
2026-08-28,2026-08-28T19:00:00+00:00,2026-08-28T19:30:00+00:00,2026-08-28T19:30:00+00:00,Rangpo,27.177,88.533,0.1,3B-HHR-E.MS.MRG.3IMERG.20260828-S190000-E192959.1140.V07C.30min.tif
2026-08-28,2026-08-28T19:00:00+00:00,2026-08-28T19:30:00+00:00,2026-08-28T19:30:00+00:00,Singtam,27.234,88.501,0.1,3B-HHR-E.MS.MRG.3IMERG.20260828-S190000-E192959.1140.V07C.30min.tif
2026-08-28,2026-08-28T19:30:00+00:00,2026-08-28T20:00:00+00:00,2026-08-28T20:00:00+00:00,Rangpo,27.177,88.533,0.1,3B-HHR-E.MS.MRG.3IMERG.20260828-S193000-E195959.1170.V07C.30min.tif
2026-08-28,2026-08-28T19:30:00+00:00,2026-08-28T20:00:00+00:00,2026-08-28T20:00:00+00:00,Singtam,27.234,88.501,0.1,3B-HHR-E.MS.MRG.3IMERG.20260828-S193000-E195959.1170.V07C.30min.tif
2026-08-28,2026-08-28T20:00:00+00:00,2026-08-28T20:30:00+00:00,2026-08-28T20:30:00+00:00,Rangpo,27.177,88.533,0.1,3B-HHR-E.MS.MRG.3IMERG.20260828-S200000-E202959.1200.V07C.30min.tif
2026-08-28,2026-08-28T20:00:00+00:00,2026-08-28T20:30:00+00:00,2026-08-28T20:30:00+00:00,Singtam,27.234,88.501,0.1,3B-HHR-E.MS.MRG.3IMERG.20260828-S200000-E202959.1200.V07C.30min.tif
2026-08-28,2026-08-28T20:30:00+00:00,2026-08-28T21:00:00+00:00,2026-08-28T21:00:00+00:00,Rangpo,27.177,88.533,0.1,3B-HHR-E.MS.MRG.3IMERG.20260828-S203000-E205959.1230.V07C.30min.tif
2026-08-28,2026-08-28T20:30:00+00:00,2026-08-28T21:00:00+00:00,2026-08-28T21:00:00+00:00,Singtam,27.234,88.501,0.1,3B-HHR-E.MS.MRG.3IMERG.20260828-S203000-E205959.1230.V07C.30min.tif
2026-08-28,2026-08-28T21:00:00+00:00,2026-08-28T21:30:00+00:00,2026-08-28T21:30:00+00:00,Rangpo,27.177,88.533,0.0,3B-HHR-E.MS.MRG.3IMERG.20260828-S210000-E212959.1260.V07C.30min.tif
2026-08-28,2026-08-28T21:00:00+00:00,2026-08-28T21:30:00+00:00,2026-08-28T21:30:00+00:00,Singtam,27.234,88.501,0.0,3B-HHR-E.MS.MRG.3IMERG.20260828-S210000-E212959.1260.V07C.30min.tif
2026-08-28,2026-08-28T21:30:00+00:00,2026-08-28T22:00:00+00:00,2026-08-28T22:00:00+00:00,Rangpo,27.177,88.533,0.0,3B-HHR-E.MS.MRG.3IMERG.20260828-S213000-E215959.1290.V07C.30min.tif
2026-08-28,2026-08-28T21:30:00+00:00,2026-08-28T22:00:00+00:00,2026-08-28T22:00:00+00:00,Singtam,27.234,88.501,0.0,3B-HHR-E.MS.MRG.3IMERG.20260828-S213000-E215959.1290.V07C.30min.tif
2026-08-28,2026-08-28T22:00:00+00:00,2026-08-28T22:30:00+00:00,2026-08-28T22:30:00+00:00,Rangpo,27.177,88.533,0.0,3B-HHR-E.MS.MRG.3IMERG.20260828-S220000-E222959.1320.V07C.30min.tif
2026-08-28,2026-08-28T22:00:00+00:00,2026-08-28T22:30:00+00:00,2026-08-28T22:30:00+00:00,Singtam,27.234,88.501,0.0,3B-HHR-E.MS.MRG.3IMERG.20260828-S220000-E222959.1320.V07C.30min.tif
2026-08-28,2026-08-28T22:30:00+00:00,2026-08-28T23:00:00+00:00,2026-08-28T23:00:00+00:00,Rangpo,27.177,88.533,0.0,3B-HHR-E.MS.MRG.3IMERG.20260828-S223000-E225959.1350.V07C.30min.tif
2026-08-28,2026-08-28T22:30:00+00:00,2026-08-28T23:00:00+00:00,2026-08-28T23:00:00+00:00,Singtam,27.234,88.501,0.0,3B-HHR-E.MS.MRG.3IMERG.20260828-S223000-E225959.1350.V07C.30min.tif
2026-08-28,2026-08-28T23:00:00+00:00,2026-08-28T23:30:00+00:00,2026-08-28T23:30:00+00:00,Rangpo,27.177,88.533,0.0,3B-HHR-E.MS.MRG.3IMERG.20260828-S230000-E232959.1380.V07C.30min.tif
2026-08-28,2026-08-28T23:00:00+00:00,2026-08-28T23:30:00+00:00,2026-08-28T23:30:00+00:00,Singtam,27.234,88.501,0.0,3B-HHR-E.MS.MRG.3IMERG.20260828-S230000-E232959.1380.V07C.30min.tif
2026-08-28,2026-08-28T23:30:00+00:00,2026-08-29T00:00:00+00:00,2026-08-29T00:00:00+00:00,Rangpo,27.177,88.533,0.0,3B-HHR-E.MS.MRG.3IMERG.20260828-S233000-E235959.1410.V07C.30min.tif
2026-08-28,2026-08-28T23:30:00+00:00,2026-08-29T00:00:00+00:00,2026-08-29T00:00:00+00:00,Singtam,27.234,88.501,0.0,3B-HHR-E.MS.MRG.3IMERG.20260828-S233000-E235959.1410.V07C.30min.tif
2026-08-29,2026-08-29T00:00:00+00:00,2026-08-29T00:30:00+00:00,2026-08-29T00:30:00+00:00,Rangpo,27.177,88.533,0.0,3B-HHR-E.MS.MRG.3IMERG.20260829-S000000-E002959.0000.V07C.30min.tif
2026-08-29,2026-08-29T00:00:00+00:00,2026-08-29T00:30:00+00:00,2026-08-29T00:30:00+00:00,Singtam,27.234,88.501,0.1,3B-HHR-E.MS.MRG.3IMERG.20260829-S000000-E002959.0000.V07C.30min.tif
2026-08-29,2026-08-29T00:30:00+00:00,2026-08-29T01:00:00+00:00,2026-08-29T01:00:00+00:00,Rangpo,27.177,88.533,0.0,3B-HHR-E.MS.MRG.3IMERG.20260829-S003000-E005959.0030.V07C.30min.tif
2026-08-29,2026-08-29T00:30:00+00:00,2026-08-29T01:00:00+00:00,2026-08-29T01:00:00+00:00,Singtam,27.234,88.501,0.0,3B-HHR-E.MS.MRG.3IMERG.20260829-S003000-E005959.0030.V07C.30min.tif
2026-08-29,2026-08-29T01:00:00+00:00,2026-08-29T01:30:00+00:00,2026-08-29T01:30:00+00:00,Rangpo,27.177,88.533,0.0,3B-HHR-E.MS.MRG.3IMERG.20260829-S010000-E012959.0060.V07C.30min.tif
2026-08-29,2026-08-29T01:00:00+00:00,2026-08-29T01:30:00+00:00,2026-08-29T01:30:00+00:00,Singtam,27.234,88.501,0.0,3B-HHR-E.MS.MRG.3IMERG.20260829-S010000-E012959.0060.V07C.30min.tif
2026-08-29,2026-08-29T01:30:00+00:00,2026-08-29T02:00:00+00:00,2026-08-29T02:00:00+00:00,Rangpo,27.177,88.533,0.0,3B-HHR-E.MS.MRG.3IMERG.20260829-S013000-E015959.0090.V07C.30min.tif
2026-08-29,2026-08-29T01:30:00+00:00,2026-08-29T02:00:00+00:00,2026-08-29T02:00:00+00:00,Singtam,27.234,88.501,0.0,3B-HHR-E.MS.MRG.3IMERG.20260829-S013000-E015959.0090.V07C.30min.tif
2026-08-29,2026-08-29T02:00:00+00:00,2026-08-29T02:30:00+00:00,2026-08-29T02:30:00+00:00,Rangpo,27.177,88.533,0.0,3B-HHR-E.MS.MRG.3IMERG.20260829-S020000-E022959.0120.V07C.30min.tif
2026-08-29,2026-08-29T02:00:00+00:00,2026-08-29T02:30:00+00:00,2026-08-29T02:30:00+00:00,Singtam,27.234,88.501,0.0,3B-HHR-E.MS.MRG.3IMERG.20260829-S020000-E022959.0120.V07C.30min.tif
2026-08-29,2026-08-29T02:30:00+00:00,2026-08-29T03:00:00+00:00,2026-08-29T03:00:00+00:00,Rangpo,27.177,88.533,0.0,3B-HHR-E.MS.MRG.3IMERG.20260829-S023000-E025959.0150.V07C.30min.tif
2026-08-29,2026-08-29T02:30:00+00:00,2026-08-29T03:00:00+00:00,2026-08-29T03:00:00+00:00,Singtam,27.234,88.501,0.0,3B-HHR-E.MS.MRG.3IMERG.20260829-S023000-E025959.0150.V07C.30min.tif
2026-08-29,2026-08-29T03:00:00+00:00,2026-08-29T03:30:00+00:00,2026-08-29T03:30:00+00:00,Rangpo,27.177,88.533,0.0,3B-HHR-E.MS.MRG.3IMERG.20260829-S030000-E032959.0180.V07C.30min.tif
2026-08-29,2026-08-29T03:00:00+00:00,2026-08-29T03:30:00+00:00,2026-08-29T03:30:00+00:00,Singtam,27.234,88.501,0.0,3B-HHR-E.MS.MRG.3IMERG.20260829-S030000-E032959.0180.V07C.30min.tif
2026-08-29,2026-08-29T03:30:00+00:00,2026-08-29T04:00:00+00:00,2026-08-29T04:00:00+00:00,Rangpo,27.177,88.533,0.0,3B-HHR-E.MS.MRG.3IMERG.20260829-S033000-E035959.0210.V07C.30min.tif
2026-08-29,2026-08-29T03:30:00+00:00,2026-08-29T04:00:00+00:00,2026-08-29T04:00:00+00:00,Singtam,27.234,88.501,0.0,3B-HHR-E.MS.MRG.3IMERG.20260829-S033000-E035959.0210.V07C.30min.tif
2026-08-29,2026-08-29T04:00:00+00:00,2026-08-29T04:30:00+00:00,2026-08-29T04:30:00+00:00,Rangpo,27.177,88.533,0.0,3B-HHR-E.MS.MRG.3IMERG.20260829-S040000-E042959.0240.V07C.30min.tif
2026-08-29,2026-08-29T04:00:00+00:00,2026-08-29T04:30:00+00:00,2026-08-29T04:30:00+00:00,Singtam,27.234,88.501,0.0,3B-HHR-E.MS.MRG.3IMERG.20260829-S040000-E042959.0240.V07C.30min.tif
2026-08-29,2026-08-29T04:30:00+00:00,2026-08-29T05:00:00+00:00,2026-08-29T05:00:00+00:00,Rangpo,27.177,88.533,0.0,3B-HHR-E.MS.MRG.3IMERG.20260829-S043000-E045959.0270.V07C.30min.tif
2026-08-29,2026-08-29T04:30:00+00:00,2026-08-29T05:00:00+00:00,2026-08-29T05:00:00+00:00,Singtam,27.234,88.501,0.0,3B-HHR-E.MS.MRG.3IMERG.20260829-S043000-E045959.0270.V07C.30min.tif
2026-08-29,2026-08-29T05:00:00+00:00,2026-08-29T05:30:00+00:00,2026-08-29T05:30:00+00:00,Rangpo,27.177,88.533,0.0,3B-HHR-E.MS.MRG.3IMERG.20260829-S050000-E052959.0300.V07C.30min.tif
2026-08-29,2026-08-29T05:00:00+00:00,2026-08-29T05:30:00+00:00,2026-08-29T05:30:00+00:00,Singtam,27.234,88.501,0.0,3B-HHR-E.MS.MRG.3IMERG.20260829-S050000-E052959.0300.V07C.30min.tif
2026-08-29,2026-08-29T05:30:00+00:00,2026-08-29T06:00:00+00:00,2026-08-29T06:00:00+00:00,Rangpo,27.177,88.533,0.0,3B-HHR-E.MS.MRG.3IMERG.20260829-S053000-E055959.0330.V07C.30min.tif
2026-08-29,2026-08-29T05:30:00+00:00,2026-08-29T06:00:00+00:00,2026-08-29T06:00:00+00:00,Singtam,27.234,88.501,0.0,3B-HHR-E.MS.MRG.3IMERG.20260829-S053000-E055959.0330.V07C.30min.tif
2026-08-29,2026-08-29T06:00:00+00:00,2026-08-29T06:30:00+00:00,2026-08-29T06:30:00+00:00,Rangpo,27.177,88.533,0.0,3B-HHR-E.MS.MRG.3IMERG.20260829-S060000-E062959.0360.V07C.30min.tif
2026-08-29,2026-08-29T06:00:00+00:00,2026-08-29T06:30:00+00:00,2026-08-29T06:30:00+00:00,Singtam,27.234,88.501,0.0,3B-HHR-E.MS.MRG.3IMERG.20260829-S060000-E062959.0360.V07C.30min.tif
2026-08-29,2026-08-29T06:30:00+00:00,2026-08-29T07:00:00+00:00,2026-08-29T07:00:00+00:00,Rangpo,27.177,88.533,0.0,3B-HHR-E.MS.MRG.3IMERG.20260829-S063000-E065959.0390.V07C.30min.tif
2026-08-29,2026-08-29T06:30:00+00:00,2026-08-29T07:00:00+00:00,2026-08-29T07:00:00+00:00,Singtam,27.234,88.501,0.0,3B-HHR-E.MS.MRG.3IMERG.20260829-S063000-E065959.0390.V07C.30min.tif
2026-08-29,2026-08-29T07:00:00+00:00,2026-08-29T07:30:00+00:00,2026-08-29T07:30:00+00:00,Rangpo,27.177,88.533,2.2,3B-HHR-E.MS.MRG.3IMERG.20260829-S070000-E072959.0420.V07C.30min.tif
2026-08-29,2026-08-29T07:00:00+00:00,2026-08-29T07:30:00+00:00,2026-08-29T07:30:00+00:00,Singtam,27.234,88.501,0.9,3B-HHR-E.MS.MRG.3IMERG.20260829-S070000-E072959.0420.V07C.30min.tif
2026-08-29,2026-08-29T07:30:00+00:00,2026-08-29T08:00:00+00:00,2026-08-29T08:00:00+00:00,Rangpo,27.177,88.533,2.3,3B-HHR-E.MS.MRG.3IMERG.20260829-S073000-E075959.0450.V07C.30min.tif
2026-08-29,2026-08-29T07:30:00+00:00,2026-08-29T08:00:00+00:00,2026-08-29T08:00:00+00:00,Singtam,27.234,88.501,1.0,3B-HHR-E.MS.MRG.3IMERG.20260829-S073000-E075959.0450.V07C.30min.tif
2026-08-29,2026-08-29T08:00:00+00:00,2026-08-29T08:30:00+00:00,2026-08-29T08:30:00+00:00,Rangpo,27.177,88.533,2.4,3B-HHR-E.MS.MRG.3IMERG.20260829-S080000-E082959.0480.V07C.30min.tif
2026-08-29,2026-08-29T08:00:00+00:00,2026-08-29T08:30:00+00:00,2026-08-29T08:30:00+00:00,Singtam,27.234,88.501,0.6,3B-HHR-E.MS.MRG.3IMERG.20260829-S080000-E082959.0480.V07C.30min.tif
2026-08-29,2026-08-29T08:30:00+00:00,2026-08-29T09:00:00+00:00,2026-08-29T09:00:00+00:00,Rangpo,27.177,88.533,2.1,3B-HHR-E.MS.MRG.3IMERG.20260829-S083000-E085959.0510.V07C.30min.tif
2026-08-29,2026-08-29T08:30:00+00:00,2026-08-29T09:00:00+00:00,2026-08-29T09:00:00+00:00,Singtam,27.234,88.501,0.5,3B-HHR-E.MS.MRG.3IMERG.20260829-S083000-E085959.0510.V07C.30min.tif
2026-08-29,2026-08-29T09:00:00+00:00,2026-08-29T09:30:00+00:00,2026-08-29T09:30:00+00:00,Rangpo,27.177,88.533,0.9,3B-HHR-E.MS.MRG.3IMERG.20260829-S090000-E092959.0540.V07C.30min.tif
2026-08-29,2026-08-29T09:00:00+00:00,2026-08-29T09:30:00+00:00,2026-08-29T09:30:00+00:00,Singtam,27.234,88.501,0.7,3B-HHR-E.MS.MRG.3IMERG.20260829-S090000-E092959.0540.V07C.30min.tif
2026-08-29,2026-08-29T09:30:00+00:00,2026-08-29T10:00:00+00:00,2026-08-29T10:00:00+00:00,Rangpo,27.177,88.533,0.8,3B-HHR-E.MS.MRG.3IMERG.20260829-S093000-E095959.0570.V07C.30min.tif
2026-08-29,2026-08-29T09:30:00+00:00,2026-08-29T10:00:00+00:00,2026-08-29T10:00:00+00:00,Singtam,27.234,88.501,0.7,3B-HHR-E.MS.MRG.3IMERG.20260829-S093000-E095959.0570.V07C.30min.tif
2026-08-29,2026-08-29T10:00:00+00:00,2026-08-29T10:30:00+00:00,2026-08-29T10:30:00+00:00,Rangpo,27.177,88.533,0.2,3B-HHR-E.MS.MRG.3IMERG.20260829-S100000-E102959.0600.V07C.30min.tif
2026-08-29,2026-08-29T10:00:00+00:00,2026-08-29T10:30:00+00:00,2026-08-29T10:30:00+00:00,Singtam,27.234,88.501,0.2,3B-HHR-E.MS.MRG.3IMERG.20260829-S100000-E102959.0600.V07C.30min.tif
2026-08-29,2026-08-29T10:30:00+00:00,2026-08-29T11:00:00+00:00,2026-08-29T11:00:00+00:00,Rangpo,27.177,88.533,0.1,3B-HHR-E.MS.MRG.3IMERG.20260829-S103000-E105959.0630.V07C.30min.tif
2026-08-29,2026-08-29T10:30:00+00:00,2026-08-29T11:00:00+00:00,2026-08-29T11:00:00+00:00,Singtam,27.234,88.501,0.3,3B-HHR-E.MS.MRG.3IMERG.20260829-S103000-E105959.0630.V07C.30min.tif
2026-08-29,2026-08-29T11:00:00+00:00,2026-08-29T11:30:00+00:00,2026-08-29T11:30:00+00:00,Rangpo,27.177,88.533,0.0,3B-HHR-E.MS.MRG.3IMERG.20260829-S110000-E112959.0660.V07C.30min.tif
2026-08-29,2026-08-29T11:00:00+00:00,2026-08-29T11:30:00+00:00,2026-08-29T11:30:00+00:00,Singtam,27.234,88.501,0.1,3B-HHR-E.MS.MRG.3IMERG.20260829-S110000-E112959.0660.V07C.30min.tif
2026-08-29,2026-08-29T11:30:00+00:00,2026-08-29T12:00:00+00:00,2026-08-29T12:00:00+00:00,Rangpo,27.177,88.533,0.0,3B-HHR-E.MS.MRG.3IMERG.20260829-S113000-E115959.0690.V07C.30min.tif
2026-08-29,2026-08-29T11:30:00+00:00,2026-08-29T12:00:00+00:00,2026-08-29T12:00:00+00:00,Singtam,27.234,88.501,0.0,3B-HHR-E.MS.MRG.3IMERG.20260829-S113000-E115959.0690.V07C.30min.tif
2026-08-29,2026-08-29T12:00:00+00:00,2026-08-29T12:30:00+00:00,2026-08-29T12:30:00+00:00,Rangpo,27.177,88.533,0.2,3B-HHR-E.MS.MRG.3IMERG.20260829-S120000-E122959.0720.V07C.30min.tif
2026-08-29,2026-08-29T12:00:00+00:00,2026-08-29T12:30:00+00:00,2026-08-29T12:30:00+00:00,Singtam,27.234,88.501,0.1,3B-HHR-E.MS.MRG.3IMERG.20260829-S120000-E122959.0720.V07C.30min.tif
2026-08-29,2026-08-29T12:30:00+00:00,2026-08-29T13:00:00+00:00,2026-08-29T13:00:00+00:00,Rangpo,27.177,88.533,0.3,3B-HHR-E.MS.MRG.3IMERG.20260829-S123000-E125959.0750.V07C.30min.tif
2026-08-29,2026-08-29T12:30:00+00:00,2026-08-29T13:00:00+00:00,2026-08-29T13:00:00+00:00,Singtam,27.234,88.501,0.3,3B-HHR-E.MS.MRG.3IMERG.20260829-S123000-E125959.0750.V07C.30min.tif
2026-08-29,2026-08-29T13:00:00+00:00,2026-08-29T13:30:00+00:00,2026-08-29T13:30:00+00:00,Rangpo,27.177,88.533,0.0,3B-HHR-E.MS.MRG.3IMERG.20260829-S130000-E132959.0780.V07C.30min.tif
2026-08-29,2026-08-29T13:00:00+00:00,2026-08-29T13:30:00+00:00,2026-08-29T13:30:00+00:00,Singtam,27.234,88.501,0.0,3B-HHR-E.MS.MRG.3IMERG.20260829-S130000-E132959.0780.V07C.30min.tif
2026-08-29,2026-08-29T13:30:00+00:00,2026-08-29T14:00:00+00:00,2026-08-29T14:00:00+00:00,Rangpo,27.177,88.533,0.0,3B-HHR-E.MS.MRG.3IMERG.20260829-S133000-E135959.0810.V07C.30min.tif
2026-08-29,2026-08-29T13:30:00+00:00,2026-08-29T14:00:00+00:00,2026-08-29T14:00:00+00:00,Singtam,27.234,88.501,0.0,3B-HHR-E.MS.MRG.3IMERG.20260829-S133000-E135959.0810.V07C.30min.tif
2026-08-29,2026-08-29T14:00:00+00:00,2026-08-29T14:30:00+00:00,2026-08-29T14:30:00+00:00,Rangpo,27.177,88.533,0.0,3B-HHR-E.MS.MRG.3IMERG.20260829-S140000-E142959.0840.V07C.30min.tif
2026-08-29,2026-08-29T14:00:00+00:00,2026-08-29T14:30:00+00:00,2026-08-29T14:30:00+00:00,Singtam,27.234,88.501,0.0,3B-HHR-E.MS.MRG.3IMERG.20260829-S140000-E142959.0840.V07C.30min.tif
2026-08-29,2026-08-29T14:30:00+00:00,2026-08-29T15:00:00+00:00,2026-08-29T15:00:00+00:00,Rangpo,27.177,88.533,0.1,3B-HHR-E.MS.MRG.3IMERG.20260829-S143000-E145959.0870.V07C.30min.tif
2026-08-29,2026-08-29T14:30:00+00:00,2026-08-29T15:00:00+00:00,2026-08-29T15:00:00+00:00,Singtam,27.234,88.501,0.1,3B-HHR-E.MS.MRG.3IMERG.20260829-S143000-E145959.0870.V07C.30min.tif
2026-08-29,2026-08-29T15:00:00+00:00,2026-08-29T15:30:00+00:00,2026-08-29T15:30:00+00:00,Rangpo,27.177,88.533,0.1,3B-HHR-E.MS.MRG.3IMERG.20260829-S150000-E152959.0900.V07C.30min.tif
2026-08-29,2026-08-29T15:00:00+00:00,2026-08-29T15:30:00+00:00,2026-08-29T15:30:00+00:00,Singtam,27.234,88.501,0.5,3B-HHR-E.MS.MRG.3IMERG.20260829-S150000-E152959.0900.V07C.30min.tif
2026-08-29,2026-08-29T15:30:00+00:00,2026-08-29T16:00:00+00:00,2026-08-29T16:00:00+00:00,Rangpo,27.177,88.533,0.2,3B-HHR-E.MS.MRG.3IMERG.20260829-S153000-E155959.0930.V07C.30min.tif
2026-08-29,2026-08-29T15:30:00+00:00,2026-08-29T16:00:00+00:00,2026-08-29T16:00:00+00:00,Singtam,27.234,88.501,1.0,3B-HHR-E.MS.MRG.3IMERG.20260829-S153000-E155959.0930.V07C.30min.tif
2026-08-29,2026-08-29T16:00:00+00:00,2026-08-29T16:30:00+00:00,2026-08-29T16:30:00+00:00,Rangpo,27.177,88.533,0.1,3B-HHR-E.MS.MRG.3IMERG.20260829-S160000-E162959.0960.V07C.30min.tif
2026-08-29,2026-08-29T16:00:00+00:00,2026-08-29T16:30:00+00:00,2026-08-29T16:30:00+00:00,Singtam,27.234,88.501,0.6,3B-HHR-E.MS.MRG.3IMERG.20260829-S160000-E162959.0960.V07C.30min.tif
2026-08-29,2026-08-29T16:30:00+00:00,2026-08-29T17:00:00+00:00,2026-08-29T17:00:00+00:00,Rangpo,27.177,88.533,0.1,3B-HHR-E.MS.MRG.3IMERG.20260829-S163000-E165959.0990.V07C.30min.tif
2026-08-29,2026-08-29T16:30:00+00:00,2026-08-29T17:00:00+00:00,2026-08-29T17:00:00+00:00,Singtam,27.234,88.501,0.4,3B-HHR-E.MS.MRG.3IMERG.20260829-S163000-E165959.0990.V07C.30min.tif
2026-08-29,2026-08-29T17:00:00+00:00,2026-08-29T17:30:00+00:00,2026-08-29T17:30:00+00:00,Rangpo,27.177,88.533,0.0,3B-HHR-E.MS.MRG.3IMERG.20260829-S170000-E172959.1020.V07C.30min.tif
2026-08-29,2026-08-29T17:00:00+00:00,2026-08-29T17:30:00+00:00,2026-08-29T17:30:00+00:00,Singtam,27.234,88.501,0.1,3B-HHR-E.MS.MRG.3IMERG.20260829-S170000-E172959.1020.V07C.30min.tif
2026-08-29,2026-08-29T17:30:00+00:00,2026-08-29T18:00:00+00:00,2026-08-29T18:00:00+00:00,Rangpo,27.177,88.533,0.0,3B-HHR-E.MS.MRG.3IMERG.20260829-S173000-E175959.1050.V07C.30min.tif
2026-08-29,2026-08-29T17:30:00+00:00,2026-08-29T18:00:00+00:00,2026-08-29T18:00:00+00:00,Singtam,27.234,88.501,0.1,3B-HHR-E.MS.MRG.3IMERG.20260829-S173000-E175959.1050.V07C.30min.tif
2026-08-29,2026-08-29T18:00:00+00:00,2026-08-29T18:30:00+00:00,2026-08-29T18:30:00+00:00,Rangpo,27.177,88.533,0.0,3B-HHR-E.MS.MRG.3IMERG.20260829-S180000-E182959.1080.V07C.30min.tif
2026-08-29,2026-08-29T18:00:00+00:00,2026-08-29T18:30:00+00:00,2026-08-29T18:30:00+00:00,Singtam,27.234,88.501,0.0,3B-HHR-E.MS.MRG.3IMERG.20260829-S180000-E182959.1080.V07C.30min.tif
2026-08-29,2026-08-29T18:30:00+00:00,2026-08-29T19:00:00+00:00,2026-08-29T19:00:00+00:00,Rangpo,27.177,88.533,0.0,3B-HHR-E.MS.MRG.3IMERG.20260829-S183000-E185959.1110.V07C.30min.tif
2026-08-29,2026-08-29T18:30:00+00:00,2026-08-29T19:00:00+00:00,2026-08-29T19:00:00+00:00,Singtam,27.234,88.501,0.0,3B-HHR-E.MS.MRG.3IMERG.20260829-S183000-E185959.1110.V07C.30min.tif
2026-08-29,2026-08-29T19:00:00+00:00,2026-08-29T19:30:00+00:00,2026-08-29T19:30:00+00:00,Rangpo,27.177,88.533,0.0,3B-HHR-E.MS.MRG.3IMERG.20260829-S190000-E192959.1140.V07C.30min.tif
2026-08-29,2026-08-29T19:00:00+00:00,2026-08-29T19:30:00+00:00,2026-08-29T19:30:00+00:00,Singtam,27.234,88.501,0.0,3B-HHR-E.MS.MRG.3IMERG.20260829-S190000-E192959.1140.V07C.30min.tif
2026-08-29,2026-08-29T19:30:00+00:00,2026-08-29T20:00:00+00:00,2026-08-29T20:00:00+00:00,Rangpo,27.177,88.533,0.0,3B-HHR-E.MS.MRG.3IMERG.20260829-S193000-E195959.1170.V07C.30min.tif
2026-08-29,2026-08-29T19:30:00+00:00,2026-08-29T20:00:00+00:00,2026-08-29T20:00:00+00:00,Singtam,27.234,88.501,0.0,3B-HHR-E.MS.MRG.3IMERG.20260829-S193000-E195959.1170.V07C.30min.tif
2026-08-29,2026-08-29T20:00:00+00:00,2026-08-29T20:30:00+00:00,2026-08-29T20:30:00+00:00,Rangpo,27.177,88.533,0.0,3B-HHR-E.MS.MRG.3IMERG.20260829-S200000-E202959.1200.V07C.30min.tif
2026-08-29,2026-08-29T20:00:00+00:00,2026-08-29T20:30:00+00:00,2026-08-29T20:30:00+00:00,Singtam,27.234,88.501,0.0,3B-HHR-E.MS.MRG.3IMERG.20260829-S200000-E202959.1200.V07C.30min.tif
2026-08-29,2026-08-29T20:30:00+00:00,2026-08-29T21:00:00+00:00,2026-08-29T21:00:00+00:00,Rangpo,27.177,88.533,0.0,3B-HHR-E.MS.MRG.3IMERG.20260829-S203000-E205959.1230.V07C.30min.tif
2026-08-29,2026-08-29T20:30:00+00:00,2026-08-29T21:00:00+00:00,2026-08-29T21:00:00+00:00,Singtam,27.234,88.501,0.0,3B-HHR-E.MS.MRG.3IMERG.20260829-S203000-E205959.1230.V07C.30min.tif
2026-08-29,2026-08-29T21:00:00+00:00,2026-08-29T21:30:00+00:00,2026-08-29T21:30:00+00:00,Rangpo,27.177,88.533,0.0,3B-HHR-E.MS.MRG.3IMERG.20260829-S210000-E212959.1260.V07C.30min.tif
2026-08-29,2026-08-29T21:00:00+00:00,2026-08-29T21:30:00+00:00,2026-08-29T21:30:00+00:00,Singtam,27.234,88.501,0.0,3B-HHR-E.MS.MRG.3IMERG.20260829-S210000-E212959.1260.V07C.30min.tif
2026-08-29,2026-08-29T21:30:00+00:00,2026-08-29T22:00:00+00:00,2026-08-29T22:00:00+00:00,Rangpo,27.177,88.533,0.0,3B-HHR-E.MS.MRG.3IMERG.20260829-S213000-E215959.1290.V07C.30min.tif
2026-08-29,2026-08-29T21:30:00+00:00,2026-08-29T22:00:00+00:00,2026-08-29T22:00:00+00:00,Singtam,27.234,88.501,0.0,3B-HHR-E.MS.MRG.3IMERG.20260829-S213000-E215959.1290.V07C.30min.tif
2026-08-29,2026-08-29T22:00:00+00:00,2026-08-29T22:30:00+00:00,2026-08-29T22:30:00+00:00,Rangpo,27.177,88.533,0.0,3B-HHR-E.MS.MRG.3IMERG.20260829-S220000-E222959.1320.V07C.30min.tif
2026-08-29,2026-08-29T22:00:00+00:00,2026-08-29T22:30:00+00:00,2026-08-29T22:30:00+00:00,Singtam,27.234,88.501,0.0,3B-HHR-E.MS.MRG.3IMERG.20260829-S220000-E222959.1320.V07C.30min.tif
2026-08-29,2026-08-29T22:30:00+00:00,2026-08-29T23:00:00+00:00,2026-08-29T23:00:00+00:00,Rangpo,27.177,88.533,0.0,3B-HHR-E.MS.MRG.3IMERG.20260829-S223000-E225959.1350.V07C.30min.tif
2026-08-29,2026-08-29T22:30:00+00:00,2026-08-29T23:00:00+00:00,2026-08-29T23:00:00+00:00,Singtam,27.234,88.501,0.0,3B-HHR-E.MS.MRG.3IMERG.20260829-S223000-E225959.1350.V07C.30min.tif
2026-08-29,2026-08-29T23:00:00+00:00,2026-08-29T23:30:00+00:00,2026-08-29T23:30:00+00:00,Rangpo,27.177,88.533,0.1,3B-HHR-E.MS.MRG.3IMERG.20260829-S230000-E232959.1380.V07C.30min.tif
2026-08-29,2026-08-29T23:00:00+00:00,2026-08-29T23:30:00+00:00,2026-08-29T23:30:00+00:00,Singtam,27.234,88.501,0.6,3B-HHR-E.MS.MRG.3IMERG.20260829-S230000-E232959.1380.V07C.30min.tif
2026-08-29,2026-08-29T23:30:00+00:00,2026-08-30T00:00:00+00:00,2026-08-30T00:00:00+00:00,Rangpo,27.177,88.533,0.1,3B-HHR-E.MS.MRG.3IMERG.20260829-S233000-E235959.1410.V07C.30min.tif
2026-08-29,2026-08-29T23:30:00+00:00,2026-08-30T00:00:00+00:00,2026-08-30T00:00:00+00:00,Singtam,27.234,88.501,0.6,3B-HHR-E.MS.MRG.3IMERG.20260829-S233000-E235959.1410.V07C.30min.tif
2026-08-30,2026-08-30T00:00:00+00:00,2026-08-30T00:30:00+00:00,2026-08-30T00:30:00+00:00,Rangpo,27.177,88.533,0.0,3B-HHR-E.MS.MRG.3IMERG.20260830-S000000-E002959.0000.V07C.30min.tif
2026-08-30,2026-08-30T00:00:00+00:00,2026-08-30T00:30:00+00:00,2026-08-30T00:30:00+00:00,Singtam,27.234,88.501,0.0,3B-HHR-E.MS.MRG.3IMERG.20260830-S000000-E002959.0000.V07C.30min.tif
2026-08-30,2026-08-30T00:30:00+00:00,2026-08-30T01:00:00+00:00,2026-08-30T01:00:00+00:00,Rangpo,27.177,88.533,0.0,3B-HHR-E.MS.MRG.3IMERG.20260830-S003000-E005959.0030.V07C.30min.tif
2026-08-30,2026-08-30T00:30:00+00:00,2026-08-30T01:00:00+00:00,2026-08-30T01:00:00+00:00,Singtam,27.234,88.501,0.0,3B-HHR-E.MS.MRG.3IMERG.20260830-S003000-E005959.0030.V07C.30min.tif
2026-08-30,2026-08-30T01:00:00+00:00,2026-08-30T01:30:00+00:00,2026-08-30T01:30:00+00:00,Rangpo,27.177,88.533,0.0,3B-HHR-E.MS.MRG.3IMERG.20260830-S010000-E012959.0060.V07C.30min.tif
2026-08-30,2026-08-30T01:00:00+00:00,2026-08-30T01:30:00+00:00,2026-08-30T01:30:00+00:00,Singtam,27.234,88.501,0.0,3B-HHR-E.MS.MRG.3IMERG.20260830-S010000-E012959.0060.V07C.30min.tif
2026-08-30,2026-08-30T01:30:00+00:00,2026-08-30T02:00:00+00:00,2026-08-30T02:00:00+00:00,Rangpo,27.177,88.533,0.0,3B-HHR-E.MS.MRG.3IMERG.20260830-S013000-E015959.0090.V07C.30min.tif
2026-08-30,2026-08-30T01:30:00+00:00,2026-08-30T02:00:00+00:00,2026-08-30T02:00:00+00:00,Singtam,27.234,88.501,0.0,3B-HHR-E.MS.MRG.3IMERG.20260830-S013000-E015959.0090.V07C.30min.tif
2026-08-30,2026-08-30T02:00:00+00:00,2026-08-30T02:30:00+00:00,2026-08-30T02:30:00+00:00,Rangpo,27.177,88.533,0.0,3B-HHR-E.MS.MRG.3IMERG.20260830-S020000-E022959.0120.V07C.30min.tif
2026-08-30,2026-08-30T02:00:00+00:00,2026-08-30T02:30:00+00:00,2026-08-30T02:30:00+00:00,Singtam,27.234,88.501,0.0,3B-HHR-E.MS.MRG.3IMERG.20260830-S020000-E022959.0120.V07C.30min.tif
2026-08-30,2026-08-30T02:30:00+00:00,2026-08-30T03:00:00+00:00,2026-08-30T03:00:00+00:00,Rangpo,27.177,88.533,0.0,3B-HHR-E.MS.MRG.3IMERG.20260830-S023000-E025959.0150.V07C.30min.tif
2026-08-30,2026-08-30T02:30:00+00:00,2026-08-30T03:00:00+00:00,2026-08-30T03:00:00+00:00,Singtam,27.234,88.501,0.0,3B-HHR-E.MS.MRG.3IMERG.20260830-S023000-E025959.0150.V07C.30min.tif
2026-08-30,2026-08-30T03:00:00+00:00,2026-08-30T03:30:00+00:00,2026-08-30T03:30:00+00:00,Rangpo,27.177,88.533,0.0,3B-HHR-E.MS.MRG.3IMERG.20260830-S030000-E032959.0180.V07C.30min.tif
2026-08-30,2026-08-30T03:00:00+00:00,2026-08-30T03:30:00+00:00,2026-08-30T03:30:00+00:00,Singtam,27.234,88.501,0.0,3B-HHR-E.MS.MRG.3IMERG.20260830-S030000-E032959.0180.V07C.30min.tif
2026-08-30,2026-08-30T03:30:00+00:00,2026-08-30T04:00:00+00:00,2026-08-30T04:00:00+00:00,Rangpo,27.177,88.533,0.0,3B-HHR-E.MS.MRG.3IMERG.20260830-S033000-E035959.0210.V07C.30min.tif
2026-08-30,2026-08-30T03:30:00+00:00,2026-08-30T04:00:00+00:00,2026-08-30T04:00:00+00:00,Singtam,27.234,88.501,0.0,3B-HHR-E.MS.MRG.3IMERG.20260830-S033000-E035959.0210.V07C.30min.tif
2026-08-30,2026-08-30T04:00:00+00:00,2026-08-30T04:30:00+00:00,2026-08-30T04:30:00+00:00,Rangpo,27.177,88.533,0.0,3B-HHR-E.MS.MRG.3IMERG.20260830-S040000-E042959.0240.V07C.30min.tif
2026-08-30,2026-08-30T04:00:00+00:00,2026-08-30T04:30:00+00:00,2026-08-30T04:30:00+00:00,Singtam,27.234,88.501,0.0,3B-HHR-E.MS.MRG.3IMERG.20260830-S040000-E042959.0240.V07C.30min.tif
2026-08-30,2026-08-30T04:30:00+00:00,2026-08-30T05:00:00+00:00,2026-08-30T05:00:00+00:00,Rangpo,27.177,88.533,0.0,3B-HHR-E.MS.MRG.3IMERG.20260830-S043000-E045959.0270.V07C.30min.tif
2026-08-30,2026-08-30T04:30:00+00:00,2026-08-30T05:00:00+00:00,2026-08-30T05:00:00+00:00,Singtam,27.234,88.501,0.0,3B-HHR-E.MS.MRG.3IMERG.20260830-S043000-E045959.0270.V07C.30min.tif
2026-08-30,2026-08-30T05:00:00+00:00,2026-08-30T05:30:00+00:00,2026-08-30T05:30:00+00:00,Rangpo,27.177,88.533,0.0,3B-HHR-E.MS.MRG.3IMERG.20260830-S050000-E052959.0300.V07C.30min.tif
2026-08-30,2026-08-30T05:00:00+00:00,2026-08-30T05:30:00+00:00,2026-08-30T05:30:00+00:00,Singtam,27.234,88.501,0.0,3B-HHR-E.MS.MRG.3IMERG.20260830-S050000-E052959.0300.V07C.30min.tif
2026-08-30,2026-08-30T05:30:00+00:00,2026-08-30T06:00:00+00:00,2026-08-30T06:00:00+00:00,Rangpo,27.177,88.533,0.0,3B-HHR-E.MS.MRG.3IMERG.20260830-S053000-E055959.0330.V07C.30min.tif
2026-08-30,2026-08-30T05:30:00+00:00,2026-08-30T06:00:00+00:00,2026-08-30T06:00:00+00:00,Singtam,27.234,88.501,0.0,3B-HHR-E.MS.MRG.3IMERG.20260830-S053000-E055959.0330.V07C.30min.tif
2026-08-30,2026-08-30T06:00:00+00:00,2026-08-30T06:30:00+00:00,2026-08-30T06:30:00+00:00,Rangpo,27.177,88.533,0.0,3B-HHR-E.MS.MRG.3IMERG.20260830-S060000-E062959.0360.V07C.30min.tif
2026-08-30,2026-08-30T06:00:00+00:00,2026-08-30T06:30:00+00:00,2026-08-30T06:30:00+00:00,Singtam,27.234,88.501,0.0,3B-HHR-E.MS.MRG.3IMERG.20260830-S060000-E062959.0360.V07C.30min.tif
2026-08-30,2026-08-30T06:30:00+00:00,2026-08-30T07:00:00+00:00,2026-08-30T07:00:00+00:00,Rangpo,27.177,88.533,0.2,3B-HHR-E.MS.MRG.3IMERG.20260830-S063000-E065959.0390.V07C.30min.tif
2026-08-30,2026-08-30T06:30:00+00:00,2026-08-30T07:00:00+00:00,2026-08-30T07:00:00+00:00,Singtam,27.234,88.501,0.1,3B-HHR-E.MS.MRG.3IMERG.20260830-S063000-E065959.0390.V07C.30min.tif
2026-08-30,2026-08-30T07:00:00+00:00,2026-08-30T07:30:00+00:00,2026-08-30T07:30:00+00:00,Rangpo,27.177,88.533,0.3,3B-HHR-E.MS.MRG.3IMERG.20260830-S070000-E072959.0420.V07C.30min.tif
2026-08-30,2026-08-30T07:00:00+00:00,2026-08-30T07:30:00+00:00,2026-08-30T07:30:00+00:00,Singtam,27.234,88.501,0.1,3B-HHR-E.MS.MRG.3IMERG.20260830-S070000-E072959.0420.V07C.30min.tif
2026-08-30,2026-08-30T07:30:00+00:00,2026-08-30T08:00:00+00:00,2026-08-30T08:00:00+00:00,Rangpo,27.177,88.533,0.3,3B-HHR-E.MS.MRG.3IMERG.20260830-S073000-E075959.0450.V07C.30min.tif
2026-08-30,2026-08-30T07:30:00+00:00,2026-08-30T08:00:00+00:00,2026-08-30T08:00:00+00:00,Singtam,27.234,88.501,0.4,3B-HHR-E.MS.MRG.3IMERG.20260830-S073000-E075959.0450.V07C.30min.tif
2026-08-30,2026-08-30T08:00:00+00:00,2026-08-30T08:30:00+00:00,2026-08-30T08:30:00+00:00,Rangpo,27.177,88.533,0.2,3B-HHR-E.MS.MRG.3IMERG.20260830-S080000-E082959.0480.V07C.30min.tif
2026-08-30,2026-08-30T08:00:00+00:00,2026-08-30T08:30:00+00:00,2026-08-30T08:30:00+00:00,Singtam,27.234,88.501,0.6,3B-HHR-E.MS.MRG.3IMERG.20260830-S080000-E082959.0480.V07C.30min.tif
2026-08-30,2026-08-30T08:30:00+00:00,2026-08-30T09:00:00+00:00,2026-08-30T09:00:00+00:00,Rangpo,27.177,88.533,0.1,3B-HHR-E.MS.MRG.3IMERG.20260830-S083000-E085959.0510.V07C.30min.tif
2026-08-30,2026-08-30T08:30:00+00:00,2026-08-30T09:00:00+00:00,2026-08-30T09:00:00+00:00,Singtam,27.234,88.501,0.3,3B-HHR-E.MS.MRG.3IMERG.20260830-S083000-E085959.0510.V07C.30min.tif
2026-08-30,2026-08-30T09:00:00+00:00,2026-08-30T09:30:00+00:00,2026-08-30T09:30:00+00:00,Rangpo,27.177,88.533,0.3,3B-HHR-E.MS.MRG.3IMERG.20260830-S090000-E092959.0540.V07C.30min.tif
2026-08-30,2026-08-30T09:00:00+00:00,2026-08-30T09:30:00+00:00,2026-08-30T09:30:00+00:00,Singtam,27.234,88.501,0.2,3B-HHR-E.MS.MRG.3IMERG.20260830-S090000-E092959.0540.V07C.30min.tif
2026-08-30,2026-08-30T09:30:00+00:00,2026-08-30T10:00:00+00:00,2026-08-30T10:00:00+00:00,Rangpo,27.177,88.533,2.6,3B-HHR-E.MS.MRG.3IMERG.20260830-S093000-E095959.0570.V07C.30min.tif
2026-08-30,2026-08-30T09:30:00+00:00,2026-08-30T10:00:00+00:00,2026-08-30T10:00:00+00:00,Singtam,27.234,88.501,1.6,3B-HHR-E.MS.MRG.3IMERG.20260830-S093000-E095959.0570.V07C.30min.tif
2026-08-30,2026-08-30T10:00:00+00:00,2026-08-30T10:30:00+00:00,2026-08-30T10:30:00+00:00,Rangpo,27.177,88.533,2.9,3B-HHR-E.MS.MRG.3IMERG.20260830-S100000-E102959.0600.V07C.30min.tif
2026-08-30,2026-08-30T10:00:00+00:00,2026-08-30T10:30:00+00:00,2026-08-30T10:30:00+00:00,Singtam,27.234,88.501,2.0,3B-HHR-E.MS.MRG.3IMERG.20260830-S100000-E102959.0600.V07C.30min.tif
2026-08-30,2026-08-30T10:30:00+00:00,2026-08-30T11:00:00+00:00,2026-08-30T11:00:00+00:00,Rangpo,27.177,88.533,2.0,3B-HHR-E.MS.MRG.3IMERG.20260830-S103000-E105959.0630.V07C.30min.tif
2026-08-30,2026-08-30T10:30:00+00:00,2026-08-30T11:00:00+00:00,2026-08-30T11:00:00+00:00,Singtam,27.234,88.501,1.7,3B-HHR-E.MS.MRG.3IMERG.20260830-S103000-E105959.0630.V07C.30min.tif
2026-08-30,2026-08-30T11:00:00+00:00,2026-08-30T11:30:00+00:00,2026-08-30T11:30:00+00:00,Rangpo,27.177,88.533,2.2,3B-HHR-E.MS.MRG.3IMERG.20260830-S110000-E112959.0660.V07C.30min.tif
2026-08-30,2026-08-30T11:00:00+00:00,2026-08-30T11:30:00+00:00,2026-08-30T11:30:00+00:00,Singtam,27.234,88.501,1.3,3B-HHR-E.MS.MRG.3IMERG.20260830-S110000-E112959.0660.V07C.30min.tif
2026-08-30,2026-08-30T11:30:00+00:00,2026-08-30T12:00:00+00:00,2026-08-30T12:00:00+00:00,Rangpo,27.177,88.533,0.2,3B-HHR-E.MS.MRG.3IMERG.20260830-S113000-E115959.0690.V07C.30min.tif
2026-08-30,2026-08-30T11:30:00+00:00,2026-08-30T12:00:00+00:00,2026-08-30T12:00:00+00:00,Singtam,27.234,88.501,0.2,3B-HHR-E.MS.MRG.3IMERG.20260830-S113000-E115959.0690.V07C.30min.tif
2026-08-30,2026-08-30T12:00:00+00:00,2026-08-30T12:30:00+00:00,2026-08-30T12:30:00+00:00,Rangpo,27.177,88.533,0.0,3B-HHR-E.MS.MRG.3IMERG.20260830-S120000-E122959.0720.V07C.30min.tif
2026-08-30,2026-08-30T12:00:00+00:00,2026-08-30T12:30:00+00:00,2026-08-30T12:30:00+00:00,Singtam,27.234,88.501,0.1,3B-HHR-E.MS.MRG.3IMERG.20260830-S120000-E122959.0720.V07C.30min.tif
2026-08-30,2026-08-30T12:30:00+00:00,2026-08-30T13:00:00+00:00,2026-08-30T13:00:00+00:00,Rangpo,27.177,88.533,0.0,3B-HHR-E.MS.MRG.3IMERG.20260830-S123000-E125959.0750.V07C.30min.tif
2026-08-30,2026-08-30T12:30:00+00:00,2026-08-30T13:00:00+00:00,2026-08-30T13:00:00+00:00,Singtam,27.234,88.501,0.0,3B-HHR-E.MS.MRG.3IMERG.20260830-S123000-E125959.0750.V07C.30min.tif
2026-08-30,2026-08-30T13:00:00+00:00,2026-08-30T13:30:00+00:00,2026-08-30T13:30:00+00:00,Rangpo,27.177,88.533,0.0,3B-HHR-E.MS.MRG.3IMERG.20260830-S130000-E132959.0780.V07C.30min.tif
2026-08-30,2026-08-30T13:00:00+00:00,2026-08-30T13:30:00+00:00,2026-08-30T13:30:00+00:00,Singtam,27.234,88.501,0.0,3B-HHR-E.MS.MRG.3IMERG.20260830-S130000-E132959.0780.V07C.30min.tif
2026-08-30,2026-08-30T13:30:00+00:00,2026-08-30T14:00:00+00:00,2026-08-30T14:00:00+00:00,Rangpo,27.177,88.533,0.0,3B-HHR-E.MS.MRG.3IMERG.20260830-S133000-E135959.0810.V07C.30min.tif
2026-08-30,2026-08-30T13:30:00+00:00,2026-08-30T14:00:00+00:00,2026-08-30T14:00:00+00:00,Singtam,27.234,88.501,0.0,3B-HHR-E.MS.MRG.3IMERG.20260830-S133000-E135959.0810.V07C.30min.tif
2026-08-30,2026-08-30T14:00:00+00:00,2026-08-30T14:30:00+00:00,2026-08-30T14:30:00+00:00,Rangpo,27.177,88.533,0.0,3B-HHR-E.MS.MRG.3IMERG.20260830-S140000-E142959.0840.V07C.30min.tif
2026-08-30,2026-08-30T14:00:00+00:00,2026-08-30T14:30:00+00:00,2026-08-30T14:30:00+00:00,Singtam,27.234,88.501,0.0,3B-HHR-E.MS.MRG.3IMERG.20260830-S140000-E142959.0840.V07C.30min.tif
2026-08-30,2026-08-30T14:30:00+00:00,2026-08-30T15:00:00+00:00,2026-08-30T15:00:00+00:00,Rangpo,27.177,88.533,0.0,3B-HHR-E.MS.MRG.3IMERG.20260830-S143000-E145959.0870.V07C.30min.tif
2026-08-30,2026-08-30T14:30:00+00:00,2026-08-30T15:00:00+00:00,2026-08-30T15:00:00+00:00,Singtam,27.234,88.501,0.1,3B-HHR-E.MS.MRG.3IMERG.20260830-S143000-E145959.0870.V07C.30min.tif
2026-08-30,2026-08-30T15:00:00+00:00,2026-08-30T15:30:00+00:00,2026-08-30T15:30:00+00:00,Rangpo,27.177,88.533,0.0,3B-HHR-E.MS.MRG.3IMERG.20260830-S150000-E152959.0900.V07C.30min.tif
2026-08-30,2026-08-30T15:00:00+00:00,2026-08-30T15:30:00+00:00,2026-08-30T15:30:00+00:00,Singtam,27.234,88.501,0.2,3B-HHR-E.MS.MRG.3IMERG.20260830-S150000-E152959.0900.V07C.30min.tif
2026-08-30,2026-08-30T15:30:00+00:00,2026-08-30T16:00:00+00:00,2026-08-30T16:00:00+00:00,Rangpo,27.177,88.533,0.0,3B-HHR-E.MS.MRG.3IMERG.20260830-S153000-E155959.0930.V07C.30min.tif
2026-08-30,2026-08-30T15:30:00+00:00,2026-08-30T16:00:00+00:00,2026-08-30T16:00:00+00:00,Singtam,27.234,88.501,0.1,3B-HHR-E.MS.MRG.3IMERG.20260830-S153000-E155959.0930.V07C.30min.tif
2026-08-30,2026-08-30T16:00:00+00:00,2026-08-30T16:30:00+00:00,2026-08-30T16:30:00+00:00,Rangpo,27.177,88.533,0.0,3B-HHR-E.MS.MRG.3IMERG.20260830-S160000-E162959.0960.V07C.30min.tif
2026-08-30,2026-08-30T16:00:00+00:00,2026-08-30T16:30:00+00:00,2026-08-30T16:30:00+00:00,Singtam,27.234,88.501,0.4,3B-HHR-E.MS.MRG.3IMERG.20260830-S160000-E162959.0960.V07C.30min.tif
2026-08-30,2026-08-30T16:30:00+00:00,2026-08-30T17:00:00+00:00,2026-08-30T17:00:00+00:00,Rangpo,27.177,88.533,0.1,3B-HHR-E.MS.MRG.3IMERG.20260830-S163000-E165959.0990.V07C.30min.tif
2026-08-30,2026-08-30T16:30:00+00:00,2026-08-30T17:00:00+00:00,2026-08-30T17:00:00+00:00,Singtam,27.234,88.501,0.5,3B-HHR-E.MS.MRG.3IMERG.20260830-S163000-E165959.0990.V07C.30min.tif
2026-08-30,2026-08-30T17:00:00+00:00,2026-08-30T17:30:00+00:00,2026-08-30T17:30:00+00:00,Rangpo,27.177,88.533,0.1,3B-HHR-E.MS.MRG.3IMERG.20260830-S170000-E172959.1020.V07C.30min.tif
2026-08-30,2026-08-30T17:00:00+00:00,2026-08-30T17:30:00+00:00,2026-08-30T17:30:00+00:00,Singtam,27.234,88.501,0.1,3B-HHR-E.MS.MRG.3IMERG.20260830-S170000-E172959.1020.V07C.30min.tif
2026-08-30,2026-08-30T17:30:00+00:00,2026-08-30T18:00:00+00:00,2026-08-30T18:00:00+00:00,Rangpo,27.177,88.533,0.1,3B-HHR-E.MS.MRG.3IMERG.20260830-S173000-E175959.1050.V07C.30min.tif
2026-08-30,2026-08-30T17:30:00+00:00,2026-08-30T18:00:00+00:00,2026-08-30T18:00:00+00:00,Singtam,27.234,88.501,0.1,3B-HHR-E.MS.MRG.3IMERG.20260830-S173000-E175959.1050.V07C.30min.tif
2026-08-30,2026-08-30T18:00:00+00:00,2026-08-30T18:30:00+00:00,2026-08-30T18:30:00+00:00,Rangpo,27.177,88.533,1.0,3B-HHR-E.MS.MRG.3IMERG.20260830-S180000-E182959.1080.V07C.30min.tif
2026-08-30,2026-08-30T18:00:00+00:00,2026-08-30T18:30:00+00:00,2026-08-30T18:30:00+00:00,Singtam,27.234,88.501,3.3,3B-HHR-E.MS.MRG.3IMERG.20260830-S180000-E182959.1080.V07C.30min.tif
2026-08-30,2026-08-30T18:30:00+00:00,2026-08-30T19:00:00+00:00,2026-08-30T19:00:00+00:00,Rangpo,27.177,88.533,1.1,3B-HHR-E.MS.MRG.3IMERG.20260830-S183000-E185959.1110.V07C.30min.tif
2026-08-30,2026-08-30T18:30:00+00:00,2026-08-30T19:00:00+00:00,2026-08-30T19:00:00+00:00,Singtam,27.234,88.501,3.3,3B-HHR-E.MS.MRG.3IMERG.20260830-S183000-E185959.1110.V07C.30min.tif
2026-08-30,2026-08-30T19:00:00+00:00,2026-08-30T19:30:00+00:00,2026-08-30T19:30:00+00:00,Rangpo,27.177,88.533,5.5,3B-HHR-E.MS.MRG.3IMERG.20260830-S190000-E192959.1140.V07C.30min.tif
2026-08-30,2026-08-30T19:00:00+00:00,2026-08-30T19:30:00+00:00,2026-08-30T19:30:00+00:00,Singtam,27.234,88.501,6.5,3B-HHR-E.MS.MRG.3IMERG.20260830-S190000-E192959.1140.V07C.30min.tif
2026-08-30,2026-08-30T19:30:00+00:00,2026-08-30T20:00:00+00:00,2026-08-30T20:00:00+00:00,Rangpo,27.177,88.533,0.1,3B-HHR-E.MS.MRG.3IMERG.20260830-S193000-E195959.1170.V07C.30min.tif
2026-08-30,2026-08-30T19:30:00+00:00,2026-08-30T20:00:00+00:00,2026-08-30T20:00:00+00:00,Singtam,27.234,88.501,0.0,3B-HHR-E.MS.MRG.3IMERG.20260830-S193000-E195959.1170.V07C.30min.tif
2026-08-30,2026-08-30T20:00:00+00:00,2026-08-30T20:30:00+00:00,2026-08-30T20:30:00+00:00,Rangpo,27.177,88.533,0.1,3B-HHR-E.MS.MRG.3IMERG.20260830-S200000-E202959.1200.V07C.30min.tif
2026-08-30,2026-08-30T20:00:00+00:00,2026-08-30T20:30:00+00:00,2026-08-30T20:30:00+00:00,Singtam,27.234,88.501,0.1,3B-HHR-E.MS.MRG.3IMERG.20260830-S200000-E202959.1200.V07C.30min.tif
2026-08-30,2026-08-30T20:30:00+00:00,2026-08-30T21:00:00+00:00,2026-08-30T21:00:00+00:00,Rangpo,27.177,88.533,0.1,3B-HHR-E.MS.MRG.3IMERG.20260830-S203000-E205959.1230.V07C.30min.tif
2026-08-30,2026-08-30T20:30:00+00:00,2026-08-30T21:00:00+00:00,2026-08-30T21:00:00+00:00,Singtam,27.234,88.501,0.0,3B-HHR-E.MS.MRG.3IMERG.20260830-S203000-E205959.1230.V07C.30min.tif
2026-08-30,2026-08-30T21:00:00+00:00,2026-08-30T21:30:00+00:00,2026-08-30T21:30:00+00:00,Rangpo,27.177,88.533,0.5,3B-HHR-E.MS.MRG.3IMERG.20260830-S210000-E212959.1260.V07C.30min.tif
2026-08-30,2026-08-30T21:00:00+00:00,2026-08-30T21:30:00+00:00,2026-08-30T21:30:00+00:00,Singtam,27.234,88.501,0.1,3B-HHR-E.MS.MRG.3IMERG.20260830-S210000-E212959.1260.V07C.30min.tif
2026-08-30,2026-08-30T21:30:00+00:00,2026-08-30T22:00:00+00:00,2026-08-30T22:00:00+00:00,Rangpo,27.177,88.533,0.5,3B-HHR-E.MS.MRG.3IMERG.20260830-S213000-E215959.1290.V07C.30min.tif
2026-08-30,2026-08-30T21:30:00+00:00,2026-08-30T22:00:00+00:00,2026-08-30T22:00:00+00:00,Singtam,27.234,88.501,0.1,3B-HHR-E.MS.MRG.3IMERG.20260830-S213000-E215959.1290.V07C.30min.tif
2026-08-30,2026-08-30T22:00:00+00:00,2026-08-30T22:30:00+00:00,2026-08-30T22:30:00+00:00,Rangpo,27.177,88.533,0.1,3B-HHR-E.MS.MRG.3IMERG.20260830-S220000-E222959.1320.V07C.30min.tif
2026-08-30,2026-08-30T22:00:00+00:00,2026-08-30T22:30:00+00:00,2026-08-30T22:30:00+00:00,Singtam,27.234,88.501,0.1,3B-HHR-E.MS.MRG.3IMERG.20260830-S220000-E222959.1320.V07C.30min.tif
2026-08-30,2026-08-30T22:30:00+00:00,2026-08-30T23:00:00+00:00,2026-08-30T23:00:00+00:00,Rangpo,27.177,88.533,0.1,3B-HHR-E.MS.MRG.3IMERG.20260830-S223000-E225959.1350.V07C.30min.tif
2026-08-30,2026-08-30T22:30:00+00:00,2026-08-30T23:00:00+00:00,2026-08-30T23:00:00+00:00,Singtam,27.234,88.501,0.0,3B-HHR-E.MS.MRG.3IMERG.20260830-S223000-E225959.1350.V07C.30min.tif
2026-08-30,2026-08-30T23:00:00+00:00,2026-08-30T23:30:00+00:00,2026-08-30T23:30:00+00:00,Rangpo,27.177,88.533,0.0,3B-HHR-E.MS.MRG.3IMERG.20260830-S230000-E232959.1380.V07C.30min.tif
2026-08-30,2026-08-30T23:00:00+00:00,2026-08-30T23:30:00+00:00,2026-08-30T23:30:00+00:00,Singtam,27.234,88.501,0.0,3B-HHR-E.MS.MRG.3IMERG.20260830-S230000-E232959.1380.V07C.30min.tif
2026-08-30,2026-08-30T23:30:00+00:00,2026-08-31T00:00:00+00:00,2026-08-31T00:00:00+00:00,Rangpo,27.177,88.533,0.0,3B-HHR-E.MS.MRG.3IMERG.20260830-S233000-E235959.1410.V07C.30min.tif
2026-08-30,2026-08-30T23:30:00+00:00,2026-08-31T00:00:00+00:00,2026-08-31T00:00:00+00:00,Singtam,27.234,88.501,0.0,3B-HHR-E.MS.MRG.3IMERG.20260830-S233000-E235959.1410.V07C.30min.tif
2026-08-31,2026-08-31T00:00:00+00:00,2026-08-31T00:30:00+00:00,2026-08-31T00:30:00+00:00,Rangpo,27.177,88.533,0.0,3B-HHR-E.MS.MRG.3IMERG.20260831-S000000-E002959.0000.V07C.30min.tif
2026-08-31,2026-08-31T00:00:00+00:00,2026-08-31T00:30:00+00:00,2026-08-31T00:30:00+00:00,Singtam,27.234,88.501,0.7,3B-HHR-E.MS.MRG.3IMERG.20260831-S000000-E002959.0000.V07C.30min.tif
2026-08-31,2026-08-31T00:30:00+00:00,2026-08-31T01:00:00+00:00,2026-08-31T01:00:00+00:00,Rangpo,27.177,88.533,0.0,3B-HHR-E.MS.MRG.3IMERG.20260831-S003000-E005959.0030.V07C.30min.tif
2026-08-31,2026-08-31T00:30:00+00:00,2026-08-31T01:00:00+00:00,2026-08-31T01:00:00+00:00,Singtam,27.234,88.501,0.7,3B-HHR-E.MS.MRG.3IMERG.20260831-S003000-E005959.0030.V07C.30min.tif
2026-08-31,2026-08-31T01:00:00+00:00,2026-08-31T01:30:00+00:00,2026-08-31T01:30:00+00:00,Rangpo,27.177,88.533,1.6,3B-HHR-E.MS.MRG.3IMERG.20260831-S010000-E012959.0060.V07C.30min.tif
2026-08-31,2026-08-31T01:00:00+00:00,2026-08-31T01:30:00+00:00,2026-08-31T01:30:00+00:00,Singtam,27.234,88.501,2.7,3B-HHR-E.MS.MRG.3IMERG.20260831-S010000-E012959.0060.V07C.30min.tif
2026-08-31,2026-08-31T01:30:00+00:00,2026-08-31T02:00:00+00:00,2026-08-31T02:00:00+00:00,Rangpo,27.177,88.533,1.6,3B-HHR-E.MS.MRG.3IMERG.20260831-S013000-E015959.0090.V07C.30min.tif
2026-08-31,2026-08-31T01:30:00+00:00,2026-08-31T02:00:00+00:00,2026-08-31T02:00:00+00:00,Singtam,27.234,88.501,2.7,3B-HHR-E.MS.MRG.3IMERG.20260831-S013000-E015959.0090.V07C.30min.tif
2026-08-31,2026-08-31T02:00:00+00:00,2026-08-31T02:30:00+00:00,2026-08-31T02:30:00+00:00,Rangpo,27.177,88.533,1.0,3B-HHR-E.MS.MRG.3IMERG.20260831-S020000-E022959.0120.V07C.30min.tif
2026-08-31,2026-08-31T02:00:00+00:00,2026-08-31T02:30:00+00:00,2026-08-31T02:30:00+00:00,Singtam,27.234,88.501,0.8,3B-HHR-E.MS.MRG.3IMERG.20260831-S020000-E022959.0120.V07C.30min.tif
2026-08-31,2026-08-31T02:30:00+00:00,2026-08-31T03:00:00+00:00,2026-08-31T03:00:00+00:00,Rangpo,27.177,88.533,0.1,3B-HHR-E.MS.MRG.3IMERG.20260831-S023000-E025959.0150.V07C.30min.tif
2026-08-31,2026-08-31T02:30:00+00:00,2026-08-31T03:00:00+00:00,2026-08-31T03:00:00+00:00,Singtam,27.234,88.501,0.5,3B-HHR-E.MS.MRG.3IMERG.20260831-S023000-E025959.0150.V07C.30min.tif
2026-08-31,2026-08-31T03:00:00+00:00,2026-08-31T03:30:00+00:00,2026-08-31T03:30:00+00:00,Rangpo,27.177,88.533,0.1,3B-HHR-E.MS.MRG.3IMERG.20260831-S030000-E032959.0180.V07C.30min.tif
2026-08-31,2026-08-31T03:00:00+00:00,2026-08-31T03:30:00+00:00,2026-08-31T03:30:00+00:00,Singtam,27.234,88.501,0.3,3B-HHR-E.MS.MRG.3IMERG.20260831-S030000-E032959.0180.V07C.30min.tif
2026-08-31,2026-08-31T03:30:00+00:00,2026-08-31T04:00:00+00:00,2026-08-31T04:00:00+00:00,Rangpo,27.177,88.533,0.1,3B-HHR-E.MS.MRG.3IMERG.20260831-S033000-E035959.0210.V07C.30min.tif
2026-08-31,2026-08-31T03:30:00+00:00,2026-08-31T04:00:00+00:00,2026-08-31T04:00:00+00:00,Singtam,27.234,88.501,0.1,3B-HHR-E.MS.MRG.3IMERG.20260831-S033000-E035959.0210.V07C.30min.tif
2026-08-31,2026-08-31T04:00:00+00:00,2026-08-31T04:30:00+00:00,2026-08-31T04:30:00+00:00,Rangpo,27.177,88.533,0.0,3B-HHR-E.MS.MRG.3IMERG.20260831-S040000-E042959.0240.V07C.30min.tif
2026-08-31,2026-08-31T04:00:00+00:00,2026-08-31T04:30:00+00:00,2026-08-31T04:30:00+00:00,Singtam,27.234,88.501,0.1,3B-HHR-E.MS.MRG.3IMERG.20260831-S040000-E042959.0240.V07C.30min.tif
2026-08-31,2026-08-31T04:30:00+00:00,2026-08-31T05:00:00+00:00,2026-08-31T05:00:00+00:00,Rangpo,27.177,88.533,0.0,3B-HHR-E.MS.MRG.3IMERG.20260831-S043000-E045959.0270.V07C.30min.tif
2026-08-31,2026-08-31T04:30:00+00:00,2026-08-31T05:00:00+00:00,2026-08-31T05:00:00+00:00,Singtam,27.234,88.501,0.0,3B-HHR-E.MS.MRG.3IMERG.20260831-S043000-E045959.0270.V07C.30min.tif
2026-08-31,2026-08-31T05:00:00+00:00,2026-08-31T05:30:00+00:00,2026-08-31T05:30:00+00:00,Rangpo,27.177,88.533,0.0,3B-HHR-E.MS.MRG.3IMERG.20260831-S050000-E052959.0300.V07C.30min.tif
2026-08-31,2026-08-31T05:00:00+00:00,2026-08-31T05:30:00+00:00,2026-08-31T05:30:00+00:00,Singtam,27.234,88.501,0.0,3B-HHR-E.MS.MRG.3IMERG.20260831-S050000-E052959.0300.V07C.30min.tif
2026-08-31,2026-08-31T05:30:00+00:00,2026-08-31T06:00:00+00:00,2026-08-31T06:00:00+00:00,Rangpo,27.177,88.533,0.0,3B-HHR-E.MS.MRG.3IMERG.20260831-S053000-E055959.0330.V07C.30min.tif
2026-08-31,2026-08-31T05:30:00+00:00,2026-08-31T06:00:00+00:00,2026-08-31T06:00:00+00:00,Singtam,27.234,88.501,0.0,3B-HHR-E.MS.MRG.3IMERG.20260831-S053000-E055959.0330.V07C.30min.tif
2026-08-31,2026-08-31T06:00:00+00:00,2026-08-31T06:30:00+00:00,2026-08-31T06:30:00+00:00,Rangpo,27.177,88.533,0.0,3B-HHR-E.MS.MRG.3IMERG.20260831-S060000-E062959.0360.V07C.30min.tif
2026-08-31,2026-08-31T06:00:00+00:00,2026-08-31T06:30:00+00:00,2026-08-31T06:30:00+00:00,Singtam,27.234,88.501,0.0,3B-HHR-E.MS.MRG.3IMERG.20260831-S060000-E062959.0360.V07C.30min.tif
2026-08-31,2026-08-31T06:30:00+00:00,2026-08-31T07:00:00+00:00,2026-08-31T07:00:00+00:00,Rangpo,27.177,88.533,0.0,3B-HHR-E.MS.MRG.3IMERG.20260831-S063000-E065959.0390.V07C.30min.tif
2026-08-31,2026-08-31T06:30:00+00:00,2026-08-31T07:00:00+00:00,2026-08-31T07:00:00+00:00,Singtam,27.234,88.501,0.0,3B-HHR-E.MS.MRG.3IMERG.20260831-S063000-E065959.0390.V07C.30min.tif
2026-08-31,2026-08-31T07:00:00+00:00,2026-08-31T07:30:00+00:00,2026-08-31T07:30:00+00:00,Rangpo,27.177,88.533,0.0,3B-HHR-E.MS.MRG.3IMERG.20260831-S070000-E072959.0420.V07C.30min.tif
2026-08-31,2026-08-31T07:00:00+00:00,2026-08-31T07:30:00+00:00,2026-08-31T07:30:00+00:00,Singtam,27.234,88.501,0.0,3B-HHR-E.MS.MRG.3IMERG.20260831-S070000-E072959.0420.V07C.30min.tif
2026-08-31,2026-08-31T07:30:00+00:00,2026-08-31T08:00:00+00:00,2026-08-31T08:00:00+00:00,Rangpo,27.177,88.533,0.0,3B-HHR-E.MS.MRG.3IMERG.20260831-S073000-E075959.0450.V07C.30min.tif
2026-08-31,2026-08-31T07:30:00+00:00,2026-08-31T08:00:00+00:00,2026-08-31T08:00:00+00:00,Singtam,27.234,88.501,0.0,3B-HHR-E.MS.MRG.3IMERG.20260831-S073000-E075959.0450.V07C.30min.tif
2026-08-31,2026-08-31T08:00:00+00:00,2026-08-31T08:30:00+00:00,2026-08-31T08:30:00+00:00,Rangpo,27.177,88.533,0.1,3B-HHR-E.MS.MRG.3IMERG.20260831-S080000-E082959.0480.V07C.30min.tif
2026-08-31,2026-08-31T08:00:00+00:00,2026-08-31T08:30:00+00:00,2026-08-31T08:30:00+00:00,Singtam,27.234,88.501,0.0,3B-HHR-E.MS.MRG.3IMERG.20260831-S080000-E082959.0480.V07C.30min.tif
2026-08-31,2026-08-31T08:30:00+00:00,2026-08-31T09:00:00+00:00,2026-08-31T09:00:00+00:00,Rangpo,27.177,88.533,0.0,3B-HHR-E.MS.MRG.3IMERG.20260831-S083000-E085959.0510.V07C.30min.tif
2026-08-31,2026-08-31T08:30:00+00:00,2026-08-31T09:00:00+00:00,2026-08-31T09:00:00+00:00,Singtam,27.234,88.501,0.0,3B-HHR-E.MS.MRG.3IMERG.20260831-S083000-E085959.0510.V07C.30min.tif
2026-08-31,2026-08-31T09:00:00+00:00,2026-08-31T09:30:00+00:00,2026-08-31T09:30:00+00:00,Rangpo,27.177,88.533,0.0,3B-HHR-E.MS.MRG.3IMERG.20260831-S090000-E092959.0540.V07C.30min.tif
2026-08-31,2026-08-31T09:00:00+00:00,2026-08-31T09:30:00+00:00,2026-08-31T09:30:00+00:00,Singtam,27.234,88.501,0.0,3B-HHR-E.MS.MRG.3IMERG.20260831-S090000-E092959.0540.V07C.30min.tif
2026-08-31,2026-08-31T09:30:00+00:00,2026-08-31T10:00:00+00:00,2026-08-31T10:00:00+00:00,Rangpo,27.177,88.533,0.0,3B-HHR-E.MS.MRG.3IMERG.20260831-S093000-E095959.0570.V07C.30min.tif
2026-08-31,2026-08-31T09:30:00+00:00,2026-08-31T10:00:00+00:00,2026-08-31T10:00:00+00:00,Singtam,27.234,88.501,0.0,3B-HHR-E.MS.MRG.3IMERG.20260831-S093000-E095959.0570.V07C.30min.tif
2026-08-31,2026-08-31T10:00:00+00:00,2026-08-31T10:30:00+00:00,2026-08-31T10:30:00+00:00,Rangpo,27.177,88.533,0.0,3B-HHR-E.MS.MRG.3IMERG.20260831-S100000-E102959.0600.V07C.30min.tif
2026-08-31,2026-08-31T10:00:00+00:00,2026-08-31T10:30:00+00:00,2026-08-31T10:30:00+00:00,Singtam,27.234,88.501,0.0,3B-HHR-E.MS.MRG.3IMERG.20260831-S100000-E102959.0600.V07C.30min.tif
2026-08-31,2026-08-31T10:30:00+00:00,2026-08-31T11:00:00+00:00,2026-08-31T11:00:00+00:00,Rangpo,27.177,88.533,0.0,3B-HHR-E.MS.MRG.3IMERG.20260831-S103000-E105959.0630.V07C.30min.tif
2026-08-31,2026-08-31T10:30:00+00:00,2026-08-31T11:00:00+00:00,2026-08-31T11:00:00+00:00,Singtam,27.234,88.501,0.0,3B-HHR-E.MS.MRG.3IMERG.20260831-S103000-E105959.0630.V07C.30min.tif
2026-08-31,2026-08-31T11:00:00+00:00,2026-08-31T11:30:00+00:00,2026-08-31T11:30:00+00:00,Rangpo,27.177,88.533,0.0,3B-HHR-E.MS.MRG.3IMERG.20260831-S110000-E112959.0660.V07C.30min.tif
2026-08-31,2026-08-31T11:00:00+00:00,2026-08-31T11:30:00+00:00,2026-08-31T11:30:00+00:00,Singtam,27.234,88.501,0.1,3B-HHR-E.MS.MRG.3IMERG.20260831-S110000-E112959.0660.V07C.30min.tif
2026-08-31,2026-08-31T11:30:00+00:00,2026-08-31T12:00:00+00:00,2026-08-31T12:00:00+00:00,Rangpo,27.177,88.533,2.1,3B-HHR-E.MS.MRG.3IMERG.20260831-S113000-E115959.0690.V07C.30min.tif
2026-08-31,2026-08-31T11:30:00+00:00,2026-08-31T12:00:00+00:00,2026-08-31T12:00:00+00:00,Singtam,27.234,88.501,2.5,3B-HHR-E.MS.MRG.3IMERG.20260831-S113000-E115959.0690.V07C.30min.tif
2026-08-31,2026-08-31T12:00:00+00:00,2026-08-31T12:30:00+00:00,2026-08-31T12:30:00+00:00,Rangpo,27.177,88.533,2.1,3B-HHR-E.MS.MRG.3IMERG.20260831-S120000-E122959.0720.V07C.30min.tif
2026-08-31,2026-08-31T12:00:00+00:00,2026-08-31T12:30:00+00:00,2026-08-31T12:30:00+00:00,Singtam,27.234,88.501,2.5,3B-HHR-E.MS.MRG.3IMERG.20260831-S120000-E122959.0720.V07C.30min.tif
2026-08-31,2026-08-31T12:30:00+00:00,2026-08-31T13:00:00+00:00,2026-08-31T13:00:00+00:00,Rangpo,27.177,88.533,1.6,3B-HHR-E.MS.MRG.3IMERG.20260831-S123000-E125959.0750.V07C.30min.tif
2026-08-31,2026-08-31T12:30:00+00:00,2026-08-31T13:00:00+00:00,2026-08-31T13:00:00+00:00,Singtam,27.234,88.501,1.9,3B-HHR-E.MS.MRG.3IMERG.20260831-S123000-E125959.0750.V07C.30min.tif
2026-08-31,2026-08-31T13:00:00+00:00,2026-08-31T13:30:00+00:00,2026-08-31T13:30:00+00:00,Rangpo,27.177,88.533,1.0,3B-HHR-E.MS.MRG.3IMERG.20260831-S130000-E132959.0780.V07C.30min.tif
2026-08-31,2026-08-31T13:00:00+00:00,2026-08-31T13:30:00+00:00,2026-08-31T13:30:00+00:00,Singtam,27.234,88.501,1.2,3B-HHR-E.MS.MRG.3IMERG.20260831-S130000-E132959.0780.V07C.30min.tif
2026-08-31,2026-08-31T13:30:00+00:00,2026-08-31T14:00:00+00:00,2026-08-31T14:00:00+00:00,Rangpo,27.177,88.533,0.4,3B-HHR-E.MS.MRG.3IMERG.20260831-S133000-E135959.0810.V07C.30min.tif
2026-08-31,2026-08-31T13:30:00+00:00,2026-08-31T14:00:00+00:00,2026-08-31T14:00:00+00:00,Singtam,27.234,88.501,0.5,3B-HHR-E.MS.MRG.3IMERG.20260831-S133000-E135959.0810.V07C.30min.tif
2026-08-31,2026-08-31T14:00:00+00:00,2026-08-31T14:30:00+00:00,2026-08-31T14:30:00+00:00,Rangpo,27.177,88.533,0.3,3B-HHR-E.MS.MRG.3IMERG.20260831-S140000-E142959.0840.V07C.30min.tif
2026-08-31,2026-08-31T14:00:00+00:00,2026-08-31T14:30:00+00:00,2026-08-31T14:30:00+00:00,Singtam,27.234,88.501,0.4,3B-HHR-E.MS.MRG.3IMERG.20260831-S140000-E142959.0840.V07C.30min.tif
2026-08-31,2026-08-31T14:30:00+00:00,2026-08-31T15:00:00+00:00,2026-08-31T15:00:00+00:00,Rangpo,27.177,88.533,0.2,3B-HHR-E.MS.MRG.3IMERG.20260831-S143000-E145959.0870.V07C.30min.tif
2026-08-31,2026-08-31T14:30:00+00:00,2026-08-31T15:00:00+00:00,2026-08-31T15:00:00+00:00,Singtam,27.234,88.501,0.2,3B-HHR-E.MS.MRG.3IMERG.20260831-S143000-E145959.0870.V07C.30min.tif
2026-08-31,2026-08-31T15:00:00+00:00,2026-08-31T15:30:00+00:00,2026-08-31T15:30:00+00:00,Rangpo,27.177,88.533,2.8,3B-HHR-E.MS.MRG.3IMERG.20260831-S150000-E152959.0900.V07C.30min.tif
2026-08-31,2026-08-31T15:00:00+00:00,2026-08-31T15:30:00+00:00,2026-08-31T15:30:00+00:00,Singtam,27.234,88.501,2.0,3B-HHR-E.MS.MRG.3IMERG.20260831-S150000-E152959.0900.V07C.30min.tif
2026-08-31,2026-08-31T15:30:00+00:00,2026-08-31T16:00:00+00:00,2026-08-31T16:00:00+00:00,Rangpo,27.177,88.533,2.8,3B-HHR-E.MS.MRG.3IMERG.20260831-S153000-E155959.0930.V07C.30min.tif
2026-08-31,2026-08-31T15:30:00+00:00,2026-08-31T16:00:00+00:00,2026-08-31T16:00:00+00:00,Singtam,27.234,88.501,2.0,3B-HHR-E.MS.MRG.3IMERG.20260831-S153000-E155959.0930.V07C.30min.tif
2026-08-31,2026-08-31T16:00:00+00:00,2026-08-31T16:30:00+00:00,2026-08-31T16:30:00+00:00,Rangpo,27.177,88.533,0.2,3B-HHR-E.MS.MRG.3IMERG.20260831-S160000-E162959.0960.V07C.30min.tif
2026-08-31,2026-08-31T16:00:00+00:00,2026-08-31T16:30:00+00:00,2026-08-31T16:30:00+00:00,Singtam,27.234,88.501,0.4,3B-HHR-E.MS.MRG.3IMERG.20260831-S160000-E162959.0960.V07C.30min.tif
2026-08-31,2026-08-31T16:30:00+00:00,2026-08-31T17:00:00+00:00,2026-08-31T17:00:00+00:00,Rangpo,27.177,88.533,0.2,3B-HHR-E.MS.MRG.3IMERG.20260831-S163000-E165959.0990.V07C.30min.tif
2026-08-31,2026-08-31T16:30:00+00:00,2026-08-31T17:00:00+00:00,2026-08-31T17:00:00+00:00,Singtam,27.234,88.501,0.4,3B-HHR-E.MS.MRG.3IMERG.20260831-S163000-E165959.0990.V07C.30min.tif
2026-08-31,2026-08-31T17:00:00+00:00,2026-08-31T17:30:00+00:00,2026-08-31T17:30:00+00:00,Rangpo,27.177,88.533,0.3,3B-HHR-E.MS.MRG.3IMERG.20260831-S170000-E172959.1020.V07C.30min.tif
2026-08-31,2026-08-31T17:00:00+00:00,2026-08-31T17:30:00+00:00,2026-08-31T17:30:00+00:00,Singtam,27.234,88.501,0.7,3B-HHR-E.MS.MRG.3IMERG.20260831-S170000-E172959.1020.V07C.30min.tif
2026-08-31,2026-08-31T17:30:00+00:00,2026-08-31T18:00:00+00:00,2026-08-31T18:00:00+00:00,Rangpo,27.177,88.533,0.3,3B-HHR-E.MS.MRG.3IMERG.20260831-S173000-E175959.1050.V07C.30min.tif
2026-08-31,2026-08-31T17:30:00+00:00,2026-08-31T18:00:00+00:00,2026-08-31T18:00:00+00:00,Singtam,27.234,88.501,0.7,3B-HHR-E.MS.MRG.3IMERG.20260831-S173000-E175959.1050.V07C.30min.tif
2026-08-31,2026-08-31T18:00:00+00:00,2026-08-31T18:30:00+00:00,2026-08-31T18:30:00+00:00,Rangpo,27.177,88.533,0.2,3B-HHR-E.MS.MRG.3IMERG.20260831-S180000-E182959.1080.V07C.30min.tif
2026-08-31,2026-08-31T18:00:00+00:00,2026-08-31T18:30:00+00:00,2026-08-31T18:30:00+00:00,Singtam,27.234,88.501,0.1,3B-HHR-E.MS.MRG.3IMERG.20260831-S180000-E182959.1080.V07C.30min.tif
2026-08-31,2026-08-31T18:30:00+00:00,2026-08-31T19:00:00+00:00,2026-08-31T19:00:00+00:00,Rangpo,27.177,88.533,0.2,3B-HHR-E.MS.MRG.3IMERG.20260831-S183000-E185959.1110.V07C.30min.tif
2026-08-31,2026-08-31T18:30:00+00:00,2026-08-31T19:00:00+00:00,2026-08-31T19:00:00+00:00,Singtam,27.234,88.501,0.1,3B-HHR-E.MS.MRG.3IMERG.20260831-S183000-E185959.1110.V07C.30min.tif
2026-08-31,2026-08-31T19:00:00+00:00,2026-08-31T19:30:00+00:00,2026-08-31T19:30:00+00:00,Rangpo,27.177,88.533,0.1,3B-HHR-E.MS.MRG.3IMERG.20260831-S190000-E192959.1140.V07C.30min.tif
2026-08-31,2026-08-31T19:00:00+00:00,2026-08-31T19:30:00+00:00,2026-08-31T19:30:00+00:00,Singtam,27.234,88.501,0.1,3B-HHR-E.MS.MRG.3IMERG.20260831-S190000-E192959.1140.V07C.30min.tif
2026-08-31,2026-08-31T19:30:00+00:00,2026-08-31T20:00:00+00:00,2026-08-31T20:00:00+00:00,Rangpo,27.177,88.533,0.1,3B-HHR-E.MS.MRG.3IMERG.20260831-S193000-E195959.1170.V07C.30min.tif
2026-08-31,2026-08-31T19:30:00+00:00,2026-08-31T20:00:00+00:00,2026-08-31T20:00:00+00:00,Singtam,27.234,88.501,0.1,3B-HHR-E.MS.MRG.3IMERG.20260831-S193000-E195959.1170.V07C.30min.tif
2026-08-31,2026-08-31T20:00:00+00:00,2026-08-31T20:30:00+00:00,2026-08-31T20:30:00+00:00,Rangpo,27.177,88.533,0.8,3B-HHR-E.MS.MRG.3IMERG.20260831-S200000-E202959.1200.V07C.30min.tif
2026-08-31,2026-08-31T20:00:00+00:00,2026-08-31T20:30:00+00:00,2026-08-31T20:30:00+00:00,Singtam,27.234,88.501,1.0,3B-HHR-E.MS.MRG.3IMERG.20260831-S200000-E202959.1200.V07C.30min.tif
2026-08-31,2026-08-31T20:30:00+00:00,2026-08-31T21:00:00+00:00,2026-08-31T21:00:00+00:00,Rangpo,27.177,88.533,0.8,3B-HHR-E.MS.MRG.3IMERG.20260831-S203000-E205959.1230.V07C.30min.tif
2026-08-31,2026-08-31T20:30:00+00:00,2026-08-31T21:00:00+00:00,2026-08-31T21:00:00+00:00,Singtam,27.234,88.501,1.0,3B-HHR-E.MS.MRG.3IMERG.20260831-S203000-E205959.1230.V07C.30min.tif
2026-08-31,2026-08-31T21:00:00+00:00,2026-08-31T21:30:00+00:00,2026-08-31T21:30:00+00:00,Rangpo,27.177,88.533,0.5,3B-HHR-E.MS.MRG.3IMERG.20260831-S210000-E212959.1260.V07C.30min.tif
2026-08-31,2026-08-31T21:00:00+00:00,2026-08-31T21:30:00+00:00,2026-08-31T21:30:00+00:00,Singtam,27.234,88.501,0.6,3B-HHR-E.MS.MRG.3IMERG.20260831-S210000-E212959.1260.V07C.30min.tif
2026-08-31,2026-08-31T21:30:00+00:00,2026-08-31T22:00:00+00:00,2026-08-31T22:00:00+00:00,Rangpo,27.177,88.533,0.1,3B-HHR-E.MS.MRG.3IMERG.20260831-S213000-E215959.1290.V07C.30min.tif
2026-08-31,2026-08-31T21:30:00+00:00,2026-08-31T22:00:00+00:00,2026-08-31T22:00:00+00:00,Singtam,27.234,88.501,0.1,3B-HHR-E.MS.MRG.3IMERG.20260831-S213000-E215959.1290.V07C.30min.tif
2026-08-31,2026-08-31T22:00:00+00:00,2026-08-31T22:30:00+00:00,2026-08-31T22:30:00+00:00,Rangpo,27.177,88.533,0.0,3B-HHR-E.MS.MRG.3IMERG.20260831-S220000-E222959.1320.V07C.30min.tif
2026-08-31,2026-08-31T22:00:00+00:00,2026-08-31T22:30:00+00:00,2026-08-31T22:30:00+00:00,Singtam,27.234,88.501,0.0,3B-HHR-E.MS.MRG.3IMERG.20260831-S220000-E222959.1320.V07C.30min.tif
2026-08-31,2026-08-31T22:30:00+00:00,2026-08-31T23:00:00+00:00,2026-08-31T23:00:00+00:00,Rangpo,27.177,88.533,0.0,3B-HHR-E.MS.MRG.3IMERG.20260831-S223000-E225959.1350.V07C.30min.tif
2026-08-31,2026-08-31T22:30:00+00:00,2026-08-31T23:00:00+00:00,2026-08-31T23:00:00+00:00,Singtam,27.234,88.501,0.0,3B-HHR-E.MS.MRG.3IMERG.20260831-S223000-E225959.1350.V07C.30min.tif
2026-08-31,2026-08-31T23:00:00+00:00,2026-08-31T23:30:00+00:00,2026-08-31T23:30:00+00:00,Rangpo,27.177,88.533,0.0,3B-HHR-E.MS.MRG.3IMERG.20260831-S230000-E232959.1380.V07C.30min.tif
2026-08-31,2026-08-31T23:00:00+00:00,2026-08-31T23:30:00+00:00,2026-08-31T23:30:00+00:00,Singtam,27.234,88.501,0.0,3B-HHR-E.MS.MRG.3IMERG.20260831-S230000-E232959.1380.V07C.30min.tif
2026-08-31,2026-08-31T23:30:00+00:00,2026-09-01T00:00:00+00:00,2026-09-01T00:00:00+00:00,Rangpo,27.177,88.533,0.0,3B-HHR-E.MS.MRG.3IMERG.20260831-S233000-E235959.1410.V07C.30min.tif
2026-08-31,2026-08-31T23:30:00+00:00,2026-09-01T00:00:00+00:00,2026-09-01T00:00:00+00:00,Singtam,27.234,88.501,0.0,3B-HHR-E.MS.MRG.3IMERG.20260831-S233000-E235959.1410.V07C.30min.tif
2026-09-01,2026-09-01T00:00:00+00:00,2026-09-01T00:30:00+00:00,2026-09-01T00:30:00+00:00,Rangpo,27.177,88.533,0.0,3B-HHR-E.MS.MRG.3IMERG.20260901-S000000-E002959.0000.V07C.30min.tif
2026-09-01,2026-09-01T00:00:00+00:00,2026-09-01T00:30:00+00:00,2026-09-01T00:30:00+00:00,Singtam,27.234,88.501,0.0,3B-HHR-E.MS.MRG.3IMERG.20260901-S000000-E002959.0000.V07C.30min.tif
2026-09-01,2026-09-01T00:30:00+00:00,2026-09-01T01:00:00+00:00,2026-09-01T01:00:00+00:00,Rangpo,27.177,88.533,0.0,3B-HHR-E.MS.MRG.3IMERG.20260901-S003000-E005959.0030.V07C.30min.tif
2026-09-01,2026-09-01T00:30:00+00:00,2026-09-01T01:00:00+00:00,2026-09-01T01:00:00+00:00,Singtam,27.234,88.501,0.0,3B-HHR-E.MS.MRG.3IMERG.20260901-S003000-E005959.0030.V07C.30min.tif
2026-09-01,2026-09-01T01:00:00+00:00,2026-09-01T01:30:00+00:00,2026-09-01T01:30:00+00:00,Rangpo,27.177,88.533,0.0,3B-HHR-E.MS.MRG.3IMERG.20260901-S010000-E012959.0060.V07C.30min.tif
2026-09-01,2026-09-01T01:00:00+00:00,2026-09-01T01:30:00+00:00,2026-09-01T01:30:00+00:00,Singtam,27.234,88.501,0.0,3B-HHR-E.MS.MRG.3IMERG.20260901-S010000-E012959.0060.V07C.30min.tif
2026-09-01,2026-09-01T01:30:00+00:00,2026-09-01T02:00:00+00:00,2026-09-01T02:00:00+00:00,Rangpo,27.177,88.533,0.0,3B-HHR-E.MS.MRG.3IMERG.20260901-S013000-E015959.0090.V07C.30min.tif
2026-09-01,2026-09-01T01:30:00+00:00,2026-09-01T02:00:00+00:00,2026-09-01T02:00:00+00:00,Singtam,27.234,88.501,0.0,3B-HHR-E.MS.MRG.3IMERG.20260901-S013000-E015959.0090.V07C.30min.tif
2026-09-01,2026-09-01T02:00:00+00:00,2026-09-01T02:30:00+00:00,2026-09-01T02:30:00+00:00,Rangpo,27.177,88.533,0.0,3B-HHR-E.MS.MRG.3IMERG.20260901-S020000-E022959.0120.V07C.30min.tif
2026-09-01,2026-09-01T02:00:00+00:00,2026-09-01T02:30:00+00:00,2026-09-01T02:30:00+00:00,Singtam,27.234,88.501,0.0,3B-HHR-E.MS.MRG.3IMERG.20260901-S020000-E022959.0120.V07C.30min.tif
2026-09-01,2026-09-01T02:30:00+00:00,2026-09-01T03:00:00+00:00,2026-09-01T03:00:00+00:00,Rangpo,27.177,88.533,0.0,3B-HHR-E.MS.MRG.3IMERG.20260901-S023000-E025959.0150.V07C.30min.tif
2026-09-01,2026-09-01T02:30:00+00:00,2026-09-01T03:00:00+00:00,2026-09-01T03:00:00+00:00,Singtam,27.234,88.501,0.0,3B-HHR-E.MS.MRG.3IMERG.20260901-S023000-E025959.0150.V07C.30min.tif
2026-09-01,2026-09-01T03:00:00+00:00,2026-09-01T03:30:00+00:00,2026-09-01T03:30:00+00:00,Rangpo,27.177,88.533,0.0,3B-HHR-E.MS.MRG.3IMERG.20260901-S030000-E032959.0180.V07C.30min.tif
2026-09-01,2026-09-01T03:00:00+00:00,2026-09-01T03:30:00+00:00,2026-09-01T03:30:00+00:00,Singtam,27.234,88.501,0.0,3B-HHR-E.MS.MRG.3IMERG.20260901-S030000-E032959.0180.V07C.30min.tif
2026-09-01,2026-09-01T03:30:00+00:00,2026-09-01T04:00:00+00:00,2026-09-01T04:00:00+00:00,Rangpo,27.177,88.533,0.0,3B-HHR-E.MS.MRG.3IMERG.20260901-S033000-E035959.0210.V07C.30min.tif
2026-09-01,2026-09-01T03:30:00+00:00,2026-09-01T04:00:00+00:00,2026-09-01T04:00:00+00:00,Singtam,27.234,88.501,0.0,3B-HHR-E.MS.MRG.3IMERG.20260901-S033000-E035959.0210.V07C.30min.tif
2026-09-01,2026-09-01T04:00:00+00:00,2026-09-01T04:30:00+00:00,2026-09-01T04:30:00+00:00,Rangpo,27.177,88.533,0.0,3B-HHR-E.MS.MRG.3IMERG.20260901-S040000-E042959.0240.V07C.30min.tif
2026-09-01,2026-09-01T04:00:00+00:00,2026-09-01T04:30:00+00:00,2026-09-01T04:30:00+00:00,Singtam,27.234,88.501,0.0,3B-HHR-E.MS.MRG.3IMERG.20260901-S040000-E042959.0240.V07C.30min.tif
2026-09-01,2026-09-01T04:30:00+00:00,2026-09-01T05:00:00+00:00,2026-09-01T05:00:00+00:00,Rangpo,27.177,88.533,0.0,3B-HHR-E.MS.MRG.3IMERG.20260901-S043000-E045959.0270.V07C.30min.tif
2026-09-01,2026-09-01T04:30:00+00:00,2026-09-01T05:00:00+00:00,2026-09-01T05:00:00+00:00,Singtam,27.234,88.501,0.0,3B-HHR-E.MS.MRG.3IMERG.20260901-S043000-E045959.0270.V07C.30min.tif
2026-09-01,2026-09-01T05:00:00+00:00,2026-09-01T05:30:00+00:00,2026-09-01T05:30:00+00:00,Rangpo,27.177,88.533,0.0,3B-HHR-E.MS.MRG.3IMERG.20260901-S050000-E052959.0300.V07C.30min.tif
2026-09-01,2026-09-01T05:00:00+00:00,2026-09-01T05:30:00+00:00,2026-09-01T05:30:00+00:00,Singtam,27.234,88.501,0.0,3B-HHR-E.MS.MRG.3IMERG.20260901-S050000-E052959.0300.V07C.30min.tif
2026-09-01,2026-09-01T05:30:00+00:00,2026-09-01T06:00:00+00:00,2026-09-01T06:00:00+00:00,Rangpo,27.177,88.533,0.0,3B-HHR-E.MS.MRG.3IMERG.20260901-S053000-E055959.0330.V07C.30min.tif
2026-09-01,2026-09-01T05:30:00+00:00,2026-09-01T06:00:00+00:00,2026-09-01T06:00:00+00:00,Singtam,27.234,88.501,0.0,3B-HHR-E.MS.MRG.3IMERG.20260901-S053000-E055959.0330.V07C.30min.tif
2026-09-01,2026-09-01T06:00:00+00:00,2026-09-01T06:30:00+00:00,2026-09-01T06:30:00+00:00,Rangpo,27.177,88.533,0.0,3B-HHR-E.MS.MRG.3IMERG.20260901-S060000-E062959.0360.V07C.30min.tif
2026-09-01,2026-09-01T06:00:00+00:00,2026-09-01T06:30:00+00:00,2026-09-01T06:30:00+00:00,Singtam,27.234,88.501,0.0,3B-HHR-E.MS.MRG.3IMERG.20260901-S060000-E062959.0360.V07C.30min.tif
2026-09-01,2026-09-01T06:30:00+00:00,2026-09-01T07:00:00+00:00,2026-09-01T07:00:00+00:00,Rangpo,27.177,88.533,0.0,3B-HHR-E.MS.MRG.3IMERG.20260901-S063000-E065959.0390.V07C.30min.tif
2026-09-01,2026-09-01T06:30:00+00:00,2026-09-01T07:00:00+00:00,2026-09-01T07:00:00+00:00,Singtam,27.234,88.501,0.0,3B-HHR-E.MS.MRG.3IMERG.20260901-S063000-E065959.0390.V07C.30min.tif
2026-09-01,2026-09-01T07:00:00+00:00,2026-09-01T07:30:00+00:00,2026-09-01T07:30:00+00:00,Rangpo,27.177,88.533,1.0,3B-HHR-E.MS.MRG.3IMERG.20260901-S070000-E072959.0420.V07C.30min.tif
2026-09-01,2026-09-01T07:00:00+00:00,2026-09-01T07:30:00+00:00,2026-09-01T07:30:00+00:00,Singtam,27.234,88.501,2.5,3B-HHR-E.MS.MRG.3IMERG.20260901-S070000-E072959.0420.V07C.30min.tif
2026-09-01,2026-09-01T07:30:00+00:00,2026-09-01T08:00:00+00:00,2026-09-01T08:00:00+00:00,Rangpo,27.177,88.533,2.0,3B-HHR-E.MS.MRG.3IMERG.20260901-S073000-E075959.0450.V07C.30min.tif
2026-09-01,2026-09-01T07:30:00+00:00,2026-09-01T08:00:00+00:00,2026-09-01T08:00:00+00:00,Singtam,27.234,88.501,2.0,3B-HHR-E.MS.MRG.3IMERG.20260901-S073000-E075959.0450.V07C.30min.tif
2026-09-01,2026-09-01T08:00:00+00:00,2026-09-01T08:30:00+00:00,2026-09-01T08:30:00+00:00,Rangpo,27.177,88.533,2.2,3B-HHR-E.MS.MRG.3IMERG.20260901-S080000-E082959.0480.V07C.30min.tif
2026-09-01,2026-09-01T08:00:00+00:00,2026-09-01T08:30:00+00:00,2026-09-01T08:30:00+00:00,Singtam,27.234,88.501,2.4,3B-HHR-E.MS.MRG.3IMERG.20260901-S080000-E082959.0480.V07C.30min.tif
2026-09-01,2026-09-01T08:30:00+00:00,2026-09-01T09:00:00+00:00,2026-09-01T09:00:00+00:00,Rangpo,27.177,88.533,2.2,3B-HHR-E.MS.MRG.3IMERG.20260901-S083000-E085959.0510.V07C.30min.tif
2026-09-01,2026-09-01T08:30:00+00:00,2026-09-01T09:00:00+00:00,2026-09-01T09:00:00+00:00,Singtam,27.234,88.501,2.3,3B-HHR-E.MS.MRG.3IMERG.20260901-S083000-E085959.0510.V07C.30min.tif
2026-09-01,2026-09-01T09:00:00+00:00,2026-09-01T09:30:00+00:00,2026-09-01T09:30:00+00:00,Rangpo,27.177,88.533,1.4,3B-HHR-E.MS.MRG.3IMERG.20260901-S090000-E092959.0540.V07C.30min.tif
2026-09-01,2026-09-01T09:00:00+00:00,2026-09-01T09:30:00+00:00,2026-09-01T09:30:00+00:00,Singtam,27.234,88.501,1.5,3B-HHR-E.MS.MRG.3IMERG.20260901-S090000-E092959.0540.V07C.30min.tif
2026-09-01,2026-09-01T09:30:00+00:00,2026-09-01T10:00:00+00:00,2026-09-01T10:00:00+00:00,Rangpo,27.177,88.533,0.5,3B-HHR-E.MS.MRG.3IMERG.20260901-S093000-E095959.0570.V07C.30min.tif
2026-09-01,2026-09-01T09:30:00+00:00,2026-09-01T10:00:00+00:00,2026-09-01T10:00:00+00:00,Singtam,27.234,88.501,0.4,3B-HHR-E.MS.MRG.3IMERG.20260901-S093000-E095959.0570.V07C.30min.tif
2026-09-01,2026-09-01T10:00:00+00:00,2026-09-01T10:30:00+00:00,2026-09-01T10:30:00+00:00,Rangpo,27.177,88.533,0.2,3B-HHR-E.MS.MRG.3IMERG.20260901-S100000-E102959.0600.V07C.30min.tif
2026-09-01,2026-09-01T10:00:00+00:00,2026-09-01T10:30:00+00:00,2026-09-01T10:30:00+00:00,Singtam,27.234,88.501,0.5,3B-HHR-E.MS.MRG.3IMERG.20260901-S100000-E102959.0600.V07C.30min.tif
2026-09-01,2026-09-01T10:30:00+00:00,2026-09-01T11:00:00+00:00,2026-09-01T11:00:00+00:00,Rangpo,27.177,88.533,1.4,3B-HHR-E.MS.MRG.3IMERG.20260901-S103000-E105959.0630.V07C.30min.tif
2026-09-01,2026-09-01T10:30:00+00:00,2026-09-01T11:00:00+00:00,2026-09-01T11:00:00+00:00,Singtam,27.234,88.501,4.2,3B-HHR-E.MS.MRG.3IMERG.20260901-S103000-E105959.0630.V07C.30min.tif
2026-09-01,2026-09-01T11:00:00+00:00,2026-09-01T11:30:00+00:00,2026-09-01T11:30:00+00:00,Rangpo,27.177,88.533,1.1,3B-HHR-E.MS.MRG.3IMERG.20260901-S110000-E112959.0660.V07C.30min.tif
2026-09-01,2026-09-01T11:00:00+00:00,2026-09-01T11:30:00+00:00,2026-09-01T11:30:00+00:00,Singtam,27.234,88.501,1.4,3B-HHR-E.MS.MRG.3IMERG.20260901-S110000-E112959.0660.V07C.30min.tif
2026-09-01,2026-09-01T11:30:00+00:00,2026-09-01T12:00:00+00:00,2026-09-01T12:00:00+00:00,Rangpo,27.177,88.533,0.9,3B-HHR-E.MS.MRG.3IMERG.20260901-S113000-E115959.0690.V07C.30min.tif
2026-09-01,2026-09-01T11:30:00+00:00,2026-09-01T12:00:00+00:00,2026-09-01T12:00:00+00:00,Singtam,27.234,88.501,0.3,3B-HHR-E.MS.MRG.3IMERG.20260901-S113000-E115959.0690.V07C.30min.tif
2026-09-01,2026-09-01T12:00:00+00:00,2026-09-01T12:30:00+00:00,2026-09-01T12:30:00+00:00,Rangpo,27.177,88.533,0.7,3B-HHR-E.MS.MRG.3IMERG.20260901-S120000-E122959.0720.V07C.30min.tif
2026-09-01,2026-09-01T12:00:00+00:00,2026-09-01T12:30:00+00:00,2026-09-01T12:30:00+00:00,Singtam,27.234,88.501,0.1,3B-HHR-E.MS.MRG.3IMERG.20260901-S120000-E122959.0720.V07C.30min.tif
2026-09-01,2026-09-01T12:30:00+00:00,2026-09-01T13:00:00+00:00,2026-09-01T13:00:00+00:00,Rangpo,27.177,88.533,0.5,3B-HHR-E.MS.MRG.3IMERG.20260901-S123000-E125959.0750.V07C.30min.tif
2026-09-01,2026-09-01T12:30:00+00:00,2026-09-01T13:00:00+00:00,2026-09-01T13:00:00+00:00,Singtam,27.234,88.501,0.1,3B-HHR-E.MS.MRG.3IMERG.20260901-S123000-E125959.0750.V07C.30min.tif
2026-09-01,2026-09-01T13:00:00+00:00,2026-09-01T13:30:00+00:00,2026-09-01T13:30:00+00:00,Rangpo,27.177,88.533,0.3,3B-HHR-E.MS.MRG.3IMERG.20260901-S130000-E132959.0780.V07C.30min.tif
2026-09-01,2026-09-01T13:00:00+00:00,2026-09-01T13:30:00+00:00,2026-09-01T13:30:00+00:00,Singtam,27.234,88.501,0.7,3B-HHR-E.MS.MRG.3IMERG.20260901-S130000-E132959.0780.V07C.30min.tif
2026-09-01,2026-09-01T13:30:00+00:00,2026-09-01T14:00:00+00:00,2026-09-01T14:00:00+00:00,Rangpo,27.177,88.533,0.3,3B-HHR-E.MS.MRG.3IMERG.20260901-S133000-E135959.0810.V07C.30min.tif
2026-09-01,2026-09-01T13:30:00+00:00,2026-09-01T14:00:00+00:00,2026-09-01T14:00:00+00:00,Singtam,27.234,88.501,0.7,3B-HHR-E.MS.MRG.3IMERG.20260901-S133000-E135959.0810.V07C.30min.tif
2026-09-01,2026-09-01T14:00:00+00:00,2026-09-01T14:30:00+00:00,2026-09-01T14:30:00+00:00,Rangpo,27.177,88.533,0.1,3B-HHR-E.MS.MRG.3IMERG.20260901-S140000-E142959.0840.V07C.30min.tif
2026-09-01,2026-09-01T14:00:00+00:00,2026-09-01T14:30:00+00:00,2026-09-01T14:30:00+00:00,Singtam,27.234,88.501,0.4,3B-HHR-E.MS.MRG.3IMERG.20260901-S140000-E142959.0840.V07C.30min.tif
2026-09-01,2026-09-01T14:30:00+00:00,2026-09-01T15:00:00+00:00,2026-09-01T15:00:00+00:00,Rangpo,27.177,88.533,0.1,3B-HHR-E.MS.MRG.3IMERG.20260901-S143000-E145959.0870.V07C.30min.tif
2026-09-01,2026-09-01T14:30:00+00:00,2026-09-01T15:00:00+00:00,2026-09-01T15:00:00+00:00,Singtam,27.234,88.501,0.2,3B-HHR-E.MS.MRG.3IMERG.20260901-S143000-E145959.0870.V07C.30min.tif
2026-09-01,2026-09-01T15:00:00+00:00,2026-09-01T15:30:00+00:00,2026-09-01T15:30:00+00:00,Rangpo,27.177,88.533,0.1,3B-HHR-E.MS.MRG.3IMERG.20260901-S150000-E152959.0900.V07C.30min.tif
2026-09-01,2026-09-01T15:00:00+00:00,2026-09-01T15:30:00+00:00,2026-09-01T15:30:00+00:00,Singtam,27.234,88.501,0.3,3B-HHR-E.MS.MRG.3IMERG.20260901-S150000-E152959.0900.V07C.30min.tif
2026-09-01,2026-09-01T15:30:00+00:00,2026-09-01T16:00:00+00:00,2026-09-01T16:00:00+00:00,Rangpo,27.177,88.533,1.0,3B-HHR-E.MS.MRG.3IMERG.20260901-S153000-E155959.0930.V07C.30min.tif
2026-09-01,2026-09-01T15:30:00+00:00,2026-09-01T16:00:00+00:00,2026-09-01T16:00:00+00:00,Singtam,27.234,88.501,0.8,3B-HHR-E.MS.MRG.3IMERG.20260901-S153000-E155959.0930.V07C.30min.tif
2026-09-01,2026-09-01T16:00:00+00:00,2026-09-01T16:30:00+00:00,2026-09-01T16:30:00+00:00,Rangpo,27.177,88.533,1.0,3B-HHR-E.MS.MRG.3IMERG.20260901-S160000-E162959.0960.V07C.30min.tif
2026-09-01,2026-09-01T16:00:00+00:00,2026-09-01T16:30:00+00:00,2026-09-01T16:30:00+00:00,Singtam,27.234,88.501,0.8,3B-HHR-E.MS.MRG.3IMERG.20260901-S160000-E162959.0960.V07C.30min.tif
2026-09-01,2026-09-01T16:30:00+00:00,2026-09-01T17:00:00+00:00,2026-09-01T17:00:00+00:00,Rangpo,27.177,88.533,0.7,3B-HHR-E.MS.MRG.3IMERG.20260901-S163000-E165959.0990.V07C.30min.tif
2026-09-01,2026-09-01T16:30:00+00:00,2026-09-01T17:00:00+00:00,2026-09-01T17:00:00+00:00,Singtam,27.234,88.501,0.5,3B-HHR-E.MS.MRG.3IMERG.20260901-S163000-E165959.0990.V07C.30min.tif
2026-09-01,2026-09-01T17:00:00+00:00,2026-09-01T17:30:00+00:00,2026-09-01T17:30:00+00:00,Rangpo,27.177,88.533,0.4,3B-HHR-E.MS.MRG.3IMERG.20260901-S170000-E172959.1020.V07C.30min.tif
2026-09-01,2026-09-01T17:00:00+00:00,2026-09-01T17:30:00+00:00,2026-09-01T17:30:00+00:00,Singtam,27.234,88.501,0.3,3B-HHR-E.MS.MRG.3IMERG.20260901-S170000-E172959.1020.V07C.30min.tif
2026-09-01,2026-09-01T17:30:00+00:00,2026-09-01T18:00:00+00:00,2026-09-01T18:00:00+00:00,Rangpo,27.177,88.533,0.1,3B-HHR-E.MS.MRG.3IMERG.20260901-S173000-E175959.1050.V07C.30min.tif
2026-09-01,2026-09-01T17:30:00+00:00,2026-09-01T18:00:00+00:00,2026-09-01T18:00:00+00:00,Singtam,27.234,88.501,0.0,3B-HHR-E.MS.MRG.3IMERG.20260901-S173000-E175959.1050.V07C.30min.tif
2026-09-01,2026-09-01T18:00:00+00:00,2026-09-01T18:30:00+00:00,2026-09-01T18:30:00+00:00,Rangpo,27.177,88.533,0.1,3B-HHR-E.MS.MRG.3IMERG.20260901-S180000-E182959.1080.V07C.30min.tif
2026-09-01,2026-09-01T18:00:00+00:00,2026-09-01T18:30:00+00:00,2026-09-01T18:30:00+00:00,Singtam,27.234,88.501,0.0,3B-HHR-E.MS.MRG.3IMERG.20260901-S180000-E182959.1080.V07C.30min.tif
2026-09-01,2026-09-01T18:30:00+00:00,2026-09-01T19:00:00+00:00,2026-09-01T19:00:00+00:00,Rangpo,27.177,88.533,0.0,3B-HHR-E.MS.MRG.3IMERG.20260901-S183000-E185959.1110.V07C.30min.tif
2026-09-01,2026-09-01T18:30:00+00:00,2026-09-01T19:00:00+00:00,2026-09-01T19:00:00+00:00,Singtam,27.234,88.501,0.0,3B-HHR-E.MS.MRG.3IMERG.20260901-S183000-E185959.1110.V07C.30min.tif
2026-09-01,2026-09-01T19:00:00+00:00,2026-09-01T19:30:00+00:00,2026-09-01T19:30:00+00:00,Rangpo,27.177,88.533,0.0,3B-HHR-E.MS.MRG.3IMERG.20260901-S190000-E192959.1140.V07C.30min.tif
2026-09-01,2026-09-01T19:00:00+00:00,2026-09-01T19:30:00+00:00,2026-09-01T19:30:00+00:00,Singtam,27.234,88.501,0.0,3B-HHR-E.MS.MRG.3IMERG.20260901-S190000-E192959.1140.V07C.30min.tif
2026-09-01,2026-09-01T19:30:00+00:00,2026-09-01T20:00:00+00:00,2026-09-01T20:00:00+00:00,Rangpo,27.177,88.533,0.1,3B-HHR-E.MS.MRG.3IMERG.20260901-S193000-E195959.1170.V07C.30min.tif
2026-09-01,2026-09-01T19:30:00+00:00,2026-09-01T20:00:00+00:00,2026-09-01T20:00:00+00:00,Singtam,27.234,88.501,0.2,3B-HHR-E.MS.MRG.3IMERG.20260901-S193000-E195959.1170.V07C.30min.tif
2026-09-01,2026-09-01T20:00:00+00:00,2026-09-01T20:30:00+00:00,2026-09-01T20:30:00+00:00,Rangpo,27.177,88.533,0.1,3B-HHR-E.MS.MRG.3IMERG.20260901-S200000-E202959.1200.V07C.30min.tif
2026-09-01,2026-09-01T20:00:00+00:00,2026-09-01T20:30:00+00:00,2026-09-01T20:30:00+00:00,Singtam,27.234,88.501,0.5,3B-HHR-E.MS.MRG.3IMERG.20260901-S200000-E202959.1200.V07C.30min.tif
2026-09-01,2026-09-01T20:30:00+00:00,2026-09-01T21:00:00+00:00,2026-09-01T21:00:00+00:00,Rangpo,27.177,88.533,0.2,3B-HHR-E.MS.MRG.3IMERG.20260901-S203000-E205959.1230.V07C.30min.tif
2026-09-01,2026-09-01T20:30:00+00:00,2026-09-01T21:00:00+00:00,2026-09-01T21:00:00+00:00,Singtam,27.234,88.501,1.0,3B-HHR-E.MS.MRG.3IMERG.20260901-S203000-E205959.1230.V07C.30min.tif
2026-09-01,2026-09-01T21:00:00+00:00,2026-09-01T21:30:00+00:00,2026-09-01T21:30:00+00:00,Rangpo,27.177,88.533,0.1,3B-HHR-E.MS.MRG.3IMERG.20260901-S210000-E212959.1260.V07C.30min.tif
2026-09-01,2026-09-01T21:00:00+00:00,2026-09-01T21:30:00+00:00,2026-09-01T21:30:00+00:00,Singtam,27.234,88.501,0.7,3B-HHR-E.MS.MRG.3IMERG.20260901-S210000-E212959.1260.V07C.30min.tif
2026-09-01,2026-09-01T21:30:00+00:00,2026-09-01T22:00:00+00:00,2026-09-01T22:00:00+00:00,Rangpo,27.177,88.533,0.0,3B-HHR-E.MS.MRG.3IMERG.20260901-S213000-E215959.1290.V07C.30min.tif
2026-09-01,2026-09-01T21:30:00+00:00,2026-09-01T22:00:00+00:00,2026-09-01T22:00:00+00:00,Singtam,27.234,88.501,0.5,3B-HHR-E.MS.MRG.3IMERG.20260901-S213000-E215959.1290.V07C.30min.tif
2026-09-01,2026-09-01T22:00:00+00:00,2026-09-01T22:30:00+00:00,2026-09-01T22:30:00+00:00,Rangpo,27.177,88.533,0.0,3B-HHR-E.MS.MRG.3IMERG.20260901-S220000-E222959.1320.V07C.30min.tif
2026-09-01,2026-09-01T22:00:00+00:00,2026-09-01T22:30:00+00:00,2026-09-01T22:30:00+00:00,Singtam,27.234,88.501,0.2,3B-HHR-E.MS.MRG.3IMERG.20260901-S220000-E222959.1320.V07C.30min.tif
2026-09-01,2026-09-01T22:30:00+00:00,2026-09-01T23:00:00+00:00,2026-09-01T23:00:00+00:00,Rangpo,27.177,88.533,0.0,3B-HHR-E.MS.MRG.3IMERG.20260901-S223000-E225959.1350.V07C.30min.tif
2026-09-01,2026-09-01T22:30:00+00:00,2026-09-01T23:00:00+00:00,2026-09-01T23:00:00+00:00,Singtam,27.234,88.501,0.2,3B-HHR-E.MS.MRG.3IMERG.20260901-S223000-E225959.1350.V07C.30min.tif
2026-09-01,2026-09-01T23:00:00+00:00,2026-09-01T23:30:00+00:00,2026-09-01T23:30:00+00:00,Rangpo,27.177,88.533,0.5,3B-HHR-E.MS.MRG.3IMERG.20260901-S230000-E232959.1380.V07C.30min.tif
2026-09-01,2026-09-01T23:00:00+00:00,2026-09-01T23:30:00+00:00,2026-09-01T23:30:00+00:00,Singtam,27.234,88.501,0.5,3B-HHR-E.MS.MRG.3IMERG.20260901-S230000-E232959.1380.V07C.30min.tif
2026-09-01,2026-09-01T23:30:00+00:00,2026-09-02T00:00:00+00:00,2026-09-02T00:00:00+00:00,Rangpo,27.177,88.533,0.4,3B-HHR-E.MS.MRG.3IMERG.20260901-S233000-E235959.1410.V07C.30min.tif
2026-09-01,2026-09-01T23:30:00+00:00,2026-09-02T00:00:00+00:00,2026-09-02T00:00:00+00:00,Singtam,27.234,88.501,0.5,3B-HHR-E.MS.MRG.3IMERG.20260901-S233000-E235959.1410.V07C.30min.tif
2026-09-02,2026-09-02T00:00:00+00:00,2026-09-02T00:30:00+00:00,2026-09-02T00:30:00+00:00,Rangpo,27.177,88.533,0.0,3B-HHR-E.MS.MRG.3IMERG.20260902-S000000-E002959.0000.V07C.30min.tif
2026-09-02,2026-09-02T00:00:00+00:00,2026-09-02T00:30:00+00:00,2026-09-02T00:30:00+00:00,Singtam,27.234,88.501,0.3,3B-HHR-E.MS.MRG.3IMERG.20260902-S000000-E002959.0000.V07C.30min.tif
2026-09-02,2026-09-02T00:30:00+00:00,2026-09-02T01:00:00+00:00,2026-09-02T01:00:00+00:00,Rangpo,27.177,88.533,0.0,3B-HHR-E.MS.MRG.3IMERG.20260902-S003000-E005959.0030.V07C.30min.tif
2026-09-02,2026-09-02T00:30:00+00:00,2026-09-02T01:00:00+00:00,2026-09-02T01:00:00+00:00,Singtam,27.234,88.501,0.1,3B-HHR-E.MS.MRG.3IMERG.20260902-S003000-E005959.0030.V07C.30min.tif
2026-09-02,2026-09-02T01:00:00+00:00,2026-09-02T01:30:00+00:00,2026-09-02T01:30:00+00:00,Rangpo,27.177,88.533,0.0,3B-HHR-E.MS.MRG.3IMERG.20260902-S010000-E012959.0060.V07C.30min.tif
2026-09-02,2026-09-02T01:00:00+00:00,2026-09-02T01:30:00+00:00,2026-09-02T01:30:00+00:00,Singtam,27.234,88.501,0.0,3B-HHR-E.MS.MRG.3IMERG.20260902-S010000-E012959.0060.V07C.30min.tif
2026-09-02,2026-09-02T01:30:00+00:00,2026-09-02T02:00:00+00:00,2026-09-02T02:00:00+00:00,Rangpo,27.177,88.533,0.0,3B-HHR-E.MS.MRG.3IMERG.20260902-S013000-E015959.0090.V07C.30min.tif
2026-09-02,2026-09-02T01:30:00+00:00,2026-09-02T02:00:00+00:00,2026-09-02T02:00:00+00:00,Singtam,27.234,88.501,0.0,3B-HHR-E.MS.MRG.3IMERG.20260902-S013000-E015959.0090.V07C.30min.tif
2026-09-02,2026-09-02T02:00:00+00:00,2026-09-02T02:30:00+00:00,2026-09-02T02:30:00+00:00,Rangpo,27.177,88.533,0.0,3B-HHR-E.MS.MRG.3IMERG.20260902-S020000-E022959.0120.V07C.30min.tif
2026-09-02,2026-09-02T02:00:00+00:00,2026-09-02T02:30:00+00:00,2026-09-02T02:30:00+00:00,Singtam,27.234,88.501,0.0,3B-HHR-E.MS.MRG.3IMERG.20260902-S020000-E022959.0120.V07C.30min.tif
2026-09-02,2026-09-02T02:30:00+00:00,2026-09-02T03:00:00+00:00,2026-09-02T03:00:00+00:00,Rangpo,27.177,88.533,0.0,3B-HHR-E.MS.MRG.3IMERG.20260902-S023000-E025959.0150.V07C.30min.tif
2026-09-02,2026-09-02T02:30:00+00:00,2026-09-02T03:00:00+00:00,2026-09-02T03:00:00+00:00,Singtam,27.234,88.501,0.0,3B-HHR-E.MS.MRG.3IMERG.20260902-S023000-E025959.0150.V07C.30min.tif
2026-09-02,2026-09-02T03:00:00+00:00,2026-09-02T03:30:00+00:00,2026-09-02T03:30:00+00:00,Rangpo,27.177,88.533,0.0,3B-HHR-E.MS.MRG.3IMERG.20260902-S030000-E032959.0180.V07C.30min.tif
2026-09-02,2026-09-02T03:00:00+00:00,2026-09-02T03:30:00+00:00,2026-09-02T03:30:00+00:00,Singtam,27.234,88.501,0.0,3B-HHR-E.MS.MRG.3IMERG.20260902-S030000-E032959.0180.V07C.30min.tif
2026-09-02,2026-09-02T03:30:00+00:00,2026-09-02T04:00:00+00:00,2026-09-02T04:00:00+00:00,Rangpo,27.177,88.533,0.1,3B-HHR-E.MS.MRG.3IMERG.20260902-S033000-E035959.0210.V07C.30min.tif
2026-09-02,2026-09-02T03:30:00+00:00,2026-09-02T04:00:00+00:00,2026-09-02T04:00:00+00:00,Singtam,27.234,88.501,0.1,3B-HHR-E.MS.MRG.3IMERG.20260902-S033000-E035959.0210.V07C.30min.tif
2026-09-02,2026-09-02T04:00:00+00:00,2026-09-02T04:30:00+00:00,2026-09-02T04:30:00+00:00,Rangpo,27.177,88.533,0.1,3B-HHR-E.MS.MRG.3IMERG.20260902-S040000-E042959.0240.V07C.30min.tif
2026-09-02,2026-09-02T04:00:00+00:00,2026-09-02T04:30:00+00:00,2026-09-02T04:30:00+00:00,Singtam,27.234,88.501,0.7,3B-HHR-E.MS.MRG.3IMERG.20260902-S040000-E042959.0240.V07C.30min.tif
2026-09-02,2026-09-02T04:30:00+00:00,2026-09-02T05:00:00+00:00,2026-09-02T05:00:00+00:00,Rangpo,27.177,88.533,0.6,3B-HHR-E.MS.MRG.3IMERG.20260902-S043000-E045959.0270.V07C.30min.tif
2026-09-02,2026-09-02T04:30:00+00:00,2026-09-02T05:00:00+00:00,2026-09-02T05:00:00+00:00,Singtam,27.234,88.501,0.6,3B-HHR-E.MS.MRG.3IMERG.20260902-S043000-E045959.0270.V07C.30min.tif
2026-09-02,2026-09-02T05:00:00+00:00,2026-09-02T05:30:00+00:00,2026-09-02T05:30:00+00:00,Rangpo,27.177,88.533,0.4,3B-HHR-E.MS.MRG.3IMERG.20260902-S050000-E052959.0300.V07C.30min.tif
2026-09-02,2026-09-02T05:00:00+00:00,2026-09-02T05:30:00+00:00,2026-09-02T05:30:00+00:00,Singtam,27.234,88.501,0.4,3B-HHR-E.MS.MRG.3IMERG.20260902-S050000-E052959.0300.V07C.30min.tif
2026-09-02,2026-09-02T05:30:00+00:00,2026-09-02T06:00:00+00:00,2026-09-02T06:00:00+00:00,Rangpo,27.177,88.533,0.0,3B-HHR-E.MS.MRG.3IMERG.20260902-S053000-E055959.0330.V07C.30min.tif
2026-09-02,2026-09-02T05:30:00+00:00,2026-09-02T06:00:00+00:00,2026-09-02T06:00:00+00:00,Singtam,27.234,88.501,0.1,3B-HHR-E.MS.MRG.3IMERG.20260902-S053000-E055959.0330.V07C.30min.tif
2026-09-02,2026-09-02T06:00:00+00:00,2026-09-02T06:30:00+00:00,2026-09-02T06:30:00+00:00,Rangpo,27.177,88.533,0.0,3B-HHR-E.MS.MRG.3IMERG.20260902-S060000-E062959.0360.V07C.30min.tif
2026-09-02,2026-09-02T06:00:00+00:00,2026-09-02T06:30:00+00:00,2026-09-02T06:30:00+00:00,Singtam,27.234,88.501,0.0,3B-HHR-E.MS.MRG.3IMERG.20260902-S060000-E062959.0360.V07C.30min.tif
2026-09-02,2026-09-02T06:30:00+00:00,2026-09-02T07:00:00+00:00,2026-09-02T07:00:00+00:00,Rangpo,27.177,88.533,0.1,3B-HHR-E.MS.MRG.3IMERG.20260902-S063000-E065959.0390.V07C.30min.tif
2026-09-02,2026-09-02T06:30:00+00:00,2026-09-02T07:00:00+00:00,2026-09-02T07:00:00+00:00,Singtam,27.234,88.501,0.1,3B-HHR-E.MS.MRG.3IMERG.20260902-S063000-E065959.0390.V07C.30min.tif
2026-09-02,2026-09-02T07:00:00+00:00,2026-09-02T07:30:00+00:00,2026-09-02T07:30:00+00:00,Rangpo,27.177,88.533,0.1,3B-HHR-E.MS.MRG.3IMERG.20260902-S070000-E072959.0420.V07C.30min.tif
2026-09-02,2026-09-02T07:00:00+00:00,2026-09-02T07:30:00+00:00,2026-09-02T07:30:00+00:00,Singtam,27.234,88.501,0.1,3B-HHR-E.MS.MRG.3IMERG.20260902-S070000-E072959.0420.V07C.30min.tif
2026-09-02,2026-09-02T07:30:00+00:00,2026-09-02T08:00:00+00:00,2026-09-02T08:00:00+00:00,Rangpo,27.177,88.533,0.0,3B-HHR-E.MS.MRG.3IMERG.20260902-S073000-E075959.0450.V07C.30min.tif
2026-09-02,2026-09-02T07:30:00+00:00,2026-09-02T08:00:00+00:00,2026-09-02T08:00:00+00:00,Singtam,27.234,88.501,0.1,3B-HHR-E.MS.MRG.3IMERG.20260902-S073000-E075959.0450.V07C.30min.tif
2026-09-02,2026-09-02T08:00:00+00:00,2026-09-02T08:30:00+00:00,2026-09-02T08:30:00+00:00,Rangpo,27.177,88.533,0.0,3B-HHR-E.MS.MRG.3IMERG.20260902-S080000-E082959.0480.V07C.30min.tif
2026-09-02,2026-09-02T08:00:00+00:00,2026-09-02T08:30:00+00:00,2026-09-02T08:30:00+00:00,Singtam,27.234,88.501,0.1,3B-HHR-E.MS.MRG.3IMERG.20260902-S080000-E082959.0480.V07C.30min.tif
2026-09-02,2026-09-02T08:30:00+00:00,2026-09-02T09:00:00+00:00,2026-09-02T09:00:00+00:00,Rangpo,27.177,88.533,0.1,3B-HHR-E.MS.MRG.3IMERG.20260902-S083000-E085959.0510.V07C.30min.tif
2026-09-02,2026-09-02T08:30:00+00:00,2026-09-02T09:00:00+00:00,2026-09-02T09:00:00+00:00,Singtam,27.234,88.501,1.0,3B-HHR-E.MS.MRG.3IMERG.20260902-S083000-E085959.0510.V07C.30min.tif
2026-09-02,2026-09-02T09:00:00+00:00,2026-09-02T09:30:00+00:00,2026-09-02T09:30:00+00:00,Rangpo,27.177,88.533,0.0,3B-HHR-E.MS.MRG.3IMERG.20260902-S090000-E092959.0540.V07C.30min.tif
2026-09-02,2026-09-02T09:00:00+00:00,2026-09-02T09:30:00+00:00,2026-09-02T09:30:00+00:00,Singtam,27.234,88.501,0.0,3B-HHR-E.MS.MRG.3IMERG.20260902-S090000-E092959.0540.V07C.30min.tif
2026-09-02,2026-09-02T09:30:00+00:00,2026-09-02T10:00:00+00:00,2026-09-02T10:00:00+00:00,Rangpo,27.177,88.533,0.0,3B-HHR-E.MS.MRG.3IMERG.20260902-S093000-E095959.0570.V07C.30min.tif
2026-09-02,2026-09-02T09:30:00+00:00,2026-09-02T10:00:00+00:00,2026-09-02T10:00:00+00:00,Singtam,27.234,88.501,0.0,3B-HHR-E.MS.MRG.3IMERG.20260902-S093000-E095959.0570.V07C.30min.tif
2026-09-02,2026-09-02T10:00:00+00:00,2026-09-02T10:30:00+00:00,2026-09-02T10:30:00+00:00,Rangpo,27.177,88.533,0.0,3B-HHR-E.MS.MRG.3IMERG.20260902-S100000-E102959.0600.V07C.30min.tif
2026-09-02,2026-09-02T10:00:00+00:00,2026-09-02T10:30:00+00:00,2026-09-02T10:30:00+00:00,Singtam,27.234,88.501,0.1,3B-HHR-E.MS.MRG.3IMERG.20260902-S100000-E102959.0600.V07C.30min.tif
2026-09-02,2026-09-02T10:30:00+00:00,2026-09-02T11:00:00+00:00,2026-09-02T11:00:00+00:00,Rangpo,27.177,88.533,0.1,3B-HHR-E.MS.MRG.3IMERG.20260902-S103000-E105959.0630.V07C.30min.tif
2026-09-02,2026-09-02T10:30:00+00:00,2026-09-02T11:00:00+00:00,2026-09-02T11:00:00+00:00,Singtam,27.234,88.501,0.1,3B-HHR-E.MS.MRG.3IMERG.20260902-S103000-E105959.0630.V07C.30min.tif
2026-09-02,2026-09-02T11:00:00+00:00,2026-09-02T11:30:00+00:00,2026-09-02T11:30:00+00:00,Rangpo,27.177,88.533,0.0,3B-HHR-E.MS.MRG.3IMERG.20260902-S110000-E112959.0660.V07C.30min.tif
2026-09-02,2026-09-02T11:00:00+00:00,2026-09-02T11:30:00+00:00,2026-09-02T11:30:00+00:00,Singtam,27.234,88.501,0.0,3B-HHR-E.MS.MRG.3IMERG.20260902-S110000-E112959.0660.V07C.30min.tif
2026-09-02,2026-09-02T11:30:00+00:00,2026-09-02T12:00:00+00:00,2026-09-02T12:00:00+00:00,Rangpo,27.177,88.533,0.3,3B-HHR-E.MS.MRG.3IMERG.20260902-S113000-E115959.0690.V07C.30min.tif
2026-09-02,2026-09-02T11:30:00+00:00,2026-09-02T12:00:00+00:00,2026-09-02T12:00:00+00:00,Singtam,27.234,88.501,0.1,3B-HHR-E.MS.MRG.3IMERG.20260902-S113000-E115959.0690.V07C.30min.tif
2026-09-02,2026-09-02T12:00:00+00:00,2026-09-02T12:30:00+00:00,2026-09-02T12:30:00+00:00,Rangpo,27.177,88.533,0.6,3B-HHR-E.MS.MRG.3IMERG.20260902-S120000-E122959.0720.V07C.30min.tif
2026-09-02,2026-09-02T12:00:00+00:00,2026-09-02T12:30:00+00:00,2026-09-02T12:30:00+00:00,Singtam,27.234,88.501,0.3,3B-HHR-E.MS.MRG.3IMERG.20260902-S120000-E122959.0720.V07C.30min.tif
2026-09-02,2026-09-02T12:30:00+00:00,2026-09-02T13:00:00+00:00,2026-09-02T13:00:00+00:00,Rangpo,27.177,88.533,0.4,3B-HHR-E.MS.MRG.3IMERG.20260902-S123000-E125959.0750.V07C.30min.tif
2026-09-02,2026-09-02T12:30:00+00:00,2026-09-02T13:00:00+00:00,2026-09-02T13:00:00+00:00,Singtam,27.234,88.501,0.1,3B-HHR-E.MS.MRG.3IMERG.20260902-S123000-E125959.0750.V07C.30min.tif
2026-09-02,2026-09-02T13:00:00+00:00,2026-09-02T13:30:00+00:00,2026-09-02T13:30:00+00:00,Rangpo,27.177,88.533,0.1,3B-HHR-E.MS.MRG.3IMERG.20260902-S130000-E132959.0780.V07C.30min.tif
2026-09-02,2026-09-02T13:00:00+00:00,2026-09-02T13:30:00+00:00,2026-09-02T13:30:00+00:00,Singtam,27.234,88.501,0.2,3B-HHR-E.MS.MRG.3IMERG.20260902-S130000-E132959.0780.V07C.30min.tif
2026-09-02,2026-09-02T13:30:00+00:00,2026-09-02T14:00:00+00:00,2026-09-02T14:00:00+00:00,Rangpo,27.177,88.533,0.1,3B-HHR-E.MS.MRG.3IMERG.20260902-S133000-E135959.0810.V07C.30min.tif
2026-09-02,2026-09-02T13:30:00+00:00,2026-09-02T14:00:00+00:00,2026-09-02T14:00:00+00:00,Singtam,27.234,88.501,0.2,3B-HHR-E.MS.MRG.3IMERG.20260902-S133000-E135959.0810.V07C.30min.tif
2026-09-02,2026-09-02T14:00:00+00:00,2026-09-02T14:30:00+00:00,2026-09-02T14:30:00+00:00,Rangpo,27.177,88.533,0.0,3B-HHR-E.MS.MRG.3IMERG.20260902-S140000-E142959.0840.V07C.30min.tif
2026-09-02,2026-09-02T14:00:00+00:00,2026-09-02T14:30:00+00:00,2026-09-02T14:30:00+00:00,Singtam,27.234,88.501,0.0,3B-HHR-E.MS.MRG.3IMERG.20260902-S140000-E142959.0840.V07C.30min.tif
2026-09-02,2026-09-02T14:30:00+00:00,2026-09-02T15:00:00+00:00,2026-09-02T15:00:00+00:00,Rangpo,27.177,88.533,0.0,3B-HHR-E.MS.MRG.3IMERG.20260902-S143000-E145959.0870.V07C.30min.tif
2026-09-02,2026-09-02T14:30:00+00:00,2026-09-02T15:00:00+00:00,2026-09-02T15:00:00+00:00,Singtam,27.234,88.501,0.1,3B-HHR-E.MS.MRG.3IMERG.20260902-S143000-E145959.0870.V07C.30min.tif
2026-09-02,2026-09-02T15:00:00+00:00,2026-09-02T15:30:00+00:00,2026-09-02T15:30:00+00:00,Rangpo,27.177,88.533,0.0,3B-HHR-E.MS.MRG.3IMERG.20260902-S150000-E152959.0900.V07C.30min.tif
2026-09-02,2026-09-02T15:00:00+00:00,2026-09-02T15:30:00+00:00,2026-09-02T15:30:00+00:00,Singtam,27.234,88.501,0.3,3B-HHR-E.MS.MRG.3IMERG.20260902-S150000-E152959.0900.V07C.30min.tif
2026-09-02,2026-09-02T15:30:00+00:00,2026-09-02T16:00:00+00:00,2026-09-02T16:00:00+00:00,Rangpo,27.177,88.533,0.1,3B-HHR-E.MS.MRG.3IMERG.20260902-S153000-E155959.0930.V07C.30min.tif
2026-09-02,2026-09-02T15:30:00+00:00,2026-09-02T16:00:00+00:00,2026-09-02T16:00:00+00:00,Singtam,27.234,88.501,0.6,3B-HHR-E.MS.MRG.3IMERG.20260902-S153000-E155959.0930.V07C.30min.tif
2026-09-02,2026-09-02T16:00:00+00:00,2026-09-02T16:30:00+00:00,2026-09-02T16:30:00+00:00,Rangpo,27.177,88.533,0.0,3B-HHR-E.MS.MRG.3IMERG.20260902-S160000-E162959.0960.V07C.30min.tif
2026-09-02,2026-09-02T16:00:00+00:00,2026-09-02T16:30:00+00:00,2026-09-02T16:30:00+00:00,Singtam,27.234,88.501,0.3,3B-HHR-E.MS.MRG.3IMERG.20260902-S160000-E162959.0960.V07C.30min.tif
2026-09-02,2026-09-02T16:30:00+00:00,2026-09-02T17:00:00+00:00,2026-09-02T17:00:00+00:00,Rangpo,27.177,88.533,0.0,3B-HHR-E.MS.MRG.3IMERG.20260902-S163000-E165959.0990.V07C.30min.tif
2026-09-02,2026-09-02T16:30:00+00:00,2026-09-02T17:00:00+00:00,2026-09-02T17:00:00+00:00,Singtam,27.234,88.501,0.2,3B-HHR-E.MS.MRG.3IMERG.20260902-S163000-E165959.0990.V07C.30min.tif
2026-09-02,2026-09-02T17:00:00+00:00,2026-09-02T17:30:00+00:00,2026-09-02T17:30:00+00:00,Rangpo,27.177,88.533,0.0,3B-HHR-E.MS.MRG.3IMERG.20260902-S170000-E172959.1020.V07C.30min.tif
2026-09-02,2026-09-02T17:00:00+00:00,2026-09-02T17:30:00+00:00,2026-09-02T17:30:00+00:00,Singtam,27.234,88.501,0.1,3B-HHR-E.MS.MRG.3IMERG.20260902-S170000-E172959.1020.V07C.30min.tif
2026-09-02,2026-09-02T17:30:00+00:00,2026-09-02T18:00:00+00:00,2026-09-02T18:00:00+00:00,Rangpo,27.177,88.533,0.0,3B-HHR-E.MS.MRG.3IMERG.20260902-S173000-E175959.1050.V07C.30min.tif
2026-09-02,2026-09-02T17:30:00+00:00,2026-09-02T18:00:00+00:00,2026-09-02T18:00:00+00:00,Singtam,27.234,88.501,0.0,3B-HHR-E.MS.MRG.3IMERG.20260902-S173000-E175959.1050.V07C.30min.tif
2026-09-02,2026-09-02T18:00:00+00:00,2026-09-02T18:30:00+00:00,2026-09-02T18:30:00+00:00,Rangpo,27.177,88.533,0.3,3B-HHR-E.MS.MRG.3IMERG.20260902-S180000-E182959.1080.V07C.30min.tif
2026-09-02,2026-09-02T18:00:00+00:00,2026-09-02T18:30:00+00:00,2026-09-02T18:30:00+00:00,Singtam,27.234,88.501,0.1,3B-HHR-E.MS.MRG.3IMERG.20260902-S180000-E182959.1080.V07C.30min.tif
2026-09-02,2026-09-02T18:30:00+00:00,2026-09-02T19:00:00+00:00,2026-09-02T19:00:00+00:00,Rangpo,27.177,88.533,0.3,3B-HHR-E.MS.MRG.3IMERG.20260902-S183000-E185959.1110.V07C.30min.tif
2026-09-02,2026-09-02T18:30:00+00:00,2026-09-02T19:00:00+00:00,2026-09-02T19:00:00+00:00,Singtam,27.234,88.501,0.1,3B-HHR-E.MS.MRG.3IMERG.20260902-S183000-E185959.1110.V07C.30min.tif
2026-09-02,2026-09-02T19:00:00+00:00,2026-09-02T19:30:00+00:00,2026-09-02T19:30:00+00:00,Rangpo,27.177,88.533,0.0,3B-HHR-E.MS.MRG.3IMERG.20260902-S190000-E192959.1140.V07C.30min.tif
2026-09-02,2026-09-02T19:00:00+00:00,2026-09-02T19:30:00+00:00,2026-09-02T19:30:00+00:00,Singtam,27.234,88.501,0.0,3B-HHR-E.MS.MRG.3IMERG.20260902-S190000-E192959.1140.V07C.30min.tif
2026-09-02,2026-09-02T19:30:00+00:00,2026-09-02T20:00:00+00:00,2026-09-02T20:00:00+00:00,Rangpo,27.177,88.533,0.0,3B-HHR-E.MS.MRG.3IMERG.20260902-S193000-E195959.1170.V07C.30min.tif
2026-09-02,2026-09-02T19:30:00+00:00,2026-09-02T20:00:00+00:00,2026-09-02T20:00:00+00:00,Singtam,27.234,88.501,0.0,3B-HHR-E.MS.MRG.3IMERG.20260902-S193000-E195959.1170.V07C.30min.tif
2026-09-02,2026-09-02T20:00:00+00:00,2026-09-02T20:30:00+00:00,2026-09-02T20:30:00+00:00,Rangpo,27.177,88.533,0.0,3B-HHR-E.MS.MRG.3IMERG.20260902-S200000-E202959.1200.V07C.30min.tif
2026-09-02,2026-09-02T20:00:00+00:00,2026-09-02T20:30:00+00:00,2026-09-02T20:30:00+00:00,Singtam,27.234,88.501,0.0,3B-HHR-E.MS.MRG.3IMERG.20260902-S200000-E202959.1200.V07C.30min.tif
2026-09-02,2026-09-02T20:30:00+00:00,2026-09-02T21:00:00+00:00,2026-09-02T21:00:00+00:00,Rangpo,27.177,88.533,0.0,3B-HHR-E.MS.MRG.3IMERG.20260902-S203000-E205959.1230.V07C.30min.tif
2026-09-02,2026-09-02T20:30:00+00:00,2026-09-02T21:00:00+00:00,2026-09-02T21:00:00+00:00,Singtam,27.234,88.501,0.0,3B-HHR-E.MS.MRG.3IMERG.20260902-S203000-E205959.1230.V07C.30min.tif
2026-09-02,2026-09-02T21:00:00+00:00,2026-09-02T21:30:00+00:00,2026-09-02T21:30:00+00:00,Rangpo,27.177,88.533,0.0,3B-HHR-E.MS.MRG.3IMERG.20260902-S210000-E212959.1260.V07C.30min.tif
2026-09-02,2026-09-02T21:00:00+00:00,2026-09-02T21:30:00+00:00,2026-09-02T21:30:00+00:00,Singtam,27.234,88.501,0.0,3B-HHR-E.MS.MRG.3IMERG.20260902-S210000-E212959.1260.V07C.30min.tif
2026-09-02,2026-09-02T21:30:00+00:00,2026-09-02T22:00:00+00:00,2026-09-02T22:00:00+00:00,Rangpo,27.177,88.533,0.0,3B-HHR-E.MS.MRG.3IMERG.20260902-S213000-E215959.1290.V07C.30min.tif
2026-09-02,2026-09-02T21:30:00+00:00,2026-09-02T22:00:00+00:00,2026-09-02T22:00:00+00:00,Singtam,27.234,88.501,0.0,3B-HHR-E.MS.MRG.3IMERG.20260902-S213000-E215959.1290.V07C.30min.tif
2026-09-02,2026-09-02T22:00:00+00:00,2026-09-02T22:30:00+00:00,2026-09-02T22:30:00+00:00,Rangpo,27.177,88.533,1.5,3B-HHR-E.MS.MRG.3IMERG.20260902-S220000-E222959.1320.V07C.30min.tif
2026-09-02,2026-09-02T22:00:00+00:00,2026-09-02T22:30:00+00:00,2026-09-02T22:30:00+00:00,Singtam,27.234,88.501,0.3,3B-HHR-E.MS.MRG.3IMERG.20260902-S220000-E222959.1320.V07C.30min.tif
2026-09-02,2026-09-02T22:30:00+00:00,2026-09-02T23:00:00+00:00,2026-09-02T23:00:00+00:00,Rangpo,27.177,88.533,1.6,3B-HHR-E.MS.MRG.3IMERG.20260902-S223000-E225959.1350.V07C.30min.tif
2026-09-02,2026-09-02T22:30:00+00:00,2026-09-02T23:00:00+00:00,2026-09-02T23:00:00+00:00,Singtam,27.234,88.501,0.3,3B-HHR-E.MS.MRG.3IMERG.20260902-S223000-E225959.1350.V07C.30min.tif
2026-09-02,2026-09-02T23:00:00+00:00,2026-09-02T23:30:00+00:00,2026-09-02T23:30:00+00:00,Rangpo,27.177,88.533,0.0,3B-HHR-E.MS.MRG.3IMERG.20260902-S230000-E232959.1380.V07C.30min.tif
2026-09-02,2026-09-02T23:00:00+00:00,2026-09-02T23:30:00+00:00,2026-09-02T23:30:00+00:00,Singtam,27.234,88.501,0.0,3B-HHR-E.MS.MRG.3IMERG.20260902-S230000-E232959.1380.V07C.30min.tif
2026-09-02,2026-09-02T23:30:00+00:00,2026-09-03T00:00:00+00:00,2026-09-03T00:00:00+00:00,Rangpo,27.177,88.533,0.0,3B-HHR-E.MS.MRG.3IMERG.20260902-S233000-E235959.1410.V07C.30min.tif
2026-09-02,2026-09-02T23:30:00+00:00,2026-09-03T00:00:00+00:00,2026-09-03T00:00:00+00:00,Singtam,27.234,88.501,0.0,3B-HHR-E.MS.MRG.3IMERG.20260902-S233000-E235959.1410.V07C.30min.tif
2026-09-03,2026-09-03T00:00:00+00:00,2026-09-03T00:30:00+00:00,2026-09-03T00:30:00+00:00,Rangpo,27.177,88.533,0.0,3B-HHR-E.MS.MRG.3IMERG.20260903-S000000-E002959.0000.V07C.30min.tif
2026-09-03,2026-09-03T00:00:00+00:00,2026-09-03T00:30:00+00:00,2026-09-03T00:30:00+00:00,Singtam,27.234,88.501,0.0,3B-HHR-E.MS.MRG.3IMERG.20260903-S000000-E002959.0000.V07C.30min.tif
2026-09-03,2026-09-03T00:30:00+00:00,2026-09-03T01:00:00+00:00,2026-09-03T01:00:00+00:00,Rangpo,27.177,88.533,0.0,3B-HHR-E.MS.MRG.3IMERG.20260903-S003000-E005959.0030.V07C.30min.tif
2026-09-03,2026-09-03T00:30:00+00:00,2026-09-03T01:00:00+00:00,2026-09-03T01:00:00+00:00,Singtam,27.234,88.501,0.0,3B-HHR-E.MS.MRG.3IMERG.20260903-S003000-E005959.0030.V07C.30min.tif
2026-09-03,2026-09-03T01:00:00+00:00,2026-09-03T01:30:00+00:00,2026-09-03T01:30:00+00:00,Rangpo,27.177,88.533,0.0,3B-HHR-E.MS.MRG.3IMERG.20260903-S010000-E012959.0060.V07C.30min.tif
2026-09-03,2026-09-03T01:00:00+00:00,2026-09-03T01:30:00+00:00,2026-09-03T01:30:00+00:00,Singtam,27.234,88.501,0.0,3B-HHR-E.MS.MRG.3IMERG.20260903-S010000-E012959.0060.V07C.30min.tif
2026-09-03,2026-09-03T01:30:00+00:00,2026-09-03T02:00:00+00:00,2026-09-03T02:00:00+00:00,Rangpo,27.177,88.533,0.0,3B-HHR-E.MS.MRG.3IMERG.20260903-S013000-E015959.0090.V07C.30min.tif
2026-09-03,2026-09-03T01:30:00+00:00,2026-09-03T02:00:00+00:00,2026-09-03T02:00:00+00:00,Singtam,27.234,88.501,0.0,3B-HHR-E.MS.MRG.3IMERG.20260903-S013000-E015959.0090.V07C.30min.tif
2026-09-03,2026-09-03T02:00:00+00:00,2026-09-03T02:30:00+00:00,2026-09-03T02:30:00+00:00,Rangpo,27.177,88.533,0.0,3B-HHR-E.MS.MRG.3IMERG.20260903-S020000-E022959.0120.V07C.30min.tif
2026-09-03,2026-09-03T02:00:00+00:00,2026-09-03T02:30:00+00:00,2026-09-03T02:30:00+00:00,Singtam,27.234,88.501,0.0,3B-HHR-E.MS.MRG.3IMERG.20260903-S020000-E022959.0120.V07C.30min.tif
2026-09-03,2026-09-03T02:30:00+00:00,2026-09-03T03:00:00+00:00,2026-09-03T03:00:00+00:00,Rangpo,27.177,88.533,0.0,3B-HHR-E.MS.MRG.3IMERG.20260903-S023000-E025959.0150.V07C.30min.tif
2026-09-03,2026-09-03T02:30:00+00:00,2026-09-03T03:00:00+00:00,2026-09-03T03:00:00+00:00,Singtam,27.234,88.501,0.0,3B-HHR-E.MS.MRG.3IMERG.20260903-S023000-E025959.0150.V07C.30min.tif
2026-09-03,2026-09-03T03:00:00+00:00,2026-09-03T03:30:00+00:00,2026-09-03T03:30:00+00:00,Rangpo,27.177,88.533,0.1,3B-HHR-E.MS.MRG.3IMERG.20260903-S030000-E032959.0180.V07C.30min.tif
2026-09-03,2026-09-03T03:00:00+00:00,2026-09-03T03:30:00+00:00,2026-09-03T03:30:00+00:00,Singtam,27.234,88.501,0.1,3B-HHR-E.MS.MRG.3IMERG.20260903-S030000-E032959.0180.V07C.30min.tif
2026-09-03,2026-09-03T03:30:00+00:00,2026-09-03T04:00:00+00:00,2026-09-03T04:00:00+00:00,Rangpo,27.177,88.533,0.1,3B-HHR-E.MS.MRG.3IMERG.20260903-S033000-E035959.0210.V07C.30min.tif
2026-09-03,2026-09-03T03:30:00+00:00,2026-09-03T04:00:00+00:00,2026-09-03T04:00:00+00:00,Singtam,27.234,88.501,0.0,3B-HHR-E.MS.MRG.3IMERG.20260903-S033000-E035959.0210.V07C.30min.tif
2026-09-03,2026-09-03T04:00:00+00:00,2026-09-03T04:30:00+00:00,2026-09-03T04:30:00+00:00,Rangpo,27.177,88.533,0.0,3B-HHR-E.MS.MRG.3IMERG.20260903-S040000-E042959.0240.V07C.30min.tif
2026-09-03,2026-09-03T04:00:00+00:00,2026-09-03T04:30:00+00:00,2026-09-03T04:30:00+00:00,Singtam,27.234,88.501,0.0,3B-HHR-E.MS.MRG.3IMERG.20260903-S040000-E042959.0240.V07C.30min.tif
2026-09-03,2026-09-03T04:30:00+00:00,2026-09-03T05:00:00+00:00,2026-09-03T05:00:00+00:00,Rangpo,27.177,88.533,0.0,3B-HHR-E.MS.MRG.3IMERG.20260903-S043000-E045959.0270.V07C.30min.tif
2026-09-03,2026-09-03T04:30:00+00:00,2026-09-03T05:00:00+00:00,2026-09-03T05:00:00+00:00,Singtam,27.234,88.501,0.0,3B-HHR-E.MS.MRG.3IMERG.20260903-S043000-E045959.0270.V07C.30min.tif
2026-09-03,2026-09-03T05:00:00+00:00,2026-09-03T05:30:00+00:00,2026-09-03T05:30:00+00:00,Rangpo,27.177,88.533,0.0,3B-HHR-E.MS.MRG.3IMERG.20260903-S050000-E052959.0300.V07C.30min.tif
2026-09-03,2026-09-03T05:00:00+00:00,2026-09-03T05:30:00+00:00,2026-09-03T05:30:00+00:00,Singtam,27.234,88.501,0.0,3B-HHR-E.MS.MRG.3IMERG.20260903-S050000-E052959.0300.V07C.30min.tif
2026-09-03,2026-09-03T05:30:00+00:00,2026-09-03T06:00:00+00:00,2026-09-03T06:00:00+00:00,Rangpo,27.177,88.533,0.0,3B-HHR-E.MS.MRG.3IMERG.20260903-S053000-E055959.0330.V07C.30min.tif
2026-09-03,2026-09-03T05:30:00+00:00,2026-09-03T06:00:00+00:00,2026-09-03T06:00:00+00:00,Singtam,27.234,88.501,0.0,3B-HHR-E.MS.MRG.3IMERG.20260903-S053000-E055959.0330.V07C.30min.tif
2026-09-03,2026-09-03T06:00:00+00:00,2026-09-03T06:30:00+00:00,2026-09-03T06:30:00+00:00,Rangpo,27.177,88.533,0.0,3B-HHR-E.MS.MRG.3IMERG.20260903-S060000-E062959.0360.V07C.30min.tif
2026-09-03,2026-09-03T06:00:00+00:00,2026-09-03T06:30:00+00:00,2026-09-03T06:30:00+00:00,Singtam,27.234,88.501,0.0,3B-HHR-E.MS.MRG.3IMERG.20260903-S060000-E062959.0360.V07C.30min.tif
2026-09-03,2026-09-03T06:30:00+00:00,2026-09-03T07:00:00+00:00,2026-09-03T07:00:00+00:00,Rangpo,27.177,88.533,0.0,3B-HHR-E.MS.MRG.3IMERG.20260903-S063000-E065959.0390.V07C.30min.tif
2026-09-03,2026-09-03T06:30:00+00:00,2026-09-03T07:00:00+00:00,2026-09-03T07:00:00+00:00,Singtam,27.234,88.501,0.1,3B-HHR-E.MS.MRG.3IMERG.20260903-S063000-E065959.0390.V07C.30min.tif
2026-09-03,2026-09-03T07:00:00+00:00,2026-09-03T07:30:00+00:00,2026-09-03T07:30:00+00:00,Rangpo,27.177,88.533,0.0,3B-HHR-E.MS.MRG.3IMERG.20260903-S070000-E072959.0420.V07C.30min.tif
2026-09-03,2026-09-03T07:00:00+00:00,2026-09-03T07:30:00+00:00,2026-09-03T07:30:00+00:00,Singtam,27.234,88.501,0.0,3B-HHR-E.MS.MRG.3IMERG.20260903-S070000-E072959.0420.V07C.30min.tif
2026-09-03,2026-09-03T07:30:00+00:00,2026-09-03T08:00:00+00:00,2026-09-03T08:00:00+00:00,Rangpo,27.177,88.533,0.0,3B-HHR-E.MS.MRG.3IMERG.20260903-S073000-E075959.0450.V07C.30min.tif
2026-09-03,2026-09-03T07:30:00+00:00,2026-09-03T08:00:00+00:00,2026-09-03T08:00:00+00:00,Singtam,27.234,88.501,0.0,3B-HHR-E.MS.MRG.3IMERG.20260903-S073000-E075959.0450.V07C.30min.tif
2026-09-03,2026-09-03T08:00:00+00:00,2026-09-03T08:30:00+00:00,2026-09-03T08:30:00+00:00,Rangpo,27.177,88.533,0.0,3B-HHR-E.MS.MRG.3IMERG.20260903-S080000-E082959.0480.V07C.30min.tif
2026-09-03,2026-09-03T08:00:00+00:00,2026-09-03T08:30:00+00:00,2026-09-03T08:30:00+00:00,Singtam,27.234,88.501,0.0,3B-HHR-E.MS.MRG.3IMERG.20260903-S080000-E082959.0480.V07C.30min.tif
2026-09-03,2026-09-03T08:30:00+00:00,2026-09-03T09:00:00+00:00,2026-09-03T09:00:00+00:00,Rangpo,27.177,88.533,0.0,3B-HHR-E.MS.MRG.3IMERG.20260903-S083000-E085959.0510.V07C.30min.tif
2026-09-03,2026-09-03T08:30:00+00:00,2026-09-03T09:00:00+00:00,2026-09-03T09:00:00+00:00,Singtam,27.234,88.501,0.0,3B-HHR-E.MS.MRG.3IMERG.20260903-S083000-E085959.0510.V07C.30min.tif
2026-09-03,2026-09-03T09:00:00+00:00,2026-09-03T09:30:00+00:00,2026-09-03T09:30:00+00:00,Rangpo,27.177,88.533,0.0,3B-HHR-E.MS.MRG.3IMERG.20260903-S090000-E092959.0540.V07C.30min.tif
2026-09-03,2026-09-03T09:00:00+00:00,2026-09-03T09:30:00+00:00,2026-09-03T09:30:00+00:00,Singtam,27.234,88.501,0.0,3B-HHR-E.MS.MRG.3IMERG.20260903-S090000-E092959.0540.V07C.30min.tif
2026-09-03,2026-09-03T09:30:00+00:00,2026-09-03T10:00:00+00:00,2026-09-03T10:00:00+00:00,Rangpo,27.177,88.533,0.0,3B-HHR-E.MS.MRG.3IMERG.20260903-S093000-E095959.0570.V07C.30min.tif
2026-09-03,2026-09-03T09:30:00+00:00,2026-09-03T10:00:00+00:00,2026-09-03T10:00:00+00:00,Singtam,27.234,88.501,0.0,3B-HHR-E.MS.MRG.3IMERG.20260903-S093000-E095959.0570.V07C.30min.tif
2026-09-03,2026-09-03T10:00:00+00:00,2026-09-03T10:30:00+00:00,2026-09-03T10:30:00+00:00,Rangpo,27.177,88.533,0.0,3B-HHR-E.MS.MRG.3IMERG.20260903-S100000-E102959.0600.V07C.30min.tif
2026-09-03,2026-09-03T10:00:00+00:00,2026-09-03T10:30:00+00:00,2026-09-03T10:30:00+00:00,Singtam,27.234,88.501,0.0,3B-HHR-E.MS.MRG.3IMERG.20260903-S100000-E102959.0600.V07C.30min.tif
2026-09-03,2026-09-03T10:30:00+00:00,2026-09-03T11:00:00+00:00,2026-09-03T11:00:00+00:00,Rangpo,27.177,88.533,0.0,3B-HHR-E.MS.MRG.3IMERG.20260903-S103000-E105959.0630.V07C.30min.tif
2026-09-03,2026-09-03T10:30:00+00:00,2026-09-03T11:00:00+00:00,2026-09-03T11:00:00+00:00,Singtam,27.234,88.501,0.0,3B-HHR-E.MS.MRG.3IMERG.20260903-S103000-E105959.0630.V07C.30min.tif
2026-09-03,2026-09-03T11:00:00+00:00,2026-09-03T11:30:00+00:00,2026-09-03T11:30:00+00:00,Rangpo,27.177,88.533,0.0,3B-HHR-E.MS.MRG.3IMERG.20260903-S110000-E112959.0660.V07C.30min.tif
2026-09-03,2026-09-03T11:00:00+00:00,2026-09-03T11:30:00+00:00,2026-09-03T11:30:00+00:00,Singtam,27.234,88.501,0.0,3B-HHR-E.MS.MRG.3IMERG.20260903-S110000-E112959.0660.V07C.30min.tif
2026-09-03,2026-09-03T11:30:00+00:00,2026-09-03T12:00:00+00:00,2026-09-03T12:00:00+00:00,Rangpo,27.177,88.533,0.0,3B-HHR-E.MS.MRG.3IMERG.20260903-S113000-E115959.0690.V07C.30min.tif
2026-09-03,2026-09-03T11:30:00+00:00,2026-09-03T12:00:00+00:00,2026-09-03T12:00:00+00:00,Singtam,27.234,88.501,0.1,3B-HHR-E.MS.MRG.3IMERG.20260903-S113000-E115959.0690.V07C.30min.tif
2026-09-03,2026-09-03T12:00:00+00:00,2026-09-03T12:30:00+00:00,2026-09-03T12:30:00+00:00,Rangpo,27.177,88.533,0.0,3B-HHR-E.MS.MRG.3IMERG.20260903-S120000-E122959.0720.V07C.30min.tif
2026-09-03,2026-09-03T12:00:00+00:00,2026-09-03T12:30:00+00:00,2026-09-03T12:30:00+00:00,Singtam,27.234,88.501,0.0,3B-HHR-E.MS.MRG.3IMERG.20260903-S120000-E122959.0720.V07C.30min.tif
2026-09-03,2026-09-03T12:30:00+00:00,2026-09-03T13:00:00+00:00,2026-09-03T13:00:00+00:00,Rangpo,27.177,88.533,0.1,3B-HHR-E.MS.MRG.3IMERG.20260903-S123000-E125959.0750.V07C.30min.tif
2026-09-03,2026-09-03T12:30:00+00:00,2026-09-03T13:00:00+00:00,2026-09-03T13:00:00+00:00,Singtam,27.234,88.501,0.1,3B-HHR-E.MS.MRG.3IMERG.20260903-S123000-E125959.0750.V07C.30min.tif
2026-09-03,2026-09-03T13:00:00+00:00,2026-09-03T13:30:00+00:00,2026-09-03T13:30:00+00:00,Rangpo,27.177,88.533,0.1,3B-HHR-E.MS.MRG.3IMERG.20260903-S130000-E132959.0780.V07C.30min.tif
2026-09-03,2026-09-03T13:00:00+00:00,2026-09-03T13:30:00+00:00,2026-09-03T13:30:00+00:00,Singtam,27.234,88.501,0.1,3B-HHR-E.MS.MRG.3IMERG.20260903-S130000-E132959.0780.V07C.30min.tif
2026-09-03,2026-09-03T13:30:00+00:00,2026-09-03T14:00:00+00:00,2026-09-03T14:00:00+00:00,Rangpo,27.177,88.533,0.0,3B-HHR-E.MS.MRG.3IMERG.20260903-S133000-E135959.0810.V07C.30min.tif
2026-09-03,2026-09-03T13:30:00+00:00,2026-09-03T14:00:00+00:00,2026-09-03T14:00:00+00:00,Singtam,27.234,88.501,0.0,3B-HHR-E.MS.MRG.3IMERG.20260903-S133000-E135959.0810.V07C.30min.tif
2026-09-03,2026-09-03T14:00:00+00:00,2026-09-03T14:30:00+00:00,2026-09-03T14:30:00+00:00,Rangpo,27.177,88.533,0.0,3B-HHR-E.MS.MRG.3IMERG.20260903-S140000-E142959.0840.V07C.30min.tif
2026-09-03,2026-09-03T14:00:00+00:00,2026-09-03T14:30:00+00:00,2026-09-03T14:30:00+00:00,Singtam,27.234,88.501,0.0,3B-HHR-E.MS.MRG.3IMERG.20260903-S140000-E142959.0840.V07C.30min.tif
2026-09-03,2026-09-03T14:30:00+00:00,2026-09-03T15:00:00+00:00,2026-09-03T15:00:00+00:00,Rangpo,27.177,88.533,0.1,3B-HHR-E.MS.MRG.3IMERG.20260903-S143000-E145959.0870.V07C.30min.tif
2026-09-03,2026-09-03T14:30:00+00:00,2026-09-03T15:00:00+00:00,2026-09-03T15:00:00+00:00,Singtam,27.234,88.501,0.1,3B-HHR-E.MS.MRG.3IMERG.20260903-S143000-E145959.0870.V07C.30min.tif
2026-09-03,2026-09-03T15:00:00+00:00,2026-09-03T15:30:00+00:00,2026-09-03T15:30:00+00:00,Rangpo,27.177,88.533,0.2,3B-HHR-E.MS.MRG.3IMERG.20260903-S150000-E152959.0900.V07C.30min.tif
2026-09-03,2026-09-03T15:00:00+00:00,2026-09-03T15:30:00+00:00,2026-09-03T15:30:00+00:00,Singtam,27.234,88.501,0.2,3B-HHR-E.MS.MRG.3IMERG.20260903-S150000-E152959.0900.V07C.30min.tif
2026-09-03,2026-09-03T15:30:00+00:00,2026-09-03T16:00:00+00:00,2026-09-03T16:00:00+00:00,Rangpo,27.177,88.533,0.3,3B-HHR-E.MS.MRG.3IMERG.20260903-S153000-E155959.0930.V07C.30min.tif
2026-09-03,2026-09-03T15:30:00+00:00,2026-09-03T16:00:00+00:00,2026-09-03T16:00:00+00:00,Singtam,27.234,88.501,0.4,3B-HHR-E.MS.MRG.3IMERG.20260903-S153000-E155959.0930.V07C.30min.tif
2026-09-03,2026-09-03T16:00:00+00:00,2026-09-03T16:30:00+00:00,2026-09-03T16:30:00+00:00,Rangpo,27.177,88.533,0.1,3B-HHR-E.MS.MRG.3IMERG.20260903-S160000-E162959.0960.V07C.30min.tif
2026-09-03,2026-09-03T16:00:00+00:00,2026-09-03T16:30:00+00:00,2026-09-03T16:30:00+00:00,Singtam,27.234,88.501,0.1,3B-HHR-E.MS.MRG.3IMERG.20260903-S160000-E162959.0960.V07C.30min.tif
2026-09-03,2026-09-03T16:30:00+00:00,2026-09-03T17:00:00+00:00,2026-09-03T17:00:00+00:00,Rangpo,27.177,88.533,0.1,3B-HHR-E.MS.MRG.3IMERG.20260903-S163000-E165959.0990.V07C.30min.tif
2026-09-03,2026-09-03T16:30:00+00:00,2026-09-03T17:00:00+00:00,2026-09-03T17:00:00+00:00,Singtam,27.234,88.501,0.1,3B-HHR-E.MS.MRG.3IMERG.20260903-S163000-E165959.0990.V07C.30min.tif
2026-09-03,2026-09-03T17:00:00+00:00,2026-09-03T17:30:00+00:00,2026-09-03T17:30:00+00:00,Rangpo,27.177,88.533,0.0,3B-HHR-E.MS.MRG.3IMERG.20260903-S170000-E172959.1020.V07C.30min.tif
2026-09-03,2026-09-03T17:00:00+00:00,2026-09-03T17:30:00+00:00,2026-09-03T17:30:00+00:00,Singtam,27.234,88.501,0.0,3B-HHR-E.MS.MRG.3IMERG.20260903-S170000-E172959.1020.V07C.30min.tif
2026-09-03,2026-09-03T17:30:00+00:00,2026-09-03T18:00:00+00:00,2026-09-03T18:00:00+00:00,Rangpo,27.177,88.533,0.0,3B-HHR-E.MS.MRG.3IMERG.20260903-S173000-E175959.1050.V07C.30min.tif
2026-09-03,2026-09-03T17:30:00+00:00,2026-09-03T18:00:00+00:00,2026-09-03T18:00:00+00:00,Singtam,27.234,88.501,0.0,3B-HHR-E.MS.MRG.3IMERG.20260903-S173000-E175959.1050.V07C.30min.tif
2026-09-03,2026-09-03T18:00:00+00:00,2026-09-03T18:30:00+00:00,2026-09-03T18:30:00+00:00,Rangpo,27.177,88.533,0.1,3B-HHR-E.MS.MRG.3IMERG.20260903-S180000-E182959.1080.V07C.30min.tif
2026-09-03,2026-09-03T18:00:00+00:00,2026-09-03T18:30:00+00:00,2026-09-03T18:30:00+00:00,Singtam,27.234,88.501,1.0,3B-HHR-E.MS.MRG.3IMERG.20260903-S180000-E182959.1080.V07C.30min.tif
2026-09-03,2026-09-03T18:30:00+00:00,2026-09-03T19:00:00+00:00,2026-09-03T19:00:00+00:00,Rangpo,27.177,88.533,0.1,3B-HHR-E.MS.MRG.3IMERG.20260903-S183000-E185959.1110.V07C.30min.tif
2026-09-03,2026-09-03T18:30:00+00:00,2026-09-03T19:00:00+00:00,2026-09-03T19:00:00+00:00,Singtam,27.234,88.501,1.1,3B-HHR-E.MS.MRG.3IMERG.20260903-S183000-E185959.1110.V07C.30min.tif
2026-09-03,2026-09-03T19:00:00+00:00,2026-09-03T19:30:00+00:00,2026-09-03T19:30:00+00:00,Rangpo,27.177,88.533,1.2,3B-HHR-E.MS.MRG.3IMERG.20260903-S190000-E192959.1140.V07C.30min.tif
2026-09-03,2026-09-03T19:00:00+00:00,2026-09-03T19:30:00+00:00,2026-09-03T19:30:00+00:00,Singtam,27.234,88.501,4.1,3B-HHR-E.MS.MRG.3IMERG.20260903-S190000-E192959.1140.V07C.30min.tif
2026-09-03,2026-09-03T19:30:00+00:00,2026-09-03T20:00:00+00:00,2026-09-03T20:00:00+00:00,Rangpo,27.177,88.533,0.0,3B-HHR-E.MS.MRG.3IMERG.20260903-S193000-E195959.1170.V07C.30min.tif
2026-09-03,2026-09-03T19:30:00+00:00,2026-09-03T20:00:00+00:00,2026-09-03T20:00:00+00:00,Singtam,27.234,88.501,0.2,3B-HHR-E.MS.MRG.3IMERG.20260903-S193000-E195959.1170.V07C.30min.tif
2026-09-03,2026-09-03T20:00:00+00:00,2026-09-03T20:30:00+00:00,2026-09-03T20:30:00+00:00,Rangpo,27.177,88.533,0.1,3B-HHR-E.MS.MRG.3IMERG.20260903-S200000-E202959.1200.V07C.30min.tif
2026-09-03,2026-09-03T20:00:00+00:00,2026-09-03T20:30:00+00:00,2026-09-03T20:30:00+00:00,Singtam,27.234,88.501,0.1,3B-HHR-E.MS.MRG.3IMERG.20260903-S200000-E202959.1200.V07C.30min.tif
2026-09-03,2026-09-03T20:30:00+00:00,2026-09-03T21:00:00+00:00,2026-09-03T21:00:00+00:00,Rangpo,27.177,88.533,0.1,3B-HHR-E.MS.MRG.3IMERG.20260903-S203000-E205959.1230.V07C.30min.tif
2026-09-03,2026-09-03T20:30:00+00:00,2026-09-03T21:00:00+00:00,2026-09-03T21:00:00+00:00,Singtam,27.234,88.501,0.1,3B-HHR-E.MS.MRG.3IMERG.20260903-S203000-E205959.1230.V07C.30min.tif
2026-09-03,2026-09-03T21:00:00+00:00,2026-09-03T21:30:00+00:00,2026-09-03T21:30:00+00:00,Rangpo,27.177,88.533,0.0,3B-HHR-E.MS.MRG.3IMERG.20260903-S210000-E212959.1260.V07C.30min.tif
2026-09-03,2026-09-03T21:00:00+00:00,2026-09-03T21:30:00+00:00,2026-09-03T21:30:00+00:00,Singtam,27.234,88.501,0.1,3B-HHR-E.MS.MRG.3IMERG.20260903-S210000-E212959.1260.V07C.30min.tif
2026-09-03,2026-09-03T21:30:00+00:00,2026-09-03T22:00:00+00:00,2026-09-03T22:00:00+00:00,Rangpo,27.177,88.533,0.0,3B-HHR-E.MS.MRG.3IMERG.20260903-S213000-E215959.1290.V07C.30min.tif
2026-09-03,2026-09-03T21:30:00+00:00,2026-09-03T22:00:00+00:00,2026-09-03T22:00:00+00:00,Singtam,27.234,88.501,0.1,3B-HHR-E.MS.MRG.3IMERG.20260903-S213000-E215959.1290.V07C.30min.tif
2026-09-03,2026-09-03T22:00:00+00:00,2026-09-03T22:30:00+00:00,2026-09-03T22:30:00+00:00,Rangpo,27.177,88.533,0.0,3B-HHR-E.MS.MRG.3IMERG.20260903-S220000-E222959.1320.V07C.30min.tif
2026-09-03,2026-09-03T22:00:00+00:00,2026-09-03T22:30:00+00:00,2026-09-03T22:30:00+00:00,Singtam,27.234,88.501,0.0,3B-HHR-E.MS.MRG.3IMERG.20260903-S220000-E222959.1320.V07C.30min.tif
2026-09-03,2026-09-03T22:30:00+00:00,2026-09-03T23:00:00+00:00,2026-09-03T23:00:00+00:00,Rangpo,27.177,88.533,0.0,3B-HHR-E.MS.MRG.3IMERG.20260903-S223000-E225959.1350.V07C.30min.tif
2026-09-03,2026-09-03T22:30:00+00:00,2026-09-03T23:00:00+00:00,2026-09-03T23:00:00+00:00,Singtam,27.234,88.501,0.0,3B-HHR-E.MS.MRG.3IMERG.20260903-S223000-E225959.1350.V07C.30min.tif
2026-09-03,2026-09-03T23:00:00+00:00,2026-09-03T23:30:00+00:00,2026-09-03T23:30:00+00:00,Rangpo,27.177,88.533,0.0,3B-HHR-E.MS.MRG.3IMERG.20260903-S230000-E232959.1380.V07C.30min.tif
2026-09-03,2026-09-03T23:00:00+00:00,2026-09-03T23:30:00+00:00,2026-09-03T23:30:00+00:00,Singtam,27.234,88.501,0.0,3B-HHR-E.MS.MRG.3IMERG.20260903-S230000-E232959.1380.V07C.30min.tif
2026-09-03,2026-09-03T23:30:00+00:00,2026-09-04T00:00:00+00:00,2026-09-04T00:00:00+00:00,Rangpo,27.177,88.533,0.0,3B-HHR-E.MS.MRG.3IMERG.20260903-S233000-E235959.1410.V07C.30min.tif
2026-09-03,2026-09-03T23:30:00+00:00,2026-09-04T00:00:00+00:00,2026-09-04T00:00:00+00:00,Singtam,27.234,88.501,0.0,3B-HHR-E.MS.MRG.3IMERG.20260903-S233000-E235959.1410.V07C.30min.tif
2026-09-04,2026-09-04T00:00:00+00:00,2026-09-04T00:30:00+00:00,2026-09-04T00:30:00+00:00,Rangpo,27.177,88.533,0.0,3B-HHR-E.MS.MRG.3IMERG.20260904-S000000-E002959.0000.V07C.30min.tif
2026-09-04,2026-09-04T00:00:00+00:00,2026-09-04T00:30:00+00:00,2026-09-04T00:30:00+00:00,Singtam,27.234,88.501,0.0,3B-HHR-E.MS.MRG.3IMERG.20260904-S000000-E002959.0000.V07C.30min.tif
2026-09-04,2026-09-04T00:30:00+00:00,2026-09-04T01:00:00+00:00,2026-09-04T01:00:00+00:00,Rangpo,27.177,88.533,0.0,3B-HHR-E.MS.MRG.3IMERG.20260904-S003000-E005959.0030.V07C.30min.tif
2026-09-04,2026-09-04T00:30:00+00:00,2026-09-04T01:00:00+00:00,2026-09-04T01:00:00+00:00,Singtam,27.234,88.501,0.0,3B-HHR-E.MS.MRG.3IMERG.20260904-S003000-E005959.0030.V07C.30min.tif
2026-09-04,2026-09-04T01:00:00+00:00,2026-09-04T01:30:00+00:00,2026-09-04T01:30:00+00:00,Rangpo,27.177,88.533,0.0,3B-HHR-E.MS.MRG.3IMERG.20260904-S010000-E012959.0060.V07C.30min.tif
2026-09-04,2026-09-04T01:00:00+00:00,2026-09-04T01:30:00+00:00,2026-09-04T01:30:00+00:00,Singtam,27.234,88.501,0.0,3B-HHR-E.MS.MRG.3IMERG.20260904-S010000-E012959.0060.V07C.30min.tif
2026-09-04,2026-09-04T01:30:00+00:00,2026-09-04T02:00:00+00:00,2026-09-04T02:00:00+00:00,Rangpo,27.177,88.533,0.0,3B-HHR-E.MS.MRG.3IMERG.20260904-S013000-E015959.0090.V07C.30min.tif
2026-09-04,2026-09-04T01:30:00+00:00,2026-09-04T02:00:00+00:00,2026-09-04T02:00:00+00:00,Singtam,27.234,88.501,0.0,3B-HHR-E.MS.MRG.3IMERG.20260904-S013000-E015959.0090.V07C.30min.tif
2026-09-04,2026-09-04T02:00:00+00:00,2026-09-04T02:30:00+00:00,2026-09-04T02:30:00+00:00,Rangpo,27.177,88.533,0.0,3B-HHR-E.MS.MRG.3IMERG.20260904-S020000-E022959.0120.V07C.30min.tif
2026-09-04,2026-09-04T02:00:00+00:00,2026-09-04T02:30:00+00:00,2026-09-04T02:30:00+00:00,Singtam,27.234,88.501,0.0,3B-HHR-E.MS.MRG.3IMERG.20260904-S020000-E022959.0120.V07C.30min.tif
2026-09-04,2026-09-04T02:30:00+00:00,2026-09-04T03:00:00+00:00,2026-09-04T03:00:00+00:00,Rangpo,27.177,88.533,0.0,3B-HHR-E.MS.MRG.3IMERG.20260904-S023000-E025959.0150.V07C.30min.tif
2026-09-04,2026-09-04T02:30:00+00:00,2026-09-04T03:00:00+00:00,2026-09-04T03:00:00+00:00,Singtam,27.234,88.501,0.0,3B-HHR-E.MS.MRG.3IMERG.20260904-S023000-E025959.0150.V07C.30min.tif
2026-09-04,2026-09-04T03:00:00+00:00,2026-09-04T03:30:00+00:00,2026-09-04T03:30:00+00:00,Rangpo,27.177,88.533,0.0,3B-HHR-E.MS.MRG.3IMERG.20260904-S030000-E032959.0180.V07C.30min.tif
2026-09-04,2026-09-04T03:00:00+00:00,2026-09-04T03:30:00+00:00,2026-09-04T03:30:00+00:00,Singtam,27.234,88.501,0.0,3B-HHR-E.MS.MRG.3IMERG.20260904-S030000-E032959.0180.V07C.30min.tif
2026-09-04,2026-09-04T03:30:00+00:00,2026-09-04T04:00:00+00:00,2026-09-04T04:00:00+00:00,Rangpo,27.177,88.533,0.0,3B-HHR-E.MS.MRG.3IMERG.20260904-S033000-E035959.0210.V07C.30min.tif
2026-09-04,2026-09-04T03:30:00+00:00,2026-09-04T04:00:00+00:00,2026-09-04T04:00:00+00:00,Singtam,27.234,88.501,0.0,3B-HHR-E.MS.MRG.3IMERG.20260904-S033000-E035959.0210.V07C.30min.tif
2026-09-04,2026-09-04T04:00:00+00:00,2026-09-04T04:30:00+00:00,2026-09-04T04:30:00+00:00,Rangpo,27.177,88.533,0.0,3B-HHR-E.MS.MRG.3IMERG.20260904-S040000-E042959.0240.V07C.30min.tif
2026-09-04,2026-09-04T04:00:00+00:00,2026-09-04T04:30:00+00:00,2026-09-04T04:30:00+00:00,Singtam,27.234,88.501,0.0,3B-HHR-E.MS.MRG.3IMERG.20260904-S040000-E042959.0240.V07C.30min.tif
2026-09-04,2026-09-04T04:30:00+00:00,2026-09-04T05:00:00+00:00,2026-09-04T05:00:00+00:00,Rangpo,27.177,88.533,0.0,3B-HHR-E.MS.MRG.3IMERG.20260904-S043000-E045959.0270.V07C.30min.tif
2026-09-04,2026-09-04T04:30:00+00:00,2026-09-04T05:00:00+00:00,2026-09-04T05:00:00+00:00,Singtam,27.234,88.501,0.0,3B-HHR-E.MS.MRG.3IMERG.20260904-S043000-E045959.0270.V07C.30min.tif
2026-09-04,2026-09-04T05:00:00+00:00,2026-09-04T05:30:00+00:00,2026-09-04T05:30:00+00:00,Rangpo,27.177,88.533,0.0,3B-HHR-E.MS.MRG.3IMERG.20260904-S050000-E052959.0300.V07C.30min.tif
2026-09-04,2026-09-04T05:00:00+00:00,2026-09-04T05:30:00+00:00,2026-09-04T05:30:00+00:00,Singtam,27.234,88.501,0.0,3B-HHR-E.MS.MRG.3IMERG.20260904-S050000-E052959.0300.V07C.30min.tif
2026-09-04,2026-09-04T05:30:00+00:00,2026-09-04T06:00:00+00:00,2026-09-04T06:00:00+00:00,Rangpo,27.177,88.533,0.0,3B-HHR-E.MS.MRG.3IMERG.20260904-S053000-E055959.0330.V07C.30min.tif
2026-09-04,2026-09-04T05:30:00+00:00,2026-09-04T06:00:00+00:00,2026-09-04T06:00:00+00:00,Singtam,27.234,88.501,0.0,3B-HHR-E.MS.MRG.3IMERG.20260904-S053000-E055959.0330.V07C.30min.tif
2026-09-04,2026-09-04T06:00:00+00:00,2026-09-04T06:30:00+00:00,2026-09-04T06:30:00+00:00,Rangpo,27.177,88.533,0.0,3B-HHR-E.MS.MRG.3IMERG.20260904-S060000-E062959.0360.V07C.30min.tif
2026-09-04,2026-09-04T06:00:00+00:00,2026-09-04T06:30:00+00:00,2026-09-04T06:30:00+00:00,Singtam,27.234,88.501,0.0,3B-HHR-E.MS.MRG.3IMERG.20260904-S060000-E062959.0360.V07C.30min.tif
2026-09-04,2026-09-04T06:30:00+00:00,2026-09-04T07:00:00+00:00,2026-09-04T07:00:00+00:00,Rangpo,27.177,88.533,0.2,3B-HHR-E.MS.MRG.3IMERG.20260904-S063000-E065959.0390.V07C.30min.tif
2026-09-04,2026-09-04T06:30:00+00:00,2026-09-04T07:00:00+00:00,2026-09-04T07:00:00+00:00,Singtam,27.234,88.501,0.2,3B-HHR-E.MS.MRG.3IMERG.20260904-S063000-E065959.0390.V07C.30min.tif
2026-09-04,2026-09-04T07:00:00+00:00,2026-09-04T07:30:00+00:00,2026-09-04T07:30:00+00:00,Rangpo,27.177,88.533,1.4,3B-HHR-E.MS.MRG.3IMERG.20260904-S070000-E072959.0420.V07C.30min.tif
2026-09-04,2026-09-04T07:00:00+00:00,2026-09-04T07:30:00+00:00,2026-09-04T07:30:00+00:00,Singtam,27.234,88.501,0.2,3B-HHR-E.MS.MRG.3IMERG.20260904-S070000-E072959.0420.V07C.30min.tif
2026-09-04,2026-09-04T07:30:00+00:00,2026-09-04T08:00:00+00:00,2026-09-04T08:00:00+00:00,Rangpo,27.177,88.533,2.8,3B-HHR-E.MS.MRG.3IMERG.20260904-S073000-E075959.0450.V07C.30min.tif
2026-09-04,2026-09-04T07:30:00+00:00,2026-09-04T08:00:00+00:00,2026-09-04T08:00:00+00:00,Singtam,27.234,88.501,0.2,3B-HHR-E.MS.MRG.3IMERG.20260904-S073000-E075959.0450.V07C.30min.tif
2026-09-04,2026-09-04T08:00:00+00:00,2026-09-04T08:30:00+00:00,2026-09-04T08:30:00+00:00,Rangpo,27.177,88.533,2.7,3B-HHR-E.MS.MRG.3IMERG.20260904-S080000-E082959.0480.V07C.30min.tif
2026-09-04,2026-09-04T08:00:00+00:00,2026-09-04T08:30:00+00:00,2026-09-04T08:30:00+00:00,Singtam,27.234,88.501,0.4,3B-HHR-E.MS.MRG.3IMERG.20260904-S080000-E082959.0480.V07C.30min.tif
2026-09-04,2026-09-04T08:30:00+00:00,2026-09-04T09:00:00+00:00,2026-09-04T09:00:00+00:00,Rangpo,27.177,88.533,2.0,3B-HHR-E.MS.MRG.3IMERG.20260904-S083000-E085959.0510.V07C.30min.tif
2026-09-04,2026-09-04T08:30:00+00:00,2026-09-04T09:00:00+00:00,2026-09-04T09:00:00+00:00,Singtam,27.234,88.501,0.5,3B-HHR-E.MS.MRG.3IMERG.20260904-S083000-E085959.0510.V07C.30min.tif
2026-09-04,2026-09-04T09:00:00+00:00,2026-09-04T09:30:00+00:00,2026-09-04T09:30:00+00:00,Rangpo,27.177,88.533,0.9,3B-HHR-E.MS.MRG.3IMERG.20260904-S090000-E092959.0540.V07C.30min.tif
2026-09-04,2026-09-04T09:00:00+00:00,2026-09-04T09:30:00+00:00,2026-09-04T09:30:00+00:00,Singtam,27.234,88.501,1.2,3B-HHR-E.MS.MRG.3IMERG.20260904-S090000-E092959.0540.V07C.30min.tif
2026-09-04,2026-09-04T09:30:00+00:00,2026-09-04T10:00:00+00:00,2026-09-04T10:00:00+00:00,Rangpo,27.177,88.533,1.1,3B-HHR-E.MS.MRG.3IMERG.20260904-S093000-E095959.0570.V07C.30min.tif
2026-09-04,2026-09-04T09:30:00+00:00,2026-09-04T10:00:00+00:00,2026-09-04T10:00:00+00:00,Singtam,27.234,88.501,1.0,3B-HHR-E.MS.MRG.3IMERG.20260904-S093000-E095959.0570.V07C.30min.tif
2026-09-04,2026-09-04T10:00:00+00:00,2026-09-04T10:30:00+00:00,2026-09-04T10:30:00+00:00,Rangpo,27.177,88.533,0.2,3B-HHR-E.MS.MRG.3IMERG.20260904-S100000-E102959.0600.V07C.30min.tif
2026-09-04,2026-09-04T10:00:00+00:00,2026-09-04T10:30:00+00:00,2026-09-04T10:30:00+00:00,Singtam,27.234,88.501,0.2,3B-HHR-E.MS.MRG.3IMERG.20260904-S100000-E102959.0600.V07C.30min.tif
2026-09-04,2026-09-04T10:30:00+00:00,2026-09-04T11:00:00+00:00,2026-09-04T11:00:00+00:00,Rangpo,27.177,88.533,0.2,3B-HHR-E.MS.MRG.3IMERG.20260904-S103000-E105959.0630.V07C.30min.tif
2026-09-04,2026-09-04T10:30:00+00:00,2026-09-04T11:00:00+00:00,2026-09-04T11:00:00+00:00,Singtam,27.234,88.501,0.1,3B-HHR-E.MS.MRG.3IMERG.20260904-S103000-E105959.0630.V07C.30min.tif
2026-09-04,2026-09-04T11:00:00+00:00,2026-09-04T11:30:00+00:00,2026-09-04T11:30:00+00:00,Rangpo,27.177,88.533,0.1,3B-HHR-E.MS.MRG.3IMERG.20260904-S110000-E112959.0660.V07C.30min.tif
2026-09-04,2026-09-04T11:00:00+00:00,2026-09-04T11:30:00+00:00,2026-09-04T11:30:00+00:00,Singtam,27.234,88.501,0.0,3B-HHR-E.MS.MRG.3IMERG.20260904-S110000-E112959.0660.V07C.30min.tif
2026-09-04,2026-09-04T11:30:00+00:00,2026-09-04T12:00:00+00:00,2026-09-04T12:00:00+00:00,Rangpo,27.177,88.533,0.0,3B-HHR-E.MS.MRG.3IMERG.20260904-S113000-E115959.0690.V07C.30min.tif
2026-09-04,2026-09-04T11:30:00+00:00,2026-09-04T12:00:00+00:00,2026-09-04T12:00:00+00:00,Singtam,27.234,88.501,0.0,3B-HHR-E.MS.MRG.3IMERG.20260904-S113000-E115959.0690.V07C.30min.tif
2026-09-04,2026-09-04T12:00:00+00:00,2026-09-04T12:30:00+00:00,2026-09-04T12:30:00+00:00,Rangpo,27.177,88.533,0.0,3B-HHR-E.MS.MRG.3IMERG.20260904-S120000-E122959.0720.V07C.30min.tif
2026-09-04,2026-09-04T12:00:00+00:00,2026-09-04T12:30:00+00:00,2026-09-04T12:30:00+00:00,Singtam,27.234,88.501,0.0,3B-HHR-E.MS.MRG.3IMERG.20260904-S120000-E122959.0720.V07C.30min.tif
2026-09-04,2026-09-04T12:30:00+00:00,2026-09-04T13:00:00+00:00,2026-09-04T13:00:00+00:00,Rangpo,27.177,88.533,0.0,3B-HHR-E.MS.MRG.3IMERG.20260904-S123000-E125959.0750.V07C.30min.tif
2026-09-04,2026-09-04T12:30:00+00:00,2026-09-04T13:00:00+00:00,2026-09-04T13:00:00+00:00,Singtam,27.234,88.501,0.0,3B-HHR-E.MS.MRG.3IMERG.20260904-S123000-E125959.0750.V07C.30min.tif
2026-09-04,2026-09-04T13:00:00+00:00,2026-09-04T13:30:00+00:00,2026-09-04T13:30:00+00:00,Rangpo,27.177,88.533,0.0,3B-HHR-E.MS.MRG.3IMERG.20260904-S130000-E132959.0780.V07C.30min.tif
2026-09-04,2026-09-04T13:00:00+00:00,2026-09-04T13:30:00+00:00,2026-09-04T13:30:00+00:00,Singtam,27.234,88.501,0.0,3B-HHR-E.MS.MRG.3IMERG.20260904-S130000-E132959.0780.V07C.30min.tif
2026-09-04,2026-09-04T13:30:00+00:00,2026-09-04T14:00:00+00:00,2026-09-04T14:00:00+00:00,Rangpo,27.177,88.533,0.0,3B-HHR-E.MS.MRG.3IMERG.20260904-S133000-E135959.0810.V07C.30min.tif
2026-09-04,2026-09-04T13:30:00+00:00,2026-09-04T14:00:00+00:00,2026-09-04T14:00:00+00:00,Singtam,27.234,88.501,0.0,3B-HHR-E.MS.MRG.3IMERG.20260904-S133000-E135959.0810.V07C.30min.tif
2026-09-04,2026-09-04T14:00:00+00:00,2026-09-04T14:30:00+00:00,2026-09-04T14:30:00+00:00,Rangpo,27.177,88.533,1.6,3B-HHR-E.MS.MRG.3IMERG.20260904-S140000-E142959.0840.V07C.30min.tif
2026-09-04,2026-09-04T14:00:00+00:00,2026-09-04T14:30:00+00:00,2026-09-04T14:30:00+00:00,Singtam,27.234,88.501,0.1,3B-HHR-E.MS.MRG.3IMERG.20260904-S140000-E142959.0840.V07C.30min.tif
2026-09-04,2026-09-04T14:30:00+00:00,2026-09-04T15:00:00+00:00,2026-09-04T15:00:00+00:00,Rangpo,27.177,88.533,0.9,3B-HHR-E.MS.MRG.3IMERG.20260904-S143000-E145959.0870.V07C.30min.tif
2026-09-04,2026-09-04T14:30:00+00:00,2026-09-04T15:00:00+00:00,2026-09-04T15:00:00+00:00,Singtam,27.234,88.501,0.4,3B-HHR-E.MS.MRG.3IMERG.20260904-S143000-E145959.0870.V07C.30min.tif
2026-09-04,2026-09-04T15:00:00+00:00,2026-09-04T15:30:00+00:00,2026-09-04T15:30:00+00:00,Rangpo,27.177,88.533,0.1,3B-HHR-E.MS.MRG.3IMERG.20260904-S150000-E152959.0900.V07C.30min.tif
2026-09-04,2026-09-04T15:00:00+00:00,2026-09-04T15:30:00+00:00,2026-09-04T15:30:00+00:00,Singtam,27.234,88.501,0.7,3B-HHR-E.MS.MRG.3IMERG.20260904-S150000-E152959.0900.V07C.30min.tif
2026-09-04,2026-09-04T15:30:00+00:00,2026-09-04T16:00:00+00:00,2026-09-04T16:00:00+00:00,Rangpo,27.177,88.533,0.0,3B-HHR-E.MS.MRG.3IMERG.20260904-S153000-E155959.0930.V07C.30min.tif
2026-09-04,2026-09-04T15:30:00+00:00,2026-09-04T16:00:00+00:00,2026-09-04T16:00:00+00:00,Singtam,27.234,88.501,0.4,3B-HHR-E.MS.MRG.3IMERG.20260904-S153000-E155959.0930.V07C.30min.tif
2026-09-04,2026-09-04T16:00:00+00:00,2026-09-04T16:30:00+00:00,2026-09-04T16:30:00+00:00,Rangpo,27.177,88.533,0.0,3B-HHR-E.MS.MRG.3IMERG.20260904-S160000-E162959.0960.V07C.30min.tif
2026-09-04,2026-09-04T16:00:00+00:00,2026-09-04T16:30:00+00:00,2026-09-04T16:30:00+00:00,Singtam,27.234,88.501,0.2,3B-HHR-E.MS.MRG.3IMERG.20260904-S160000-E162959.0960.V07C.30min.tif
2026-09-04,2026-09-04T16:30:00+00:00,2026-09-04T17:00:00+00:00,2026-09-04T17:00:00+00:00,Rangpo,27.177,88.533,0.0,3B-HHR-E.MS.MRG.3IMERG.20260904-S163000-E165959.0990.V07C.30min.tif
2026-09-04,2026-09-04T16:30:00+00:00,2026-09-04T17:00:00+00:00,2026-09-04T17:00:00+00:00,Singtam,27.234,88.501,0.1,3B-HHR-E.MS.MRG.3IMERG.20260904-S163000-E165959.0990.V07C.30min.tif
2026-09-04,2026-09-04T17:00:00+00:00,2026-09-04T17:30:00+00:00,2026-09-04T17:30:00+00:00,Rangpo,27.177,88.533,0.0,3B-HHR-E.MS.MRG.3IMERG.20260904-S170000-E172959.1020.V07C.30min.tif
2026-09-04,2026-09-04T17:00:00+00:00,2026-09-04T17:30:00+00:00,2026-09-04T17:30:00+00:00,Singtam,27.234,88.501,0.0,3B-HHR-E.MS.MRG.3IMERG.20260904-S170000-E172959.1020.V07C.30min.tif
2026-09-04,2026-09-04T17:30:00+00:00,2026-09-04T18:00:00+00:00,2026-09-04T18:00:00+00:00,Rangpo,27.177,88.533,0.0,3B-HHR-E.MS.MRG.3IMERG.20260904-S173000-E175959.1050.V07C.30min.tif
2026-09-04,2026-09-04T17:30:00+00:00,2026-09-04T18:00:00+00:00,2026-09-04T18:00:00+00:00,Singtam,27.234,88.501,0.0,3B-HHR-E.MS.MRG.3IMERG.20260904-S173000-E175959.1050.V07C.30min.tif
2026-09-04,2026-09-04T18:00:00+00:00,2026-09-04T18:30:00+00:00,2026-09-04T18:30:00+00:00,Rangpo,27.177,88.533,0.0,3B-HHR-E.MS.MRG.3IMERG.20260904-S180000-E182959.1080.V07C.30min.tif
2026-09-04,2026-09-04T18:00:00+00:00,2026-09-04T18:30:00+00:00,2026-09-04T18:30:00+00:00,Singtam,27.234,88.501,0.0,3B-HHR-E.MS.MRG.3IMERG.20260904-S180000-E182959.1080.V07C.30min.tif
2026-09-04,2026-09-04T18:30:00+00:00,2026-09-04T19:00:00+00:00,2026-09-04T19:00:00+00:00,Rangpo,27.177,88.533,0.0,3B-HHR-E.MS.MRG.3IMERG.20260904-S183000-E185959.1110.V07C.30min.tif
2026-09-04,2026-09-04T18:30:00+00:00,2026-09-04T19:00:00+00:00,2026-09-04T19:00:00+00:00,Singtam,27.234,88.501,0.0,3B-HHR-E.MS.MRG.3IMERG.20260904-S183000-E185959.1110.V07C.30min.tif
2026-09-04,2026-09-04T19:00:00+00:00,2026-09-04T19:30:00+00:00,2026-09-04T19:30:00+00:00,Rangpo,27.177,88.533,0.0,3B-HHR-E.MS.MRG.3IMERG.20260904-S190000-E192959.1140.V07C.30min.tif
2026-09-04,2026-09-04T19:00:00+00:00,2026-09-04T19:30:00+00:00,2026-09-04T19:30:00+00:00,Singtam,27.234,88.501,0.0,3B-HHR-E.MS.MRG.3IMERG.20260904-S190000-E192959.1140.V07C.30min.tif
2026-09-04,2026-09-04T19:30:00+00:00,2026-09-04T20:00:00+00:00,2026-09-04T20:00:00+00:00,Rangpo,27.177,88.533,0.6,3B-HHR-E.MS.MRG.3IMERG.20260904-S193000-E195959.1170.V07C.30min.tif
2026-09-04,2026-09-04T19:30:00+00:00,2026-09-04T20:00:00+00:00,2026-09-04T20:00:00+00:00,Singtam,27.234,88.501,0.2,3B-HHR-E.MS.MRG.3IMERG.20260904-S193000-E195959.1170.V07C.30min.tif
2026-09-04,2026-09-04T20:00:00+00:00,2026-09-04T20:30:00+00:00,2026-09-04T20:30:00+00:00,Rangpo,27.177,88.533,0.6,3B-HHR-E.MS.MRG.3IMERG.20260904-S200000-E202959.1200.V07C.30min.tif
2026-09-04,2026-09-04T20:00:00+00:00,2026-09-04T20:30:00+00:00,2026-09-04T20:30:00+00:00,Singtam,27.234,88.501,0.2,3B-HHR-E.MS.MRG.3IMERG.20260904-S200000-E202959.1200.V07C.30min.tif
2026-09-04,2026-09-04T20:30:00+00:00,2026-09-04T21:00:00+00:00,2026-09-04T21:00:00+00:00,Rangpo,27.177,88.533,0.3,3B-HHR-E.MS.MRG.3IMERG.20260904-S203000-E205959.1230.V07C.30min.tif
2026-09-04,2026-09-04T20:30:00+00:00,2026-09-04T21:00:00+00:00,2026-09-04T21:00:00+00:00,Singtam,27.234,88.501,0.1,3B-HHR-E.MS.MRG.3IMERG.20260904-S203000-E205959.1230.V07C.30min.tif
2026-09-04,2026-09-04T21:00:00+00:00,2026-09-04T21:30:00+00:00,2026-09-04T21:30:00+00:00,Rangpo,27.177,88.533,0.2,3B-HHR-E.MS.MRG.3IMERG.20260904-S210000-E212959.1260.V07C.30min.tif
2026-09-04,2026-09-04T21:00:00+00:00,2026-09-04T21:30:00+00:00,2026-09-04T21:30:00+00:00,Singtam,27.234,88.501,0.1,3B-HHR-E.MS.MRG.3IMERG.20260904-S210000-E212959.1260.V07C.30min.tif
2026-09-04,2026-09-04T21:30:00+00:00,2026-09-04T22:00:00+00:00,2026-09-04T22:00:00+00:00,Rangpo,27.177,88.533,0.1,3B-HHR-E.MS.MRG.3IMERG.20260904-S213000-E215959.1290.V07C.30min.tif
2026-09-04,2026-09-04T21:30:00+00:00,2026-09-04T22:00:00+00:00,2026-09-04T22:00:00+00:00,Singtam,27.234,88.501,0.0,3B-HHR-E.MS.MRG.3IMERG.20260904-S213000-E215959.1290.V07C.30min.tif
2026-09-04,2026-09-04T22:00:00+00:00,2026-09-04T22:30:00+00:00,2026-09-04T22:30:00+00:00,Rangpo,27.177,88.533,0.0,3B-HHR-E.MS.MRG.3IMERG.20260904-S220000-E222959.1320.V07C.30min.tif
2026-09-04,2026-09-04T22:00:00+00:00,2026-09-04T22:30:00+00:00,2026-09-04T22:30:00+00:00,Singtam,27.234,88.501,0.0,3B-HHR-E.MS.MRG.3IMERG.20260904-S220000-E222959.1320.V07C.30min.tif
2026-09-04,2026-09-04T22:30:00+00:00,2026-09-04T23:00:00+00:00,2026-09-04T23:00:00+00:00,Rangpo,27.177,88.533,0.0,3B-HHR-E.MS.MRG.3IMERG.20260904-S223000-E225959.1350.V07C.30min.tif
2026-09-04,2026-09-04T22:30:00+00:00,2026-09-04T23:00:00+00:00,2026-09-04T23:00:00+00:00,Singtam,27.234,88.501,0.0,3B-HHR-E.MS.MRG.3IMERG.20260904-S223000-E225959.1350.V07C.30min.tif
2026-09-04,2026-09-04T23:00:00+00:00,2026-09-04T23:30:00+00:00,2026-09-04T23:30:00+00:00,Rangpo,27.177,88.533,0.0,3B-HHR-E.MS.MRG.3IMERG.20260904-S230000-E232959.1380.V07C.30min.tif
2026-09-04,2026-09-04T23:00:00+00:00,2026-09-04T23:30:00+00:00,2026-09-04T23:30:00+00:00,Singtam,27.234,88.501,0.0,3B-HHR-E.MS.MRG.3IMERG.20260904-S230000-E232959.1380.V07C.30min.tif
2026-09-04,2026-09-04T23:30:00+00:00,2026-09-05T00:00:00+00:00,2026-09-05T00:00:00+00:00,Rangpo,27.177,88.533,0.0,3B-HHR-E.MS.MRG.3IMERG.20260904-S233000-E235959.1410.V07C.30min.tif
2026-09-04,2026-09-04T23:30:00+00:00,2026-09-05T00:00:00+00:00,2026-09-05T00:00:00+00:00,Singtam,27.234,88.501,0.0,3B-HHR-E.MS.MRG.3IMERG.20260904-S233000-E235959.1410.V07C.30min.tif
2026-09-05,2026-09-05T00:00:00+00:00,2026-09-05T00:30:00+00:00,2026-09-05T00:30:00+00:00,Rangpo,27.177,88.533,0.0,3B-HHR-E.MS.MRG.3IMERG.20260905-S000000-E002959.0000.V07C.30min.tif
2026-09-05,2026-09-05T00:00:00+00:00,2026-09-05T00:30:00+00:00,2026-09-05T00:30:00+00:00,Singtam,27.234,88.501,0.0,3B-HHR-E.MS.MRG.3IMERG.20260905-S000000-E002959.0000.V07C.30min.tif
2026-09-05,2026-09-05T00:30:00+00:00,2026-09-05T01:00:00+00:00,2026-09-05T01:00:00+00:00,Rangpo,27.177,88.533,0.0,3B-HHR-E.MS.MRG.3IMERG.20260905-S003000-E005959.0030.V07C.30min.tif
2026-09-05,2026-09-05T00:30:00+00:00,2026-09-05T01:00:00+00:00,2026-09-05T01:00:00+00:00,Singtam,27.234,88.501,0.0,3B-HHR-E.MS.MRG.3IMERG.20260905-S003000-E005959.0030.V07C.30min.tif
2026-09-05,2026-09-05T01:00:00+00:00,2026-09-05T01:30:00+00:00,2026-09-05T01:30:00+00:00,Rangpo,27.177,88.533,0.0,3B-HHR-E.MS.MRG.3IMERG.20260905-S010000-E012959.0060.V07C.30min.tif
2026-09-05,2026-09-05T01:00:00+00:00,2026-09-05T01:30:00+00:00,2026-09-05T01:30:00+00:00,Singtam,27.234,88.501,0.0,3B-HHR-E.MS.MRG.3IMERG.20260905-S010000-E012959.0060.V07C.30min.tif
2026-09-05,2026-09-05T01:30:00+00:00,2026-09-05T02:00:00+00:00,2026-09-05T02:00:00+00:00,Rangpo,27.177,88.533,0.0,3B-HHR-E.MS.MRG.3IMERG.20260905-S013000-E015959.0090.V07C.30min.tif
2026-09-05,2026-09-05T01:30:00+00:00,2026-09-05T02:00:00+00:00,2026-09-05T02:00:00+00:00,Singtam,27.234,88.501,0.0,3B-HHR-E.MS.MRG.3IMERG.20260905-S013000-E015959.0090.V07C.30min.tif
2026-09-05,2026-09-05T02:00:00+00:00,2026-09-05T02:30:00+00:00,2026-09-05T02:30:00+00:00,Rangpo,27.177,88.533,0.0,3B-HHR-E.MS.MRG.3IMERG.20260905-S020000-E022959.0120.V07C.30min.tif
2026-09-05,2026-09-05T02:00:00+00:00,2026-09-05T02:30:00+00:00,2026-09-05T02:30:00+00:00,Singtam,27.234,88.501,0.0,3B-HHR-E.MS.MRG.3IMERG.20260905-S020000-E022959.0120.V07C.30min.tif
2026-09-05,2026-09-05T02:30:00+00:00,2026-09-05T03:00:00+00:00,2026-09-05T03:00:00+00:00,Rangpo,27.177,88.533,0.0,3B-HHR-E.MS.MRG.3IMERG.20260905-S023000-E025959.0150.V07C.30min.tif
2026-09-05,2026-09-05T02:30:00+00:00,2026-09-05T03:00:00+00:00,2026-09-05T03:00:00+00:00,Singtam,27.234,88.501,0.0,3B-HHR-E.MS.MRG.3IMERG.20260905-S023000-E025959.0150.V07C.30min.tif
2026-09-05,2026-09-05T03:00:00+00:00,2026-09-05T03:30:00+00:00,2026-09-05T03:30:00+00:00,Rangpo,27.177,88.533,0.0,3B-HHR-E.MS.MRG.3IMERG.20260905-S030000-E032959.0180.V07C.30min.tif
2026-09-05,2026-09-05T03:00:00+00:00,2026-09-05T03:30:00+00:00,2026-09-05T03:30:00+00:00,Singtam,27.234,88.501,0.0,3B-HHR-E.MS.MRG.3IMERG.20260905-S030000-E032959.0180.V07C.30min.tif
2026-09-05,2026-09-05T03:30:00+00:00,2026-09-05T04:00:00+00:00,2026-09-05T04:00:00+00:00,Rangpo,27.177,88.533,0.0,3B-HHR-E.MS.MRG.3IMERG.20260905-S033000-E035959.0210.V07C.30min.tif
2026-09-05,2026-09-05T03:30:00+00:00,2026-09-05T04:00:00+00:00,2026-09-05T04:00:00+00:00,Singtam,27.234,88.501,0.0,3B-HHR-E.MS.MRG.3IMERG.20260905-S033000-E035959.0210.V07C.30min.tif
2026-09-05,2026-09-05T04:00:00+00:00,2026-09-05T04:30:00+00:00,2026-09-05T04:30:00+00:00,Rangpo,27.177,88.533,0.0,3B-HHR-E.MS.MRG.3IMERG.20260905-S040000-E042959.0240.V07C.30min.tif
2026-09-05,2026-09-05T04:00:00+00:00,2026-09-05T04:30:00+00:00,2026-09-05T04:30:00+00:00,Singtam,27.234,88.501,0.0,3B-HHR-E.MS.MRG.3IMERG.20260905-S040000-E042959.0240.V07C.30min.tif
2026-09-05,2026-09-05T04:30:00+00:00,2026-09-05T05:00:00+00:00,2026-09-05T05:00:00+00:00,Rangpo,27.177,88.533,0.0,3B-HHR-E.MS.MRG.3IMERG.20260905-S043000-E045959.0270.V07C.30min.tif
2026-09-05,2026-09-05T04:30:00+00:00,2026-09-05T05:00:00+00:00,2026-09-05T05:00:00+00:00,Singtam,27.234,88.501,0.0,3B-HHR-E.MS.MRG.3IMERG.20260905-S043000-E045959.0270.V07C.30min.tif
2026-09-05,05:00:00,05:29:59,2026-09-05T05:30:00+00:00,Rangpo,27.177,88.533,0.2,3B-HHR-E.MS.MRG.3IMERG.20260905-S050000-E053000.V07C.30min.tif
2026-09-05,05:00:00,05:29:59,2026-09-05T05:30:00+00:00,Singtam,27.234,88.501,0.3,3B-HHR-E.MS.MRG.3IMERG.20260905-S050000-E053000.V07C.30min.tif
2026-09-05,05:30:00,05:59:59,2026-09-05T06:00:00+00:00,Rangpo,27.177,88.533,0.2,3B-HHR-E.MS.MRG.3IMERG.20260905-S053000-E060000.V07C.30min.tif
2026-09-05,05:30:00,05:59:59,2026-09-05T06:00:00+00:00,Singtam,27.234,88.501,0.3,3B-HHR-E.MS.MRG.3IMERG.20260905-S053000-E060000.V07C.30min.tif
2026-09-05,06:00:00,06:29:59,2026-09-05T06:30:00+00:00,Rangpo,27.177,88.533,0.2,3B-HHR-E.MS.MRG.3IMERG.20260905-S060000-E063000.V07C.30min.tif
2026-09-05,06:00:00,06:29:59,2026-09-05T06:30:00+00:00,Singtam,27.234,88.501,0.3,3B-HHR-E.MS.MRG.3IMERG.20260905-S060000-E063000.V07C.30min.tif
2026-09-05,06:30:00,06:59:59,2026-09-05T07:00:00+00:00,Rangpo,27.177,88.533,0.2,3B-HHR-E.MS.MRG.3IMERG.20260905-S063000-E070000.V07C.30min.tif
2026-09-05,06:30:00,06:59:59,2026-09-05T07:00:00+00:00,Singtam,27.234,88.501,0.3,3B-HHR-E.MS.MRG.3IMERG.20260905-S063000-E070000.V07C.30min.tif
2026-09-05,07:00:00,07:29:59,2026-09-05T07:30:00+00:00,Rangpo,27.177,88.533,0.2,3B-HHR-E.MS.MRG.3IMERG.20260905-S070000-E073000.V07C.30min.tif
2026-09-05,07:00:00,07:29:59,2026-09-05T07:30:00+00:00,Singtam,27.234,88.501,0.3,3B-HHR-E.MS.MRG.3IMERG.20260905-S070000-E073000.V07C.30min.tif
2026-09-05,07:30:00,07:59:59,2026-09-05T08:00:00+00:00,Rangpo,27.177,88.533,0.2,3B-HHR-E.MS.MRG.3IMERG.20260905-S073000-E080000.V07C.30min.tif
2026-09-05,07:30:00,07:59:59,2026-09-05T08:00:00+00:00,Singtam,27.234,88.501,0.3,3B-HHR-E.MS.MRG.3IMERG.20260905-S073000-E080000.V07C.30min.tif
2026-09-05,08:00:00,08:29:59,2026-09-05T08:30:00+00:00,Rangpo,27.177,88.533,0.2,3B-HHR-E.MS.MRG.3IMERG.20260905-S080000-E083000.V07C.30min.tif
2026-09-05,08:00:00,08:29:59,2026-09-05T08:30:00+00:00,Singtam,27.234,88.501,0.3,3B-HHR-E.MS.MRG.3IMERG.20260905-S080000-E083000.V07C.30min.tif
2026-09-05,08:30:00,08:59:59,2026-09-05T09:00:00+00:00,Rangpo,27.177,88.533,0.2,3B-HHR-E.MS.MRG.3IMERG.20260905-S083000-E090000.V07C.30min.tif
2026-09-05,08:30:00,08:59:59,2026-09-05T09:00:00+00:00,Singtam,27.234,88.501,0.3,3B-HHR-E.MS.MRG.3IMERG.20260905-S083000-E090000.V07C.30min.tif
2026-09-05,09:00:00,09:29:59,2026-09-05T09:30:00+00:00,Rangpo,27.177,88.533,0.2,3B-HHR-E.MS.MRG.3IMERG.20260905-S090000-E093000.V07C.30min.tif
2026-09-05,09:00:00,09:29:59,2026-09-05T09:30:00+00:00,Singtam,27.234,88.501,0.2,3B-HHR-E.MS.MRG.3IMERG.20260905-S090000-E093000.V07C.30min.tif
2026-09-05,09:30:00,09:59:59,2026-09-05T10:00:00+00:00,Rangpo,27.177,88.533,0.5,3B-HHR-E.MS.MRG.3IMERG.20260905-S093000-E100000.V07C.30min.tif
2026-09-05,09:30:00,09:59:59,2026-09-05T10:00:00+00:00,Singtam,27.234,88.501,0.5,3B-HHR-E.MS.MRG.3IMERG.20260905-S093000-E100000.V07C.30min.tif
2026-09-05,10:00:00,10:29:59,2026-09-05T10:30:00+00:00,Rangpo,27.177,88.533,0.5,3B-HHR-E.MS.MRG.3IMERG.20260905-S100000-E103000.V07C.30min.tif
2026-09-05,10:00:00,10:29:59,2026-09-05T10:30:00+00:00,Singtam,27.234,88.501,0.5,3B-HHR-E.MS.MRG.3IMERG.20260905-S100000-E103000.V07C.30min.tif
2026-09-05,10:30:00,10:59:59,2026-09-05T11:00:00+00:00,Rangpo,27.177,88.533,0.4,3B-HHR-E.MS.MRG.3IMERG.20260905-S103000-E110000.V07C.30min.tif
2026-09-05,10:30:00,10:59:59,2026-09-05T11:00:00+00:00,Singtam,27.234,88.501,0.5,3B-HHR-E.MS.MRG.3IMERG.20260905-S103000-E110000.V07C.30min.tif
2026-09-05,11:00:00,11:29:59,2026-09-05T11:30:00+00:00,Rangpo,27.177,88.533,0.4,3B-HHR-E.MS.MRG.3IMERG.20260905-S110000-E113000.V07C.30min.tif
2026-09-05,11:00:00,11:29:59,2026-09-05T11:30:00+00:00,Singtam,27.234,88.501,0.5,3B-HHR-E.MS.MRG.3IMERG.20260905-S110000-E113000.V07C.30min.tif
2026-09-05,11:30:00,11:59:59,2026-09-05T12:00:00+00:00,Rangpo,27.177,88.533,0.4,3B-HHR-E.MS.MRG.3IMERG.20260905-S113000-E120000.V07C.30min.tif
2026-09-05,11:30:00,11:59:59,2026-09-05T12:00:00+00:00,Singtam,27.234,88.501,0.4,3B-HHR-E.MS.MRG.3IMERG.20260905-S113000-E120000.V07C.30min.tif
2026-09-05,12:00:00,12:29:59,2026-09-05T12:30:00+00:00,Rangpo,27.177,88.533,0.4,3B-HHR-E.MS.MRG.3IMERG.20260905-S120000-E123000.V07C.30min.tif
2026-09-05,12:00:00,12:29:59,2026-09-05T12:30:00+00:00,Singtam,27.234,88.501,0.4,3B-HHR-E.MS.MRG.3IMERG.20260905-S120000-E123000.V07C.30min.tif
2026-09-05,12:30:00,12:59:59,2026-09-05T13:00:00+00:00,Rangpo,27.177,88.533,0.4,3B-HHR-E.MS.MRG.3IMERG.20260905-S123000-E130000.V07C.30min.tif
2026-09-05,12:30:00,12:59:59,2026-09-05T13:00:00+00:00,Singtam,27.234,88.501,0.4,3B-HHR-E.MS.MRG.3IMERG.20260905-S123000-E130000.V07C.30min.tif
2026-09-05,13:00:00,13:29:59,2026-09-05T13:30:00+00:00,Rangpo,27.177,88.533,0.4,3B-HHR-E.MS.MRG.3IMERG.20260905-S130000-E133000.V07C.30min.tif
2026-09-05,13:00:00,13:29:59,2026-09-05T13:30:00+00:00,Singtam,27.234,88.501,0.4,3B-HHR-E.MS.MRG.3IMERG.20260905-S130000-E133000.V07C.30min.tif
2026-09-05,13:30:00,13:59:59,2026-09-05T14:00:00+00:00,Rangpo,27.177,88.533,0.4,3B-HHR-E.MS.MRG.3IMERG.20260905-S133000-E140000.V07C.30min.tif
2026-09-05,13:30:00,13:59:59,2026-09-05T14:00:00+00:00,Singtam,27.234,88.501,0.3,3B-HHR-E.MS.MRG.3IMERG.20260905-S133000-E140000.V07C.30min.tif
2026-09-05,14:00:00,14:29:59,2026-09-05T14:30:00+00:00,Rangpo,27.177,88.533,0.4,3B-HHR-E.MS.MRG.3IMERG.20260905-S140000-E143000.V07C.30min.tif
2026-09-05,14:00:00,14:29:59,2026-09-05T14:30:00+00:00,Singtam,27.234,88.501,0.3,3B-HHR-E.MS.MRG.3IMERG.20260905-S140000-E143000.V07C.30min.tif
2026-09-05,14:30:00,14:59:59,2026-09-05T15:00:00+00:00,Rangpo,27.177,88.533,0.3,3B-HHR-E.MS.MRG.3IMERG.20260905-S143000-E150000.V07C.30min.tif
2026-09-05,14:30:00,14:59:59,2026-09-05T15:00:00+00:00,Singtam,27.234,88.501,0.3,3B-HHR-E.MS.MRG.3IMERG.20260905-S143000-E150000.V07C.30min.tif
2026-09-05,15:00:00,15:29:59,2026-09-05T15:30:00+00:00,Rangpo,27.177,88.533,0.3,3B-HHR-E.MS.MRG.3IMERG.20260905-S150000-E153000.V07C.30min.tif
2026-09-05,15:00:00,15:29:59,2026-09-05T15:30:00+00:00,Singtam,27.234,88.501,0.3,3B-HHR-E.MS.MRG.3IMERG.20260905-S150000-E153000.V07C.30min.tif
2026-09-05,15:30:00,15:59:59,2026-09-05T16:00:00+00:00,Rangpo,27.177,88.533,0.3,3B-HHR-E.MS.MRG.3IMERG.20260905-S153000-E160000.V07C.30min.tif
2026-09-05,15:30:00,15:59:59,2026-09-05T16:00:00+00:00,Singtam,27.234,88.501,0.2,3B-HHR-E.MS.MRG.3IMERG.20260905-S153000-E160000.V07C.30min.tif
2026-09-05,16:00:00,16:29:59,2026-09-05T16:30:00+00:00,Rangpo,27.177,88.533,0.3,3B-HHR-E.MS.MRG.3IMERG.20260905-S160000-E163000.V07C.30min.tif
2026-09-05,16:00:00,16:29:59,2026-09-05T16:30:00+00:00,Singtam,27.234,88.501,0.2,3B-HHR-E.MS.MRG.3IMERG.20260905-S160000-E163000.V07C.30min.tif
2026-09-05,16:30:00,16:59:59,2026-09-05T17:00:00+00:00,Rangpo,27.177,88.533,0.3,3B-HHR-E.MS.MRG.3IMERG.20260905-S163000-E170000.V07C.30min.tif
2026-09-05,16:30:00,16:59:59,2026-09-05T17:00:00+00:00,Singtam,27.234,88.501,0.2,3B-HHR-E.MS.MRG.3IMERG.20260905-S163000-E170000.V07C.30min.tif
2026-09-05,17:00:00,17:29:59,2026-09-05T17:30:00+00:00,Rangpo,27.177,88.533,0.3,3B-HHR-E.MS.MRG.3IMERG.20260905-S170000-E173000.V07C.30min.tif
2026-09-05,17:00:00,17:29:59,2026-09-05T17:30:00+00:00,Singtam,27.234,88.501,0.2,3B-HHR-E.MS.MRG.3IMERG.20260905-S170000-E173000.V07C.30min.tif
2026-09-05,17:30:00,17:59:59,2026-09-05T18:00:00+00:00,Rangpo,27.177,88.533,0.3,3B-HHR-E.MS.MRG.3IMERG.20260905-S173000-E180000.V07C.30min.tif
2026-09-05,17:30:00,17:59:59,2026-09-05T18:00:00+00:00,Singtam,27.234,88.501,0.2,3B-HHR-E.MS.MRG.3IMERG.20260905-S173000-E180000.V07C.30min.tif
2026-09-05,18:00:00,18:29:59,2026-09-05T18:30:00+00:00,Rangpo,27.177,88.533,0.3,3B-HHR-E.MS.MRG.3IMERG.20260905-S180000-E183000.V07C.30min.tif
2026-09-05,18:00:00,18:29:59,2026-09-05T18:30:00+00:00,Singtam,27.234,88.501,0.2,3B-HHR-E.MS.MRG.3IMERG.20260905-S180000-E183000.V07C.30min.tif
2026-09-05,18:30:00,18:59:59,2026-09-05T19:00:00+00:00,Rangpo,27.177,88.533,0.0,3B-HHR-E.MS.MRG.3IMERG.20260905-S183000-E190000.V07C.30min.tif
2026-09-05,18:30:00,18:59:59,2026-09-05T19:00:00+00:00,Singtam,27.234,88.501,0.0,3B-HHR-E.MS.MRG.3IMERG.20260905-S183000-E190000.V07C.30min.tif
2026-09-05,19:00:00,19:29:59,2026-09-05T19:30:00+00:00,Rangpo,27.177,88.533,0.0,3B-HHR-E.MS.MRG.3IMERG.20260905-S190000-E193000.V07C.30min.tif
2026-09-05,19:00:00,19:29:59,2026-09-05T19:30:00+00:00,Singtam,27.234,88.501,0.0,3B-HHR-E.MS.MRG.3IMERG.20260905-S190000-E193000.V07C.30min.tif
2026-09-05,19:30:00,19:59:59,2026-09-05T20:00:00+00:00,Rangpo,27.177,88.533,0.0,3B-HHR-E.MS.MRG.3IMERG.20260905-S193000-E200000.V07C.30min.tif
2026-09-05,19:30:00,19:59:59,2026-09-05T20:00:00+00:00,Singtam,27.234,88.501,0.0,3B-HHR-E.MS.MRG.3IMERG.20260905-S193000-E200000.V07C.30min.tif
2026-09-05,20:00:00,20:29:59,2026-09-05T20:30:00+00:00,Rangpo,27.177,88.533,0.0,3B-HHR-E.MS.MRG.3IMERG.20260905-S200000-E203000.V07C.30min.tif
2026-09-05,20:00:00,20:29:59,2026-09-05T20:30:00+00:00,Singtam,27.234,88.501,0.0,3B-HHR-E.MS.MRG.3IMERG.20260905-S200000-E203000.V07C.30min.tif
2026-09-05,20:30:00,20:59:59,2026-09-05T21:00:00+00:00,Rangpo,27.177,88.533,0.0,3B-HHR-E.MS.MRG.3IMERG.20260905-S203000-E210000.V07C.30min.tif
2026-09-05,20:30:00,20:59:59,2026-09-05T21:00:00+00:00,Singtam,27.234,88.501,0.0,3B-HHR-E.MS.MRG.3IMERG.20260905-S203000-E210000.V07C.30min.tif
2026-09-05,21:00:00,21:29:59,2026-09-05T21:30:00+00:00,Rangpo,27.177,88.533,0.0,3B-HHR-E.MS.MRG.3IMERG.20260905-S210000-E213000.V07C.30min.tif
2026-09-05,21:00:00,21:29:59,2026-09-05T21:30:00+00:00,Singtam,27.234,88.501,0.0,3B-HHR-E.MS.MRG.3IMERG.20260905-S210000-E213000.V07C.30min.tif
2026-09-05,21:30:00,21:59:59,2026-09-05T22:00:00+00:00,Rangpo,27.177,88.533,0.0,3B-HHR-E.MS.MRG.3IMERG.20260905-S213000-E220000.V07C.30min.tif
2026-09-05,21:30:00,21:59:59,2026-09-05T22:00:00+00:00,Singtam,27.234,88.501,0.0,3B-HHR-E.MS.MRG.3IMERG.20260905-S213000-E220000.V07C.30min.tif
2026-09-05,22:00:00,22:29:59,2026-09-05T22:30:00+00:00,Rangpo,27.177,88.533,0.0,3B-HHR-E.MS.MRG.3IMERG.20260905-S220000-E223000.V07C.30min.tif
2026-09-05,22:00:00,22:29:59,2026-09-05T22:30:00+00:00,Singtam,27.234,88.501,0.0,3B-HHR-E.MS.MRG.3IMERG.20260905-S220000-E223000.V07C.30min.tif
2026-09-05,22:30:00,22:59:59,2026-09-05T23:00:00+00:00,Rangpo,27.177,88.533,0.0,3B-HHR-E.MS.MRG.3IMERG.20260905-S223000-E230000.V07C.30min.tif
2026-09-05,22:30:00,22:59:59,2026-09-05T23:00:00+00:00,Singtam,27.234,88.501,0.0,3B-HHR-E.MS.MRG.3IMERG.20260905-S223000-E230000.V07C.30min.tif
2026-09-05,23:00:00,23:29:59,2026-09-05T23:30:00+00:00,Rangpo,27.177,88.533,0.1,3B-HHR-E.MS.MRG.3IMERG.20260905-S230000-E233000.V07C.30min.tif
2026-09-05,23:00:00,23:29:59,2026-09-05T23:30:00+00:00,Singtam,27.234,88.501,0.0,3B-HHR-E.MS.MRG.3IMERG.20260905-S230000-E233000.V07C.30min.tif
2026-09-06,23:30:00,23:59:59,2026-09-06T00:00:00+00:00,Rangpo,27.177,88.533,0.1,3B-HHR-E.MS.MRG.3IMERG.20260906-S233000-E000000.V07C.30min.tif
2026-09-06,23:30:00,23:59:59,2026-09-06T00:00:00+00:00,Singtam,27.234,88.501,0.0,3B-HHR-E.MS.MRG.3IMERG.20260906-S233000-E000000.V07C.30min.tif
2026-09-06,00:00:00,00:29:59,2026-09-06T00:30:00+00:00,Rangpo,27.177,88.533,0.1,3B-HHR-E.MS.MRG.3IMERG.20260906-S000000-E003000.V07C.30min.tif
2026-09-06,00:00:00,00:29:59,2026-09-06T00:30:00+00:00,Singtam,27.234,88.501,0.1,3B-HHR-E.MS.MRG.3IMERG.20260906-S000000-E003000.V07C.30min.tif
2026-09-06,00:30:00,00:59:59,2026-09-06T01:00:00+00:00,Rangpo,27.177,88.533,0.1,3B-HHR-E.MS.MRG.3IMERG.20260906-S003000-E010000.V07C.30min.tif
2026-09-06,00:30:00,00:59:59,2026-09-06T01:00:00+00:00,Singtam,27.234,88.501,0.1,3B-HHR-E.MS.MRG.3IMERG.20260906-S003000-E010000.V07C.30min.tif
2026-09-06,01:00:00,01:29:59,2026-09-06T01:30:00+00:00,Rangpo,27.177,88.533,0.1,3B-HHR-E.MS.MRG.3IMERG.20260906-S010000-E013000.V07C.30min.tif
2026-09-06,01:00:00,01:29:59,2026-09-06T01:30:00+00:00,Singtam,27.234,88.501,0.1,3B-HHR-E.MS.MRG.3IMERG.20260906-S010000-E013000.V07C.30min.tif
2026-09-06,01:30:00,01:59:59,2026-09-06T02:00:00+00:00,Rangpo,27.177,88.533,0.1,3B-HHR-E.MS.MRG.3IMERG.20260906-S013000-E020000.V07C.30min.tif
2026-09-06,01:30:00,01:59:59,2026-09-06T02:00:00+00:00,Singtam,27.234,88.501,0.1,3B-HHR-E.MS.MRG.3IMERG.20260906-S013000-E020000.V07C.30min.tif
2026-09-06,02:00:00,02:29:59,2026-09-06T02:30:00+00:00,Rangpo,27.177,88.533,0.1,3B-HHR-E.MS.MRG.3IMERG.20260906-S020000-E023000.V07C.30min.tif
2026-09-06,02:00:00,02:29:59,2026-09-06T02:30:00+00:00,Singtam,27.234,88.501,0.2,3B-HHR-E.MS.MRG.3IMERG.20260906-S020000-E023000.V07C.30min.tif
2026-09-06,02:30:00,02:59:59,2026-09-06T03:00:00+00:00,Rangpo,27.177,88.533,0.1,3B-HHR-E.MS.MRG.3IMERG.20260906-S023000-E030000.V07C.30min.tif
2026-09-06,02:30:00,02:59:59,2026-09-06T03:00:00+00:00,Singtam,27.234,88.501,0.2,3B-HHR-E.MS.MRG.3IMERG.20260906-S023000-E030000.V07C.30min.tif
2026-09-06,03:00:00,03:29:59,2026-09-06T03:30:00+00:00,Rangpo,27.177,88.533,0.2,3B-HHR-E.MS.MRG.3IMERG.20260906-S030000-E033000.V07C.30min.tif
2026-09-06,03:00:00,03:29:59,2026-09-06T03:30:00+00:00,Singtam,27.234,88.501,0.2,3B-HHR-E.MS.MRG.3IMERG.20260906-S030000-E033000.V07C.30min.tif
2026-09-06,03:30:00,03:59:59,2026-09-06T04:00:00+00:00,Rangpo,27.177,88.533,0.2,3B-HHR-E.MS.MRG.3IMERG.20260906-S033000-E040000.V07C.30min.tif
2026-09-06,03:30:00,03:59:59,2026-09-06T04:00:00+00:00,Singtam,27.234,88.501,0.2,3B-HHR-E.MS.MRG.3IMERG.20260906-S033000-E040000.V07C.30min.tif
2026-09-06,04:00:00,04:29:59,2026-09-06T04:30:00+00:00,Rangpo,27.177,88.533,0.2,3B-HHR-E.MS.MRG.3IMERG.20260906-S040000-E043000.V07C.30min.tif
2026-09-06,04:00:00,04:29:59,2026-09-06T04:30:00+00:00,Singtam,27.234,88.501,0.2,3B-HHR-E.MS.MRG.3IMERG.20260906-S040000-E043000.V07C.30min.tif
2026-09-06,04:30:00,04:59:59,2026-09-06T05:00:00+00:00,Rangpo,27.177,88.533,0.2,3B-HHR-E.MS.MRG.3IMERG.20260906-S043000-E050000.V07C.30min.tif
2026-09-06,04:30:00,04:59:59,2026-09-06T05:00:00+00:00,Singtam,27.234,88.501,0.3,3B-HHR-E.MS.MRG.3IMERG.20260906-S043000-E050000.V07C.30min.tif
2026-09-06,05:00:00,05:29:59,2026-09-06T05:30:00+00:00,Rangpo,27.177,88.533,0.2,3B-HHR-E.MS.MRG.3IMERG.20260906-S050000-E053000.V07C.30min.tif
2026-09-06,05:00:00,05:29:59,2026-09-06T05:30:00+00:00,Singtam,27.234,88.501,0.3,3B-HHR-E.MS.MRG.3IMERG.20260906-S050000-E053000.V07C.30min.tif
2026-09-06,05:30:00,05:59:59,2026-09-06T06:00:00+00:00,Rangpo,27.177,88.533,0.2,3B-HHR-E.MS.MRG.3IMERG.20260906-S053000-E060000.V07C.30min.tif
2026-09-06,05:30:00,05:59:59,2026-09-06T06:00:00+00:00,Singtam,27.234,88.501,0.3,3B-HHR-E.MS.MRG.3IMERG.20260906-S053000-E060000.V07C.30min.tif
2026-09-06,06:00:00,06:29:59,2026-09-06T06:30:00+00:00,Rangpo,27.177,88.533,0.2,3B-HHR-E.MS.MRG.3IMERG.20260906-S060000-E063000.V07C.30min.tif
2026-09-06,06:00:00,06:29:59,2026-09-06T06:30:00+00:00,Singtam,27.234,88.501,0.3,3B-HHR-E.MS.MRG.3IMERG.20260906-S060000-E063000.V07C.30min.tif
2026-09-06,06:30:00,06:59:59,2026-09-06T07:00:00+00:00,Rangpo,27.177,88.533,0.2,3B-HHR-E.MS.MRG.3IMERG.20260906-S063000-E070000.V07C.30min.tif
2026-09-06,06:30:00,06:59:59,2026-09-06T07:00:00+00:00,Singtam,27.234,88.501,0.3,3B-HHR-E.MS.MRG.3IMERG.20260906-S063000-E070000.V07C.30min.tif
2026-09-06,07:00:00,07:29:59,2026-09-06T07:30:00+00:00,Rangpo,27.177,88.533,0.2,3B-HHR-E.MS.MRG.3IMERG.20260906-S070000-E073000.V07C.30min.tif
2026-09-06,07:00:00,07:29:59,2026-09-06T07:30:00+00:00,Singtam,27.234,88.501,0.3,3B-HHR-E.MS.MRG.3IMERG.20260906-S070000-E073000.V07C.30min.tif
2026-09-06,07:30:00,07:59:59,2026-09-06T08:00:00+00:00,Rangpo,27.177,88.533,0.2,3B-HHR-E.MS.MRG.3IMERG.20260906-S073000-E080000.V07C.30min.tif
2026-09-06,07:30:00,07:59:59,2026-09-06T08:00:00+00:00,Singtam,27.234,88.501,0.3,3B-HHR-E.MS.MRG.3IMERG.20260906-S073000-E080000.V07C.30min.tif
2026-09-06,08:00:00,08:29:59,2026-09-06T08:30:00+00:00,Rangpo,27.177,88.533,0.2,3B-HHR-E.MS.MRG.3IMERG.20260906-S080000-E083000.V07C.30min.tif
2026-09-06,08:00:00,08:29:59,2026-09-06T08:30:00+00:00,Singtam,27.234,88.501,0.3,3B-HHR-E.MS.MRG.3IMERG.20260906-S080000-E083000.V07C.30min.tif
2026-09-06,08:30:00,08:59:59,2026-09-06T09:00:00+00:00,Rangpo,27.177,88.533,0.2,3B-HHR-E.MS.MRG.3IMERG.20260906-S083000-E090000.V07C.30min.tif
2026-09-06,08:30:00,08:59:59,2026-09-06T09:00:00+00:00,Singtam,27.234,88.501,0.3,3B-HHR-E.MS.MRG.3IMERG.20260906-S083000-E090000.V07C.30min.tif
2026-09-06,09:00:00,09:29:59,2026-09-06T09:30:00+00:00,Rangpo,27.177,88.533,0.2,3B-HHR-E.MS.MRG.3IMERG.20260906-S090000-E093000.V07C.30min.tif
2026-09-06,09:00:00,09:29:59,2026-09-06T09:30:00+00:00,Singtam,27.234,88.501,0.3,3B-HHR-E.MS.MRG.3IMERG.20260906-S090000-E093000.V07C.30min.tif
2026-09-06,09:30:00,09:59:59,2026-09-06T10:00:00+00:00,Rangpo,27.177,88.533,0.5,3B-HHR-E.MS.MRG.3IMERG.20260906-S093000-E100000.V07C.30min.tif
2026-09-06,09:30:00,09:59:59,2026-09-06T10:00:00+00:00,Singtam,27.234,88.501,0.6,3B-HHR-E.MS.MRG.3IMERG.20260906-S093000-E100000.V07C.30min.tif
2026-09-06,10:00:00,10:29:59,2026-09-06T10:30:00+00:00,Rangpo,27.177,88.533,0.5,3B-HHR-E.MS.MRG.3IMERG.20260906-S100000-E103000.V07C.30min.tif
2026-09-06,10:00:00,10:29:59,2026-09-06T10:30:00+00:00,Singtam,27.234,88.501,0.5,3B-HHR-E.MS.MRG.3IMERG.20260906-S100000-E103000.V07C.30min.tif
2026-09-06,10:30:00,10:59:59,2026-09-06T11:00:00+00:00,Rangpo,27.177,88.533,0.5,3B-HHR-E.MS.MRG.3IMERG.20260906-S103000-E110000.V07C.30min.tif
2026-09-06,10:30:00,10:59:59,2026-09-06T11:00:00+00:00,Singtam,27.234,88.501,0.5,3B-HHR-E.MS.MRG.3IMERG.20260906-S103000-E110000.V07C.30min.tif
2026-09-06,11:00:00,11:29:59,2026-09-06T11:30:00+00:00,Rangpo,27.177,88.533,0.5,3B-HHR-E.MS.MRG.3IMERG.20260906-S110000-E113000.V07C.30min.tif
2026-09-06,11:00:00,11:29:59,2026-09-06T11:30:00+00:00,Singtam,27.234,88.501,0.5,3B-HHR-E.MS.MRG.3IMERG.20260906-S110000-E113000.V07C.30min.tif
2026-09-06,11:30:00,11:59:59,2026-09-06T12:00:00+00:00,Rangpo,27.177,88.533,0.4,3B-HHR-E.MS.MRG.3IMERG.20260906-S113000-E120000.V07C.30min.tif
2026-09-06,11:30:00,11:59:59,2026-09-06T12:00:00+00:00,Singtam,27.234,88.501,0.5,3B-HHR-E.MS.MRG.3IMERG.20260906-S113000-E120000.V07C.30min.tif
2026-09-06,12:00:00,12:29:59,2026-09-06T12:30:00+00:00,Rangpo,27.177,88.533,0.4,3B-HHR-E.MS.MRG.3IMERG.20260906-S120000-E123000.V07C.30min.tif
2026-09-06,12:00:00,12:29:59,2026-09-06T12:30:00+00:00,Singtam,27.234,88.501,0.5,3B-HHR-E.MS.MRG.3IMERG.20260906-S120000-E123000.V07C.30min.tif
2026-09-06,12:30:00,12:59:59,2026-09-06T13:00:00+00:00,Rangpo,27.177,88.533,0.4,3B-HHR-E.MS.MRG.3IMERG.20260906-S123000-E130000.V07C.30min.tif
2026-09-06,12:30:00,12:59:59,2026-09-06T13:00:00+00:00,Singtam,27.234,88.501,0.4,3B-HHR-E.MS.MRG.3IMERG.20260906-S123000-E130000.V07C.30min.tif
2026-09-06,13:00:00,13:29:59,2026-09-06T13:30:00+00:00,Rangpo,27.177,88.533,0.4,3B-HHR-E.MS.MRG.3IMERG.20260906-S130000-E133000.V07C.30min.tif
2026-09-06,13:00:00,13:29:59,2026-09-06T13:30:00+00:00,Singtam,27.234,88.501,0.4,3B-HHR-E.MS.MRG.3IMERG.20260906-S130000-E133000.V07C.30min.tif
2026-09-06,13:30:00,13:59:59,2026-09-06T14:00:00+00:00,Rangpo,27.177,88.533,0.4,3B-HHR-E.MS.MRG.3IMERG.20260906-S133000-E140000.V07C.30min.tif
2026-09-06,13:30:00,13:59:59,2026-09-06T14:00:00+00:00,Singtam,27.234,88.501,0.4,3B-HHR-E.MS.MRG.3IMERG.20260906-S133000-E140000.V07C.30min.tif
2026-09-06,14:00:00,14:29:59,2026-09-06T14:30:00+00:00,Rangpo,27.177,88.533,0.4,3B-HHR-E.MS.MRG.3IMERG.20260906-S140000-E143000.V07C.30min.tif
2026-09-06,14:00:00,14:29:59,2026-09-06T14:30:00+00:00,Singtam,27.234,88.501,0.4,3B-HHR-E.MS.MRG.3IMERG.20260906-S140000-E143000.V07C.30min.tif
2026-09-06,14:30:00,14:59:59,2026-09-06T15:00:00+00:00,Rangpo,27.177,88.533,0.4,3B-HHR-E.MS.MRG.3IMERG.20260906-S143000-E150000.V07C.30min.tif
2026-09-06,14:30:00,14:59:59,2026-09-06T15:00:00+00:00,Singtam,27.234,88.501,0.3,3B-HHR-E.MS.MRG.3IMERG.20260906-S143000-E150000.V07C.30min.tif
2026-09-06,15:00:00,15:29:59,2026-09-06T15:30:00+00:00,Rangpo,27.177,88.533,0.4,3B-HHR-E.MS.MRG.3IMERG.20260906-S150000-E153000.V07C.30min.tif
2026-09-06,15:00:00,15:29:59,2026-09-06T15:30:00+00:00,Singtam,27.234,88.501,0.3,3B-HHR-E.MS.MRG.3IMERG.20260906-S150000-E153000.V07C.30min.tif
2026-09-06,15:30:00,15:59:59,2026-09-06T16:00:00+00:00,Rangpo,27.177,88.533,0.3,3B-HHR-E.MS.MRG.3IMERG.20260906-S153000-E160000.V07C.30min.tif
2026-09-06,15:30:00,15:59:59,2026-09-06T16:00:00+00:00,Singtam,27.234,88.501,0.3,3B-HHR-E.MS.MRG.3IMERG.20260906-S153000-E160000.V07C.30min.tif
2026-09-06,16:00:00,16:29:59,2026-09-06T16:30:00+00:00,Rangpo,27.177,88.533,0.3,3B-HHR-E.MS.MRG.3IMERG.20260906-S160000-E163000.V07C.30min.tif
2026-09-06,16:00:00,16:29:59,2026-09-06T16:30:00+00:00,Singtam,27.234,88.501,0.3,3B-HHR-E.MS.MRG.3IMERG.20260906-S160000-E163000.V07C.30min.tif
2026-09-06,16:30:00,16:59:59,2026-09-06T17:00:00+00:00,Rangpo,27.177,88.533,0.3,3B-HHR-E.MS.MRG.3IMERG.20260906-S163000-E170000.V07C.30min.tif
2026-09-06,16:30:00,16:59:59,2026-09-06T17:00:00+00:00,Singtam,27.234,88.501,0.3,3B-HHR-E.MS.MRG.3IMERG.20260906-S163000-E170000.V07C.30min.tif
2026-09-06,17:00:00,17:29:59,2026-09-06T17:30:00+00:00,Rangpo,27.177,88.533,0.3,3B-HHR-E.MS.MRG.3IMERG.20260906-S170000-E173000.V07C.30min.tif
2026-09-06,17:00:00,17:29:59,2026-09-06T17:30:00+00:00,Singtam,27.234,88.501,0.2,3B-HHR-E.MS.MRG.3IMERG.20260906-S170000-E173000.V07C.30min.tif
2026-09-06,17:30:00,17:59:59,2026-09-06T18:00:00+00:00,Rangpo,27.177,88.533,0.3,3B-HHR-E.MS.MRG.3IMERG.20260906-S173000-E180000.V07C.30min.tif
2026-09-06,17:30:00,17:59:59,2026-09-06T18:00:00+00:00,Singtam,27.234,88.501,0.2,3B-HHR-E.MS.MRG.3IMERG.20260906-S173000-E180000.V07C.30min.tif
2026-09-06,18:00:00,18:29:59,2026-09-06T18:30:00+00:00,Rangpo,27.177,88.533,0.3,3B-HHR-E.MS.MRG.3IMERG.20260906-S180000-E183000.V07C.30min.tif
2026-09-06,18:00:00,18:29:59,2026-09-06T18:30:00+00:00,Singtam,27.234,88.501,0.2,3B-HHR-E.MS.MRG.3IMERG.20260906-S180000-E183000.V07C.30min.tif
2026-09-06,18:30:00,18:59:59,2026-09-06T19:00:00+00:00,Rangpo,27.177,88.533,0.0,3B-HHR-E.MS.MRG.3IMERG.20260906-S183000-E190000.V07C.30min.tif
2026-09-06,18:30:00,18:59:59,2026-09-06T19:00:00+00:00,Singtam,27.234,88.501,0.0,3B-HHR-E.MS.MRG.3IMERG.20260906-S183000-E190000.V07C.30min.tif
2026-09-06,19:00:00,19:29:59,2026-09-06T19:30:00+00:00,Rangpo,27.177,88.533,0.0,3B-HHR-E.MS.MRG.3IMERG.20260906-S190000-E193000.V07C.30min.tif
2026-09-06,19:00:00,19:29:59,2026-09-06T19:30:00+00:00,Singtam,27.234,88.501,0.0,3B-HHR-E.MS.MRG.3IMERG.20260906-S190000-E193000.V07C.30min.tif
2026-09-06,19:30:00,19:59:59,2026-09-06T20:00:00+00:00,Rangpo,27.177,88.533,0.0,3B-HHR-E.MS.MRG.3IMERG.20260906-S193000-E200000.V07C.30min.tif
2026-09-06,19:30:00,19:59:59,2026-09-06T20:00:00+00:00,Singtam,27.234,88.501,0.0,3B-HHR-E.MS.MRG.3IMERG.20260906-S193000-E200000.V07C.30min.tif
2026-09-06,20:00:00,20:29:59,2026-09-06T20:30:00+00:00,Rangpo,27.177,88.533,0.0,3B-HHR-E.MS.MRG.3IMERG.20260906-S200000-E203000.V07C.30min.tif
2026-09-06,20:00:00,20:29:59,2026-09-06T20:30:00+00:00,Singtam,27.234,88.501,0.0,3B-HHR-E.MS.MRG.3IMERG.20260906-S200000-E203000.V07C.30min.tif
2026-09-06,20:30:00,20:59:59,2026-09-06T21:00:00+00:00,Rangpo,27.177,88.533,0.0,3B-HHR-E.MS.MRG.3IMERG.20260906-S203000-E210000.V07C.30min.tif
2026-09-06,20:30:00,20:59:59,2026-09-06T21:00:00+00:00,Singtam,27.234,88.501,0.0,3B-HHR-E.MS.MRG.3IMERG.20260906-S203000-E210000.V07C.30min.tif
2026-09-06,21:00:00,21:29:59,2026-09-06T21:30:00+00:00,Rangpo,27.177,88.533,0.0,3B-HHR-E.MS.MRG.3IMERG.20260906-S210000-E213000.V07C.30min.tif
2026-09-06,21:00:00,21:29:59,2026-09-06T21:30:00+00:00,Singtam,27.234,88.501,0.0,3B-HHR-E.MS.MRG.3IMERG.20260906-S210000-E213000.V07C.30min.tif
2026-09-06,21:30:00,21:59:59,2026-09-06T22:00:00+00:00,Rangpo,27.177,88.533,0.0,3B-HHR-E.MS.MRG.3IMERG.20260906-S213000-E220000.V07C.30min.tif
2026-09-06,21:30:00,21:59:59,2026-09-06T22:00:00+00:00,Singtam,27.234,88.501,0.0,3B-HHR-E.MS.MRG.3IMERG.20260906-S213000-E220000.V07C.30min.tif
2026-09-06,22:00:00,22:29:59,2026-09-06T22:30:00+00:00,Rangpo,27.177,88.533,0.0,3B-HHR-E.MS.MRG.3IMERG.20260906-S220000-E223000.V07C.30min.tif
2026-09-06,22:00:00,22:29:59,2026-09-06T22:30:00+00:00,Singtam,27.234,88.501,0.0,3B-HHR-E.MS.MRG.3IMERG.20260906-S220000-E223000.V07C.30min.tif
2026-09-06,22:30:00,22:59:59,2026-09-06T23:00:00+00:00,Rangpo,27.177,88.533,0.0,3B-HHR-E.MS.MRG.3IMERG.20260906-S223000-E230000.V07C.30min.tif
2026-09-06,22:30:00,22:59:59,2026-09-06T23:00:00+00:00,Singtam,27.234,88.501,0.0,3B-HHR-E.MS.MRG.3IMERG.20260906-S223000-E230000.V07C.30min.tif
2026-09-06,23:00:00,23:29:59,2026-09-06T23:30:00+00:00,Rangpo,27.177,88.533,0.0,3B-HHR-E.MS.MRG.3IMERG.20260906-S230000-E233000.V07C.30min.tif
2026-09-06,23:00:00,23:29:59,2026-09-06T23:30:00+00:00,Singtam,27.234,88.501,0.0,3B-HHR-E.MS.MRG.3IMERG.20260906-S230000-E233000.V07C.30min.tif
2026-09-07,23:30:00,23:59:59,2026-09-07T00:00:00+00:00,Rangpo,27.177,88.533,0.0,3B-HHR-E.MS.MRG.3IMERG.20260907-S233000-E000000.V07C.30min.tif
2026-09-07,23:30:00,23:59:59,2026-09-07T00:00:00+00:00,Singtam,27.234,88.501,0.0,3B-HHR-E.MS.MRG.3IMERG.20260907-S233000-E000000.V07C.30min.tif
2026-09-07,00:00:00,00:29:59,2026-09-07T00:30:00+00:00,Rangpo,27.177,88.533,0.1,3B-HHR-E.MS.MRG.3IMERG.20260907-S000000-E003000.V07C.30min.tif
2026-09-07,00:00:00,00:29:59,2026-09-07T00:30:00+00:00,Singtam,27.234,88.501,0.0,3B-HHR-E.MS.MRG.3IMERG.20260907-S000000-E003000.V07C.30min.tif
2026-09-07,00:30:00,00:59:59,2026-09-07T01:00:00+00:00,Rangpo,27.177,88.533,0.1,3B-HHR-E.MS.MRG.3IMERG.20260907-S003000-E010000.V07C.30min.tif
2026-09-07,00:30:00,00:59:59,2026-09-07T01:00:00+00:00,Singtam,27.234,88.501,0.0,3B-HHR-E.MS.MRG.3IMERG.20260907-S003000-E010000.V07C.30min.tif
2026-09-07,01:00:00,01:29:59,2026-09-07T01:30:00+00:00,Rangpo,27.177,88.533,0.1,3B-HHR-E.MS.MRG.3IMERG.20260907-S010000-E013000.V07C.30min.tif
2026-09-07,01:00:00,01:29:59,2026-09-07T01:30:00+00:00,Singtam,27.234,88.501,0.1,3B-HHR-E.MS.MRG.3IMERG.20260907-S010000-E013000.V07C.30min.tif
2026-09-07,01:30:00,01:59:59,2026-09-07T02:00:00+00:00,Rangpo,27.177,88.533,0.1,3B-HHR-E.MS.MRG.3IMERG.20260907-S013000-E020000.V07C.30min.tif
2026-09-07,01:30:00,01:59:59,2026-09-07T02:00:00+00:00,Singtam,27.234,88.501,0.1,3B-HHR-E.MS.MRG.3IMERG.20260907-S013000-E020000.V07C.30min.tif
2026-09-07,02:00:00,02:29:59,2026-09-07T02:30:00+00:00,Rangpo,27.177,88.533,0.1,3B-HHR-E.MS.MRG.3IMERG.20260907-S020000-E023000.V07C.30min.tif
2026-09-07,02:00:00,02:29:59,2026-09-07T02:30:00+00:00,Singtam,27.234,88.501,0.1,3B-HHR-E.MS.MRG.3IMERG.20260907-S020000-E023000.V07C.30min.tif
2026-09-07,02:30:00,02:59:59,2026-09-07T03:00:00+00:00,Rangpo,27.177,88.533,0.1,3B-HHR-E.MS.MRG.3IMERG.20260907-S023000-E030000.V07C.30min.tif
2026-09-07,02:30:00,02:59:59,2026-09-07T03:00:00+00:00,Singtam,27.234,88.501,0.1,3B-HHR-E.MS.MRG.3IMERG.20260907-S023000-E030000.V07C.30min.tif
2026-09-07,03:00:00,03:29:59,2026-09-07T03:30:00+00:00,Rangpo,27.177,88.533,0.1,3B-HHR-E.MS.MRG.3IMERG.20260907-S030000-E033000.V07C.30min.tif
2026-09-07,03:00:00,03:29:59,2026-09-07T03:30:00+00:00,Singtam,27.234,88.501,0.2,3B-HHR-E.MS.MRG.3IMERG.20260907-S030000-E033000.V07C.30min.tif
2026-09-07,03:30:00,03:59:59,2026-09-07T04:00:00+00:00,Rangpo,27.177,88.533,0.1,3B-HHR-E.MS.MRG.3IMERG.20260907-S033000-E040000.V07C.30min.tif
2026-09-07,03:30:00,03:59:59,2026-09-07T04:00:00+00:00,Singtam,27.234,88.501,0.2,3B-HHR-E.MS.MRG.3IMERG.20260907-S033000-E040000.V07C.30min.tif
2026-09-07,04:00:00,04:29:59,2026-09-07T04:30:00+00:00,Rangpo,27.177,88.533,0.2,3B-HHR-E.MS.MRG.3IMERG.20260907-S040000-E043000.V07C.30min.tif
2026-09-07,04:00:00,04:29:59,2026-09-07T04:30:00+00:00,Singtam,27.234,88.501,0.2,3B-HHR-E.MS.MRG.3IMERG.20260907-S040000-E043000.V07C.30min.tif
2026-09-07,04:30:00,04:59:59,2026-09-07T05:00:00+00:00,Rangpo,27.177,88.533,0.2,3B-HHR-E.MS.MRG.3IMERG.20260907-S043000-E050000.V07C.30min.tif
2026-09-07,04:30:00,04:59:59,2026-09-07T05:00:00+00:00,Singtam,27.234,88.501,0.2,3B-HHR-E.MS.MRG.3IMERG.20260907-S043000-E050000.V07C.30min.tif
2026-09-07,05:00:00,05:29:59,2026-09-07T05:30:00+00:00,Rangpo,27.177,88.533,0.2,3B-HHR-E.MS.MRG.3IMERG.20260907-S050000-E053000.V07C.30min.tif
2026-09-07,05:00:00,05:29:59,2026-09-07T05:30:00+00:00,Singtam,27.234,88.501,0.2,3B-HHR-E.MS.MRG.3IMERG.20260907-S050000-E053000.V07C.30min.tif
2026-09-07,05:30:00,05:59:59,2026-09-07T06:00:00+00:00,Rangpo,27.177,88.533,0.2,3B-HHR-E.MS.MRG.3IMERG.20260907-S053000-E060000.V07C.30min.tif
2026-09-07,05:30:00,05:59:59,2026-09-07T06:00:00+00:00,Singtam,27.234,88.501,0.3,3B-HHR-E.MS.MRG.3IMERG.20260907-S053000-E060000.V07C.30min.tif
2026-09-07,06:00:00,06:29:59,2026-09-07T06:30:00+00:00,Rangpo,27.177,88.533,0.2,3B-HHR-E.MS.MRG.3IMERG.20260907-S060000-E063000.V07C.30min.tif
2026-09-07,06:00:00,06:29:59,2026-09-07T06:30:00+00:00,Singtam,27.234,88.501,0.3,3B-HHR-E.MS.MRG.3IMERG.20260907-S060000-E063000.V07C.30min.tif
2026-09-07,06:30:00,06:59:59,2026-09-07T07:00:00+00:00,Rangpo,27.177,88.533,0.2,3B-HHR-E.MS.MRG.3IMERG.20260907-S063000-E070000.V07C.30min.tif
2026-09-07,06:30:00,06:59:59,2026-09-07T07:00:00+00:00,Singtam,27.234,88.501,0.3,3B-HHR-E.MS.MRG.3IMERG.20260907-S063000-E070000.V07C.30min.tif
2026-09-07,07:00:00,07:29:59,2026-09-07T07:30:00+00:00,Rangpo,27.177,88.533,0.2,3B-HHR-E.MS.MRG.3IMERG.20260907-S070000-E073000.V07C.30min.tif
2026-09-07,07:00:00,07:29:59,2026-09-07T07:30:00+00:00,Singtam,27.234,88.501,0.3,3B-HHR-E.MS.MRG.3IMERG.20260907-S070000-E073000.V07C.30min.tif
2026-09-07,07:30:00,07:59:59,2026-09-07T08:00:00+00:00,Rangpo,27.177,88.533,0.2,3B-HHR-E.MS.MRG.3IMERG.20260907-S073000-E080000.V07C.30min.tif
2026-09-07,07:30:00,07:59:59,2026-09-07T08:00:00+00:00,Singtam,27.234,88.501,0.3,3B-HHR-E.MS.MRG.3IMERG.20260907-S073000-E080000.V07C.30min.tif
2026-09-07,08:00:00,08:29:59,2026-09-07T08:30:00+00:00,Rangpo,27.177,88.533,0.2,3B-HHR-E.MS.MRG.3IMERG.20260907-S080000-E083000.V07C.30min.tif
2026-09-07,08:00:00,08:29:59,2026-09-07T08:30:00+00:00,Singtam,27.234,88.501,0.3,3B-HHR-E.MS.MRG.3IMERG.20260907-S080000-E083000.V07C.30min.tif
2026-09-07,08:30:00,08:59:59,2026-09-07T09:00:00+00:00,Rangpo,27.177,88.533,0.2,3B-HHR-E.MS.MRG.3IMERG.20260907-S083000-E090000.V07C.30min.tif
2026-09-07,08:30:00,08:59:59,2026-09-07T09:00:00+00:00,Singtam,27.234,88.501,0.3,3B-HHR-E.MS.MRG.3IMERG.20260907-S083000-E090000.V07C.30min.tif
2026-09-07,09:00:00,09:29:59,2026-09-07T09:30:00+00:00,Rangpo,27.177,88.533,0.2,3B-HHR-E.MS.MRG.3IMERG.20260907-S090000-E093000.V07C.30min.tif
2026-09-07,09:00:00,09:29:59,2026-09-07T09:30:00+00:00,Singtam,27.234,88.501,0.3,3B-HHR-E.MS.MRG.3IMERG.20260907-S090000-E093000.V07C.30min.tif
2026-09-07,09:30:00,09:59:59,2026-09-07T10:00:00+00:00,Rangpo,27.177,88.533,0.5,3B-HHR-E.MS.MRG.3IMERG.20260907-S093000-E100000.V07C.30min.tif
2026-09-07,09:30:00,09:59:59,2026-09-07T10:00:00+00:00,Singtam,27.234,88.501,0.6,3B-HHR-E.MS.MRG.3IMERG.20260907-S093000-E100000.V07C.30min.tif
2026-09-07,10:00:00,10:29:59,2026-09-07T10:30:00+00:00,Rangpo,27.177,88.533,0.5,3B-HHR-E.MS.MRG.3IMERG.20260907-S100000-E103000.V07C.30min.tif
2026-09-07,10:00:00,10:29:59,2026-09-07T10:30:00+00:00,Singtam,27.234,88.501,0.6,3B-HHR-E.MS.MRG.3IMERG.20260907-S100000-E103000.V07C.30min.tif
2026-09-07,10:30:00,10:59:59,2026-09-07T11:00:00+00:00,Rangpo,27.177,88.533,0.5,3B-HHR-E.MS.MRG.3IMERG.20260907-S103000-E110000.V07C.30min.tif
2026-09-07,10:30:00,10:59:59,2026-09-07T11:00:00+00:00,Singtam,27.234,88.501,0.6,3B-HHR-E.MS.MRG.3IMERG.20260907-S103000-E110000.V07C.30min.tif
2026-09-07,11:00:00,11:29:59,2026-09-07T11:30:00+00:00,Rangpo,27.177,88.533,0.5,3B-HHR-E.MS.MRG.3IMERG.20260907-S110000-E113000.V07C.30min.tif
2026-09-07,11:00:00,11:29:59,2026-09-07T11:30:00+00:00,Singtam,27.234,88.501,0.5,3B-HHR-E.MS.MRG.3IMERG.20260907-S110000-E113000.V07C.30min.tif
2026-09-07,11:30:00,11:59:59,2026-09-07T12:00:00+00:00,Rangpo,27.177,88.533,0.5,3B-HHR-E.MS.MRG.3IMERG.20260907-S113000-E120000.V07C.30min.tif
2026-09-07,11:30:00,11:59:59,2026-09-07T12:00:00+00:00,Singtam,27.234,88.501,0.5,3B-HHR-E.MS.MRG.3IMERG.20260907-S113000-E120000.V07C.30min.tif
2026-09-07,12:00:00,12:29:59,2026-09-07T12:30:00+00:00,Rangpo,27.177,88.533,0.5,3B-HHR-E.MS.MRG.3IMERG.20260907-S120000-E123000.V07C.30min.tif
2026-09-07,12:00:00,12:29:59,2026-09-07T12:30:00+00:00,Singtam,27.234,88.501,0.5,3B-HHR-E.MS.MRG.3IMERG.20260907-S120000-E123000.V07C.30min.tif
2026-09-07,12:30:00,12:59:59,2026-09-07T13:00:00+00:00,Rangpo,27.177,88.533,0.4,3B-HHR-E.MS.MRG.3IMERG.20260907-S123000-E130000.V07C.30min.tif
2026-09-07,12:30:00,12:59:59,2026-09-07T13:00:00+00:00,Singtam,27.234,88.501,0.5,3B-HHR-E.MS.MRG.3IMERG.20260907-S123000-E130000.V07C.30min.tif
2026-09-07,13:00:00,13:29:59,2026-09-07T13:30:00+00:00,Rangpo,27.177,88.533,0.4,3B-HHR-E.MS.MRG.3IMERG.20260907-S130000-E133000.V07C.30min.tif
2026-09-07,13:00:00,13:29:59,2026-09-07T13:30:00+00:00,Singtam,27.234,88.501,0.5,3B-HHR-E.MS.MRG.3IMERG.20260907-S130000-E133000.V07C.30min.tif
2026-09-07,13:30:00,13:59:59,2026-09-07T14:00:00+00:00,Rangpo,27.177,88.533,0.4,3B-HHR-E.MS.MRG.3IMERG.20260907-S133000-E140000.V07C.30min.tif
2026-09-07,13:30:00,13:59:59,2026-09-07T14:00:00+00:00,Singtam,27.234,88.501,0.4,3B-HHR-E.MS.MRG.3IMERG.20260907-S133000-E140000.V07C.30min.tif
2026-09-07,14:00:00,14:29:59,2026-09-07T14:30:00+00:00,Rangpo,27.177,88.533,0.4,3B-HHR-E.MS.MRG.3IMERG.20260907-S140000-E143000.V07C.30min.tif
2026-09-07,14:00:00,14:29:59,2026-09-07T14:30:00+00:00,Singtam,27.234,88.501,0.4,3B-HHR-E.MS.MRG.3IMERG.20260907-S140000-E143000.V07C.30min.tif
2026-09-07,14:30:00,14:59:59,2026-09-07T15:00:00+00:00,Rangpo,27.177,88.533,0.4,3B-HHR-E.MS.MRG.3IMERG.20260907-S143000-E150000.V07C.30min.tif
2026-09-07,14:30:00,14:59:59,2026-09-07T15:00:00+00:00,Singtam,27.234,88.501,0.4,3B-HHR-E.MS.MRG.3IMERG.20260907-S143000-E150000.V07C.30min.tif
2026-09-07,15:00:00,15:29:59,2026-09-07T15:30:00+00:00,Rangpo,27.177,88.533,0.4,3B-HHR-E.MS.MRG.3IMERG.20260907-S150000-E153000.V07C.30min.tif
2026-09-07,15:00:00,15:29:59,2026-09-07T15:30:00+00:00,Singtam,27.234,88.501,0.4,3B-HHR-E.MS.MRG.3IMERG.20260907-S150000-E153000.V07C.30min.tif
2026-09-07,15:30:00,15:59:59,2026-09-07T16:00:00+00:00,Rangpo,27.177,88.533,0.4,3B-HHR-E.MS.MRG.3IMERG.20260907-S153000-E160000.V07C.30min.tif
2026-09-07,15:30:00,15:59:59,2026-09-07T16:00:00+00:00,Singtam,27.234,88.501,0.3,3B-HHR-E.MS.MRG.3IMERG.20260907-S153000-E160000.V07C.30min.tif
2026-09-07,16:00:00,16:29:59,2026-09-07T16:30:00+00:00,Rangpo,27.177,88.533,0.4,3B-HHR-E.MS.MRG.3IMERG.20260907-S160000-E163000.V07C.30min.tif
2026-09-07,16:00:00,16:29:59,2026-09-07T16:30:00+00:00,Singtam,27.234,88.501,0.3,3B-HHR-E.MS.MRG.3IMERG.20260907-S160000-E163000.V07C.30min.tif
2026-09-07,16:30:00,16:59:59,2026-09-07T17:00:00+00:00,Rangpo,27.177,88.533,0.3,3B-HHR-E.MS.MRG.3IMERG.20260907-S163000-E170000.V07C.30min.tif
2026-09-07,16:30:00,16:59:59,2026-09-07T17:00:00+00:00,Singtam,27.234,88.501,0.3,3B-HHR-E.MS.MRG.3IMERG.20260907-S163000-E170000.V07C.30min.tif
2026-09-07,17:00:00,17:29:59,2026-09-07T17:30:00+00:00,Rangpo,27.177,88.533,0.3,3B-HHR-E.MS.MRG.3IMERG.20260907-S170000-E173000.V07C.30min.tif
2026-09-07,17:00:00,17:29:59,2026-09-07T17:30:00+00:00,Singtam,27.234,88.501,0.3,3B-HHR-E.MS.MRG.3IMERG.20260907-S170000-E173000.V07C.30min.tif
2026-09-07,17:30:00,17:59:59,2026-09-07T18:00:00+00:00,Rangpo,27.177,88.533,0.3,3B-HHR-E.MS.MRG.3IMERG.20260907-S173000-E180000.V07C.30min.tif
2026-09-07,17:30:00,17:59:59,2026-09-07T18:00:00+00:00,Singtam,27.234,88.501,0.3,3B-HHR-E.MS.MRG.3IMERG.20260907-S173000-E180000.V07C.30min.tif
2026-09-07,18:00:00,18:29:59,2026-09-07T18:30:00+00:00,Rangpo,27.177,88.533,0.3,3B-HHR-E.MS.MRG.3IMERG.20260907-S180000-E183000.V07C.30min.tif
2026-09-07,18:00:00,18:29:59,2026-09-07T18:30:00+00:00,Singtam,27.234,88.501,0.2,3B-HHR-E.MS.MRG.3IMERG.20260907-S180000-E183000.V07C.30min.tif
2026-09-07,18:30:00,18:59:59,2026-09-07T19:00:00+00:00,Rangpo,27.177,88.533,0.0,3B-HHR-E.MS.MRG.3IMERG.20260907-S183000-E190000.V07C.30min.tif
2026-09-07,18:30:00,18:59:59,2026-09-07T19:00:00+00:00,Singtam,27.234,88.501,0.0,3B-HHR-E.MS.MRG.3IMERG.20260907-S183000-E190000.V07C.30min.tif
2026-09-07,19:00:00,19:29:59,2026-09-07T19:30:00+00:00,Rangpo,27.177,88.533,0.0,3B-HHR-E.MS.MRG.3IMERG.20260907-S190000-E193000.V07C.30min.tif
2026-09-07,19:00:00,19:29:59,2026-09-07T19:30:00+00:00,Singtam,27.234,88.501,0.0,3B-HHR-E.MS.MRG.3IMERG.20260907-S190000-E193000.V07C.30min.tif
2026-09-07,19:30:00,19:59:59,2026-09-07T20:00:00+00:00,Rangpo,27.177,88.533,0.0,3B-HHR-E.MS.MRG.3IMERG.20260907-S193000-E200000.V07C.30min.tif
2026-09-07,19:30:00,19:59:59,2026-09-07T20:00:00+00:00,Singtam,27.234,88.501,0.0,3B-HHR-E.MS.MRG.3IMERG.20260907-S193000-E200000.V07C.30min.tif
2026-09-07,20:00:00,20:29:59,2026-09-07T20:30:00+00:00,Rangpo,27.177,88.533,0.0,3B-HHR-E.MS.MRG.3IMERG.20260907-S200000-E203000.V07C.30min.tif
2026-09-07,20:00:00,20:29:59,2026-09-07T20:30:00+00:00,Singtam,27.234,88.501,0.0,3B-HHR-E.MS.MRG.3IMERG.20260907-S200000-E203000.V07C.30min.tif
2026-09-07,20:30:00,20:59:59,2026-09-07T21:00:00+00:00,Rangpo,27.177,88.533,0.0,3B-HHR-E.MS.MRG.3IMERG.20260907-S203000-E210000.V07C.30min.tif
2026-09-07,20:30:00,20:59:59,2026-09-07T21:00:00+00:00,Singtam,27.234,88.501,0.0,3B-HHR-E.MS.MRG.3IMERG.20260907-S203000-E210000.V07C.30min.tif
2026-09-07,21:00:00,21:29:59,2026-09-07T21:30:00+00:00,Rangpo,27.177,88.533,0.0,3B-HHR-E.MS.MRG.3IMERG.20260907-S210000-E213000.V07C.30min.tif
2026-09-07,21:00:00,21:29:59,2026-09-07T21:30:00+00:00,Singtam,27.234,88.501,0.0,3B-HHR-E.MS.MRG.3IMERG.20260907-S210000-E213000.V07C.30min.tif
2026-09-07,21:30:00,21:59:59,2026-09-07T22:00:00+00:00,Rangpo,27.177,88.533,0.0,3B-HHR-E.MS.MRG.3IMERG.20260907-S213000-E220000.V07C.30min.tif
2026-09-07,21:30:00,21:59:59,2026-09-07T22:00:00+00:00,Singtam,27.234,88.501,0.0,3B-HHR-E.MS.MRG.3IMERG.20260907-S213000-E220000.V07C.30min.tif
2026-09-07,22:00:00,22:29:59,2026-09-07T22:30:00+00:00,Rangpo,27.177,88.533,0.0,3B-HHR-E.MS.MRG.3IMERG.20260907-S220000-E223000.V07C.30min.tif
2026-09-07,22:00:00,22:29:59,2026-09-07T22:30:00+00:00,Singtam,27.234,88.501,0.0,3B-HHR-E.MS.MRG.3IMERG.20260907-S220000-E223000.V07C.30min.tif
2026-09-07,22:30:00,22:59:59,2026-09-07T23:00:00+00:00,Rangpo,27.177,88.533,0.0,3B-HHR-E.MS.MRG.3IMERG.20260907-S223000-E230000.V07C.30min.tif
2026-09-07,22:30:00,22:59:59,2026-09-07T23:00:00+00:00,Singtam,27.234,88.501,0.0,3B-HHR-E.MS.MRG.3IMERG.20260907-S223000-E230000.V07C.30min.tif
2026-09-07,23:00:00,23:29:59,2026-09-07T23:30:00+00:00,Rangpo,27.177,88.533,0.0,3B-HHR-E.MS.MRG.3IMERG.20260907-S230000-E233000.V07C.30min.tif
2026-09-07,23:00:00,23:29:59,2026-09-07T23:30:00+00:00,Singtam,27.234,88.501,0.0,3B-HHR-E.MS.MRG.3IMERG.20260907-S230000-E233000.V07C.30min.tif
2026-09-08,23:30:00,23:59:59,2026-09-08T00:00:00+00:00,Rangpo,27.177,88.533,0.0,3B-HHR-E.MS.MRG.3IMERG.20260908-S233000-E000000.V07C.30min.tif
2026-09-08,23:30:00,23:59:59,2026-09-08T00:00:00+00:00,Singtam,27.234,88.501,0.0,3B-HHR-E.MS.MRG.3IMERG.20260908-S233000-E000000.V07C.30min.tif
2026-09-08,00:00:00,00:29:59,2026-09-08T00:30:00+00:00,Rangpo,27.177,88.533,0.0,3B-HHR-E.MS.MRG.3IMERG.20260908-S000000-E003000.V07C.30min.tif
2026-09-08,00:00:00,00:29:59,2026-09-08T00:30:00+00:00,Singtam,27.234,88.501,0.0,3B-HHR-E.MS.MRG.3IMERG.20260908-S000000-E003000.V07C.30min.tif
2026-09-08,00:30:00,00:59:59,2026-09-08T01:00:00+00:00,Rangpo,27.177,88.533,0.0,3B-HHR-E.MS.MRG.3IMERG.20260908-S003000-E010000.V07C.30min.tif
2026-09-08,00:30:00,00:59:59,2026-09-08T01:00:00+00:00,Singtam,27.234,88.501,0.0,3B-HHR-E.MS.MRG.3IMERG.20260908-S003000-E010000.V07C.30min.tif
2026-09-08,01:00:00,01:29:59,2026-09-08T01:30:00+00:00,Rangpo,27.177,88.533,0.1,3B-HHR-E.MS.MRG.3IMERG.20260908-S010000-E013000.V07C.30min.tif
2026-09-08,01:00:00,01:29:59,2026-09-08T01:30:00+00:00,Singtam,27.234,88.501,0.0,3B-HHR-E.MS.MRG.3IMERG.20260908-S010000-E013000.V07C.30min.tif
2026-09-08,01:30:00,01:59:59,2026-09-08T02:00:00+00:00,Rangpo,27.177,88.533,0.1,3B-HHR-E.MS.MRG.3IMERG.20260908-S013000-E020000.V07C.30min.tif
2026-09-08,01:30:00,01:59:59,2026-09-08T02:00:00+00:00,Singtam,27.234,88.501,0.0,3B-HHR-E.MS.MRG.3IMERG.20260908-S013000-E020000.V07C.30min.tif
2026-09-08,02:00:00,02:29:59,2026-09-08T02:30:00+00:00,Rangpo,27.177,88.533,0.1,3B-HHR-E.MS.MRG.3IMERG.20260908-S020000-E023000.V07C.30min.tif
2026-09-08,02:00:00,02:29:59,2026-09-08T02:30:00+00:00,Singtam,27.234,88.501,0.1,3B-HHR-E.MS.MRG.3IMERG.20260908-S020000-E023000.V07C.30min.tif
2026-09-08,02:30:00,02:59:59,2026-09-08T03:00:00+00:00,Rangpo,27.177,88.533,0.1,3B-HHR-E.MS.MRG.3IMERG.20260908-S023000-E030000.V07C.30min.tif
2026-09-08,02:30:00,02:59:59,2026-09-08T03:00:00+00:00,Singtam,27.234,88.501,0.1,3B-HHR-E.MS.MRG.3IMERG.20260908-S023000-E030000.V07C.30min.tif
2026-09-08,03:00:00,03:29:59,2026-09-08T03:30:00+00:00,Rangpo,27.177,88.533,0.1,3B-HHR-E.MS.MRG.3IMERG.20260908-S030000-E033000.V07C.30min.tif
2026-09-08,03:00:00,03:29:59,2026-09-08T03:30:00+00:00,Singtam,27.234,88.501,0.1,3B-HHR-E.MS.MRG.3IMERG.20260908-S030000-E033000.V07C.30min.tif
2026-09-08,03:30:00,03:59:59,2026-09-08T04:00:00+00:00,Rangpo,27.177,88.533,0.1,3B-HHR-E.MS.MRG.3IMERG.20260908-S033000-E040000.V07C.30min.tif
2026-09-08,03:30:00,03:59:59,2026-09-08T04:00:00+00:00,Singtam,27.234,88.501,0.1,3B-HHR-E.MS.MRG.3IMERG.20260908-S033000-E040000.V07C.30min.tif
2026-09-08,04:00:00,04:29:59,2026-09-08T04:30:00+00:00,Rangpo,27.177,88.533,0.1,3B-HHR-E.MS.MRG.3IMERG.20260908-S040000-E043000.V07C.30min.tif
2026-09-08,04:00:00,04:29:59,2026-09-08T04:30:00+00:00,Singtam,27.234,88.501,0.2,3B-HHR-E.MS.MRG.3IMERG.20260908-S040000-E043000.V07C.30min.tif
2026-09-08,04:30:00,04:59:59,2026-09-08T05:00:00+00:00,Rangpo,27.177,88.533,0.1,3B-HHR-E.MS.MRG.3IMERG.20260908-S043000-E050000.V07C.30min.tif
2026-09-08,04:30:00,04:59:59,2026-09-08T05:00:00+00:00,Singtam,27.234,88.501,0.2,3B-HHR-E.MS.MRG.3IMERG.20260908-S043000-E050000.V07C.30min.tif
2026-09-08,05:00:00,05:29:59,2026-09-08T05:30:00+00:00,Rangpo,27.177,88.533,0.1,3B-HHR-E.MS.MRG.3IMERG.20260908-S050000-E053000.V07C.30min.tif
2026-09-08,05:00:00,05:29:59,2026-09-08T05:30:00+00:00,Singtam,27.234,88.501,0.2,3B-HHR-E.MS.MRG.3IMERG.20260908-S050000-E053000.V07C.30min.tif
2026-09-08,05:30:00,05:59:59,2026-09-08T06:00:00+00:00,Rangpo,27.177,88.533,0.2,3B-HHR-E.MS.MRG.3IMERG.20260908-S053000-E060000.V07C.30min.tif
2026-09-08,05:30:00,05:59:59,2026-09-08T06:00:00+00:00,Singtam,27.234,88.501,0.2,3B-HHR-E.MS.MRG.3IMERG.20260908-S053000-E060000.V07C.30min.tif
2026-09-08,06:00:00,06:29:59,2026-09-08T06:30:00+00:00,Rangpo,27.177,88.533,0.2,3B-HHR-E.MS.MRG.3IMERG.20260908-S060000-E063000.V07C.30min.tif
2026-09-08,06:00:00,06:29:59,2026-09-08T06:30:00+00:00,Singtam,27.234,88.501,0.2,3B-HHR-E.MS.MRG.3IMERG.20260908-S060000-E063000.V07C.30min.tif
2026-09-08,06:30:00,06:59:59,2026-09-08T07:00:00+00:00,Rangpo,27.177,88.533,0.2,3B-HHR-E.MS.MRG.3IMERG.20260908-S063000-E070000.V07C.30min.tif
2026-09-08,06:30:00,06:59:59,2026-09-08T07:00:00+00:00,Singtam,27.234,88.501,0.3,3B-HHR-E.MS.MRG.3IMERG.20260908-S063000-E070000.V07C.30min.tif
2026-09-08,07:00:00,07:29:59,2026-09-08T07:30:00+00:00,Rangpo,27.177,88.533,0.2,3B-HHR-E.MS.MRG.3IMERG.20260908-S070000-E073000.V07C.30min.tif
2026-09-08,07:00:00,07:29:59,2026-09-08T07:30:00+00:00,Singtam,27.234,88.501,0.3,3B-HHR-E.MS.MRG.3IMERG.20260908-S070000-E073000.V07C.30min.tif
2026-09-08,07:30:00,07:59:59,2026-09-08T08:00:00+00:00,Rangpo,27.177,88.533,0.2,3B-HHR-E.MS.MRG.3IMERG.20260908-S073000-E080000.V07C.30min.tif
2026-09-08,07:30:00,07:59:59,2026-09-08T08:00:00+00:00,Singtam,27.234,88.501,0.3,3B-HHR-E.MS.MRG.3IMERG.20260908-S073000-E080000.V07C.30min.tif
2026-09-08,08:00:00,08:29:59,2026-09-08T08:30:00+00:00,Rangpo,27.177,88.533,0.2,3B-HHR-E.MS.MRG.3IMERG.20260908-S080000-E083000.V07C.30min.tif
2026-09-08,08:00:00,08:29:59,2026-09-08T08:30:00+00:00,Singtam,27.234,88.501,0.3,3B-HHR-E.MS.MRG.3IMERG.20260908-S080000-E083000.V07C.30min.tif
2026-09-08,08:30:00,08:59:59,2026-09-08T09:00:00+00:00,Rangpo,27.177,88.533,0.2,3B-HHR-E.MS.MRG.3IMERG.20260908-S083000-E090000.V07C.30min.tif
2026-09-08,08:30:00,08:59:59,2026-09-08T09:00:00+00:00,Singtam,27.234,88.501,0.3,3B-HHR-E.MS.MRG.3IMERG.20260908-S083000-E090000.V07C.30min.tif
2026-09-08,09:00:00,09:29:59,2026-09-08T09:30:00+00:00,Rangpo,27.177,88.533,0.2,3B-HHR-E.MS.MRG.3IMERG.20260908-S090000-E093000.V07C.30min.tif
2026-09-08,09:00:00,09:29:59,2026-09-08T09:30:00+00:00,Singtam,27.234,88.501,0.3,3B-HHR-E.MS.MRG.3IMERG.20260908-S090000-E093000.V07C.30min.tif
2026-09-08,09:30:00,09:59:59,2026-09-08T10:00:00+00:00,Rangpo,27.177,88.533,0.5,3B-HHR-E.MS.MRG.3IMERG.20260908-S093000-E100000.V07C.30min.tif
2026-09-08,09:30:00,09:59:59,2026-09-08T10:00:00+00:00,Singtam,27.234,88.501,0.6,3B-HHR-E.MS.MRG.3IMERG.20260908-S093000-E100000.V07C.30min.tif
2026-09-08,10:00:00,10:29:59,2026-09-08T10:30:00+00:00,Rangpo,27.177,88.533,0.5,3B-HHR-E.MS.MRG.3IMERG.20260908-S100000-E103000.V07C.30min.tif
2026-09-08,10:00:00,10:29:59,2026-09-08T10:30:00+00:00,Singtam,27.234,88.501,0.6,3B-HHR-E.MS.MRG.3IMERG.20260908-S100000-E103000.V07C.30min.tif
2026-09-08,10:30:00,10:59:59,2026-09-08T11:00:00+00:00,Rangpo,27.177,88.533,0.5,3B-HHR-E.MS.MRG.3IMERG.20260908-S103000-E110000.V07C.30min.tif
2026-09-08,10:30:00,10:59:59,2026-09-08T11:00:00+00:00,Singtam,27.234,88.501,0.6,3B-HHR-E.MS.MRG.3IMERG.20260908-S103000-E110000.V07C.30min.tif
2026-09-08,11:00:00,11:29:59,2026-09-08T11:30:00+00:00,Rangpo,27.177,88.533,0.5,3B-HHR-E.MS.MRG.3IMERG.20260908-S110000-E113000.V07C.30min.tif
2026-09-08,11:00:00,11:29:59,2026-09-08T11:30:00+00:00,Singtam,27.234,88.501,0.6,3B-HHR-E.MS.MRG.3IMERG.20260908-S110000-E113000.V07C.30min.tif
2026-09-08,11:30:00,11:59:59,2026-09-08T12:00:00+00:00,Rangpo,27.177,88.533,0.5,3B-HHR-E.MS.MRG.3IMERG.20260908-S113000-E120000.V07C.30min.tif
2026-09-08,11:30:00,11:59:59,2026-09-08T12:00:00+00:00,Singtam,27.234,88.501,0.6,3B-HHR-E.MS.MRG.3IMERG.20260908-S113000-E120000.V07C.30min.tif
2026-09-08,12:00:00,12:29:59,2026-09-08T12:30:00+00:00,Rangpo,27.177,88.533,0.5,3B-HHR-E.MS.MRG.3IMERG.20260908-S120000-E123000.V07C.30min.tif
2026-09-08,12:00:00,12:29:59,2026-09-08T12:30:00+00:00,Singtam,27.234,88.501,0.6,3B-HHR-E.MS.MRG.3IMERG.20260908-S120000-E123000.V07C.30min.tif
2026-09-08,12:30:00,12:59:59,2026-09-08T13:00:00+00:00,Rangpo,27.177,88.533,0.5,3B-HHR-E.MS.MRG.3IMERG.20260908-S123000-E130000.V07C.30min.tif
2026-09-08,12:30:00,12:59:59,2026-09-08T13:00:00+00:00,Singtam,27.234,88.501,0.5,3B-HHR-E.MS.MRG.3IMERG.20260908-S123000-E130000.V07C.30min.tif
2026-09-08,13:00:00,13:29:59,2026-09-08T13:30:00+00:00,Rangpo,27.177,88.533,0.5,3B-HHR-E.MS.MRG.3IMERG.20260908-S130000-E133000.V07C.30min.tif
2026-09-08,13:00:00,13:29:59,2026-09-08T13:30:00+00:00,Singtam,27.234,88.501,0.5,3B-HHR-E.MS.MRG.3IMERG.20260908-S130000-E133000.V07C.30min.tif
2026-09-08,13:30:00,13:59:59,2026-09-08T14:00:00+00:00,Rangpo,27.177,88.533,0.4,3B-HHR-E.MS.MRG.3IMERG.20260908-S133000-E140000.V07C.30min.tif
2026-09-08,13:30:00,13:59:59,2026-09-08T14:00:00+00:00,Singtam,27.234,88.501,0.5,3B-HHR-E.MS.MRG.3IMERG.20260908-S133000-E140000.V07C.30min.tif
2026-09-08,14:00:00,14:29:59,2026-09-08T14:30:00+00:00,Rangpo,27.177,88.533,0.4,3B-HHR-E.MS.MRG.3IMERG.20260908-S140000-E143000.V07C.30min.tif
2026-09-08,14:00:00,14:29:59,2026-09-08T14:30:00+00:00,Singtam,27.234,88.501,0.5,3B-HHR-E.MS.MRG.3IMERG.20260908-S140000-E143000.V07C.30min.tif
2026-09-08,14:30:00,14:59:59,2026-09-08T15:00:00+00:00,Rangpo,27.177,88.533,0.4,3B-HHR-E.MS.MRG.3IMERG.20260908-S143000-E150000.V07C.30min.tif
2026-09-08,14:30:00,14:59:59,2026-09-08T15:00:00+00:00,Singtam,27.234,88.501,0.4,3B-HHR-E.MS.MRG.3IMERG.20260908-S143000-E150000.V07C.30min.tif
2026-09-08,15:00:00,15:29:59,2026-09-08T15:30:00+00:00,Rangpo,27.177,88.533,0.4,3B-HHR-E.MS.MRG.3IMERG.20260908-S150000-E153000.V07C.30min.tif
2026-09-08,15:00:00,15:29:59,2026-09-08T15:30:00+00:00,Singtam,27.234,88.501,0.4,3B-HHR-E.MS.MRG.3IMERG.20260908-S150000-E153000.V07C.30min.tif
2026-09-08,15:30:00,15:59:59,2026-09-08T16:00:00+00:00,Rangpo,27.177,88.533,0.4,3B-HHR-E.MS.MRG.3IMERG.20260908-S153000-E160000.V07C.30min.tif
2026-09-08,15:30:00,15:59:59,2026-09-08T16:00:00+00:00,Singtam,27.234,88.501,0.4,3B-HHR-E.MS.MRG.3IMERG.20260908-S153000-E160000.V07C.30min.tif
2026-09-08,16:00:00,16:29:59,2026-09-08T16:30:00+00:00,Rangpo,27.177,88.533,0.4,3B-HHR-E.MS.MRG.3IMERG.20260908-S160000-E163000.V07C.30min.tif
2026-09-08,16:00:00,16:29:59,2026-09-08T16:30:00+00:00,Singtam,27.234,88.501,0.4,3B-HHR-E.MS.MRG.3IMERG.20260908-S160000-E163000.V07C.30min.tif
2026-09-08,16:30:00,16:59:59,2026-09-08T17:00:00+00:00,Rangpo,27.177,88.533,0.4,3B-HHR-E.MS.MRG.3IMERG.20260908-S163000-E170000.V07C.30min.tif
2026-09-08,16:30:00,16:59:59,2026-09-08T17:00:00+00:00,Singtam,27.234,88.501,0.4,3B-HHR-E.MS.MRG.3IMERG.20260908-S163000-E170000.V07C.30min.tif
2026-09-08,17:00:00,17:29:59,2026-09-08T17:30:00+00:00,Rangpo,27.177,88.533,0.4,3B-HHR-E.MS.MRG.3IMERG.20260908-S170000-E173000.V07C.30min.tif
2026-09-08,17:00:00,17:29:59,2026-09-08T17:30:00+00:00,Singtam,27.234,88.501,0.3,3B-HHR-E.MS.MRG.3IMERG.20260908-S170000-E173000.V07C.30min.tif
2026-09-08,17:30:00,17:59:59,2026-09-08T18:00:00+00:00,Rangpo,27.177,88.533,0.4,3B-HHR-E.MS.MRG.3IMERG.20260908-S173000-E180000.V07C.30min.tif
2026-09-08,17:30:00,17:59:59,2026-09-08T18:00:00+00:00,Singtam,27.234,88.501,0.3,3B-HHR-E.MS.MRG.3IMERG.20260908-S173000-E180000.V07C.30min.tif
2026-09-08,18:00:00,18:29:59,2026-09-08T18:30:00+00:00,Rangpo,27.177,88.533,0.3,3B-HHR-E.MS.MRG.3IMERG.20260908-S180000-E183000.V07C.30min.tif
2026-09-08,18:00:00,18:29:59,2026-09-08T18:30:00+00:00,Singtam,27.234,88.501,0.3,3B-HHR-E.MS.MRG.3IMERG.20260908-S180000-E183000.V07C.30min.tif
2026-09-08,18:30:00,18:59:59,2026-09-08T19:00:00+00:00,Rangpo,27.177,88.533,0.0,3B-HHR-E.MS.MRG.3IMERG.20260908-S183000-E190000.V07C.30min.tif
2026-09-08,18:30:00,18:59:59,2026-09-08T19:00:00+00:00,Singtam,27.234,88.501,0.0,3B-HHR-E.MS.MRG.3IMERG.20260908-S183000-E190000.V07C.30min.tif
2026-09-08,19:00:00,19:29:59,2026-09-08T19:30:00+00:00,Rangpo,27.177,88.533,0.0,3B-HHR-E.MS.MRG.3IMERG.20260908-S190000-E193000.V07C.30min.tif
2026-09-08,19:00:00,19:29:59,2026-09-08T19:30:00+00:00,Singtam,27.234,88.501,0.0,3B-HHR-E.MS.MRG.3IMERG.20260908-S190000-E193000.V07C.30min.tif
2026-09-08,19:30:00,19:59:59,2026-09-08T20:00:00+00:00,Rangpo,27.177,88.533,0.0,3B-HHR-E.MS.MRG.3IMERG.20260908-S193000-E200000.V07C.30min.tif
2026-09-08,19:30:00,19:59:59,2026-09-08T20:00:00+00:00,Singtam,27.234,88.501,0.0,3B-HHR-E.MS.MRG.3IMERG.20260908-S193000-E200000.V07C.30min.tif
2026-09-08,20:00:00,20:29:59,2026-09-08T20:30:00+00:00,Rangpo,27.177,88.533,0.0,3B-HHR-E.MS.MRG.3IMERG.20260908-S200000-E203000.V07C.30min.tif
2026-09-08,20:00:00,20:29:59,2026-09-08T20:30:00+00:00,Singtam,27.234,88.501,0.0,3B-HHR-E.MS.MRG.3IMERG.20260908-S200000-E203000.V07C.30min.tif
2026-09-08,20:30:00,20:59:59,2026-09-08T21:00:00+00:00,Rangpo,27.177,88.533,0.0,3B-HHR-E.MS.MRG.3IMERG.20260908-S203000-E210000.V07C.30min.tif
2026-09-08,20:30:00,20:59:59,2026-09-08T21:00:00+00:00,Singtam,27.234,88.501,0.0,3B-HHR-E.MS.MRG.3IMERG.20260908-S203000-E210000.V07C.30min.tif
2026-09-08,21:00:00,21:29:59,2026-09-08T21:30:00+00:00,Rangpo,27.177,88.533,0.0,3B-HHR-E.MS.MRG.3IMERG.20260908-S210000-E213000.V07C.30min.tif
2026-09-08,21:00:00,21:29:59,2026-09-08T21:30:00+00:00,Singtam,27.234,88.501,0.0,3B-HHR-E.MS.MRG.3IMERG.20260908-S210000-E213000.V07C.30min.tif
2026-09-08,21:30:00,21:59:59,2026-09-08T22:00:00+00:00,Rangpo,27.177,88.533,0.0,3B-HHR-E.MS.MRG.3IMERG.20260908-S213000-E220000.V07C.30min.tif
2026-09-08,21:30:00,21:59:59,2026-09-08T22:00:00+00:00,Singtam,27.234,88.501,0.0,3B-HHR-E.MS.MRG.3IMERG.20260908-S213000-E220000.V07C.30min.tif
2026-09-08,22:00:00,22:29:59,2026-09-08T22:30:00+00:00,Rangpo,27.177,88.533,0.0,3B-HHR-E.MS.MRG.3IMERG.20260908-S220000-E223000.V07C.30min.tif
2026-09-08,22:00:00,22:29:59,2026-09-08T22:30:00+00:00,Singtam,27.234,88.501,0.0,3B-HHR-E.MS.MRG.3IMERG.20260908-S220000-E223000.V07C.30min.tif
2026-09-08,22:30:00,22:59:59,2026-09-08T23:00:00+00:00,Rangpo,27.177,88.533,0.0,3B-HHR-E.MS.MRG.3IMERG.20260908-S223000-E230000.V07C.30min.tif
2026-09-08,22:30:00,22:59:59,2026-09-08T23:00:00+00:00,Singtam,27.234,88.501,0.0,3B-HHR-E.MS.MRG.3IMERG.20260908-S223000-E230000.V07C.30min.tif
2026-09-08,23:00:00,23:29:59,2026-09-08T23:30:00+00:00,Rangpo,27.177,88.533,0.0,3B-HHR-E.MS.MRG.3IMERG.20260908-S230000-E233000.V07C.30min.tif
2026-09-08,23:00:00,23:29:59,2026-09-08T23:30:00+00:00,Singtam,27.234,88.501,0.0,3B-HHR-E.MS.MRG.3IMERG.20260908-S230000-E233000.V07C.30min.tif
2026-09-09,23:30:00,23:59:59,2026-09-09T00:00:00+00:00,Rangpo,27.177,88.533,0.0,3B-HHR-E.MS.MRG.3IMERG.20260909-S233000-E000000.V07C.30min.tif
2026-09-09,23:30:00,23:59:59,2026-09-09T00:00:00+00:00,Singtam,27.234,88.501,0.0,3B-HHR-E.MS.MRG.3IMERG.20260909-S233000-E000000.V07C.30min.tif
2026-09-09,00:00:00,00:29:59,2026-09-09T00:30:00+00:00,Rangpo,27.177,88.533,0.0,3B-HHR-E.MS.MRG.3IMERG.20260909-S000000-E003000.V07C.30min.tif
2026-09-09,00:00:00,00:29:59,2026-09-09T00:30:00+00:00,Singtam,27.234,88.501,0.0,3B-HHR-E.MS.MRG.3IMERG.20260909-S000000-E003000.V07C.30min.tif
2026-09-09,00:30:00,00:59:59,2026-09-09T01:00:00+00:00,Rangpo,27.177,88.533,0.0,3B-HHR-E.MS.MRG.3IMERG.20260909-S003000-E010000.V07C.30min.tif
2026-09-09,00:30:00,00:59:59,2026-09-09T01:00:00+00:00,Singtam,27.234,88.501,0.0,3B-HHR-E.MS.MRG.3IMERG.20260909-S003000-E010000.V07C.30min.tif
2026-09-09,01:00:00,01:29:59,2026-09-09T01:30:00+00:00,Rangpo,27.177,88.533,0.0,3B-HHR-E.MS.MRG.3IMERG.20260909-S010000-E013000.V07C.30min.tif
2026-09-09,01:00:00,01:29:59,2026-09-09T01:30:00+00:00,Singtam,27.234,88.501,0.0,3B-HHR-E.MS.MRG.3IMERG.20260909-S010000-E013000.V07C.30min.tif
2026-09-09,01:30:00,01:59:59,2026-09-09T02:00:00+00:00,Rangpo,27.177,88.533,0.0,3B-HHR-E.MS.MRG.3IMERG.20260909-S013000-E020000.V07C.30min.tif
2026-09-09,01:30:00,01:59:59,2026-09-09T02:00:00+00:00,Singtam,27.234,88.501,0.0,3B-HHR-E.MS.MRG.3IMERG.20260909-S013000-E020000.V07C.30min.tif
2026-09-09,02:00:00,02:29:59,2026-09-09T02:30:00+00:00,Rangpo,27.177,88.533,0.1,3B-HHR-E.MS.MRG.3IMERG.20260909-S020000-E023000.V07C.30min.tif
2026-09-09,02:00:00,02:29:59,2026-09-09T02:30:00+00:00,Singtam,27.234,88.501,0.0,3B-HHR-E.MS.MRG.3IMERG.20260909-S020000-E023000.V07C.30min.tif
2026-09-09,02:30:00,02:59:59,2026-09-09T03:00:00+00:00,Rangpo,27.177,88.533,0.1,3B-HHR-E.MS.MRG.3IMERG.20260909-S023000-E030000.V07C.30min.tif
2026-09-09,02:30:00,02:59:59,2026-09-09T03:00:00+00:00,Singtam,27.234,88.501,0.0,3B-HHR-E.MS.MRG.3IMERG.20260909-S023000-E030000.V07C.30min.tif
2026-09-09,03:00:00,03:29:59,2026-09-09T03:30:00+00:00,Rangpo,27.177,88.533,0.1,3B-HHR-E.MS.MRG.3IMERG.20260909-S030000-E033000.V07C.30min.tif
2026-09-09,03:00:00,03:29:59,2026-09-09T03:30:00+00:00,Singtam,27.234,88.501,0.0,3B-HHR-E.MS.MRG.3IMERG.20260909-S030000-E033000.V07C.30min.tif
2026-09-09,03:30:00,03:59:59,2026-09-09T04:00:00+00:00,Rangpo,27.177,88.533,0.1,3B-HHR-E.MS.MRG.3IMERG.20260909-S033000-E040000.V07C.30min.tif
2026-09-09,03:30:00,03:59:59,2026-09-09T04:00:00+00:00,Singtam,27.234,88.501,0.1,3B-HHR-E.MS.MRG.3IMERG.20260909-S033000-E040000.V07C.30min.tif
2026-09-09,04:00:00,04:29:59,2026-09-09T04:30:00+00:00,Rangpo,27.177,88.533,0.1,3B-HHR-E.MS.MRG.3IMERG.20260909-S040000-E043000.V07C.30min.tif
2026-09-09,04:00:00,04:29:59,2026-09-09T04:30:00+00:00,Singtam,27.234,88.501,0.1,3B-HHR-E.MS.MRG.3IMERG.20260909-S040000-E043000.V07C.30min.tif
2026-09-09,04:30:00,04:59:59,2026-09-09T05:00:00+00:00,Rangpo,27.177,88.533,0.1,3B-HHR-E.MS.MRG.3IMERG.20260909-S043000-E050000.V07C.30min.tif
2026-09-09,04:30:00,04:59:59,2026-09-09T05:00:00+00:00,Singtam,27.234,88.501,0.1,3B-HHR-E.MS.MRG.3IMERG.20260909-S043000-E050000.V07C.30min.tif
2026-09-09,05:00:00,05:29:59,2026-09-09T05:30:00+00:00,Rangpo,27.177,88.533,0.1,3B-HHR-E.MS.MRG.3IMERG.20260909-S050000-E053000.V07C.30min.tif
2026-09-09,05:00:00,05:29:59,2026-09-09T05:30:00+00:00,Singtam,27.234,88.501,0.1,3B-HHR-E.MS.MRG.3IMERG.20260909-S050000-E053000.V07C.30min.tif
2026-09-09,05:30:00,05:59:59,2026-09-09T06:00:00+00:00,Rangpo,27.177,88.533,0.1,3B-HHR-E.MS.MRG.3IMERG.20260909-S053000-E060000.V07C.30min.tif
2026-09-09,05:30:00,05:59:59,2026-09-09T06:00:00+00:00,Singtam,27.234,88.501,0.2,3B-HHR-E.MS.MRG.3IMERG.20260909-S053000-E060000.V07C.30min.tif
2026-09-09,06:00:00,06:29:59,2026-09-09T06:30:00+00:00,Rangpo,27.177,88.533,0.1,3B-HHR-E.MS.MRG.3IMERG.20260909-S060000-E063000.V07C.30min.tif
2026-09-09,06:00:00,06:29:59,2026-09-09T06:30:00+00:00,Singtam,27.234,88.501,0.2,3B-HHR-E.MS.MRG.3IMERG.20260909-S060000-E063000.V07C.30min.tif
2026-09-09,06:30:00,06:59:59,2026-09-09T07:00:00+00:00,Rangpo,27.177,88.533,0.2,3B-HHR-E.MS.MRG.3IMERG.20260909-S063000-E070000.V07C.30min.tif
2026-09-09,06:30:00,06:59:59,2026-09-09T07:00:00+00:00,Singtam,27.234,88.501,0.2,3B-HHR-E.MS.MRG.3IMERG.20260909-S063000-E070000.V07C.30min.tif
2026-09-09,07:00:00,07:29:59,2026-09-09T07:30:00+00:00,Rangpo,27.177,88.533,0.2,3B-HHR-E.MS.MRG.3IMERG.20260909-S070000-E073000.V07C.30min.tif
2026-09-09,07:00:00,07:29:59,2026-09-09T07:30:00+00:00,Singtam,27.234,88.501,0.2,3B-HHR-E.MS.MRG.3IMERG.20260909-S070000-E073000.V07C.30min.tif
2026-09-09,07:30:00,07:59:59,2026-09-09T08:00:00+00:00,Rangpo,27.177,88.533,0.2,3B-HHR-E.MS.MRG.3IMERG.20260909-S073000-E080000.V07C.30min.tif
2026-09-09,07:30:00,07:59:59,2026-09-09T08:00:00+00:00,Singtam,27.234,88.501,0.3,3B-HHR-E.MS.MRG.3IMERG.20260909-S073000-E080000.V07C.30min.tif
2026-09-09,08:00:00,08:29:59,2026-09-09T08:30:00+00:00,Rangpo,27.177,88.533,0.2,3B-HHR-E.MS.MRG.3IMERG.20260909-S080000-E083000.V07C.30min.tif
2026-09-09,08:00:00,08:29:59,2026-09-09T08:30:00+00:00,Singtam,27.234,88.501,0.3,3B-HHR-E.MS.MRG.3IMERG.20260909-S080000-E083000.V07C.30min.tif
2026-09-09,08:30:00,08:59:59,2026-09-09T09:00:00+00:00,Rangpo,27.177,88.533,0.2,3B-HHR-E.MS.MRG.3IMERG.20260909-S083000-E090000.V07C.30min.tif
2026-09-09,08:30:00,08:59:59,2026-09-09T09:00:00+00:00,Singtam,27.234,88.501,0.3,3B-HHR-E.MS.MRG.3IMERG.20260909-S083000-E090000.V07C.30min.tif
2026-09-09,09:00:00,09:29:59,2026-09-09T09:30:00+00:00,Rangpo,27.177,88.533,0.2,3B-HHR-E.MS.MRG.3IMERG.20260909-S090000-E093000.V07C.30min.tif
2026-09-09,09:00:00,09:29:59,2026-09-09T09:30:00+00:00,Singtam,27.234,88.501,0.3,3B-HHR-E.MS.MRG.3IMERG.20260909-S090000-E093000.V07C.30min.tif
2026-09-09,09:30:00,09:59:59,2026-09-09T10:00:00+00:00,Rangpo,27.177,88.533,0.5,3B-HHR-E.MS.MRG.3IMERG.20260909-S093000-E100000.V07C.30min.tif
2026-09-09,09:30:00,09:59:59,2026-09-09T10:00:00+00:00,Singtam,27.234,88.501,0.6,3B-HHR-E.MS.MRG.3IMERG.20260909-S093000-E100000.V07C.30min.tif
2026-09-09,10:00:00,10:29:59,2026-09-09T10:30:00+00:00,Rangpo,27.177,88.533,0.5,3B-HHR-E.MS.MRG.3IMERG.20260909-S100000-E103000.V07C.30min.tif
2026-09-09,10:00:00,10:29:59,2026-09-09T10:30:00+00:00,Singtam,27.234,88.501,0.6,3B-HHR-E.MS.MRG.3IMERG.20260909-S100000-E103000.V07C.30min.tif
2026-09-09,10:30:00,10:59:59,2026-09-09T11:00:00+00:00,Rangpo,27.177,88.533,0.5,3B-HHR-E.MS.MRG.3IMERG.20260909-S103000-E110000.V07C.30min.tif
2026-09-09,10:30:00,10:59:59,2026-09-09T11:00:00+00:00,Singtam,27.234,88.501,0.6,3B-HHR-E.MS.MRG.3IMERG.20260909-S103000-E110000.V07C.30min.tif
2026-09-09,11:00:00,11:29:59,2026-09-09T11:30:00+00:00,Rangpo,27.177,88.533,0.5,3B-HHR-E.MS.MRG.3IMERG.20260909-S110000-E113000.V07C.30min.tif
2026-09-09,11:00:00,11:29:59,2026-09-09T11:30:00+00:00,Singtam,27.234,88.501,0.6,3B-HHR-E.MS.MRG.3IMERG.20260909-S110000-E113000.V07C.30min.tif
2026-09-09,11:30:00,11:59:59,2026-09-09T12:00:00+00:00,Rangpo,27.177,88.533,0.5,3B-HHR-E.MS.MRG.3IMERG.20260909-S113000-E120000.V07C.30min.tif
2026-09-09,11:30:00,11:59:59,2026-09-09T12:00:00+00:00,Singtam,27.234,88.501,0.6,3B-HHR-E.MS.MRG.3IMERG.20260909-S113000-E120000.V07C.30min.tif
2026-09-09,12:00:00,12:29:59,2026-09-09T12:30:00+00:00,Rangpo,27.177,88.533,0.5,3B-HHR-E.MS.MRG.3IMERG.20260909-S120000-E123000.V07C.30min.tif
2026-09-09,12:00:00,12:29:59,2026-09-09T12:30:00+00:00,Singtam,27.234,88.501,0.6,3B-HHR-E.MS.MRG.3IMERG.20260909-S120000-E123000.V07C.30min.tif
2026-09-09,12:30:00,12:59:59,2026-09-09T13:00:00+00:00,Rangpo,27.177,88.533,0.5,3B-HHR-E.MS.MRG.3IMERG.20260909-S123000-E130000.V07C.30min.tif
2026-09-09,12:30:00,12:59:59,2026-09-09T13:00:00+00:00,Singtam,27.234,88.501,0.6,3B-HHR-E.MS.MRG.3IMERG.20260909-S123000-E130000.V07C.30min.tif
2026-09-09,13:00:00,13:29:59,2026-09-09T13:30:00+00:00,Rangpo,27.177,88.533,0.5,3B-HHR-E.MS.MRG.3IMERG.20260909-S130000-E133000.V07C.30min.tif
2026-09-09,13:00:00,13:29:59,2026-09-09T13:30:00+00:00,Singtam,27.234,88.501,0.6,3B-HHR-E.MS.MRG.3IMERG.20260909-S130000-E133000.V07C.30min.tif
2026-09-09,13:30:00,13:59:59,2026-09-09T14:00:00+00:00,Rangpo,27.177,88.533,0.5,3B-HHR-E.MS.MRG.3IMERG.20260909-S133000-E140000.V07C.30min.tif
2026-09-09,13:30:00,13:59:59,2026-09-09T14:00:00+00:00,Singtam,27.234,88.501,0.5,3B-HHR-E.MS.MRG.3IMERG.20260909-S133000-E140000.V07C.30min.tif
2026-09-09,14:00:00,14:29:59,2026-09-09T14:30:00+00:00,Rangpo,27.177,88.533,0.5,3B-HHR-E.MS.MRG.3IMERG.20260909-S140000-E143000.V07C.30min.tif
2026-09-09,14:00:00,14:29:59,2026-09-09T14:30:00+00:00,Singtam,27.234,88.501,0.5,3B-HHR-E.MS.MRG.3IMERG.20260909-S140000-E143000.V07C.30min.tif
2026-09-09,14:30:00,14:59:59,2026-09-09T15:00:00+00:00,Rangpo,27.177,88.533,0.5,3B-HHR-E.MS.MRG.3IMERG.20260909-S143000-E150000.V07C.30min.tif
2026-09-09,14:30:00,14:59:59,2026-09-09T15:00:00+00:00,Singtam,27.234,88.501,0.5,3B-HHR-E.MS.MRG.3IMERG.20260909-S143000-E150000.V07C.30min.tif
2026-09-09,15:00:00,15:29:59,2026-09-09T15:30:00+00:00,Rangpo,27.177,88.533,0.4,3B-HHR-E.MS.MRG.3IMERG.20260909-S150000-E153000.V07C.30min.tif
2026-09-09,15:00:00,15:29:59,2026-09-09T15:30:00+00:00,Singtam,27.234,88.501,0.5,3B-HHR-E.MS.MRG.3IMERG.20260909-S150000-E153000.V07C.30min.tif
2026-09-09,15:30:00,15:59:59,2026-09-09T16:00:00+00:00,Rangpo,27.177,88.533,0.4,3B-HHR-E.MS.MRG.3IMERG.20260909-S153000-E160000.V07C.30min.tif
2026-09-09,15:30:00,15:59:59,2026-09-09T16:00:00+00:00,Singtam,27.234,88.501,0.5,3B-HHR-E.MS.MRG.3IMERG.20260909-S153000-E160000.V07C.30min.tif
2026-09-09,16:00:00,16:29:59,2026-09-09T16:30:00+00:00,Rangpo,27.177,88.533,0.4,3B-HHR-E.MS.MRG.3IMERG.20260909-S160000-E163000.V07C.30min.tif
2026-09-09,16:00:00,16:29:59,2026-09-09T16:30:00+00:00,Singtam,27.234,88.501,0.4,3B-HHR-E.MS.MRG.3IMERG.20260909-S160000-E163000.V07C.30min.tif
2026-09-09,16:30:00,16:59:59,2026-09-09T17:00:00+00:00,Rangpo,27.177,88.533,0.4,3B-HHR-E.MS.MRG.3IMERG.20260909-S163000-E170000.V07C.30min.tif
2026-09-09,16:30:00,16:59:59,2026-09-09T17:00:00+00:00,Singtam,27.234,88.501,0.4,3B-HHR-E.MS.MRG.3IMERG.20260909-S163000-E170000.V07C.30min.tif
2026-09-09,17:00:00,17:29:59,2026-09-09T17:30:00+00:00,Rangpo,27.177,88.533,0.4,3B-HHR-E.MS.MRG.3IMERG.20260909-S170000-E173000.V07C.30min.tif
2026-09-09,17:00:00,17:29:59,2026-09-09T17:30:00+00:00,Singtam,27.234,88.501,0.4,3B-HHR-E.MS.MRG.3IMERG.20260909-S170000-E173000.V07C.30min.tif
2026-09-09,17:30:00,17:59:59,2026-09-09T18:00:00+00:00,Rangpo,27.177,88.533,0.4,3B-HHR-E.MS.MRG.3IMERG.20260909-S173000-E180000.V07C.30min.tif
2026-09-09,17:30:00,17:59:59,2026-09-09T18:00:00+00:00,Singtam,27.234,88.501,0.4,3B-HHR-E.MS.MRG.3IMERG.20260909-S173000-E180000.V07C.30min.tif
2026-09-09,18:00:00,18:29:59,2026-09-09T18:30:00+00:00,Rangpo,27.177,88.533,0.4,3B-HHR-E.MS.MRG.3IMERG.20260909-S180000-E183000.V07C.30min.tif
2026-09-09,18:00:00,18:29:59,2026-09-09T18:30:00+00:00,Singtam,27.234,88.501,0.3,3B-HHR-E.MS.MRG.3IMERG.20260909-S180000-E183000.V07C.30min.tif
2026-09-09,18:30:00,18:59:59,2026-09-09T19:00:00+00:00,Rangpo,27.177,88.533,0.1,3B-HHR-E.MS.MRG.3IMERG.20260909-S183000-E190000.V07C.30min.tif
2026-09-09,18:30:00,18:59:59,2026-09-09T19:00:00+00:00,Singtam,27.234,88.501,0.0,3B-HHR-E.MS.MRG.3IMERG.20260909-S183000-E190000.V07C.30min.tif
2026-09-09,19:00:00,19:29:59,2026-09-09T19:30:00+00:00,Rangpo,27.177,88.533,0.0,3B-HHR-E.MS.MRG.3IMERG.20260909-S190000-E193000.V07C.30min.tif
2026-09-09,19:00:00,19:29:59,2026-09-09T19:30:00+00:00,Singtam,27.234,88.501,0.0,3B-HHR-E.MS.MRG.3IMERG.20260909-S190000-E193000.V07C.30min.tif
2026-09-09,19:30:00,19:59:59,2026-09-09T20:00:00+00:00,Rangpo,27.177,88.533,0.0,3B-HHR-E.MS.MRG.3IMERG.20260909-S193000-E200000.V07C.30min.tif
2026-09-09,19:30:00,19:59:59,2026-09-09T20:00:00+00:00,Singtam,27.234,88.501,0.0,3B-HHR-E.MS.MRG.3IMERG.20260909-S193000-E200000.V07C.30min.tif
2026-09-09,20:00:00,20:29:59,2026-09-09T20:30:00+00:00,Rangpo,27.177,88.533,0.0,3B-HHR-E.MS.MRG.3IMERG.20260909-S200000-E203000.V07C.30min.tif
2026-09-09,20:00:00,20:29:59,2026-09-09T20:30:00+00:00,Singtam,27.234,88.501,0.0,3B-HHR-E.MS.MRG.3IMERG.20260909-S200000-E203000.V07C.30min.tif
2026-09-09,20:30:00,20:59:59,2026-09-09T21:00:00+00:00,Rangpo,27.177,88.533,0.0,3B-HHR-E.MS.MRG.3IMERG.20260909-S203000-E210000.V07C.30min.tif
2026-09-09,20:30:00,20:59:59,2026-09-09T21:00:00+00:00,Singtam,27.234,88.501,0.0,3B-HHR-E.MS.MRG.3IMERG.20260909-S203000-E210000.V07C.30min.tif
2026-09-09,21:00:00,21:29:59,2026-09-09T21:30:00+00:00,Rangpo,27.177,88.533,0.0,3B-HHR-E.MS.MRG.3IMERG.20260909-S210000-E213000.V07C.30min.tif
2026-09-09,21:00:00,21:29:59,2026-09-09T21:30:00+00:00,Singtam,27.234,88.501,0.0,3B-HHR-E.MS.MRG.3IMERG.20260909-S210000-E213000.V07C.30min.tif
2026-09-09,21:30:00,21:59:59,2026-09-09T22:00:00+00:00,Rangpo,27.177,88.533,0.0,3B-HHR-E.MS.MRG.3IMERG.20260909-S213000-E220000.V07C.30min.tif
2026-09-09,21:30:00,21:59:59,2026-09-09T22:00:00+00:00,Singtam,27.234,88.501,0.0,3B-HHR-E.MS.MRG.3IMERG.20260909-S213000-E220000.V07C.30min.tif
2026-09-09,22:00:00,22:29:59,2026-09-09T22:30:00+00:00,Rangpo,27.177,88.533,0.0,3B-HHR-E.MS.MRG.3IMERG.20260909-S220000-E223000.V07C.30min.tif
2026-09-09,22:00:00,22:29:59,2026-09-09T22:30:00+00:00,Singtam,27.234,88.501,0.0,3B-HHR-E.MS.MRG.3IMERG.20260909-S220000-E223000.V07C.30min.tif
2026-09-09,22:30:00,22:59:59,2026-09-09T23:00:00+00:00,Rangpo,27.177,88.533,0.0,3B-HHR-E.MS.MRG.3IMERG.20260909-S223000-E230000.V07C.30min.tif
2026-09-09,22:30:00,22:59:59,2026-09-09T23:00:00+00:00,Singtam,27.234,88.501,0.0,3B-HHR-E.MS.MRG.3IMERG.20260909-S223000-E230000.V07C.30min.tif
2026-09-09,23:00:00,23:29:59,2026-09-09T23:30:00+00:00,Rangpo,27.177,88.533,0.0,3B-HHR-E.MS.MRG.3IMERG.20260909-S230000-E233000.V07C.30min.tif
2026-09-09,23:00:00,23:29:59,2026-09-09T23:30:00+00:00,Singtam,27.234,88.501,0.0,3B-HHR-E.MS.MRG.3IMERG.20260909-S230000-E233000.V07C.30min.tif
2026-09-10,23:30:00,23:59:59,2026-09-10T00:00:00+00:00,Rangpo,27.177,88.533,0.0,3B-HHR-E.MS.MRG.3IMERG.20260910-S233000-E000000.V07C.30min.tif
2026-09-10,23:30:00,23:59:59,2026-09-10T00:00:00+00:00,Singtam,27.234,88.501,0.0,3B-HHR-E.MS.MRG.3IMERG.20260910-S233000-E000000.V07C.30min.tif
2026-09-10,00:00:00,00:29:59,2026-09-10T00:30:00+00:00,Rangpo,27.177,88.533,0.0,3B-HHR-E.MS.MRG.3IMERG.20260910-S000000-E003000.V07C.30min.tif
2026-09-10,00:00:00,00:29:59,2026-09-10T00:30:00+00:00,Singtam,27.234,88.501,0.0,3B-HHR-E.MS.MRG.3IMERG.20260910-S000000-E003000.V07C.30min.tif
2026-09-10,00:30:00,00:59:59,2026-09-10T01:00:00+00:00,Rangpo,27.177,88.533,0.0,3B-HHR-E.MS.MRG.3IMERG.20260910-S003000-E010000.V07C.30min.tif
2026-09-10,00:30:00,00:59:59,2026-09-10T01:00:00+00:00,Singtam,27.234,88.501,0.0,3B-HHR-E.MS.MRG.3IMERG.20260910-S003000-E010000.V07C.30min.tif
2026-09-10,01:00:00,01:29:59,2026-09-10T01:30:00+00:00,Rangpo,27.177,88.533,0.0,3B-HHR-E.MS.MRG.3IMERG.20260910-S010000-E013000.V07C.30min.tif
2026-09-10,01:00:00,01:29:59,2026-09-10T01:30:00+00:00,Singtam,27.234,88.501,0.0,3B-HHR-E.MS.MRG.3IMERG.20260910-S010000-E013000.V07C.30min.tif
2026-09-10,01:30:00,01:59:59,2026-09-10T02:00:00+00:00,Rangpo,27.177,88.533,0.0,3B-HHR-E.MS.MRG.3IMERG.20260910-S013000-E020000.V07C.30min.tif
2026-09-10,01:30:00,01:59:59,2026-09-10T02:00:00+00:00,Singtam,27.234,88.501,0.0,3B-HHR-E.MS.MRG.3IMERG.20260910-S013000-E020000.V07C.30min.tif
2026-09-10,02:00:00,02:29:59,2026-09-10T02:30:00+00:00,Rangpo,27.177,88.533,0.0,3B-HHR-E.MS.MRG.3IMERG.20260910-S020000-E023000.V07C.30min.tif
2026-09-10,02:00:00,02:29:59,2026-09-10T02:30:00+00:00,Singtam,27.234,88.501,0.0,3B-HHR-E.MS.MRG.3IMERG.20260910-S020000-E023000.V07C.30min.tif
2026-09-10,02:30:00,02:59:59,2026-09-10T03:00:00+00:00,Rangpo,27.177,88.533,0.0,3B-HHR-E.MS.MRG.3IMERG.20260910-S023000-E030000.V07C.30min.tif
2026-09-10,02:30:00,02:59:59,2026-09-10T03:00:00+00:00,Singtam,27.234,88.501,0.0,3B-HHR-E.MS.MRG.3IMERG.20260910-S023000-E030000.V07C.30min.tif
2026-09-10,03:00:00,03:29:59,2026-09-10T03:30:00+00:00,Rangpo,27.177,88.533,0.0,3B-HHR-E.MS.MRG.3IMERG.20260910-S030000-E033000.V07C.30min.tif
2026-09-10,03:00:00,03:29:59,2026-09-10T03:30:00+00:00,Singtam,27.234,88.501,0.0,3B-HHR-E.MS.MRG.3IMERG.20260910-S030000-E033000.V07C.30min.tif
2026-09-10,03:30:00,03:59:59,2026-09-10T04:00:00+00:00,Rangpo,27.177,88.533,0.1,3B-HHR-E.MS.MRG.3IMERG.20260910-S033000-E040000.V07C.30min.tif
2026-09-10,03:30:00,03:59:59,2026-09-10T04:00:00+00:00,Singtam,27.234,88.501,0.0,3B-HHR-E.MS.MRG.3IMERG.20260910-S033000-E040000.V07C.30min.tif
2026-09-10,04:00:00,04:29:59,2026-09-10T04:30:00+00:00,Rangpo,27.177,88.533,0.1,3B-HHR-E.MS.MRG.3IMERG.20260910-S040000-E043000.V07C.30min.tif
2026-09-10,04:00:00,04:29:59,2026-09-10T04:30:00+00:00,Singtam,27.234,88.501,0.0,3B-HHR-E.MS.MRG.3IMERG.20260910-S040000-E043000.V07C.30min.tif
2026-09-10,04:30:00,04:59:59,2026-09-10T05:00:00+00:00,Rangpo,27.177,88.533,0.1,3B-HHR-E.MS.MRG.3IMERG.20260910-S043000-E050000.V07C.30min.tif
2026-09-10,04:30:00,04:59:59,2026-09-10T05:00:00+00:00,Singtam,27.234,88.501,0.1,3B-HHR-E.MS.MRG.3IMERG.20260910-S043000-E050000.V07C.30min.tif
2026-09-10,05:00:00,05:29:59,2026-09-10T05:30:00+00:00,Rangpo,27.177,88.533,0.1,3B-HHR-E.MS.MRG.3IMERG.20260910-S050000-E053000.V07C.30min.tif
2026-09-10,05:00:00,05:29:59,2026-09-10T05:30:00+00:00,Singtam,27.234,88.501,0.1,3B-HHR-E.MS.MRG.3IMERG.20260910-S050000-E053000.V07C.30min.tif
2026-09-10,05:30:00,05:59:59,2026-09-10T06:00:00+00:00,Rangpo,27.177,88.533,0.1,3B-HHR-E.MS.MRG.3IMERG.20260910-S053000-E060000.V07C.30min.tif
2026-09-10,05:30:00,05:59:59,2026-09-10T06:00:00+00:00,Singtam,27.234,88.501,0.1,3B-HHR-E.MS.MRG.3IMERG.20260910-S053000-E060000.V07C.30min.tif
2026-09-10,06:00:00,06:29:59,2026-09-10T06:30:00+00:00,Rangpo,27.177,88.533,0.1,3B-HHR-E.MS.MRG.3IMERG.20260910-S060000-E063000.V07C.30min.tif
2026-09-10,06:00:00,06:29:59,2026-09-10T06:30:00+00:00,Singtam,27.234,88.501,0.1,3B-HHR-E.MS.MRG.3IMERG.20260910-S060000-E063000.V07C.30min.tif
2026-09-10,06:30:00,06:59:59,2026-09-10T07:00:00+00:00,Rangpo,27.177,88.533,0.1,3B-HHR-E.MS.MRG.3IMERG.20260910-S063000-E070000.V07C.30min.tif
2026-09-10,06:30:00,06:59:59,2026-09-10T07:00:00+00:00,Singtam,27.234,88.501,0.2,3B-HHR-E.MS.MRG.3IMERG.20260910-S063000-E070000.V07C.30min.tif
2026-09-10,07:00:00,07:29:59,2026-09-10T07:30:00+00:00,Rangpo,27.177,88.533,0.1,3B-HHR-E.MS.MRG.3IMERG.20260910-S070000-E073000.V07C.30min.tif
2026-09-10,07:00:00,07:29:59,2026-09-10T07:30:00+00:00,Singtam,27.234,88.501,0.2,3B-HHR-E.MS.MRG.3IMERG.20260910-S070000-E073000.V07C.30min.tif
2026-09-10,07:30:00,07:59:59,2026-09-10T08:00:00+00:00,Rangpo,27.177,88.533,0.2,3B-HHR-E.MS.MRG.3IMERG.20260910-S073000-E080000.V07C.30min.tif
2026-09-10,07:30:00,07:59:59,2026-09-10T08:00:00+00:00,Singtam,27.234,88.501,0.2,3B-HHR-E.MS.MRG.3IMERG.20260910-S073000-E080000.V07C.30min.tif
2026-09-10,08:00:00,08:29:59,2026-09-10T08:30:00+00:00,Rangpo,27.177,88.533,0.2,3B-HHR-E.MS.MRG.3IMERG.20260910-S080000-E083000.V07C.30min.tif
2026-09-10,08:00:00,08:29:59,2026-09-10T08:30:00+00:00,Singtam,27.234,88.501,0.2,3B-HHR-E.MS.MRG.3IMERG.20260910-S080000-E083000.V07C.30min.tif
2026-09-10,08:30:00,08:59:59,2026-09-10T09:00:00+00:00,Rangpo,27.177,88.533,0.2,3B-HHR-E.MS.MRG.3IMERG.20260910-S083000-E090000.V07C.30min.tif
2026-09-10,08:30:00,08:59:59,2026-09-10T09:00:00+00:00,Singtam,27.234,88.501,0.2,3B-HHR-E.MS.MRG.3IMERG.20260910-S083000-E090000.V07C.30min.tif
2026-09-10,09:00:00,09:29:59,2026-09-10T09:30:00+00:00,Rangpo,27.177,88.533,0.2,3B-HHR-E.MS.MRG.3IMERG.20260910-S090000-E093000.V07C.30min.tif
2026-09-10,09:00:00,09:29:59,2026-09-10T09:30:00+00:00,Singtam,27.234,88.501,0.3,3B-HHR-E.MS.MRG.3IMERG.20260910-S090000-E093000.V07C.30min.tif
2026-09-10,09:30:00,09:59:59,2026-09-10T10:00:00+00:00,Rangpo,27.177,88.533,0.5,3B-HHR-E.MS.MRG.3IMERG.20260910-S093000-E100000.V07C.30min.tif
2026-09-10,09:30:00,09:59:59,2026-09-10T10:00:00+00:00,Singtam,27.234,88.501,0.6,3B-HHR-E.MS.MRG.3IMERG.20260910-S093000-E100000.V07C.30min.tif
2026-09-10,10:00:00,10:29:59,2026-09-10T10:30:00+00:00,Rangpo,27.177,88.533,0.5,3B-HHR-E.MS.MRG.3IMERG.20260910-S100000-E103000.V07C.30min.tif
2026-09-10,10:00:00,10:29:59,2026-09-10T10:30:00+00:00,Singtam,27.234,88.501,0.6,3B-HHR-E.MS.MRG.3IMERG.20260910-S100000-E103000.V07C.30min.tif
2026-09-10,10:30:00,10:59:59,2026-09-10T11:00:00+00:00,Rangpo,27.177,88.533,0.5,3B-HHR-E.MS.MRG.3IMERG.20260910-S103000-E110000.V07C.30min.tif
2026-09-10,10:30:00,10:59:59,2026-09-10T11:00:00+00:00,Singtam,27.234,88.501,0.6,3B-HHR-E.MS.MRG.3IMERG.20260910-S103000-E110000.V07C.30min.tif
2026-09-10,11:00:00,11:29:59,2026-09-10T11:30:00+00:00,Rangpo,27.177,88.533,0.5,3B-HHR-E.MS.MRG.3IMERG.20260910-S110000-E113000.V07C.30min.tif
2026-09-10,11:00:00,11:29:59,2026-09-10T11:30:00+00:00,Singtam,27.234,88.501,0.6,3B-HHR-E.MS.MRG.3IMERG.20260910-S110000-E113000.V07C.30min.tif
2026-09-10,11:30:00,11:59:59,2026-09-10T12:00:00+00:00,Rangpo,27.177,88.533,0.5,3B-HHR-E.MS.MRG.3IMERG.20260910-S113000-E120000.V07C.30min.tif
2026-09-10,11:30:00,11:59:59,2026-09-10T12:00:00+00:00,Singtam,27.234,88.501,0.6,3B-HHR-E.MS.MRG.3IMERG.20260910-S113000-E120000.V07C.30min.tif
2026-09-10,12:00:00,12:29:59,2026-09-10T12:30:00+00:00,Rangpo,27.177,88.533,0.5,3B-HHR-E.MS.MRG.3IMERG.20260910-S120000-E123000.V07C.30min.tif
2026-09-10,12:00:00,12:29:59,2026-09-10T12:30:00+00:00,Singtam,27.234,88.501,0.6,3B-HHR-E.MS.MRG.3IMERG.20260910-S120000-E123000.V07C.30min.tif
2026-09-10,12:30:00,12:59:59,2026-09-10T13:00:00+00:00,Rangpo,27.177,88.533,0.5,3B-HHR-E.MS.MRG.3IMERG.20260910-S123000-E130000.V07C.30min.tif
2026-09-10,12:30:00,12:59:59,2026-09-10T13:00:00+00:00,Singtam,27.234,88.501,0.6,3B-HHR-E.MS.MRG.3IMERG.20260910-S123000-E130000.V07C.30min.tif
2026-09-10,13:00:00,13:29:59,2026-09-10T13:30:00+00:00,Rangpo,27.177,88.533,0.5,3B-HHR-E.MS.MRG.3IMERG.20260910-S130000-E133000.V07C.30min.tif
2026-09-10,13:00:00,13:29:59,2026-09-10T13:30:00+00:00,Singtam,27.234,88.501,0.6,3B-HHR-E.MS.MRG.3IMERG.20260910-S130000-E133000.V07C.30min.tif
2026-09-10,13:30:00,13:59:59,2026-09-10T14:00:00+00:00,Rangpo,27.177,88.533,0.5,3B-HHR-E.MS.MRG.3IMERG.20260910-S133000-E140000.V07C.30min.tif
2026-09-10,13:30:00,13:59:59,2026-09-10T14:00:00+00:00,Singtam,27.234,88.501,0.6,3B-HHR-E.MS.MRG.3IMERG.20260910-S133000-E140000.V07C.30min.tif
2026-09-10,14:00:00,14:29:59,2026-09-10T14:30:00+00:00,Rangpo,27.177,88.533,0.5,3B-HHR-E.MS.MRG.3IMERG.20260910-S140000-E143000.V07C.30min.tif
2026-09-10,14:00:00,14:29:59,2026-09-10T14:30:00+00:00,Singtam,27.234,88.501,0.6,3B-HHR-E.MS.MRG.3IMERG.20260910-S140000-E143000.V07C.30min.tif
2026-09-10,14:30:00,14:59:59,2026-09-10T15:00:00+00:00,Rangpo,27.177,88.533,0.5,3B-HHR-E.MS.MRG.3IMERG.20260910-S143000-E150000.V07C.30min.tif
2026-09-10,14:30:00,14:59:59,2026-09-10T15:00:00+00:00,Singtam,27.234,88.501,0.5,3B-HHR-E.MS.MRG.3IMERG.20260910-S143000-E150000.V07C.30min.tif
2026-09-10,15:00:00,15:29:59,2026-09-10T15:30:00+00:00,Rangpo,27.177,88.533,0.5,3B-HHR-E.MS.MRG.3IMERG.20260910-S150000-E153000.V07C.30min.tif
2026-09-10,15:00:00,15:29:59,2026-09-10T15:30:00+00:00,Singtam,27.234,88.501,0.5,3B-HHR-E.MS.MRG.3IMERG.20260910-S150000-E153000.V07C.30min.tif
2026-09-10,15:30:00,15:59:59,2026-09-10T16:00:00+00:00,Rangpo,27.177,88.533,0.5,3B-HHR-E.MS.MRG.3IMERG.20260910-S153000-E160000.V07C.30min.tif
2026-09-10,15:30:00,15:59:59,2026-09-10T16:00:00+00:00,Singtam,27.234,88.501,0.5,3B-HHR-E.MS.MRG.3IMERG.20260910-S153000-E160000.V07C.30min.tif
2026-09-10,16:00:00,16:29:59,2026-09-10T16:30:00+00:00,Rangpo,27.177,88.533,0.4,3B-HHR-E.MS.MRG.3IMERG.20260910-S160000-E163000.V07C.30min.tif
2026-09-10,16:00:00,16:29:59,2026-09-10T16:30:00+00:00,Singtam,27.234,88.501,0.5,3B-HHR-E.MS.MRG.3IMERG.20260910-S160000-E163000.V07C.30min.tif
2026-09-10,16:30:00,16:59:59,2026-09-10T17:00:00+00:00,Rangpo,27.177,88.533,0.4,3B-HHR-E.MS.MRG.3IMERG.20260910-S163000-E170000.V07C.30min.tif
2026-09-10,16:30:00,16:59:59,2026-09-10T17:00:00+00:00,Singtam,27.234,88.501,0.5,3B-HHR-E.MS.MRG.3IMERG.20260910-S163000-E170000.V07C.30min.tif
2026-09-10,17:00:00,17:29:59,2026-09-10T17:30:00+00:00,Rangpo,27.177,88.533,0.4,3B-HHR-E.MS.MRG.3IMERG.20260910-S170000-E173000.V07C.30min.tif
2026-09-10,17:00:00,17:29:59,2026-09-10T17:30:00+00:00,Singtam,27.234,88.501,0.4,3B-HHR-E.MS.MRG.3IMERG.20260910-S170000-E173000.V07C.30min.tif
2026-09-10,17:30:00,17:59:59,2026-09-10T18:00:00+00:00,Rangpo,27.177,88.533,0.4,3B-HHR-E.MS.MRG.3IMERG.20260910-S173000-E180000.V07C.30min.tif
2026-09-10,17:30:00,17:59:59,2026-09-10T18:00:00+00:00,Singtam,27.234,88.501,0.4,3B-HHR-E.MS.MRG.3IMERG.20260910-S173000-E180000.V07C.30min.tif
2026-09-10,18:00:00,18:29:59,2026-09-10T18:30:00+00:00,Rangpo,27.177,88.533,0.4,3B-HHR-E.MS.MRG.3IMERG.20260910-S180000-E183000.V07C.30min.tif
2026-09-10,18:00:00,18:29:59,2026-09-10T18:30:00+00:00,Singtam,27.234,88.501,0.4,3B-HHR-E.MS.MRG.3IMERG.20260910-S180000-E183000.V07C.30min.tif
2026-09-10,18:30:00,18:59:59,2026-09-10T19:00:00+00:00,Rangpo,27.177,88.533,0.1,3B-HHR-E.MS.MRG.3IMERG.20260910-S183000-E190000.V07C.30min.tif
2026-09-10,18:30:00,18:59:59,2026-09-10T19:00:00+00:00,Singtam,27.234,88.501,0.1,3B-HHR-E.MS.MRG.3IMERG.20260910-S183000-E190000.V07C.30min.tif
2026-09-10,19:00:00,19:29:59,2026-09-10T19:30:00+00:00,Rangpo,27.177,88.533,0.1,3B-HHR-E.MS.MRG.3IMERG.20260910-S190000-E193000.V07C.30min.tif
2026-09-10,19:00:00,19:29:59,2026-09-10T19:30:00+00:00,Singtam,27.234,88.501,0.0,3B-HHR-E.MS.MRG.3IMERG.20260910-S190000-E193000.V07C.30min.tif
2026-09-10,19:30:00,19:59:59,2026-09-10T20:00:00+00:00,Rangpo,27.177,88.533,0.1,3B-HHR-E.MS.MRG.3IMERG.20260910-S193000-E200000.V07C.30min.tif
2026-09-10,19:30:00,19:59:59,2026-09-10T20:00:00+00:00,Singtam,27.234,88.501,0.0,3B-HHR-E.MS.MRG.3IMERG.20260910-S193000-E200000.V07C.30min.tif
2026-09-10,20:00:00,20:29:59,2026-09-10T20:30:00+00:00,Rangpo,27.177,88.533,0.0,3B-HHR-E.MS.MRG.3IMERG.20260910-S200000-E203000.V07C.30min.tif
2026-09-10,20:00:00,20:29:59,2026-09-10T20:30:00+00:00,Singtam,27.234,88.501,0.0,3B-HHR-E.MS.MRG.3IMERG.20260910-S200000-E203000.V07C.30min.tif
2026-09-10,20:30:00,20:59:59,2026-09-10T21:00:00+00:00,Rangpo,27.177,88.533,0.0,3B-HHR-E.MS.MRG.3IMERG.20260910-S203000-E210000.V07C.30min.tif
2026-09-10,20:30:00,20:59:59,2026-09-10T21:00:00+00:00,Singtam,27.234,88.501,0.0,3B-HHR-E.MS.MRG.3IMERG.20260910-S203000-E210000.V07C.30min.tif
2026-09-10,21:00:00,21:29:59,2026-09-10T21:30:00+00:00,Rangpo,27.177,88.533,0.0,3B-HHR-E.MS.MRG.3IMERG.20260910-S210000-E213000.V07C.30min.tif
2026-09-10,21:00:00,21:29:59,2026-09-10T21:30:00+00:00,Singtam,27.234,88.501,0.0,3B-HHR-E.MS.MRG.3IMERG.20260910-S210000-E213000.V07C.30min.tif
2026-09-10,21:30:00,21:59:59,2026-09-10T22:00:00+00:00,Rangpo,27.177,88.533,0.0,3B-HHR-E.MS.MRG.3IMERG.20260910-S213000-E220000.V07C.30min.tif
2026-09-10,21:30:00,21:59:59,2026-09-10T22:00:00+00:00,Singtam,27.234,88.501,0.0,3B-HHR-E.MS.MRG.3IMERG.20260910-S213000-E220000.V07C.30min.tif
2026-09-10,22:00:00,22:29:59,2026-09-10T22:30:00+00:00,Rangpo,27.177,88.533,0.0,3B-HHR-E.MS.MRG.3IMERG.20260910-S220000-E223000.V07C.30min.tif
2026-09-10,22:00:00,22:29:59,2026-09-10T22:30:00+00:00,Singtam,27.234,88.501,0.0,3B-HHR-E.MS.MRG.3IMERG.20260910-S220000-E223000.V07C.30min.tif
2026-09-10,22:30:00,22:59:59,2026-09-10T23:00:00+00:00,Rangpo,27.177,88.533,0.0,3B-HHR-E.MS.MRG.3IMERG.20260910-S223000-E230000.V07C.30min.tif
2026-09-10,22:30:00,22:59:59,2026-09-10T23:00:00+00:00,Singtam,27.234,88.501,0.0,3B-HHR-E.MS.MRG.3IMERG.20260910-S223000-E230000.V07C.30min.tif
2026-09-10,23:00:00,23:29:59,2026-09-10T23:30:00+00:00,Rangpo,27.177,88.533,0.0,3B-HHR-E.MS.MRG.3IMERG.20260910-S230000-E233000.V07C.30min.tif
2026-09-10,23:00:00,23:29:59,2026-09-10T23:30:00+00:00,Singtam,27.234,88.501,0.0,3B-HHR-E.MS.MRG.3IMERG.20260910-S230000-E233000.V07C.30min.tif
2026-09-11,23:30:00,23:59:59,2026-09-11T00:00:00+00:00,Rangpo,27.177,88.533,0.0,3B-HHR-E.MS.MRG.3IMERG.20260911-S233000-E000000.V07C.30min.tif
2026-09-11,23:30:00,23:59:59,2026-09-11T00:00:00+00:00,Singtam,27.234,88.501,0.0,3B-HHR-E.MS.MRG.3IMERG.20260911-S233000-E000000.V07C.30min.tif
2026-09-11,00:00:00,00:29:59,2026-09-11T00:30:00+00:00,Rangpo,27.177,88.533,0.0,3B-HHR-E.MS.MRG.3IMERG.20260911-S000000-E003000.V07C.30min.tif
2026-09-11,00:00:00,00:29:59,2026-09-11T00:30:00+00:00,Singtam,27.234,88.501,0.0,3B-HHR-E.MS.MRG.3IMERG.20260911-S000000-E003000.V07C.30min.tif
2026-09-11,00:30:00,00:59:59,2026-09-11T01:00:00+00:00,Rangpo,27.177,88.533,0.0,3B-HHR-E.MS.MRG.3IMERG.20260911-S003000-E010000.V07C.30min.tif
2026-09-11,00:30:00,00:59:59,2026-09-11T01:00:00+00:00,Singtam,27.234,88.501,0.0,3B-HHR-E.MS.MRG.3IMERG.20260911-S003000-E010000.V07C.30min.tif
